source,count,warning
d1,1,"D:\lct\datasets\.build_cache\d1\train\labels\1233_08_32_24_330896-2023-11-10.txt:2: bbox clipped to image boundary from (0.957757, 0.439855, 0.084487, 0.219763)"
d1,1,"D:\lct\datasets\.build_cache\d1\train\labels\1233_09_01_03_318820-2023-11-10.txt:1: bbox clipped to image boundary from (0.984487, 0.140592, 0.031027, 0.043842)"
d1,1,"D:\lct\datasets\.build_cache\d1\train\labels\1233_09_59_46_042488-2023-11-10.txt:1: bbox clipped to image boundary from (0.95599, 0.479957, 0.088021, 0.334336)"
d1,1,"D:\lct\datasets\.build_cache\d1\train\labels\1233_10_51_48_551688-2023-11-10.txt:2: bbox clipped to image boundary from (0.953172, 0.389332, 0.093657, 0.193309)"
d1,1,"D:\lct\datasets\.build_cache\d1\train\labels\1233_10_54_56_612740-2023-11-10.txt:2: bbox clipped to image boundary from (0.951721, 0.394714, 0.096559, 0.262809)"
d1,1,"D:\lct\datasets\.build_cache\d1\train\labels\1233_11_06_18_209512-2023-11-10.txt:2: bbox clipped to image boundary from (0.95067, 0.397306, 0.098661, 0.258151)"
d1,1,"D:\lct\datasets\.build_cache\d1\train\labels\1233_11_33_17_236308-2023-11-10.txt:3: bbox clipped to image boundary from (0.952292, 0.414049, 0.095417, 0.227796)"
d1,1,"D:\lct\datasets\.build_cache\d1\train\labels\1233_12_43_30_020520-2023-11-10.txt:2: bbox clipped to image boundary from (0.951974, 0.404352, 0.096053, 0.192901)"
d1,1,"D:\lct\datasets\.build_cache\d1\train\labels\1233_15_08_16_858326-2023-11-09.txt:1: bbox clipped to image boundary from (0.958423, 0.405543, 0.083155, 0.198914)"
d1,1,"D:\lct\datasets\.build_cache\d1\train\labels\1235_11_35_14_341023-2023-11-10.txt:1: bbox clipped to image boundary from (0.980456, 0.520412, 0.039089, 0.089509)"
d1,1,"D:\lct\datasets\.build_cache\d1\train\labels\1235_11_42_15_458232-2023-11-10.txt:1: bbox clipped to image boundary from (0.73725, 0.766468, 0.306062, 0.467065)"
d1,1,"D:\lct\datasets\.build_cache\d1\train\labels\1235_11_42_21_278972-2023-11-10.txt:1: bbox clipped to image boundary from (0.36674, 0.808269, 0.649781, 0.383463)"
d1,1,"D:\lct\datasets\.build_cache\d1\train\labels\1235_11_51_14_750911-2023-11-10.txt:1: bbox clipped to image boundary from (0.453914, 0.804056, 0.536641, 0.391889)"
d1,1,"D:\lct\datasets\.build_cache\d1\train\labels\1235_12_03_53_784662-2023-11-10.txt:1: bbox clipped to image boundary from (0.626953, 0.849769, 0.429427, 0.300463)"
d1,1,"D:\lct\datasets\.build_cache\d1\train\labels\1235_12_37_59_397029-2023-11-10.txt:2: bbox clipped to image boundary from (0.967167, 0.521213, 0.065667, 0.104963)"
d1,1,"D:\lct\datasets\.build_cache\d1\train\labels\1235_15_11_50_449770-2023-11-09.txt:2: bbox clipped to image boundary from (0.942891, 0.501866, 0.114219, 0.106694)"
d1,1,"D:\lct\datasets\.build_cache\d1\train\labels\1235_15_24_31_955793-2023-11-09.txt:3: bbox clipped to image boundary from (0.696984, 0.79638, 0.345635, 0.407241)"
d1,1,"D:\lct\datasets\.build_cache\d1\train\labels\1235_15_30_46_469596-2023-11-09.txt:2: bbox clipped to image boundary from (0.953594, 0.508778, 0.092813, 0.084519)"
d1,1,"D:\lct\datasets\.build_cache\d1\train\labels\1235_15_44_37_004776-2023-11-09.txt:2: bbox clipped to image boundary from (0.964727, 0.559449, 0.070547, 0.157083)"
d1,1,"D:\lct\datasets\.build_cache\d1\train\labels\1235_15_44_48_667039-2023-11-09.txt:2: bbox clipped to image boundary from (0.706716, 0.794667, 0.340203, 0.410667)"
d1,1,"D:\lct\datasets\.build_cache\d1\train\labels\1235_16_27_11_995398-2023-11-09.txt:1: bbox clipped to image boundary from (0.661458, 0.815931, 0.370687, 0.368139)"
d1,1,"D:\lct\datasets\.build_cache\d1\train\labels\1235_16_39_17_590721-2023-11-09.txt:3: bbox clipped to image boundary from (0.242367, 0.890644, 0.484734, 0.218713)"
d1,1,"D:\lct\datasets\.build_cache\d1\train\labels\1235_16_46_03_718606-2023-11-09.txt:1: bbox clipped to image boundary from (0.656617, 0.801454, 0.38563, 0.397093)"
d1,1,"D:\lct\datasets\.build_cache\d1\train\labels\1235_16_47_55_287750-2023-11-09.txt:1: bbox clipped to image boundary from (0.565552, 0.818329, 0.459771, 0.363343)"
d1,1,"D:\lct\datasets\.build_cache\d1\train\labels\1235_16_52_07_367623-2023-11-09.txt:1: bbox clipped to image boundary from (0.565552, 0.818806, 0.461208, 0.362389)"
d1,1,"D:\lct\datasets\.build_cache\d1\train\labels\1235_17_02_25_705170-2023-11-09.txt:1: bbox clipped to image boundary from (0.565229, 0.818042, 0.461208, 0.363917)"
d1,1,"D:\lct\datasets\.build_cache\d1\train\labels\1325_10_53_11_434732-2023-10-18.txt:1: bbox clipped to image boundary from (0.10651, 0.844907, 0.213021, 0.250926)"
d1,1,"D:\lct\datasets\.build_cache\d1\train\labels\1325_10_53_18_097583-2023-10-18.txt:1: bbox clipped to image boundary from (0.110937, 0.87037, 0.221875, 0.259259)"
d1,1,"D:\lct\datasets\.build_cache\d1\train\labels\1325_10_54_06_640596-2023-10-18.txt:2: bbox clipped to image boundary from (0.128385, 0.861574, 0.256771, 0.223148)"
d1,1,"D:\lct\datasets\.build_cache\d1\train\labels\1325_10_54_13_853011-2023-10-18.txt:2: bbox clipped to image boundary from (0.114583, 0.871759, 0.229167, 0.247222)"
d1,1,"D:\lct\datasets\.build_cache\d1\train\labels\1325_10_55_17_927383-2023-10-18.txt:2: bbox clipped to image boundary from (0.065885, 0.795833, 0.131771, 0.293519)"
d1,1,"D:\lct\datasets\.build_cache\d1\train\labels\1325_10_55_59_573006-2023-10-18.txt:1: bbox clipped to image boundary from (0.098958, 0.8125, 0.197917, 0.262037)"
d1,1,"D:\lct\datasets\.build_cache\d1\train\labels\1325_10_56_10_480371-2023-10-18.txt:1: bbox clipped to image boundary from (0.069531, 0.761574, 0.139063, 0.362037)"
d1,1,"D:\lct\datasets\.build_cache\d1\train\labels\1325_10_56_12_873107-2023-10-18.txt:3: bbox clipped to image boundary from (0.060937, 0.742593, 0.121875, 0.401852)"
d1,1,"D:\lct\datasets\.build_cache\d1\train\labels\1325_10_56_30_351878-2023-10-18.txt:2: bbox clipped to image boundary from (0.103906, 0.820833, 0.207813, 0.24537)"
d1,1,"D:\lct\datasets\.build_cache\d1\train\labels\1325_10_56_56_423344-2023-10-18.txt:1: bbox clipped to image boundary from (0.101562, 0.813889, 0.203125, 0.261111)"
d1,1,"D:\lct\datasets\.build_cache\d1\train\labels\1325_10_57_00_352889-2023-10-18.txt:2: bbox clipped to image boundary from (0.061458, 0.739815, 0.122917, 0.394444)"
d1,1,"D:\lct\datasets\.build_cache\d1\train\labels\1325_10_57_12_075144-2023-10-18.txt:2: bbox clipped to image boundary from (0.098958, 0.797222, 0.197917, 0.301852)"
d1,1,"D:\lct\datasets\.build_cache\d1\train\labels\1325_10_57_22_084426-2023-10-18.txt:1: bbox clipped to image boundary from (0.095833, 0.798148, 0.191667, 0.303704)"
d1,1,"D:\lct\datasets\.build_cache\d1\train\labels\1325_10_58_22_686144-2023-10-18.txt:1: bbox clipped to image boundary from (0.045833, 0.774537, 0.091667, 0.278704)"
d1,1,"D:\lct\datasets\.build_cache\d1\train\labels\1325_10_58_38_501678-2023-10-18.txt:1: bbox clipped to image boundary from (0.045833, 0.762963, 0.091667, 0.303704)"
d1,1,"D:\lct\datasets\.build_cache\d1\train\labels\1325_10_58_46_836707-2023-10-18.txt:2: bbox clipped to image boundary from (0.039062, 0.774537, 0.078125, 0.258333)"
d1,1,"D:\lct\datasets\.build_cache\d1\train\labels\1325_10_58_47_643462-2023-10-18.txt:1: bbox clipped to image boundary from (0.038281, 0.773611, 0.076563, 0.258333)"
d1,1,"D:\lct\datasets\.build_cache\d1\train\labels\1325_10_59_06_786003-2023-10-18.txt:2: bbox clipped to image boundary from (0.10026, 0.84213, 0.200521, 0.24537)"
d1,1,"D:\lct\datasets\.build_cache\d1\train\labels\1325_10_59_15_106795-2023-10-18.txt:1: bbox clipped to image boundary from (0.086458, 0.77963, 0.172917, 0.266667)"
d1,1,"D:\lct\datasets\.build_cache\d1\train\labels\1325_10_59_29_296986-2023-10-18.txt:1: bbox clipped to image boundary from (0.086458, 0.843519, 0.172917, 0.25)"
d1,1,"D:\lct\datasets\.build_cache\d1\train\labels\1325_10_59_44_246917-2023-10-18.txt:1: bbox clipped to image boundary from (0.10026, 0.843519, 0.200521, 0.224074)"
d1,1,"D:\lct\datasets\.build_cache\d1\train\labels\1325_10_59_46_732772-2023-10-18.txt:2: bbox clipped to image boundary from (0.064062, 0.750926, 0.128125, 0.35)"
d1,1,"D:\lct\datasets\.build_cache\d1\train\labels\1325_11_00_02_575976-2023-10-18.txt:1: bbox clipped to image boundary from (0.120052, 0.868519, 0.240104, 0.262963)"
d1,1,"D:\lct\datasets\.build_cache\d1\train\labels\1325_11_00_33_344346-2023-10-18.txt:2: bbox clipped to image boundary from (0.11901, 0.869444, 0.238021, 0.261111)"
d1,1,"D:\lct\datasets\.build_cache\d1\train\labels\1325_11_01_09_926418-2023-10-18.txt:2: bbox clipped to image boundary from (0.061458, 0.754167, 0.122917, 0.365741)"
d1,1,"D:\lct\datasets\.build_cache\d1\train\labels\1325_11_01_24_145889-2023-10-18.txt:1: bbox clipped to image boundary from (0.086458, 0.760185, 0.172917, 0.311111)"
d1,1,"D:\lct\datasets\.build_cache\d1\train\labels\1325_11_01_24_912204-2023-10-18.txt:1: bbox clipped to image boundary from (0.100781, 0.85, 0.201563, 0.242593)"
d1,1,"D:\lct\datasets\.build_cache\d1\train\labels\1325_11_01_34_915224-2023-10-18.txt:2: bbox clipped to image boundary from (0.072656, 0.741667, 0.145313, 0.32037)"
d1,1,"D:\lct\datasets\.build_cache\d1\train\labels\1325_11_01_40_746477-2023-10-18.txt:1: bbox clipped to image boundary from (0.060156, 0.796296, 0.120313, 0.27037)"
d1,1,"D:\lct\datasets\.build_cache\d1\train\labels\1325_11_01_44_086658-2023-10-18.txt:2: bbox clipped to image boundary from (0.053906, 0.736111, 0.107813, 0.392593)"
d1,1,"D:\lct\datasets\.build_cache\d1\train\labels\1325_11_01_46_589936-2023-10-18.txt:2: bbox clipped to image boundary from (0.079687, 0.737037, 0.159375, 0.331481)"
d1,1,"D:\lct\datasets\.build_cache\d1\train\labels\1325_11_02_04_885507-2023-10-18.txt:2: bbox clipped to image boundary from (0.060156, 0.793981, 0.120313, 0.269444)"
d1,1,"D:\lct\datasets\.build_cache\d1\train\labels\1325_11_02_20_705499-2023-10-18.txt:2: bbox clipped to image boundary from (0.053906, 0.736111, 0.107813, 0.390741)"
d1,1,"D:\lct\datasets\.build_cache\d1\train\labels\1325_11_02_55_702533-2023-10-18.txt:1: bbox clipped to image boundary from (0.069531, 0.746296, 0.139063, 0.337037)"
d1,1,"D:\lct\datasets\.build_cache\d1\train\labels\1325_11_03_11_618844-2023-10-18.txt:1: bbox clipped to image boundary from (0.09401, 0.819444, 0.188021, 0.27963)"
d1,1,"D:\lct\datasets\.build_cache\d1\train\labels\1325_11_03_25_702164-2023-10-18.txt:1: bbox clipped to image boundary from (0.103385, 0.856019, 0.206771, 0.237963)"
d1,1,"D:\lct\datasets\.build_cache\d1\train\labels\1325_11_03_50_554651-2023-10-18.txt:1: bbox clipped to image boundary from (0.058333, 0.727315, 0.116667, 0.376852)"
d1,1,"D:\lct\datasets\.build_cache\d1\train\labels\1325_11_03_52_264640-2023-10-18.txt:1: bbox clipped to image boundary from (0.053385, 0.725463, 0.106771, 0.417593)"
d1,1,"D:\lct\datasets\.build_cache\d1\train\labels\1325_11_04_12_227755-2023-10-18.txt:2: bbox clipped to image boundary from (0.098437, 0.81713, 0.196875, 0.225)"
d1,1,"D:\lct\datasets\.build_cache\d1\train\labels\1325_11_04_29_656647-2023-10-18.txt:2: bbox clipped to image boundary from (0.058333, 0.741204, 0.116667, 0.389815)"
d1,1,"D:\lct\datasets\.build_cache\d1\train\labels\1325_11_04_46_346692-2023-10-18.txt:2: bbox clipped to image boundary from (0.05651, 0.727315, 0.113021, 0.39537)"
d1,1,"D:\lct\datasets\.build_cache\d1\train\labels\1325_11_05_02_199188-2023-10-18.txt:2: bbox clipped to image boundary from (0.04401, 0.778241, 0.088021, 0.267593)"
d1,1,"D:\lct\datasets\.build_cache\d1\train\labels\1325_12_42_02_907778-2023-10-18.txt:1: bbox clipped to image boundary from (0.098437, 0.853704, 0.196875, 0.290741)"
d1,1,"D:\lct\datasets\.build_cache\d1\train\labels\1325_12_42_10_410658-2023-10-18.txt:1: bbox clipped to image boundary from (0.108333, 0.865278, 0.216667, 0.263889)"
d1,1,"D:\lct\datasets\.build_cache\d1\train\labels\1325_12_42_44_548454-2023-10-18.txt:1: bbox clipped to image boundary from (0.098437, 0.821759, 0.196875, 0.234259)"
d1,1,"D:\lct\datasets\.build_cache\d1\train\labels\1325_12_42_46_430795-2023-10-18.txt:1: bbox clipped to image boundary from (0.115625, 0.865741, 0.23125, 0.268519)"
d1,1,"D:\lct\datasets\.build_cache\d1\train\labels\1325_12_42_57_046302-2023-10-18.txt:2: bbox clipped to image boundary from (0.090885, 0.7875, 0.181771, 0.252778)"
d1,1,"D:\lct\datasets\.build_cache\d1\train\labels\1325_12_43_26_989613-2023-10-18.txt:1: bbox clipped to image boundary from (0.08151, 0.770833, 0.163021, 0.260185)"
d1,1,"D:\lct\datasets\.build_cache\d1\train\labels\1325_12_43_46_955117-2023-10-18.txt:1: bbox clipped to image boundary from (0.085156, 0.759722, 0.170313, 0.289815)"
d1,1,"D:\lct\datasets\.build_cache\d1\train\labels\1325_12_44_01_968097-2023-10-18.txt:1: bbox clipped to image boundary from (0.09401, 0.802315, 0.188021, 0.219444)"
d1,1,"D:\lct\datasets\.build_cache\d1\train\labels\1325_12_44_03_578731-2023-10-18.txt:1: bbox clipped to image boundary from (0.069531, 0.751389, 0.139063, 0.300926)"
d1,1,"D:\lct\datasets\.build_cache\d1\train\labels\1325_12_44_14_457418-2023-10-18.txt:1: bbox clipped to image boundary from (0.053906, 0.731481, 0.107813, 0.392593)"
d1,1,"D:\lct\datasets\.build_cache\d1\train\labels\1325_12_44_21_089466-2023-10-18.txt:1: bbox clipped to image boundary from (0.08776, 0.755093, 0.175521, 0.317593)"
d1,1,"D:\lct\datasets\.build_cache\d1\train\labels\1325_12_44_25_229850-2023-10-18.txt:1: bbox clipped to image boundary from (0.114062, 0.862963, 0.228125, 0.274074)"
d1,1,"D:\lct\datasets\.build_cache\d1\train\labels\1325_12_44_32_711968-2023-10-18.txt:1: bbox clipped to image boundary from (0.084635, 0.793981, 0.169271, 0.300926)"
d1,1,"D:\lct\datasets\.build_cache\d1\train\labels\1325_12_44_39_377556-2023-10-18.txt:1: bbox clipped to image boundary from (0.05651, 0.784259, 0.113021, 0.296296)"
d1,1,"D:\lct\datasets\.build_cache\d1\train\labels\1325_12_44_48_544034-2023-10-18.txt:1: bbox clipped to image boundary from (0.098437, 0.858333, 0.196875, 0.248148)"
d1,1,"D:\lct\datasets\.build_cache\d1\train\labels\1325_12_45_14_331363-2023-10-18.txt:1: bbox clipped to image boundary from (0.092708, 0.858796, 0.185417, 0.252778)"
d1,1,"D:\lct\datasets\.build_cache\d1\train\labels\1325_12_45_26_817687-2023-10-18.txt:1: bbox clipped to image boundary from (0.060156, 0.731481, 0.120313, 0.346296)"
d1,1,"D:\lct\datasets\.build_cache\d1\train\labels\1325_12_46_26_040359-2023-10-18.txt:1: bbox clipped to image boundary from (0.064062, 0.750463, 0.128125, 0.349074)"
d1,1,"D:\lct\datasets\.build_cache\d1\train\labels\1325_12_46_26_758974-2023-10-18.txt:1: bbox clipped to image boundary from (0.053385, 0.736111, 0.106771, 0.4)"
d1,1,"D:\lct\datasets\.build_cache\d1\train\labels\1325_12_46_56_731861-2023-10-18.txt:1: bbox clipped to image boundary from (0.05651, 0.751389, 0.113021, 0.349074)"
d1,1,"D:\lct\datasets\.build_cache\d1\train\labels\1325_12_47_22_501259-2023-10-18.txt:1: bbox clipped to image boundary from (0.111979, 0.867593, 0.223958, 0.264815)"
d1,1,"D:\lct\datasets\.build_cache\d1\train\labels\1325_12_47_37_469343-2023-10-18.txt:1: bbox clipped to image boundary from (0.055208, 0.7375, 0.110417, 0.382407)"
d1,1,"D:\lct\datasets\.build_cache\d1\train\labels\1325_12_47_53_281471-2023-10-18.txt:1: bbox clipped to image boundary from (0.11224, 0.868519, 0.224479, 0.262963)"
d1,1,"D:\lct\datasets\.build_cache\d1\train\labels\1325_12_48_09_948271-2023-10-18.txt:1: bbox clipped to image boundary from (0.055208, 0.737963, 0.110417, 0.385185)"
d1,1,"D:\lct\datasets\.build_cache\d1\train\labels\1325_12_48_26_586489-2023-10-18.txt:1: bbox clipped to image boundary from (0.061458, 0.749074, 0.122917, 0.364815)"
d1,1,"D:\lct\datasets\.build_cache\d1\train\labels\1325_12_48_40_728493-2023-10-18.txt:1: bbox clipped to image boundary from (0.05026, 0.776389, 0.100521, 0.293519)"
d1,1,"D:\lct\datasets\.build_cache\d1\train\labels\1325_12_48_45_986839-2023-10-18.txt:1: bbox clipped to image boundary from (0.072656, 0.740278, 0.145313, 0.352778)"
d1,1,"D:\lct\datasets\.build_cache\d1\train\labels\1325_12_48_46_547329-2023-10-18.txt:1: bbox clipped to image boundary from (0.082812, 0.75787, 0.165625, 0.315741)"
d1,1,"D:\lct\datasets\.build_cache\d1\train\labels\1325_12_48_49_031244-2023-10-18.txt:1: bbox clipped to image boundary from (0.084635, 0.846296, 0.169271, 0.259259)"
d1,1,"D:\lct\datasets\.build_cache\d1\train\labels\1325_12_49_01_525848-2023-10-18.txt:1: bbox clipped to image boundary from (0.086458, 0.798611, 0.172917, 0.260185)"
d1,1,"D:\lct\datasets\.build_cache\d1\train\labels\1325_12_49_02_325554-2023-10-18.txt:1: bbox clipped to image boundary from (0.083333, 0.774074, 0.166667, 0.261111)"
d1,1,"D:\lct\datasets\.build_cache\d1\train\labels\1325_12_49_38_986772-2023-10-18.txt:1: bbox clipped to image boundary from (0.08151, 0.744907, 0.163021, 0.310185)"
d1,1,"D:\lct\datasets\.build_cache\d1\train\labels\1325_12_49_53_943762-2023-10-18.txt:1: bbox clipped to image boundary from (0.064062, 0.735648, 0.128125, 0.321296)"
d1,1,"D:\lct\datasets\.build_cache\d1\train\labels\1325_12_50_04_761816-2023-10-18.txt:1: bbox clipped to image boundary from (0.05026, 0.726852, 0.100521, 0.396296)"
d1,1,"D:\lct\datasets\.build_cache\d1\train\labels\1325_12_50_08_090521-2023-10-18.txt:1: bbox clipped to image boundary from (0.051562, 0.775463, 0.103125, 0.289815)"
d1,1,"D:\lct\datasets\.build_cache\d1\train\labels\1325_12_50_42_202447-2023-10-18.txt:1: bbox clipped to image boundary from (0.052083, 0.797685, 0.104167, 0.243519)"
d1,1,"D:\lct\datasets\.build_cache\d1\train\labels\1325_12_50_48_086182-2023-10-18.txt:1: bbox clipped to image boundary from (0.072656, 0.744444, 0.145313, 0.327778)"
d1,1,"D:\lct\datasets\.build_cache\d1\train\labels\1325_12_50_50_570853-2023-10-18.txt:1: bbox clipped to image boundary from (0.098958, 0.855093, 0.197917, 0.269444)"
d1,1,"D:\lct\datasets\.build_cache\d1\train\labels\1325_12_51_01_432151-2023-10-18.txt:1: bbox clipped to image boundary from (0.088281, 0.849537, 0.176563, 0.265741)"
d1,1,"D:\lct\datasets\.build_cache\d1\train\labels\1325_12_51_04_699007-2023-10-18.txt:1: bbox clipped to image boundary from (0.090885, 0.85, 0.181771, 0.255556)"
d1,1,"D:\lct\datasets\.build_cache\d1\train\labels\1325_12_51_27_165003-2023-10-18.txt:1: bbox clipped to image boundary from (0.092708, 0.859722, 0.185417, 0.271296)"
d1,1,"D:\lct\datasets\.build_cache\d1\train\labels\1325_12_51_28_009465-2023-10-18.txt:1: bbox clipped to image boundary from (0.090885, 0.850926, 0.181771, 0.251852)"
d1,1,"D:\lct\datasets\.build_cache\d1\train\labels\1325_12_51_32_123624-2023-10-18.txt:1: bbox clipped to image boundary from (0.045312, 0.718519, 0.090625, 0.411111)"
d1,1,"D:\lct\datasets\.build_cache\d1\train\labels\1325_12_51_40_145628-2023-10-18.txt:1: bbox clipped to image boundary from (0.051562, 0.756019, 0.103125, 0.328704)"
d1,1,"D:\lct\datasets\.build_cache\d1\train\labels\1325_12_51_42_145645-2023-10-18.txt:1: bbox clipped to image boundary from (0.051562, 0.777778, 0.103125, 0.283333)"
d1,1,"D:\lct\datasets\.build_cache\d1\train\labels\1325_12_52_11_292390-2023-10-18.txt:1: bbox clipped to image boundary from (0.055208, 0.724074, 0.110417, 0.35)"
d1,1,"D:\lct\datasets\.build_cache\d1\train\labels\1325_12_52_13_766998-2023-10-18.txt:1: bbox clipped to image boundary from (0.047135, 0.712963, 0.094271, 0.427778)"
d1,1,"D:\lct\datasets\.build_cache\d1\train\labels\1325_12_52_15_695675-2023-10-18.txt:1: bbox clipped to image boundary from (0.05026, 0.750926, 0.100521, 0.348148)"
d1,1,"D:\lct\datasets\.build_cache\d1\train\labels\1325_12_52_26_290577-2023-10-18.txt:1: bbox clipped to image boundary from (0.079687, 0.84537, 0.159375, 0.248148)"
d1,1,"D:\lct\datasets\.build_cache\d1\train\labels\1325_12_52_31_306596-2023-10-18.txt:1: bbox clipped to image boundary from (0.067708, 0.837037, 0.135417, 0.235185)"
d1,1,"D:\lct\datasets\.build_cache\d1\train\labels\1325_12_52_37_049611-2023-10-18.txt:1: bbox clipped to image boundary from (0.060937, 0.83287, 0.121875, 0.225)"
d1,1,"D:\lct\datasets\.build_cache\d1\train\labels\1325_12_52_42_045281-2023-10-18.txt:2: bbox clipped to image boundary from (0.089583, 0.849537, 0.179167, 0.262037)"
d1,1,"D:\lct\datasets\.build_cache\d1\train\labels\1325_12_52_59_596698-2023-10-18.txt:2: bbox clipped to image boundary from (0.05026, 0.755556, 0.100521, 0.32963)"
d1,1,"D:\lct\datasets\.build_cache\d1\train\labels\1325_12_53_20_360811-2023-10-18.txt:1: bbox clipped to image boundary from (0.085156, 0.776389, 0.170313, 0.237963)"
d1,1,"D:\lct\datasets\.build_cache\d1\train\labels\1325_12_53_38_666143-2023-10-18.txt:2: bbox clipped to image boundary from (0.09401, 0.855093, 0.188021, 0.256481)"
d1,1,"D:\lct\datasets\.build_cache\d1\train\labels\1325_12_53_47_803257-2023-10-18.txt:1: bbox clipped to image boundary from (0.09401, 0.85463, 0.188021, 0.257407)"
d1,1,"D:\lct\datasets\.build_cache\d1\train\labels\1325_12_53_49_487750-2023-10-18.txt:1: bbox clipped to image boundary from (0.086458, 0.79537, 0.172917, 0.264815)"
d1,1,"D:\lct\datasets\.build_cache\d1\train\labels\1325_12_53_50_329914-2023-10-18.txt:1: bbox clipped to image boundary from (0.077083, 0.750463, 0.154167, 0.289815)"
d1,1,"D:\lct\datasets\.build_cache\d1\train\labels\1325_12_54_06_962073-2023-10-18.txt:1: bbox clipped to image boundary from (0.070312, 0.741667, 0.140625, 0.364815)"
d1,1,"D:\lct\datasets\.build_cache\d1\train\labels\1325_12_54_28_627266-2023-10-18.txt:1: bbox clipped to image boundary from (0.09401, 0.847685, 0.188021, 0.25463)"
d1,1,"D:\lct\datasets\.build_cache\d1\train\labels\1325_12_54_35_425119-2023-10-18.txt:1: bbox clipped to image boundary from (0.053385, 0.780093, 0.106771, 0.275)"
d1,1,"D:\lct\datasets\.build_cache\d1\train\labels\1325_12_54_56_884316-2023-10-18.txt:1: bbox clipped to image boundary from (0.085156, 0.799537, 0.170313, 0.278704)"
d1,1,"D:\lct\datasets\.build_cache\d1\train\labels\1325_12_55_10_193707-2023-10-18.txt:2: bbox clipped to image boundary from (0.10651, 0.851852, 0.213021, 0.246296)"
d1,1,"D:\lct\datasets\.build_cache\d1\train\labels\1325_12_55_20_182870-2023-10-18.txt:1: bbox clipped to image boundary from (0.098437, 0.811111, 0.196875, 0.205556)"
d1,1,"D:\lct\datasets\.build_cache\d1\train\labels\1325_12_55_21_027491-2023-10-18.txt:1: bbox clipped to image boundary from (0.084635, 0.783333, 0.169271, 0.268519)"
d1,1,"D:\lct\datasets\.build_cache\d1\train\labels\1325_12_55_41_004736-2023-10-18.txt:1: bbox clipped to image boundary from (0.051562, 0.758796, 0.103125, 0.330556)"
d1,1,"D:\lct\datasets\.build_cache\d1\train\labels\1325_12_56_01_765883-2023-10-18.txt:1: bbox clipped to image boundary from (0.051562, 0.77963, 0.103125, 0.290741)"
d1,1,"D:\lct\datasets\.build_cache\d1\train\labels\1325_12_56_04_289680-2023-10-18.txt:1: bbox clipped to image boundary from (0.052083, 0.774074, 0.104167, 0.3)"
d1,1,"D:\lct\datasets\.build_cache\d1\train\labels\1325_12_56_45_357684-2023-10-18.txt:1: bbox clipped to image boundary from (0.052083, 0.776852, 0.104167, 0.288889)"
d1,1,"D:\lct\datasets\.build_cache\d1\train\labels\1325_12_56_50_091673-2023-10-18.txt:1: bbox clipped to image boundary from (0.051562, 0.761574, 0.103125, 0.315741)"
d1,1,"D:\lct\datasets\.build_cache\d1\train\labels\1325_12_56_53_377032-2023-10-18.txt:1: bbox clipped to image boundary from (0.064062, 0.717593, 0.128125, 0.372222)"
d1,1,"D:\lct\datasets\.build_cache\d1\train\labels\1325_12_56_55_905837-2023-10-18.txt:1: bbox clipped to image boundary from (0.098437, 0.852778, 0.196875, 0.262963)"
d1,1,"D:\lct\datasets\.build_cache\d1\train\labels\1325_12_57_05_898284-2023-10-18.txt:1: bbox clipped to image boundary from (0.06901, 0.755556, 0.138021, 0.331481)"
d1,1,"D:\lct\datasets\.build_cache\d1\train\labels\1325_12_57_11_683129-2023-10-18.txt:2: bbox clipped to image boundary from (0.05026, 0.738889, 0.100521, 0.361111)"
d1,1,"D:\lct\datasets\.build_cache\d1\train\labels\1325_12_57_20_062650-2023-10-18.txt:2: bbox clipped to image boundary from (0.045833, 0.71713, 0.091667, 0.406481)"
d1,1,"D:\lct\datasets\.build_cache\d1\train\labels\1325_12_57_22_544349-2023-10-18.txt:1: bbox clipped to image boundary from (0.08151, 0.748611, 0.163021, 0.317593)"
d1,1,"D:\lct\datasets\.build_cache\d1\train\labels\1325_12_57_23_347490-2023-10-18.txt:1: bbox clipped to image boundary from (0.090885, 0.825463, 0.181771, 0.234259)"
d1,1,"D:\lct\datasets\.build_cache\d1\train\labels\1325_12_57_44_177939-2023-10-18.txt:2: bbox clipped to image boundary from (0.052083, 0.776852, 0.104167, 0.294444)"
d1,1,"D:\lct\datasets\.build_cache\d1\train\labels\1325_12_57_55_807199-2023-10-18.txt:2: bbox clipped to image boundary from (0.09401, 0.856019, 0.188021, 0.260185)"
d1,1,"D:\lct\datasets\.build_cache\d1\train\labels\1325_12_58_06_601941-2023-10-18.txt:2: bbox clipped to image boundary from (0.08776, 0.790278, 0.175521, 0.25463)"
d1,1,"D:\lct\datasets\.build_cache\d1\train\labels\1325_12_58_26_602987-2023-10-18.txt:3: bbox clipped to image boundary from (0.080208, 0.775, 0.160417, 0.301852)"
d1,1,"D:\lct\datasets\.build_cache\d1\train\labels\1325_12_58_27_448508-2023-10-18.txt:1: bbox clipped to image boundary from (0.092708, 0.828241, 0.185417, 0.249074)"
d1,1,"D:\lct\datasets\.build_cache\d1\train\labels\1325_12_58_28_332400-2023-10-18.txt:2: bbox clipped to image boundary from (0.10651, 0.862037, 0.213021, 0.264815)"
d1,1,"D:\lct\datasets\.build_cache\d1\train\labels\1325_12_58_44_103506-2023-10-18.txt:4: bbox clipped to image boundary from (0.078385, 0.78287, 0.156771, 0.276852)"
d1,1,"D:\lct\datasets\.build_cache\d1\train\labels\1325_12_59_23_207750-2023-10-18.txt:2: bbox clipped to image boundary from (0.08776, 0.795833, 0.175521, 0.225)"
d1,1,"D:\lct\datasets\.build_cache\d1\train\labels\1325_12_59_24_087344-2023-10-18.txt:2: bbox clipped to image boundary from (0.077083, 0.768981, 0.154167, 0.278704)"
d1,1,"D:\lct\datasets\.build_cache\d1\train\labels\1325_12_59_36_483118-2023-10-18.txt:1: bbox clipped to image boundary from (0.085156, 0.7875, 0.170313, 0.258333)"
d1,1,"D:\lct\datasets\.build_cache\d1\train\labels\1325_13_25_45_533292-2023-09-22.txt:2: bbox clipped to image boundary from (0.030208, 0.670833, 0.060417, 0.30463)"
d1,1,"D:\lct\datasets\.build_cache\d1\train\labels\1325_14_44_34_226482-2023-09-22.txt:3: bbox clipped to image boundary from (0.06901, 0.724074, 0.138021, 0.390741)"
d1,1,"D:\lct\datasets\.build_cache\d1\train\labels\1325_14_44_40_057099-2023-09-22.txt:1: bbox clipped to image boundary from (0.084635, 0.739815, 0.169271, 0.37037)"
d1,1,"D:\lct\datasets\.build_cache\d1\train\labels\1325_14_45_00_042986-2023-09-22.txt:2: bbox clipped to image boundary from (0.116406, 0.786111, 0.232813, 0.333333)"
d1,1,"D:\lct\datasets\.build_cache\d1\train\labels\1325_14_46_19_084603-2023-09-22.txt:1: bbox clipped to image boundary from (0.130208, 0.714352, 0.260417, 0.430556)"
d1,1,"D:\lct\datasets\.build_cache\d1\train\labels\1325_14_46_52_042896-2023-09-22.txt:4: bbox clipped to image boundary from (0.130208, 0.727778, 0.260417, 0.427778)"
d1,1,"D:\lct\datasets\.build_cache\d1\train\labels\1325_14_51_26_187272-2023-09-22.txt:2: bbox clipped to image boundary from (0.13151, 0.740741, 0.263021, 0.409259)"
d1,1,"D:\lct\datasets\.build_cache\d1\train\labels\1325_14_53_34_343052-2023-09-22.txt:1: bbox clipped to image boundary from (0.130208, 0.721296, 0.260417, 0.442593)"
d1,1,"D:\lct\datasets\.build_cache\d1\train\labels\1325_14_54_11_242025-2023-09-22.txt:1: bbox clipped to image boundary from (0.13151, 0.758796, 0.263021, 0.376852)"
d1,1,"D:\lct\datasets\.build_cache\d1\train\labels\1325_14_55_35_288878-2023-09-22.txt:3: bbox clipped to image boundary from (0.13151, 0.735648, 0.263021, 0.408333)"
d1,1,"D:\lct\datasets\.build_cache\d1\train\labels\1325_14_58_13_976456-2023-09-22.txt:1: bbox clipped to image boundary from (0.13151, 0.727315, 0.263021, 0.432407)"
d1,1,"D:\lct\datasets\.build_cache\d1\train\labels\1325_14_58_33_946576-2023-09-22.txt:4: bbox clipped to image boundary from (0.13151, 0.722222, 0.263021, 0.437037)"
d1,1,"D:\lct\datasets\.build_cache\d1\train\labels\1325_15_01_12_091657-2023-09-22.txt:1: bbox clipped to image boundary from (0.10026, 0.743056, 0.200521, 0.40463)"
d1,1,"D:\lct\datasets\.build_cache\d1\train\labels\1325_15_01_13_712114-2023-09-22.txt:1: bbox clipped to image boundary from (0.092708, 0.744444, 0.185417, 0.427778)"
d1,1,"D:\lct\datasets\.build_cache\d1\train\labels\1422_10_45_25_007293-2023-09-22.txt:2: bbox clipped to image boundary from (0.931734, 0.843421, 0.136533, 0.313158)"
d1,1,"D:\lct\datasets\.build_cache\d1\train\labels\1422_12_27_40_670511-2023-09-22.txt:1: bbox clipped to image boundary from (0.752976, 0.846711, 0.294643, 0.306579)"
d1,1,"D:\lct\datasets\.build_cache\d1\train\labels\1422_12_27_42_313852-2023-09-22.txt:1: bbox clipped to image boundary from (0.633743, 0.852961, 0.302455, 0.294079)"
d1,1,"D:\lct\datasets\.build_cache\d1\train\labels\1422_12_34_52_797581-2023-09-22.txt:2: bbox clipped to image boundary from (0.672061, 0.870724, 0.303199, 0.258553)"
d1,1,"D:\lct\datasets\.build_cache\d1\train\labels\1422_13_23_40_108343-2023-09-22.txt:2: bbox clipped to image boundary from (0.877232, 0.864145, 0.245536, 0.271711)"
d1,1,"D:\lct\datasets\.build_cache\d1\train\labels\1422_13_23_40_523904-2023-09-22.txt:1: bbox clipped to image boundary from (0.901042, 0.863487, 0.197917, 0.273026)"
d1,1,"D:\lct\datasets\.build_cache\d1\train\labels\1422_13_23_41_373008-2023-09-22.txt:1: bbox clipped to image boundary from (0.923177, 0.857895, 0.153646, 0.284211)"
d1,1,"D:\lct\datasets\.build_cache\d1\train\labels\1422_13_23_42_181616-2023-09-22.txt:2: bbox clipped to image boundary from (0.946615, 0.866118, 0.106771, 0.267763)"
d1,1,"D:\lct\datasets\.build_cache\d1\train\labels\1422_14_59_17_457141-2023-10-16.txt:2: bbox clipped to image boundary from (0.948289, 0.840132, 0.103423, 0.289474)"
d1,1,"D:\lct\datasets\.build_cache\d1\train\labels\1422_15_07_07_225262-2023-09-22.txt:1: bbox clipped to image boundary from (0.969494, 0.865461, 0.061012, 0.269079)"
d1,1,"D:\lct\datasets\.build_cache\d1\train\labels\1422_15_09_19_148590-2023-10-16.txt:1: bbox clipped to image boundary from (0.930432, 0.858553, 0.139137, 0.282895)"
d1,1,"D:\lct\datasets\.build_cache\d1\train\labels\1422_15_42_12_368568-2023-10-16.txt:1: bbox clipped to image boundary from (0.655692, 0.852961, 0.38058, 0.294079)"
d1,1,"D:\lct\datasets\.build_cache\d1\train\labels\1422_16_42_38_328264-2023-10-16.txt:1: bbox clipped to image boundary from (0.979539, 0.752303, 0.040923, 0.158553)"
d1,1,"D:\lct\datasets\.build_cache\d1\train\labels\1422_16_42_57_497912-2023-10-16.txt:2: bbox clipped to image boundary from (0.937314, 0.839474, 0.125372, 0.321053)"
d1,1,"D:\lct\datasets\.build_cache\d1\train\labels\1624_08_38_35_879052-2023-11-10.txt:1: bbox clipped to image boundary from (0.607571, 0.742303, 0.37593, 0.515395)"
d1,1,"D:\lct\datasets\.build_cache\d1\train\labels\1624_08_38_58_704062-2023-11-10.txt:1: bbox clipped to image boundary from (0.412959, 0.796053, 0.359475, 0.407895)"
d1,1,"D:\lct\datasets\.build_cache\d1\train\labels\1624_08_39_41_976128-2023-11-10.txt:1: bbox clipped to image boundary from (0.595951, 0.789803, 0.251031, 0.420395)"
d1,1,"D:\lct\datasets\.build_cache\d1\train\labels\1624_08_40_17_748428-2023-11-10.txt:1: bbox clipped to image boundary from (0.339007, 0.772895, 0.420424, 0.454211)"
d1,1,"D:\lct\datasets\.build_cache\d1\train\labels\1624_08_40_56_038347-2023-11-10.txt:1: bbox clipped to image boundary from (0.541542, 0.658257, 0.451142, 0.683487)"
d1,1,"D:\lct\datasets\.build_cache\d1\train\labels\1624_08_51_18_786398-2023-11-10.txt:1: bbox clipped to image boundary from (0.418843, 0.683224, 0.50093, 0.633553)"
d1,1,"D:\lct\datasets\.build_cache\d1\train\labels\1624_08_51_36_821815-2023-11-10.txt:1: bbox clipped to image boundary from (0.404978, 0.745724, 0.358467, 0.508553)"
d1,1,"D:\lct\datasets\.build_cache\d1\train\labels\1624_08_52_16_746607-2023-11-10.txt:1: bbox clipped to image boundary from (0.455593, 0.784451, 0.436566, 0.431099)"
d1,1,"D:\lct\datasets\.build_cache\d1\train\labels\1629_14_36_49_069440-2023-11-09.txt:1: bbox clipped to image boundary from (0.919805, 0.72656, 0.160391, 0.210694)"
d1,1,"D:\lct\datasets\.build_cache\d1\train\labels\1629_14_36_57_112673-2023-11-09.txt:2: bbox clipped to image boundary from (0.917917, 0.729769, 0.164167, 0.226204)"
d1,1,"D:\lct\datasets\.build_cache\d1\train\labels\1629_15_24_18_271525-2023-11-09.txt:1: bbox clipped to image boundary from (0.036536, 0.668505, 0.073073, 0.159287)"
d1,1,"D:\lct\datasets\.build_cache\d1\train\labels\1629_15_45_50_226894-2023-11-09.txt:3: bbox clipped to image boundary from (0.940417, 0.732384, 0.119167, 0.165602)"
d1,1,"D:\lct\datasets\.build_cache\d1\train\labels\1629_16_45_01_073516-2023-11-09.txt:1: bbox clipped to image boundary from (0.017208, 0.571528, 0.034417, 0.085352)"
d1,1,"D:\lct\datasets\.build_cache\d1\train\labels\1629_16_45_01_073516-2023-11-09.txt:2: bbox clipped to image boundary from (0.906826, 0.722861, 0.186349, 0.240167)"
d1,1,"D:\lct\datasets\.build_cache\d1\train\labels\1629_16_56_59_163948-2023-11-09.txt:1: bbox clipped to image boundary from (0.103523, 0.700106, 0.207047, 0.209472)"
d1,1,"D:\lct\datasets\.build_cache\d1\train\labels\212_11_40_20_719614-2023-11-10.txt:1: bbox clipped to image boundary from (0.944076, 0.673681, 0.111797, 0.652639)"
d1,1,"D:\lct\datasets\.build_cache\d1\train\labels\212_11_46_11_923565-2023-11-10.txt:1: bbox clipped to image boundary from (0.913503, 0.769491, 0.172995, 0.461019)"
d1,1,"D:\lct\datasets\.build_cache\d1\train\labels\212_11_51_19_840222-2023-11-10.txt:1: bbox clipped to image boundary from (0.914714, 0.81125, 0.170573, 0.3775)"
d1,1,"D:\lct\datasets\.build_cache\d1\train\labels\212_11_52_00_625053-2023-11-10.txt:1: bbox clipped to image boundary from (0.923206, 0.77838, 0.153589, 0.443241)"
d1,1,"D:\lct\datasets\.build_cache\d1\train\labels\212_12_04_10_476923-2023-11-10.txt:1: bbox clipped to image boundary from (0.922359, 0.761019, 0.155156, 0.477963)"
d1,1,"D:\lct\datasets\.build_cache\d1\train\labels\212_12_06_38_613578-2023-11-10.txt:1: bbox clipped to image boundary from (0.913281, 0.804167, 0.173198, 0.391667)"
d1,1,"D:\lct\datasets\.build_cache\d1\train\labels\212_12_07_16_863066-2023-11-10.txt:1: bbox clipped to image boundary from (0.884844, 0.702593, 0.230313, 0.594815)"
d1,1,"D:\lct\datasets\.build_cache\d1\train\labels\212_12_07_22_697400-2023-11-10.txt:1: bbox clipped to image boundary from (0.849818, 0.70463, 0.300365, 0.584815)"
d1,1,"D:\lct\datasets\.build_cache\d1\train\labels\212_12_07_26_061939-2023-11-10.txt:1: bbox clipped to image boundary from (0.849951, 0.777685, 0.300099, 0.44463)"
d1,1,"D:\lct\datasets\.build_cache\d1\train\labels\237_12_00_07_581421-2023-10-17.txt:1: bbox clipped to image boundary from (0.028906, 0.726389, 0.057813, 0.136111)"
d1,1,"D:\lct\datasets\.build_cache\d1\train\labels\237_12_32_19_773038-2023-09-22.txt:1: bbox clipped to image boundary from (0.492448, 0.778241, 0.826562, 0.443519)"
d1,1,"D:\lct\datasets\.build_cache\d1\train\labels\237_12_32_20_584697-2023-09-22.txt:1: bbox clipped to image boundary from (0.549219, 0.769907, 0.901563, 0.460185)"
d1,1,"D:\lct\datasets\.build_cache\d1\train\labels\237_15_45_10_331854-2023-10-17.txt:2: bbox clipped to image boundary from (0.211458, 0.906019, 0.266667, 0.187963)"
d1,1,"D:\lct\datasets\.build_cache\d1\train\labels\237_15_45_15_292240-2023-10-17.txt:2: bbox clipped to image boundary from (0.02526, 0.871759, 0.050521, 0.173148)"
d1,1,"D:\lct\datasets\.build_cache\d1\train\labels\237_15_45_33_924613-2023-10-17.txt:2: bbox clipped to image boundary from (0.033333, 0.723148, 0.066667, 0.127778)"
d1,1,"D:\lct\datasets\.build_cache\d1\train\labels\237_15_58_41_709060-2023-10-17.txt:1: bbox clipped to image boundary from (0.033333, 0.723148, 0.066667, 0.125926)"
d1,1,"D:\lct\datasets\.build_cache\d1\train\labels\237_18_16_56_358038-2023-10-16.txt:1: bbox clipped to image boundary from (0.622917, 0.7625, 0.754167, 0.475)"
d1,1,"D:\lct\datasets\.build_cache\d1\train\labels\237_18_16_58_972899-2023-10-16.txt:1: bbox clipped to image boundary from (0.715365, 0.737963, 0.569271, 0.524074)"
d1,1,"D:\lct\datasets\.build_cache\d1\train\labels\237_19_27_49_876221-2023-11-09.txt:1: bbox clipped to image boundary from (0.416773, 0.787407, 0.833547, 0.425185)"
d1,1,"D:\lct\datasets\.build_cache\d1\train\labels\237_19_27_56_544764-2023-11-09.txt:1: bbox clipped to image boundary from (0.574102, 0.758657, 0.851797, 0.482685)"
d1,1,"D:\lct\datasets\.build_cache\d1\train\labels\237_19_28_00_682250-2023-11-09.txt:1: bbox clipped to image boundary from (0.718497, 0.722255, 0.563005, 0.555491)"
d1,1,"D:\lct\datasets\.build_cache\d1\train\labels\237_19_28_02_359340-2023-11-09.txt:1: bbox clipped to image boundary from (0.781469, 0.712037, 0.437063, 0.575926)"
d1,1,"D:\lct\datasets\.build_cache\d1\train\labels\237_19_28_03_138732-2023-11-09.txt:1: bbox clipped to image boundary from (0.814943, 0.713634, 0.370115, 0.572731)"
d1,1,"D:\lct\datasets\.build_cache\d1\train\labels\237_19_30_01_362029-2023-11-09.txt:1: bbox clipped to image boundary from (0.295885, 0.76563, 0.591771, 0.468741)"
d1,1,"D:\lct\datasets\.build_cache\d1\train\labels\237_20_25_19_406834-2023-11-09.txt:1: bbox clipped to image boundary from (0.826258, 0.714593, 0.347484, 0.570815)"
d1,1,"D:\lct\datasets\.build_cache\d1\train\labels\237_20_26_18_509394-2023-11-09.txt:1: bbox clipped to image boundary from (0.277766, 0.778769, 0.555531, 0.442463)"
d1,1,"D:\lct\datasets\.build_cache\d1\train\labels\237_20_31_20_604835-2023-11-09.txt:1: bbox clipped to image boundary from (0.887438, 0.793356, 0.225125, 0.413287)"
d1,1,"D:\lct\datasets\.build_cache\d1\train\labels\237_20_39_10_827709-2023-11-09.txt:1: bbox clipped to image boundary from (0.56763, 0.771204, 0.86474, 0.457593)"
d1,1,"D:\lct\datasets\.build_cache\d1\train\labels\237_20_39_11_681947-2023-11-09.txt:1: bbox clipped to image boundary from (0.652826, 0.746755, 0.694349, 0.506491)"
d1,1,"D:\lct\datasets\.build_cache\d1\train\labels\238_10_19_07_057336-2023-09-22.txt:1: bbox clipped to image boundary from (0.870313, 0.593056, 0.259375, 0.236111)"
d1,1,"D:\lct\datasets\.build_cache\d1\train\labels\238_10_19_10_880088-2023-09-22.txt:3: bbox clipped to image boundary from (0.869792, 0.589815, 0.260417, 0.231481)"
d1,1,"D:\lct\datasets\.build_cache\d1\train\labels\238_10_19_12_693149-2023-09-22.txt:1: bbox clipped to image boundary from (0.869792, 0.589815, 0.260417, 0.231481)"
d1,1,"D:\lct\datasets\.build_cache\d1\train\labels\238_10_19_17_871373-2023-09-22.txt:2: bbox clipped to image boundary from (0.869792, 0.589815, 0.260417, 0.231481)"
d1,1,"D:\lct\datasets\.build_cache\d1\train\labels\238_10_19_19_563440-2023-09-22.txt:1: bbox clipped to image boundary from (0.869792, 0.589815, 0.260417, 0.231481)"
d1,1,"D:\lct\datasets\.build_cache\d1\train\labels\238_10_19_20_651014-2023-09-22.txt:2: bbox clipped to image boundary from (0.869792, 0.589815, 0.260417, 0.231481)"
d1,1,"D:\lct\datasets\.build_cache\d1\train\labels\238_10_19_21_174578-2023-09-22.txt:2: bbox clipped to image boundary from (0.869792, 0.589815, 0.260417, 0.231481)"
d1,1,"D:\lct\datasets\.build_cache\d1\train\labels\238_10_19_28_743876-2023-09-22.txt:3: bbox clipped to image boundary from (0.869792, 0.589815, 0.260417, 0.231481)"
d1,1,"D:\lct\datasets\.build_cache\d1\train\labels\238_10_19_32_562649-2023-09-22.txt:2: bbox clipped to image boundary from (0.869792, 0.589815, 0.260417, 0.231481)"
d1,1,"D:\lct\datasets\.build_cache\d1\train\labels\238_10_19_48_730166-2023-09-22.txt:4: bbox clipped to image boundary from (0.870313, 0.552315, 0.259375, 0.317593)"
d1,1,"D:\lct\datasets\.build_cache\d1\train\labels\238_10_19_51_176054-2023-09-22.txt:1: bbox clipped to image boundary from (0.869792, 0.589815, 0.260417, 0.231481)"
d1,1,"D:\lct\datasets\.build_cache\d1\train\labels\238_10_19_52_942686-2023-09-22.txt:4: bbox clipped to image boundary from (0.869792, 0.589815, 0.260417, 0.231481)"
d1,1,"D:\lct\datasets\.build_cache\d1\train\labels\238_10_19_57_840019-2023-09-22.txt:2: bbox clipped to image boundary from (0.869792, 0.589815, 0.260417, 0.231481)"
d1,1,"D:\lct\datasets\.build_cache\d1\train\labels\238_10_20_01_056937-2023-09-22.txt:2: bbox clipped to image boundary from (0.869792, 0.589815, 0.260417, 0.231481)"
d1,1,"D:\lct\datasets\.build_cache\d1\train\labels\238_10_20_03_663431-2023-09-22.txt:4: bbox clipped to image boundary from (0.869792, 0.589815, 0.260417, 0.231481)"
d1,1,"D:\lct\datasets\.build_cache\d1\train\labels\238_10_20_11_241301-2023-09-22.txt:4: bbox clipped to image boundary from (0.869792, 0.589815, 0.260417, 0.231481)"
d1,1,"D:\lct\datasets\.build_cache\d1\train\labels\238_10_20_13_648354-2023-09-22.txt:2: bbox clipped to image boundary from (0.867865, 0.591194, 0.264271, 0.2285)"
d1,1,"D:\lct\datasets\.build_cache\d1\train\labels\238_10_20_24_971478-2023-09-22.txt:2: bbox clipped to image boundary from (0.869792, 0.589815, 0.260417, 0.231481)"
d1,1,"D:\lct\datasets\.build_cache\d1\train\labels\238_10_20_26_566183-2023-09-22.txt:3: bbox clipped to image boundary from (0.869792, 0.589815, 0.260417, 0.231481)"
d1,1,"D:\lct\datasets\.build_cache\d1\train\labels\238_10_20_27_046243-2023-09-22.txt:1: bbox clipped to image boundary from (0.869792, 0.589815, 0.260417, 0.231481)"
d1,1,"D:\lct\datasets\.build_cache\d1\train\labels\238_10_20_31_111505-2023-09-22.txt:2: bbox clipped to image boundary from (0.869792, 0.589815, 0.260417, 0.231481)"
d1,1,"D:\lct\datasets\.build_cache\d1\train\labels\238_10_20_32_881855-2023-09-22.txt:3: bbox clipped to image boundary from (0.869792, 0.589815, 0.260417, 0.231481)"
d1,1,"D:\lct\datasets\.build_cache\d1\train\labels\238_10_20_33_643947-2023-09-22.txt:2: bbox clipped to image boundary from (0.869792, 0.589815, 0.260417, 0.231481)"
d1,1,"D:\lct\datasets\.build_cache\d1\train\labels\238_10_20_34_808432-2023-09-22.txt:1: bbox clipped to image boundary from (0.869792, 0.589815, 0.260417, 0.231481)"
d1,1,"D:\lct\datasets\.build_cache\d1\train\labels\238_10_20_35_248738-2023-09-22.txt:2: bbox clipped to image boundary from (0.869792, 0.589815, 0.260417, 0.231481)"
d1,1,"D:\lct\datasets\.build_cache\d1\train\labels\238_10_20_37_015254-2023-09-22.txt:3: bbox clipped to image boundary from (0.869792, 0.589815, 0.260417, 0.231481)"
d1,1,"D:\lct\datasets\.build_cache\d1\train\labels\238_10_20_38_783464-2023-09-22.txt:3: bbox clipped to image boundary from (0.869792, 0.589815, 0.260417, 0.231481)"
d1,1,"D:\lct\datasets\.build_cache\d1\train\labels\238_10_20_39_466979-2023-09-22.txt:1: bbox clipped to image boundary from (0.869792, 0.589815, 0.260417, 0.231481)"
d1,1,"D:\lct\datasets\.build_cache\d1\train\labels\238_10_20_41_086648-2023-09-22.txt:2: bbox clipped to image boundary from (0.869792, 0.589815, 0.260417, 0.231481)"
d1,1,"D:\lct\datasets\.build_cache\d1\train\labels\238_10_20_44_665000-2023-09-22.txt:1: bbox clipped to image boundary from (0.869792, 0.589815, 0.260417, 0.231481)"
d1,1,"D:\lct\datasets\.build_cache\d1\train\labels\238_10_20_45_231607-2023-09-22.txt:1: bbox clipped to image boundary from (0.869792, 0.589815, 0.260417, 0.231481)"
d1,1,"D:\lct\datasets\.build_cache\d1\train\labels\238_10_20_57_734549-2023-09-22.txt:3: bbox clipped to image boundary from (0.869792, 0.589815, 0.260417, 0.231481)"
d1,1,"D:\lct\datasets\.build_cache\d1\train\labels\238_10_21_05_205649-2023-09-22.txt:3: bbox clipped to image boundary from (0.869792, 0.589815, 0.260417, 0.231481)"
d1,1,"D:\lct\datasets\.build_cache\d1\train\labels\238_10_21_07_729634-2023-09-22.txt:3: bbox clipped to image boundary from (0.869792, 0.589815, 0.260417, 0.231481)"
d1,1,"D:\lct\datasets\.build_cache\d1\train\labels\238_10_21_09_413786-2023-09-22.txt:2: bbox clipped to image boundary from (0.869792, 0.589815, 0.260417, 0.231481)"
d1,1,"D:\lct\datasets\.build_cache\d1\train\labels\238_10_21_13_563540-2023-09-22.txt:3: bbox clipped to image boundary from (0.869792, 0.589815, 0.260417, 0.231481)"
d1,1,"D:\lct\datasets\.build_cache\d1\train\labels\238_10_21_17_052526-2023-09-22.txt:2: bbox clipped to image boundary from (0.869792, 0.589815, 0.260417, 0.231481)"
d1,1,"D:\lct\datasets\.build_cache\d1\train\labels\238_10_21_18_734497-2023-09-22.txt:2: bbox clipped to image boundary from (0.869792, 0.589815, 0.260417, 0.231481)"
d1,1,"D:\lct\datasets\.build_cache\d1\train\labels\238_10_21_21_185493-2023-09-22.txt:2: bbox clipped to image boundary from (0.869792, 0.589815, 0.260417, 0.231481)"
d1,1,"D:\lct\datasets\.build_cache\d1\train\labels\238_10_21_30_816261-2023-09-22.txt:3: bbox clipped to image boundary from (0.869792, 0.589815, 0.260417, 0.231481)"
d1,1,"D:\lct\datasets\.build_cache\d1\train\labels\238_10_21_31_028795-2023-09-22.txt:1: bbox clipped to image boundary from (0.869792, 0.589815, 0.260417, 0.231481)"
d1,1,"D:\lct\datasets\.build_cache\d1\train\labels\238_10_21_32_677255-2023-09-22.txt:3: bbox clipped to image boundary from (0.869792, 0.589815, 0.260417, 0.231481)"
d1,1,"D:\lct\datasets\.build_cache\d1\train\labels\238_10_21_44_481910-2023-09-22.txt:1: bbox clipped to image boundary from (0.869792, 0.589815, 0.260417, 0.231481)"
d1,1,"D:\lct\datasets\.build_cache\d1\train\labels\238_10_22_10_482710-2023-09-22.txt:2: bbox clipped to image boundary from (0.869792, 0.589815, 0.260417, 0.231481)"
d1,1,"D:\lct\datasets\.build_cache\d1\train\labels\238_10_22_12_485341-2023-09-22.txt:1: bbox clipped to image boundary from (0.869792, 0.589815, 0.260417, 0.231481)"
d1,1,"D:\lct\datasets\.build_cache\d1\train\labels\238_10_22_14_528468-2023-09-22.txt:1: bbox clipped to image boundary from (0.869792, 0.589815, 0.260417, 0.231481)"
d1,1,"D:\lct\datasets\.build_cache\d1\train\labels\238_10_22_16_814724-2023-09-22.txt:1: bbox clipped to image boundary from (0.869792, 0.589815, 0.260417, 0.231481)"
d1,1,"D:\lct\datasets\.build_cache\d1\train\labels\238_10_22_18_616870-2023-09-22.txt:1: bbox clipped to image boundary from (0.869792, 0.589815, 0.260417, 0.231481)"
d1,1,"D:\lct\datasets\.build_cache\d1\train\labels\238_10_22_19_298738-2023-09-22.txt:1: bbox clipped to image boundary from (0.869792, 0.589815, 0.260417, 0.231481)"
d1,1,"D:\lct\datasets\.build_cache\d1\train\labels\238_10_24_24_547312-2023-09-22.txt:2: bbox clipped to image boundary from (0.901042, 0.548148, 0.197917, 0.414815)"
d1,1,"D:\lct\datasets\.build_cache\d1\train\labels\238_10_24_37_459788-2023-09-22.txt:1: bbox clipped to image boundary from (0.866667, 0.541204, 0.266667, 0.408333)"
d1,1,"D:\lct\datasets\.build_cache\d1\train\labels\238_10_28_55_734605-2023-09-22.txt:2: bbox clipped to image boundary from (0.927344, 0.506944, 0.145313, 0.293519)"
d1,1,"D:\lct\datasets\.build_cache\d1\train\labels\238_10_34_08_372664-2023-09-22.txt:1: bbox clipped to image boundary from (0.935417, 0.450926, 0.129167, 0.290741)"
d1,1,"D:\lct\datasets\.build_cache\d1\train\labels\238_10_37_38_084620-2023-09-22.txt:1: bbox clipped to image boundary from (0.979167, 0.479537, 0.041667, 0.161296)"
d1,1,"D:\lct\datasets\.build_cache\d1\train\labels\238_11_15_21_346075-2023-10-18.txt:2: bbox clipped to image boundary from (0.827865, 0.543981, 0.344271, 0.402778)"
d1,1,"D:\lct\datasets\.build_cache\d1\train\labels\238_11_28_31_753183-2023-09-22.txt:2: bbox clipped to image boundary from (0.01276, 0.387963, 0.025521, 0.055556)"
d1,1,"D:\lct\datasets\.build_cache\d1\train\labels\238_11_28_32_315611-2023-09-22.txt:2: bbox clipped to image boundary from (0.994792, 0.349537, 0.010417, 0.021296)"
d1,1,"D:\lct\datasets\.build_cache\d1\train\labels\238_11_42_52_200384-2023-09-22.txt:1: bbox clipped to image boundary from (0.910404, 0.585255, 0.179193, 0.250361)"
d1,1,"D:\lct\datasets\.build_cache\d1\train\labels\238_11_44_54_695359-2023-11-10.txt:1: bbox clipped to image boundary from (0.767378, 0.68831, 0.465245, 0.524269)"
d1,1,"D:\lct\datasets\.build_cache\d1\train\labels\238_11_50_51_751703-2023-11-10.txt:1: bbox clipped to image boundary from (0.803628, 0.633204, 0.392745, 0.431037)"
d1,1,"D:\lct\datasets\.build_cache\d1\train\labels\238_12_18_02_562211-2023-10-17.txt:1: bbox clipped to image boundary from (0.939844, 0.538889, 0.120313, 0.327778)"
d1,1,"D:\lct\datasets\.build_cache\d1\train\labels\238_13_02_11_441989-2023-09-22.txt:2: bbox clipped to image boundary from (0.983266, 0.567083, 0.033469, 0.1175)"
d1,1,"D:\lct\datasets\.build_cache\d1\train\labels\238_13_05_16_358990-2023-10-18.txt:1: bbox clipped to image boundary from (0.961719, 0.433704, 0.076563, 0.130741)"
d1,1,"D:\lct\datasets\.build_cache\d1\train\labels\238_13_17_30_788307-2023-09-22.txt:1: bbox clipped to image boundary from (0.876563, 0.559259, 0.246875, 0.337037)"
d1,1,"D:\lct\datasets\.build_cache\d1\train\labels\238_14_11_42_499948-2023-09-22.txt:2: bbox clipped to image boundary from (0.826576, 0.606708, 0.346849, 0.252861)"
d1,1,"D:\lct\datasets\.build_cache\d1\train\labels\238_14_11_50_437621-2023-09-22.txt:2: bbox clipped to image boundary from (0.947529, 0.564907, 0.104943, 0.145037)"
d1,1,"D:\lct\datasets\.build_cache\d1\train\labels\238_14_11_52_522904-2023-09-22.txt:1: bbox clipped to image boundary from (0.972766, 0.545954, 0.054469, 0.145037)"
d1,1,"D:\lct\datasets\.build_cache\d1\train\labels\238_14_13_30_577681-2023-09-22.txt:2: bbox clipped to image boundary from (0.971094, 0.506019, 0.057813, 0.265741)"
d1,1,"D:\lct\datasets\.build_cache\d1\train\labels\238_14_23_16_660731-2023-09-22.txt:2: bbox clipped to image boundary from (0.86224, 0.427315, 0.275521, 0.486111)"
d1,1,"D:\lct\datasets\.build_cache\d1\train\labels\238_14_23_20_653061-2023-09-22.txt:1: bbox clipped to image boundary from (0.86224, 0.471759, 0.275521, 0.441667)"
d1,1,"D:\lct\datasets\.build_cache\d1\train\labels\238_14_23_28_456100-2023-09-22.txt:2: bbox clipped to image boundary from (0.867188, 0.503241, 0.265625, 0.408333)"
d1,1,"D:\lct\datasets\.build_cache\d1\train\labels\238_14_23_42_045053-2023-09-22.txt:2: bbox clipped to image boundary from (0.854688, 0.385185, 0.290625, 0.511111)"
d1,1,"D:\lct\datasets\.build_cache\d1\train\labels\238_14_27_27_498574-2023-09-22.txt:2: bbox clipped to image boundary from (0.969792, 0.505556, 0.060417, 0.218519)"
d1,1,"D:\lct\datasets\.build_cache\d1\train\labels\238_14_32_13_261351-2023-09-22.txt:2: bbox clipped to image boundary from (0.84974, 0.581481, 0.300521, 0.425926)"
d1,1,"D:\lct\datasets\.build_cache\d1\train\labels\238_15_01_33_582092-2023-11-09.txt:1: bbox clipped to image boundary from (0.920581, 0.566144, 0.158839, 0.294991)"
d1,1,"D:\lct\datasets\.build_cache\d1\train\labels\238_15_26_31_854028-2023-10-18.txt:2: bbox clipped to image boundary from (0.039062, 0.383796, 0.078125, 0.069444)"
d1,1,"D:\lct\datasets\.build_cache\d1\train\labels\238_15_32_45_143939-2023-10-18.txt:1: bbox clipped to image boundary from (0.938542, 0.568519, 0.122917, 0.22963)"
d1,1,"D:\lct\datasets\.build_cache\d1\train\labels\238_15_37_12_824452-2023-10-17.txt:1: bbox clipped to image boundary from (0.813542, 0.523148, 0.372917, 0.394444)"
d1,1,"D:\lct\datasets\.build_cache\d1\train\labels\238_15_49_41_802864-2023-10-17.txt:1: bbox clipped to image boundary from (0.885938, 0.627315, 0.228125, 0.308333)"
d1,1,"D:\lct\datasets\.build_cache\d1\train\labels\238_15_49_47_361783-2023-10-17.txt:1: bbox clipped to image boundary from (0.897917, 0.652778, 0.204167, 0.238889)"
d1,1,"D:\lct\datasets\.build_cache\d1\train\labels\238_15_49_49_359476-2023-10-17.txt:1: bbox clipped to image boundary from (0.923438, 0.651389, 0.153125, 0.247222)"
d1,1,"D:\lct\datasets\.build_cache\d1\train\labels\238_16_07_20_463275-2023-10-16.txt:1: bbox clipped to image boundary from (0.826917, 0.562519, 0.346167, 0.352519)"
d1,1,"D:\lct\datasets\.build_cache\d1\train\labels\238_16_07_21_272139-2023-10-16.txt:2: bbox clipped to image boundary from (0.800615, 0.566833, 0.398771, 0.352519)"
d1,1,"D:\lct\datasets\.build_cache\d1\train\labels\238_16_07_46_085139-2023-10-18.txt:2: bbox clipped to image boundary from (0.914844, 0.510648, 0.170313, 0.334259)"
d1,1,"D:\lct\datasets\.build_cache\d1\train\labels\238_16_13_20_009182-2023-10-18.txt:1: bbox clipped to image boundary from (0.882292, 0.537963, 0.235417, 0.374074)"
d1,1,"D:\lct\datasets\.build_cache\d1\train\labels\238_16_19_01_962644-2023-10-17.txt:2: bbox clipped to image boundary from (0.954688, 0.588889, 0.090625, 0.203704)"
d1,1,"D:\lct\datasets\.build_cache\d1\train\labels\238_16_19_05_278506-2023-10-17.txt:2: bbox clipped to image boundary from (0.939063, 0.590741, 0.121875, 0.207407)"
d1,1,"D:\lct\datasets\.build_cache\d1\train\labels\238_16_23_44_079886-2023-10-17.txt:2: bbox clipped to image boundary from (0.870313, 0.5625, 0.259375, 0.367593)"
d1,1,"D:\lct\datasets\.build_cache\d1\train\labels\238_16_23_46_213538-2023-10-17.txt:2: bbox clipped to image boundary from (0.932813, 0.541204, 0.134375, 0.323148)"
d1,1,"D:\lct\datasets\.build_cache\d1\train\labels\238_16_44_57_189212-2023-10-18.txt:1: bbox clipped to image boundary from (0.96224, 0.566667, 0.075521, 0.172222)"
d1,1,"D:\lct\datasets\.build_cache\d1\train\labels\238_16_44_58_636682-2023-10-18.txt:2: bbox clipped to image boundary from (0.957292, 0.571296, 0.085417, 0.175926)"
d1,1,"D:\lct\datasets\.build_cache\d1\train\labels\238_16_57_00_576861-2023-10-17.txt:1: bbox clipped to image boundary from (0.83099, 0.555556, 0.338021, 0.418519)"
d1,1,"D:\lct\datasets\.build_cache\d1\train\labels\238_17_11_20_430712-2023-10-17.txt:1: bbox clipped to image boundary from (0.923438, 0.567593, 0.153125, 0.259259)"
d1,1,"D:\lct\datasets\.build_cache\d1\train\labels\238_17_11_21_107827-2023-10-17.txt:1: bbox clipped to image boundary from (0.941667, 0.559259, 0.116667, 0.231481)"
d1,1,"D:\lct\datasets\.build_cache\d1\train\labels\238_17_18_10_369962-2023-10-18.txt:1: bbox clipped to image boundary from (0.892188, 0.513889, 0.215625, 0.318519)"
d1,1,"D:\lct\datasets\.build_cache\d1\train\labels\2501_00_05_40_798727-2023-11-10.txt:2: bbox clipped to image boundary from (0.846203, 0.653306, 0.307594, 0.693389)"
d1,1,"D:\lct\datasets\.build_cache\d1\train\labels\2501_01_20_26_372804-2023-11-10.txt:2: bbox clipped to image boundary from (0.908652, 0.611056, 0.182695, 0.777889)"
d1,1,"D:\lct\datasets\.build_cache\d1\train\labels\2501_01_53_32_363599-2023-11-10.txt:1: bbox clipped to image boundary from (0.936098, 0.344868, 0.127805, 0.327514)"
d1,1,"D:\lct\datasets\.build_cache\d1\train\labels\2501_02_12_38_472412-2023-11-10.txt:1: bbox clipped to image boundary from (0.868516, 0.631299, 0.262969, 0.737403)"
d1,1,"D:\lct\datasets\.build_cache\d1\train\labels\2501_02_12_44_719479-2023-11-10.txt:1: bbox clipped to image boundary from (0.929688, 0.357382, 0.140625, 0.354125)"
d1,1,"D:\lct\datasets\.build_cache\d1\train\labels\2501_03_14_41_826268-2023-11-10.txt:2: bbox clipped to image boundary from (0.89773, 0.603285, 0.204539, 0.793431)"
d1,1,"D:\lct\datasets\.build_cache\d1\train\labels\2501_03_56_38_999836-2023-11-10.txt:2: bbox clipped to image boundary from (0.835473, 0.72659, 0.329055, 0.546819)"
d1,1,"D:\lct\datasets\.build_cache\d1\train\labels\2501_04_43_01_094779-2023-11-10.txt:1: bbox clipped to image boundary from (0.886809, 0.608139, 0.226383, 0.783722)"
d1,1,"D:\lct\datasets\.build_cache\d1\train\labels\2501_09_19_32_835528-2023-11-10.txt:2: bbox clipped to image boundary from (0.767262, 0.631687, 0.465477, 0.736625)"
d1,1,"D:\lct\datasets\.build_cache\d1\train\labels\2501_10_15_41_315170-2023-11-10.txt:1: bbox clipped to image boundary from (0.7585, 0.623049, 0.483, 0.753903)"
d1,1,"D:\lct\datasets\.build_cache\d1\train\labels\2501_15_26_12_616276-2023-11-09.txt:1: bbox clipped to image boundary from (0.807945, 0.687785, 0.384109, 0.624431)"
d1,1,"D:\lct\datasets\.build_cache\d1\train\labels\2501_15_38_09_652404-2023-11-09.txt:1: bbox clipped to image boundary from (0.884688, 0.366465, 0.230625, 0.294403)"
d1,1,"D:\lct\datasets\.build_cache\d1\train\labels\2501_15_54_15_789304-2023-11-09.txt:1: bbox clipped to image boundary from (0.880809, 0.741396, 0.238383, 0.517208)"
d1,1,"D:\lct\datasets\.build_cache\d1\train\labels\2501_16_42_31_243205-2023-11-09.txt:2: bbox clipped to image boundary from (0.774543, 0.623681, 0.450914, 0.752639)"
d1,1,"D:\lct\datasets\.build_cache\d1\train\labels\2501_17_10_52_704149-2023-11-09.txt:2: bbox clipped to image boundary from (0.723895, 0.628403, 0.552211, 0.743194)"
d1,1,"D:\lct\datasets\.build_cache\d1\train\labels\2501_18_20_33_414249-2023-11-09.txt:2: bbox clipped to image boundary from (0.797277, 0.646313, 0.405445, 0.707375)"
d1,1,"D:\lct\datasets\.build_cache\d1\train\labels\2501_18_31_10_827402-2023-11-09.txt:2: bbox clipped to image boundary from (0.818723, 0.688743, 0.362555, 0.622514)"
d1,1,"D:\lct\datasets\.build_cache\d1\train\labels\2501_19_35_51_712541-2023-11-09.txt:1: bbox clipped to image boundary from (0.855781, 0.633188, 0.288438, 0.733625)"
d1,1,"D:\lct\datasets\.build_cache\d1\train\labels\2501_21_23_47_001614-2023-11-09.txt:2: bbox clipped to image boundary from (0.892852, 0.614035, 0.214297, 0.771931)"
d1,1,"D:\lct\datasets\.build_cache\d1\train\labels\2501_22_26_25_271645-2023-11-09.txt:2: bbox clipped to image boundary from (0.880684, 0.623611, 0.238633, 0.752778)"
d1,1,"D:\lct\datasets\.build_cache\d1\train\labels\2501_23_01_39_954796-2023-11-09.txt:2: bbox clipped to image boundary from (0.859133, 0.722292, 0.281734, 0.555417)"
d1,1,"D:\lct\datasets\.build_cache\d1\train\labels\2501_23_12_11_172943-2023-11-09.txt:2: bbox clipped to image boundary from (0.904391, 0.603493, 0.191219, 0.793014)"
d1,1,"D:\lct\datasets\.build_cache\d1\train\labels\2501_23_20_51_228484-2023-11-09.txt:2: bbox clipped to image boundary from (0.87368, 0.727063, 0.252641, 0.545875)"
d1,1,"D:\lct\datasets\.build_cache\d1\train\labels\2501_23_41_22_242171-2023-11-09.txt:1: bbox clipped to image boundary from (0.928637, 0.3095, 0.142727, 0.251)"
d1,1,"D:\lct\datasets\.build_cache\d1\train\labels\648_10_52_40_647277-2023-11-10.txt:2: bbox clipped to image boundary from (0.955964, 0.482931, 0.088073, 0.183639)"
d1,1,"D:\lct\datasets\.build_cache\d1\train\labels\648_12_27_38_313787-2023-11-10.txt:1: bbox clipped to image boundary from (0.979667, 0.512926, 0.040667, 0.111648)"
d1,1,"D:\lct\datasets\.build_cache\d1\train\labels\648_14_52_03_790625-2023-11-09.txt:3: bbox clipped to image boundary from (0.974956, 0.335097, 0.050089, 0.026009)"
d1,1,"D:\lct\datasets\.build_cache\d1\train\labels\648_16_12_40_084202-2023-11-09.txt:2: bbox clipped to image boundary from (0.961576, 0.427046, 0.076849, 0.239093)"
d1,1,"D:\lct\datasets\.build_cache\d1\train\labels\648_16_36_19_444869-2023-11-09.txt:1: bbox clipped to image boundary from (0.951615, 0.465583, 0.096771, 0.137926)"
d1,1,"D:\lct\datasets\.build_cache\d1\train\labels\camera_19.102_2023-12-30T10_41_28_258+03_00.txt:4: bbox clipped to image boundary from (0.505208, 0.10787, 0.438542, 0.215741)"
d1,1,"D:\lct\datasets\.build_cache\d1\train\labels\camera_19.102_2023-12-30T11_49_03_863+03_00.txt:4: bbox clipped to image boundary from (0.821354, 0.156481, 0.35625, 0.312963)"
d1,1,"D:\lct\datasets\.build_cache\d1\train\labels\camera_19.102_2023-12-30T12_04_25_435+03_00.txt:3: bbox clipped to image boundary from (0.452083, 0.108796, 0.294792, 0.217593)"
d1,1,"D:\lct\datasets\.build_cache\d1\train\labels\camera_19.102_2023-12-30T12_04_29_348+03_00.txt:4: bbox clipped to image boundary from (0.741927, 0.183796, 0.514062, 0.367593)"
d1,1,"D:\lct\datasets\.build_cache\d1\train\labels\camera_19.102_2023-12-30T12_04_31_054+03_00.txt:1: bbox clipped to image boundary from (0.839063, 0.181481, 0.320833, 0.362963)"
d1,1,"D:\lct\datasets\.build_cache\d1\train\labels\camera_19.102_2023-12-30T12_14_25_802+03_00.txt:1: bbox clipped to image boundary from (0.555729, 0.146759, 0.423958, 0.29537)"
d1,1,"D:\lct\datasets\.build_cache\d1\train\labels\camera_19.102_2023-12-30T12_14_27_390+03_00.txt:3: bbox extends outside image (0.740365, 0.175, 0.514062, 0.353704); line dropped"
d1,1,"D:\lct\datasets\.build_cache\d1\train\labels\camera_19.102_2023-12-30T13_53_02_213+03_00.txt:3: bbox clipped to image boundary from (0.620313, 0.119444, 0.427083, 0.238889)"
d1,1,"D:\lct\datasets\.build_cache\d1\train\labels\camera_19.102_2023-12-30T13_53_03_128+03_00.txt:1: bbox clipped to image boundary from (0.552865, 0.109259, 0.368229, 0.218519)"
d1,1,"D:\lct\datasets\.build_cache\d1\train\labels\camera_19.102_2023-12-30T13_53_05_903+03_00.txt:2: bbox clipped to image boundary from (0.421875, 0.096296, 0.252083, 0.192593)"
d1,1,"D:\lct\datasets\.build_cache\d1\train\labels\camera_19.102_2023-12-30T14_22_29_170+03_00.txt:3: bbox clipped to image boundary from (0.909375, 0.183333, 0.180208, 0.366667)"
d1,1,"D:\lct\datasets\.build_cache\d1\train\labels\camera_19.202_2023-12-30T10_45_33_757+03_00.txt:1: bbox clipped to image boundary from (0.739844, 0.170833, 0.252604, 0.341667)"
d1,1,"D:\lct\datasets\.build_cache\d1\train\labels\camera_19.202_2023-12-30T10_45_35_179+03_00.txt:1: bbox clipped to image boundary from (0.760938, 0.158333, 0.219792, 0.316667)"
d1,1,"D:\lct\datasets\.build_cache\d1\train\labels\camera_19.202_2023-12-30T11_47_46_781+03_00.txt:1: bbox clipped to image boundary from (0.265885, 0.606019, 0.531771, 0.786111)"
d1,1,"D:\lct\datasets\.build_cache\d1\train\labels\camera_19.202_2023-12-30T11_47_47_720+03_00.txt:1: bbox clipped to image boundary from (0.226562, 0.641667, 0.453125, 0.714815)"
d1,1,"D:\lct\datasets\.build_cache\d1\train\labels\camera_19.202_2023-12-30T12_06_41_825+03_00.txt:1: bbox clipped to image boundary from (0.884115, 0.058796, 0.060937, 0.117593)"
d1,1,"D:\lct\datasets\.build_cache\d1\train\labels\camera_19.202_2024-01-05T13_59_44_913+03_00.txt:1: bbox clipped to image boundary from (0.872396, 0.058333, 0.064583, 0.116667)"
d1,1,"D:\lct\datasets\.build_cache\d1\train\labels\camera_23.101_2024-01-08T09_06_06_773+03_00.txt:1: bbox clipped to image boundary from (0.082812, 0.787037, 0.165625, 0.424074)"
d1,1,"D:\lct\datasets\.build_cache\d1\train\labels\camera_23.101_2024-01-08T09_40_26_145+03_00.txt:1: bbox clipped to image boundary from (0.870313, 0.501065, 0.259375, 0.180648)"
d1,1,"D:\lct\datasets\.build_cache\d1\train\labels\camera_23.101_2024-01-08T10_16_19_456+03_00.txt:1: bbox clipped to image boundary from (0.10651, 0.737037, 0.213021, 0.481481)"
d1,1,"D:\lct\datasets\.build_cache\d1\train\labels\camera_23.101_2024-01-08T10_33_40_555+03_00.txt:1: bbox clipped to image boundary from (0.10651, 0.733333, 0.213021, 0.385185)"
d1,1,"D:\lct\datasets\.build_cache\d1\train\labels\camera_23.101_2024-01-08T10_33_41_055+03_00.txt:1: bbox clipped to image boundary from (0.10651, 0.730556, 0.213021, 0.398148)"
d1,1,"D:\lct\datasets\.build_cache\d1\train\labels\camera_23.101_2024-01-08T10_33_41_556+03_00.txt:1: bbox clipped to image boundary from (0.105208, 0.74537, 0.210417, 0.412963)"
d1,1,"D:\lct\datasets\.build_cache\d1\train\labels\camera_23.101_2024-01-08T11_01_19_681+03_00.txt:1: bbox clipped to image boundary from (0.105208, 0.756944, 0.210417, 0.423148)"
d1,1,"D:\lct\datasets\.build_cache\d1\train\labels\camera_23.101_2024-01-08T11_38_46_692+03_00.txt:1: bbox clipped to image boundary from (0.092708, 0.778704, 0.185417, 0.440741)"
d1,1,"D:\lct\datasets\.build_cache\d1\train\labels\camera_23.101_2024-01-08T11_39_04_216+03_00.txt:1: bbox clipped to image boundary from (0.103385, 0.773611, 0.206771, 0.450926)"
d1,1,"D:\lct\datasets\.build_cache\d1\train\labels\camera_23.101_2024-01-08T12_38_20_610+03_00.txt:1: bbox clipped to image boundary from (0.102083, 0.769907, 0.204167, 0.450926)"
d1,1,"D:\lct\datasets\.build_cache\d1\train\labels\camera_23.101_2024-01-08T15_43_04_901+03_00.txt:1: bbox clipped to image boundary from (0.777188, 0.514815, 0.445625, 0.15)"
d1,1,"D:\lct\datasets\.build_cache\d1\train\labels\camera_23.101_2024-01-08T16_35_23_413+03_00.txt:2: bbox clipped to image boundary from (0.883266, 0.517046, 0.233469, 0.161148)"
d1,1,"D:\lct\datasets\.build_cache\d1\train\labels\camera_23.102_2023-12-30T14_52_16_177+03_00.txt:1: bbox clipped to image boundary from (0.187187, 0.385648, 0.374375, 0.60463)"
d1,1,"D:\lct\datasets\.build_cache\d1\train\labels\camera_29.102_2024-01-02T20_23_10_484+03_00.txt:2: bbox clipped to image boundary from (0.888542, 0.768796, 0.222917, 0.462407)"
d1,1,"D:\lct\datasets\.build_cache\d1\train\labels\camera_29.102_2024-01-05T15_13_56_554+03_00.txt:1: bbox clipped to image boundary from (0.384208, 0.824245, 0.768417, 0.351509)"
d1,1,"D:\lct\datasets\.build_cache\d1\train\labels\camera_29.102_2024-01-08T17_03_23_887+03_00.txt:1: bbox clipped to image boundary from (0.43151, 0.843981, 0.863021, 0.310185)"
d1,1,"D:\lct\datasets\.build_cache\d1\train\labels\camera_29.403_2023-12-30T11_15_36_877+03_00.txt:1: bbox clipped to image boundary from (0.653906, 0.046759, 0.134896, 0.093519)"
d1,1,"D:\lct\datasets\.build_cache\d1\train\labels\camera_29.403_2023-12-30T11_37_12_215+03_00.txt:3: bbox clipped to image boundary from (0.682552, 0.144907, 0.181771, 0.289815)"
d1,1,"D:\lct\datasets\.build_cache\d1\train\labels\camera_29.403_2023-12-30T11_43_09_091+03_00.txt:2: bbox clipped to image boundary from (0.538021, 0.170833, 0.276042, 0.341667)"
d1,1,"D:\lct\datasets\.build_cache\d1\train\labels\camera_29.403_2023-12-30T11_43_18_674+03_00.txt:2: bbox clipped to image boundary from (0.083333, 0.377315, 0.166667, 0.75463)"
d1,1,"D:\lct\datasets\.build_cache\d1\train\labels\camera_29.403_2023-12-30T12_06_18_683+03_00.txt:1: bbox extends outside image (0.686198, 0.149074, 0.292187, 0.316667); line dropped"
d1,1,"D:\lct\datasets\.build_cache\d1\train\labels\camera_29.403_2023-12-30T12_06_23_257+03_00.txt:2: bbox extends outside image (0.333073, 0.044444, 0.129688, 0.094444); line dropped"
d1,1,"D:\lct\datasets\.build_cache\d1\train\labels\camera_29.403_2023-12-30T13_37_38_200+03_00.txt:1: bbox clipped to image boundary from (0.697917, 0.146296, 0.180208, 0.292593)"
d1,1,"D:\lct\datasets\.build_cache\d1\train\labels\camera_29.403_2023-12-30T13_38_14_058+03_00.txt:3: bbox clipped to image boundary from (0.621094, 0.156481, 0.407813, 0.312963)"
d1,1,"D:\lct\datasets\.build_cache\d1\train\labels\camera_29.403_2023-12-30T13_38_33_460+03_00.txt:3: bbox clipped to image boundary from (0.623958, 0.158333, 0.4, 0.316667)"
d1,1,"D:\lct\datasets\.build_cache\d1\train\labels\camera_29.403_2023-12-30T13_38_36_397+03_00.txt:2: bbox clipped to image boundary from (0.605208, 0.143981, 0.448958, 0.287963)"
d1,1,"D:\lct\datasets\.build_cache\d1\train\labels\camera_29.403_2023-12-30T13_38_41_462+03_00.txt:2: bbox clipped to image boundary from (0.6, 0.146296, 0.45625, 0.292593)"
d1,1,"D:\lct\datasets\.build_cache\d1\train\labels\camera_29.403_2023-12-30T13_38_50_638+03_00.txt:3: bbox clipped to image boundary from (0.605208, 0.143981, 0.448958, 0.287963)"
d1,1,"D:\lct\datasets\.build_cache\d1\train\labels\camera_29.403_2023-12-30T13_39_22_494+03_00.txt:3: bbox clipped to image boundary from (0.722396, 0.145833, 0.141667, 0.291667)"
d1,1,"D:\lct\datasets\.build_cache\d1\train\labels\camera_29.403_2023-12-30T13_39_24_654+03_00.txt:2: bbox clipped to image boundary from (0.750781, 0.133333, 0.119271, 0.266667)"
d1,1,"D:\lct\datasets\.build_cache\d1\train\labels\camera_29.403_2023-12-30T13_39_49_025+03_00.txt:1: bbox clipped to image boundary from (0.678125, 0.058796, 0.105208, 0.117593)"
d1,1,"D:\lct\datasets\.build_cache\d1\train\labels\camera_29.403_2023-12-30T13_39_53_566+03_00.txt:3: bbox clipped to image boundary from (0.613542, 0.04537, 0.09375, 0.090741)"
d1,1,"D:\lct\datasets\.build_cache\d1\train\labels\camera_29.403_2023-12-30T13_40_45_298+03_00.txt:3: bbox clipped to image boundary from (0.441927, 0.034259, 0.075521, 0.068519)"
d1,1,"D:\lct\datasets\.build_cache\d1\train\labels\camera_29.403_2023-12-30T14_05_42_494+03_00.txt:1: bbox clipped to image boundary from (0.478646, 0.034259, 0.110417, 0.068519)"
d1,1,"D:\lct\datasets\.build_cache\d1\train\labels\camera_29.403_2024-01-02T12_18_16_798+03_00.txt:2: bbox clipped to image boundary from (0.18501, 0.078194, 0.14799, 0.156389)"
d1,1,"D:\lct\datasets\.build_cache\d1\train\labels\camera_29.403_2024-01-02T12_25_33_586+03_00.txt:1: bbox clipped to image boundary from (0.183143, 0.080694, 0.147068, 0.161389)"
d1,1,"D:\lct\datasets\.build_cache\d1\train\labels\camera_29.403_2024-01-02T12_31_20_028+03_00.txt:1: bbox clipped to image boundary from (0.183143, 0.080694, 0.147068, 0.161389)"
d1,1,"D:\lct\datasets\.build_cache\d1\train\labels\camera_29.403_2024-01-02T12_38_56_119+03_00.txt:2: bbox clipped to image boundary from (0.183143, 0.080694, 0.147068, 0.161389)"
d1,1,"D:\lct\datasets\.build_cache\d1\train\labels\camera_29.403_2024-01-02T12_44_15_686+03_00.txt:3: bbox clipped to image boundary from (0.183143, 0.080694, 0.147068, 0.161389)"
d1,1,"D:\lct\datasets\.build_cache\d1\train\labels\camera_29.403_2024-01-02T12_48_04_717+03_00.txt:2: bbox clipped to image boundary from (0.183143, 0.080694, 0.147068, 0.161389)"
d1,1,"D:\lct\datasets\.build_cache\d1\train\labels\camera_29.403_2024-01-02T13_07_13_359+03_00.txt:1: bbox clipped to image boundary from (0.183143, 0.080694, 0.147068, 0.161389)"
d1,1,"D:\lct\datasets\.build_cache\d1\train\labels\camera_29.403_2024-01-02T13_11_47_646+03_00.txt:1: bbox clipped to image boundary from (0.183143, 0.080694, 0.147068, 0.161389)"
d1,1,"D:\lct\datasets\.build_cache\d1\train\labels\camera_29.403_2024-01-02T13_12_07_865+03_00.txt:3: bbox clipped to image boundary from (0.183143, 0.080694, 0.147068, 0.161389)"
d1,1,"D:\lct\datasets\.build_cache\d1\train\labels\camera_29.403_2024-01-02T13_13_48_257+03_00.txt:2: bbox clipped to image boundary from (0.183143, 0.080694, 0.147068, 0.161389)"
d1,1,"D:\lct\datasets\.build_cache\d1\train\labels\camera_29.403_2024-01-02T13_16_36_732+03_00.txt:3: bbox clipped to image boundary from (0.183143, 0.080694, 0.147068, 0.161389)"
d1,1,"D:\lct\datasets\.build_cache\d1\train\labels\camera_29.403_2024-01-02T13_17_52_217+03_00.txt:1: bbox clipped to image boundary from (0.183143, 0.080694, 0.147068, 0.161389)"
d1,1,"D:\lct\datasets\.build_cache\d1\train\labels\camera_29.403_2024-01-02T13_18_11_941+03_00.txt:2: bbox clipped to image boundary from (0.183143, 0.080694, 0.147068, 0.161389)"
d1,1,"D:\lct\datasets\.build_cache\d1\train\labels\camera_29.403_2024-01-02T13_18_11_941+03_00.txt:3: bbox clipped to image boundary from (0.33125, 0.050509, 0.130208, 0.101019)"
d1,1,"D:\lct\datasets\.build_cache\d1\train\labels\camera_29.403_2024-01-02T13_18_19_283+03_00.txt:2: bbox clipped to image boundary from (0.183143, 0.080694, 0.147068, 0.161389)"
d1,1,"D:\lct\datasets\.build_cache\d1\train\labels\camera_29.403_2024-01-02T13_18_19_283+03_00.txt:3: bbox clipped to image boundary from (0.33125, 0.050509, 0.130208, 0.101019)"
d1,1,"D:\lct\datasets\.build_cache\d1\train\labels\camera_29.403_2024-01-02T13_19_03_096+03_00.txt:2: bbox clipped to image boundary from (0.33125, 0.050231, 0.130208, 0.100463)"
d1,1,"D:\lct\datasets\.build_cache\d1\train\labels\camera_29.403_2024-01-02T13_19_03_096+03_00.txt:3: bbox clipped to image boundary from (0.183143, 0.080694, 0.147068, 0.161389)"
d1,1,"D:\lct\datasets\.build_cache\d1\train\labels\camera_29.403_2024-01-02T13_20_02_113+03_00.txt:1: bbox clipped to image boundary from (0.183143, 0.080694, 0.147068, 0.161389)"
d1,1,"D:\lct\datasets\.build_cache\d1\train\labels\camera_29.403_2024-01-02T13_21_39_366+03_00.txt:2: bbox clipped to image boundary from (0.183143, 0.080694, 0.147068, 0.161389)"
d1,1,"D:\lct\datasets\.build_cache\d1\train\labels\camera_29.403_2024-01-02T13_22_20_332+03_00.txt:3: bbox clipped to image boundary from (0.183143, 0.080694, 0.147068, 0.161389)"
d1,1,"D:\lct\datasets\.build_cache\d1\train\labels\camera_29.403_2024-01-02T13_23_01_314+03_00.txt:2: bbox clipped to image boundary from (0.183143, 0.080694, 0.147068, 0.161389)"
d1,1,"D:\lct\datasets\.build_cache\d1\train\labels\camera_29.403_2024-01-02T13_25_12_843+03_00.txt:1: bbox clipped to image boundary from (0.183143, 0.080694, 0.147068, 0.161389)"
d1,1,"D:\lct\datasets\.build_cache\d1\train\labels\camera_29.403_2024-01-02T13_25_12_843+03_00.txt:2: bbox clipped to image boundary from (0.33125, 0.050231, 0.130208, 0.100463)"
d1,1,"D:\lct\datasets\.build_cache\d1\train\labels\camera_29.403_2024-01-02T13_25_17_897+03_00.txt:2: bbox clipped to image boundary from (0.183143, 0.080694, 0.147068, 0.161389)"
d1,1,"D:\lct\datasets\.build_cache\d1\train\labels\camera_29.403_2024-01-02T13_25_17_897+03_00.txt:3: bbox clipped to image boundary from (0.33125, 0.050231, 0.130208, 0.100463)"
d1,1,"D:\lct\datasets\.build_cache\d1\train\labels\camera_29.403_2024-01-02T13_27_27_795+03_00.txt:1: bbox clipped to image boundary from (0.183143, 0.080694, 0.147068, 0.161389)"
d1,1,"D:\lct\datasets\.build_cache\d1\train\labels\camera_29.403_2024-01-02T13_27_27_795+03_00.txt:3: bbox clipped to image boundary from (0.33125, 0.050231, 0.130208, 0.100463)"
d1,1,"D:\lct\datasets\.build_cache\d1\train\labels\camera_29.403_2024-01-02T13_27_47_329+03_00.txt:1: bbox clipped to image boundary from (0.183143, 0.080694, 0.147068, 0.161389)"
d1,1,"D:\lct\datasets\.build_cache\d1\train\labels\camera_29.403_2024-01-02T13_27_47_329+03_00.txt:2: bbox clipped to image boundary from (0.33125, 0.050231, 0.130208, 0.100463)"
d1,1,"D:\lct\datasets\.build_cache\d1\train\labels\camera_29.403_2024-01-02T13_27_57_045+03_00.txt:1: bbox clipped to image boundary from (0.33125, 0.050231, 0.130208, 0.100463)"
d1,1,"D:\lct\datasets\.build_cache\d1\train\labels\camera_29.403_2024-01-02T13_27_57_045+03_00.txt:2: bbox clipped to image boundary from (0.183143, 0.080694, 0.147068, 0.161389)"
d1,1,"D:\lct\datasets\.build_cache\d1\train\labels\camera_29.403_2024-01-02T13_28_45_900+03_00.txt:2: bbox clipped to image boundary from (0.183143, 0.080694, 0.147068, 0.161389)"
d1,1,"D:\lct\datasets\.build_cache\d1\train\labels\camera_29.403_2024-01-02T13_28_45_900+03_00.txt:3: bbox clipped to image boundary from (0.33125, 0.050231, 0.130208, 0.100463)"
d1,1,"D:\lct\datasets\.build_cache\d1\train\labels\camera_29.403_2024-01-02T13_32_40_722+03_00.txt:1: bbox clipped to image boundary from (0.33125, 0.050231, 0.130208, 0.100463)"
d1,1,"D:\lct\datasets\.build_cache\d1\train\labels\camera_29.403_2024-01-02T13_32_40_722+03_00.txt:2: bbox clipped to image boundary from (0.183143, 0.080694, 0.147068, 0.161389)"
d1,1,"D:\lct\datasets\.build_cache\d1\train\labels\camera_29.403_2024-01-02T13_34_11_381+03_00.txt:1: bbox clipped to image boundary from (0.183143, 0.080694, 0.147068, 0.161389)"
d1,1,"D:\lct\datasets\.build_cache\d1\train\labels\camera_29.403_2024-01-02T13_34_11_381+03_00.txt:3: bbox clipped to image boundary from (0.33125, 0.050231, 0.130208, 0.100463)"
d1,1,"D:\lct\datasets\.build_cache\d1\train\labels\camera_29.403_2024-01-02T13_34_18_662+03_00.txt:1: bbox clipped to image boundary from (0.183143, 0.080694, 0.147068, 0.161389)"
d1,1,"D:\lct\datasets\.build_cache\d1\train\labels\camera_29.403_2024-01-02T13_34_18_662+03_00.txt:3: bbox clipped to image boundary from (0.33125, 0.050231, 0.130208, 0.100463)"
d1,1,"D:\lct\datasets\.build_cache\d1\train\labels\camera_29.403_2024-01-02T13_34_27_840+03_00.txt:1: bbox clipped to image boundary from (0.33125, 0.050231, 0.130208, 0.100463)"
d1,1,"D:\lct\datasets\.build_cache\d1\train\labels\camera_29.403_2024-01-02T13_34_27_840+03_00.txt:3: bbox clipped to image boundary from (0.183143, 0.080694, 0.147068, 0.161389)"
d1,1,"D:\lct\datasets\.build_cache\d1\train\labels\camera_29.403_2024-01-02T13_34_35_960+03_00.txt:2: bbox clipped to image boundary from (0.183143, 0.080694, 0.147068, 0.161389)"
d1,1,"D:\lct\datasets\.build_cache\d1\train\labels\camera_29.403_2024-01-02T13_34_35_960+03_00.txt:3: bbox clipped to image boundary from (0.33125, 0.050231, 0.130208, 0.100463)"
d1,1,"D:\lct\datasets\.build_cache\d1\train\labels\camera_29.403_2024-01-02T13_35_50_186+03_00.txt:1: bbox clipped to image boundary from (0.183143, 0.080694, 0.147068, 0.161389)"
d1,1,"D:\lct\datasets\.build_cache\d1\train\labels\camera_29.403_2024-01-02T13_35_50_186+03_00.txt:2: bbox clipped to image boundary from (0.33125, 0.050231, 0.130208, 0.100463)"
d1,1,"D:\lct\datasets\.build_cache\d1\train\labels\camera_29.403_2024-01-02T13_36_41_292+03_00.txt:2: bbox clipped to image boundary from (0.33125, 0.050231, 0.130208, 0.100463)"
d1,1,"D:\lct\datasets\.build_cache\d1\train\labels\camera_29.403_2024-01-02T13_36_41_292+03_00.txt:3: bbox clipped to image boundary from (0.183143, 0.080694, 0.147068, 0.161389)"
d1,1,"D:\lct\datasets\.build_cache\d1\train\labels\camera_29.403_2024-01-02T13_37_32_131+03_00.txt:1: bbox clipped to image boundary from (0.183143, 0.080694, 0.147068, 0.161389)"
d1,1,"D:\lct\datasets\.build_cache\d1\train\labels\camera_29.403_2024-01-02T13_37_32_131+03_00.txt:3: bbox clipped to image boundary from (0.33125, 0.050231, 0.130208, 0.100463)"
d1,1,"D:\lct\datasets\.build_cache\d1\train\labels\camera_29.403_2024-01-02T13_37_52_236+03_00.txt:1: bbox clipped to image boundary from (0.183143, 0.080694, 0.147068, 0.161389)"
d1,1,"D:\lct\datasets\.build_cache\d1\train\labels\camera_29.403_2024-01-02T13_37_52_236+03_00.txt:3: bbox clipped to image boundary from (0.33125, 0.050231, 0.130208, 0.100463)"
d1,1,"D:\lct\datasets\.build_cache\d1\train\labels\camera_29.403_2024-01-02T13_38_00_657+03_00.txt:1: bbox clipped to image boundary from (0.33125, 0.050231, 0.130208, 0.100463)"
d1,1,"D:\lct\datasets\.build_cache\d1\train\labels\camera_29.403_2024-01-02T13_38_12_569+03_00.txt:1: bbox clipped to image boundary from (0.33125, 0.050231, 0.130208, 0.100463)"
d1,1,"D:\lct\datasets\.build_cache\d1\train\labels\camera_29.403_2024-01-02T13_38_17_542+03_00.txt:3: bbox clipped to image boundary from (0.33125, 0.050231, 0.130208, 0.100463)"
d1,1,"D:\lct\datasets\.build_cache\d1\train\labels\camera_29.403_2024-01-02T13_38_25_342+03_00.txt:1: bbox clipped to image boundary from (0.33125, 0.050231, 0.130208, 0.100463)"
d1,1,"D:\lct\datasets\.build_cache\d1\train\labels\camera_29.403_2024-01-02T13_38_51_549+03_00.txt:1: bbox clipped to image boundary from (0.33125, 0.050231, 0.130208, 0.100463)"
d1,1,"D:\lct\datasets\.build_cache\d1\train\labels\camera_29.403_2024-01-02T13_39_04_203+03_00.txt:3: bbox clipped to image boundary from (0.33125, 0.050231, 0.130208, 0.100463)"
d1,1,"D:\lct\datasets\.build_cache\d1\train\labels\camera_29.403_2024-01-02T13_40_33_646+03_00.txt:1: bbox clipped to image boundary from (0.33125, 0.050231, 0.130208, 0.100463)"
d1,1,"D:\lct\datasets\.build_cache\d1\train\labels\camera_29.403_2024-01-02T13_40_52_372+03_00.txt:3: bbox clipped to image boundary from (0.33125, 0.050231, 0.130208, 0.100463)"
d1,1,"D:\lct\datasets\.build_cache\d1\train\labels\camera_29.403_2024-01-02T13_43_10_400+03_00.txt:2: bbox clipped to image boundary from (0.33125, 0.050231, 0.130208, 0.100463)"
d1,1,"D:\lct\datasets\.build_cache\d1\train\labels\camera_29.403_2024-01-02T13_43_52_833+03_00.txt:2: bbox clipped to image boundary from (0.33125, 0.050231, 0.130208, 0.100463)"
d1,1,"D:\lct\datasets\.build_cache\d1\train\labels\camera_29.403_2024-01-02T13_46_01_275+03_00.txt:3: bbox clipped to image boundary from (0.33125, 0.050231, 0.130208, 0.100463)"
d1,1,"D:\lct\datasets\.build_cache\d1\train\labels\camera_29.403_2024-01-02T13_57_57_220+03_00.txt:2: bbox clipped to image boundary from (0.33125, 0.050231, 0.130208, 0.100463)"
d1,1,"D:\lct\datasets\.build_cache\d1\train\labels\camera_29.403_2024-01-02T13_58_50_191+03_00.txt:3: bbox clipped to image boundary from (0.33125, 0.050231, 0.130208, 0.100463)"
d1,1,"D:\lct\datasets\.build_cache\d1\train\labels\camera_29.403_2024-01-02T14_04_01_033+03_00.txt:1: bbox clipped to image boundary from (0.33125, 0.050231, 0.130208, 0.100463)"
d1,1,"D:\lct\datasets\.build_cache\d1\train\labels\camera_29.403_2024-01-02T14_04_43_833+03_00.txt:2: bbox clipped to image boundary from (0.33125, 0.050231, 0.130208, 0.100463)"
d1,1,"D:\lct\datasets\.build_cache\d1\train\labels\camera_29.403_2024-01-02T14_16_10_583+03_00.txt:2: bbox clipped to image boundary from (0.33125, 0.050231, 0.130208, 0.100463)"
d1,1,"D:\lct\datasets\.build_cache\d1\train\labels\camera_29.403_2024-01-05T13_02_35_803+03_00.txt:4: bbox clipped to image boundary from (0.559896, 0.034259, 0.102083, 0.068519)"
d1,1,"D:\lct\datasets\.build_cache\d1\train\labels\camera_29.403_2024-01-05T14_06_10_614+03_00.txt:1: bbox clipped to image boundary from (0.554167, 0.033333, 0.102083, 0.066667)"
d1,1,"D:\lct\datasets\.build_cache\d1\train\labels\camera_29.403_2024-01-05T14_06_11_377+03_00.txt:1: bbox clipped to image boundary from (0.531771, 0.032407, 0.097917, 0.064815)"
d1,1,"D:\lct\datasets\.build_cache\d1\train\labels\camera_29.403_2024-01-05T14_06_15_802+03_00.txt:2: bbox clipped to image boundary from (0.499219, 0.232407, 0.470313, 0.464815)"
d1,1,"D:\lct\datasets\.build_cache\d1\train\labels\camera_29.403_2024-01-05T14_08_14_811+03_00.txt:2: bbox clipped to image boundary from (0.623958, 0.044907, 0.111458, 0.089815)"
d1,1,"D:\lct\datasets\.build_cache\d1\train\labels\camera_29.403_2024-01-05T14_22_18_575+03_00.txt:3: bbox clipped to image boundary from (0.558073, 0.034259, 0.107813, 0.068519)"
d1,1,"D:\lct\datasets\.build_cache\d1\train\labels\camera_29.403_2024-01-05T14_22_34_153+03_00.txt:1: bbox clipped to image boundary from (0.320573, 0.051759, 0.111979, 0.103519)"
d1,1,"D:\lct\datasets\.build_cache\d1\train\labels\camera_29.403_2024-01-05T14_28_23_718+03_00.txt:2: bbox clipped to image boundary from (0.428385, 0.044444, 0.099479, 0.088889)"
d1,1,"D:\lct\datasets\.build_cache\d1\train\labels\camera_29.403_2024-01-05T14_28_35_688+03_00.txt:3: bbox clipped to image boundary from (0.428385, 0.044444, 0.099479, 0.088889)"
d1,1,"D:\lct\datasets\.build_cache\d1\train\labels\camera_29.403_2024-01-05T14_28_36_283+03_00.txt:4: bbox clipped to image boundary from (0.428385, 0.044444, 0.099479, 0.088889)"
d1,1,"D:\lct\datasets\.build_cache\d1\train\labels\camera_29.403_2024-01-05T14_28_38_067+03_00.txt:1: bbox clipped to image boundary from (0.63099, 0.184259, 0.321354, 0.368519)"
d1,1,"D:\lct\datasets\.build_cache\d1\train\labels\camera_29.403_2024-01-05T14_28_38_067+03_00.txt:3: bbox clipped to image boundary from (0.428385, 0.044444, 0.099479, 0.088889)"
d1,1,"D:\lct\datasets\.build_cache\d1\train\labels\camera_29.403_2024-01-05T14_28_39_352+03_00.txt:4: bbox clipped to image boundary from (0.428385, 0.044444, 0.099479, 0.088889)"
d1,1,"D:\lct\datasets\.build_cache\d1\train\labels\camera_29.403_2024-01-05T14_51_09_386+03_00.txt:2: bbox clipped to image boundary from (0.690885, 0.17037, 0.274479, 0.340741)"
d1,1,"D:\lct\datasets\.build_cache\d1\train\labels\camera_29.403_2024-01-05T15_01_27_982+03_00.txt:2: bbox clipped to image boundary from (0.541927, 0.033333, 0.099479, 0.066667)"
d1,1,"D:\lct\datasets\.build_cache\d1\train\labels\camera_29.403_2024-01-05T15_17_48_583+03_00.txt:1: bbox clipped to image boundary from (0.338021, 0.044907, 0.080208, 0.089815)"
d1,1,"D:\lct\datasets\.build_cache\d1\train\labels\camera_29.403_2024-01-05T15_17_49_116+03_00.txt:1: bbox clipped to image boundary from (0.323698, 0.046296, 0.105729, 0.092593)"
d1,1,"D:\lct\datasets\.build_cache\d1\train\labels\camera_29.403_2024-01-05T15_17_49_116+03_00.txt:2: bbox clipped to image boundary from (0.426823, 0.044444, 0.101562, 0.088889)"
d1,1,"D:\lct\datasets\.build_cache\d1\train\labels\camera_29.403_2024-01-05T15_27_25_120+03_00.txt:2: bbox clipped to image boundary from (0.558333, 0.03287, 0.1, 0.065741)"
d1,1,"D:\lct\datasets\.build_cache\d1\train\labels\camera_29.403_2024-01-05T15_27_49_317+03_00.txt:1: bbox clipped to image boundary from (0.323437, 0.352778, 0.646875, 0.705556)"
d1,1,"D:\lct\datasets\.build_cache\d1\train\labels\camera_29.403_2024-01-05T15_32_27_875+03_00.txt:4: bbox clipped to image boundary from (0.610156, 0.17037, 0.329688, 0.340741)"
d1,1,"D:\lct\datasets\.build_cache\d1\train\labels\camera_29.403_2024-01-05T16_02_06_277+03_00.txt:2: bbox clipped to image boundary from (0.222917, 0.394907, 0.445833, 0.789815)"
d1,1,"D:\lct\datasets\.build_cache\d1\train\labels\camera_29.403_2024-01-05T16_08_19_122+03_00.txt:2: bbox clipped to image boundary from (0.427344, 0.043981, 0.101562, 0.087963)"
d1,1,"D:\lct\datasets\.build_cache\d1\train\labels\camera_29.403_2024-01-05T16_20_33_815+03_00.txt:1: bbox clipped to image boundary from (0.222083, 0.360602, 0.444167, 0.721204)"
d1,1,"D:\lct\datasets\.build_cache\d1\train\labels\camera_29.403_2024-01-05T16_26_26_506+03_00.txt:1: bbox clipped to image boundary from (0.239063, 0.394907, 0.478125, 0.789815)"
d1,1,"D:\lct\datasets\.build_cache\d1\train\labels\camera_29.403_2024-01-05T16_26_34_069+03_00.txt:1: bbox clipped to image boundary from (0.426302, 0.044907, 0.101562, 0.089815)"
d1,1,"D:\lct\datasets\.build_cache\d1\train\labels\camera_29.403_2024-01-05T16_26_34_069+03_00.txt:3: bbox clipped to image boundary from (0.652865, 0.158333, 0.315104, 0.316667)"
d1,1,"D:\lct\datasets\.build_cache\d1\train\labels\camera_29.403_2024-01-05T16_26_39_796+03_00.txt:4: bbox clipped to image boundary from (0.426302, 0.044907, 0.101562, 0.089815)"
d1,1,"D:\lct\datasets\.build_cache\d1\train\labels\camera_29.403_2024-01-05T16_31_23_593+03_00.txt:1: bbox clipped to image boundary from (0.426302, 0.044907, 0.101562, 0.089815)"
d1,1,"D:\lct\datasets\.build_cache\d1\train\labels\camera_29.403_2024-01-05T16_31_29_798+03_00.txt:1: bbox clipped to image boundary from (0.426302, 0.044907, 0.101562, 0.089815)"
d1,1,"D:\lct\datasets\.build_cache\d1\train\labels\camera_29.403_2024-01-05T16_31_52_371+03_00.txt:3: bbox clipped to image boundary from (0.532292, 0.031944, 0.098958, 0.063889)"
d1,1,"D:\lct\datasets\.build_cache\d1\train\labels\camera_29.403_2024-01-05T16_32_20_580+03_00.txt:1: bbox clipped to image boundary from (0.304583, 0.409583, 0.609167, 0.819167)"
d1,1,"D:\lct\datasets\.build_cache\d1\train\labels\camera_29.403_2024-01-05T16_32_21_117+03_00.txt:1: bbox clipped to image boundary from (0.276562, 0.362963, 0.553125, 0.725926)"
d1,1,"D:\lct\datasets\.build_cache\d1\train\labels\camera_29.403_2024-01-05T16_38_44_548+03_00.txt:2: bbox clipped to image boundary from (0.423958, 0.044907, 0.094792, 0.089815)"
d1,1,"D:\lct\datasets\.build_cache\d1\train\labels\camera_29.403_2024-01-05T16_39_20_131+03_00.txt:4: bbox clipped to image boundary from (0.425, 0.045833, 0.102083, 0.091667)"
d1,1,"D:\lct\datasets\.build_cache\d1\train\labels\camera_29.403_2024-01-05T16_39_31_763+03_00.txt:4: bbox clipped to image boundary from (0.425781, 0.043981, 0.100521, 0.087963)"
d1,1,"D:\lct\datasets\.build_cache\d1\train\labels\camera_29.403_2024-01-05T16_39_35_138+03_00.txt:2: bbox clipped to image boundary from (0.6, 0.19537, 0.36875, 0.390741)"
d1,1,"D:\lct\datasets\.build_cache\d1\train\labels\camera_29.403_2024-01-05T16_39_35_138+03_00.txt:4: bbox clipped to image boundary from (0.423438, 0.043981, 0.092708, 0.087963)"
d1,1,"D:\lct\datasets\.build_cache\d1\train\labels\camera_29.403_2024-01-05T16_39_50_552+03_00.txt:1: bbox clipped to image boundary from (0.270833, 0.352315, 0.541667, 0.70463)"
d1,1,"D:\lct\datasets\.build_cache\d1\train\labels\camera_29.403_2024-01-05T16_50_00_807+03_00.txt:1: bbox clipped to image boundary from (0.476823, 0.218981, 0.446354, 0.437963)"
d1,1,"D:\lct\datasets\.build_cache\d1\train\labels\camera_29.403_2024-01-05T16_50_14_572+03_00.txt:2: bbox clipped to image boundary from (0.321615, 0.046759, 0.113021, 0.093519)"
d1,1,"D:\lct\datasets\.build_cache\d1\train\labels\camera_29.403_2024-01-05T16_50_32_930+03_00.txt:3: bbox clipped to image boundary from (0.321615, 0.046759, 0.113021, 0.093519)"
d1,1,"D:\lct\datasets\.build_cache\d1\train\labels\camera_29.403_2024-01-05T16_50_35_898+03_00.txt:1: bbox clipped to image boundary from (0.321615, 0.046759, 0.113021, 0.093519)"
d1,1,"D:\lct\datasets\.build_cache\d1\train\labels\camera_29.403_2024-01-05T16_50_37_464+03_00.txt:2: bbox clipped to image boundary from (0.321615, 0.046759, 0.113021, 0.093519)"
d1,1,"D:\lct\datasets\.build_cache\d1\train\labels\camera_29.403_2024-01-05T16_50_41_556+03_00.txt:1: bbox clipped to image boundary from (0.321615, 0.046759, 0.113021, 0.093519)"
d1,1,"D:\lct\datasets\.build_cache\d1\train\labels\camera_29.403_2024-01-05T16_50_47_000+03_00.txt:3: bbox clipped to image boundary from (0.551823, 0.209259, 0.426563, 0.418519)"
d1,1,"D:\lct\datasets\.build_cache\d1\train\labels\camera_29.403_2024-01-05T16_50_49_188+03_00.txt:1: bbox clipped to image boundary from (0.377083, 0.295833, 0.625, 0.591667)"
d1,1,"D:\lct\datasets\.build_cache\d1\train\labels\camera_29.403_2024-01-05T16_54_32_116+03_00.txt:2: bbox clipped to image boundary from (0.635938, 0.195833, 0.360417, 0.391667)"
d1,1,"D:\lct\datasets\.build_cache\d1\train\labels\camera_29.403_2024-01-05T17_05_23_246+03_00.txt:4: bbox clipped to image boundary from (0.681771, 0.181944, 0.313542, 0.363889)"
d1,1,"D:\lct\datasets\.build_cache\d1\train\labels\camera_29.403_2024-01-05T17_07_18_313+03_00.txt:1: bbox clipped to image boundary from (0.399323, 0.296296, 0.587188, 0.592593)"
d1,1,"D:\lct\datasets\.build_cache\d1\train\labels\camera_29.403_2024-01-05T17_18_10_956+03_00.txt:1: bbox clipped to image boundary from (0.252083, 0.366667, 0.504167, 0.733333)"
d1,1,"D:\lct\datasets\.build_cache\d1\train\labels\camera_29.403_2024-01-05T17_26_21_930+03_00.txt:1: bbox clipped to image boundary from (0.427604, 0.044444, 0.103125, 0.088889)"
d1,1,"D:\lct\datasets\.build_cache\d1\train\labels\camera_29.403_2024-01-05T18_07_19_733+03_00.txt:1: bbox clipped to image boundary from (0.715625, 0.158796, 0.296875, 0.317593)"
d1,1,"D:\lct\datasets\.build_cache\d1\train\labels\camera_29.403_2024-01-05T18_11_58_822+03_00.txt:2: bbox clipped to image boundary from (0.692187, 0.158333, 0.266667, 0.316667)"
d1,1,"D:\lct\datasets\.build_cache\d1\train\labels\camera_29.403_2024-01-05T18_12_22_351+03_00.txt:2: bbox clipped to image boundary from (0.426823, 0.04537, 0.100521, 0.090741)"
d1,1,"D:\lct\datasets\.build_cache\d1\train\labels\camera_29.403_2024-01-05T18_21_51_440+03_00.txt:1: bbox clipped to image boundary from (0.426823, 0.04537, 0.100521, 0.090741)"
d1,1,"D:\lct\datasets\.build_cache\d1\train\labels\camera_29.403_2024-01-05T18_21_54_945+03_00.txt:3: bbox clipped to image boundary from (0.426823, 0.04537, 0.100521, 0.090741)"
d1,1,"D:\lct\datasets\.build_cache\d1\train\labels\camera_29.403_2024-01-05T18_21_55_946+03_00.txt:4: bbox clipped to image boundary from (0.426823, 0.04537, 0.100521, 0.090741)"
d1,1,"D:\lct\datasets\.build_cache\d1\train\labels\camera_29.403_2024-01-05T18_48_48_694+03_00.txt:1: bbox clipped to image boundary from (0.521094, 0.22037, 0.463021, 0.440741)"
d1,1,"D:\lct\datasets\.build_cache\d1\train\labels\camera_29.403_2024-01-05T19_08_03_980+03_00.txt:2: bbox clipped to image boundary from (0.426823, 0.044907, 0.102604, 0.089815)"
d1,1,"D:\lct\datasets\.build_cache\d1\train\labels\camera_29.403_2024-01-05T19_08_09_988+03_00.txt:1: bbox clipped to image boundary from (0.208594, 0.371296, 0.417187, 0.742593)"
d1,1,"D:\lct\datasets\.build_cache\d1\train\labels\camera_29.403_2024-01-05T19_15_23_171+03_00.txt:3: bbox clipped to image boundary from (0.426823, 0.04537, 0.102604, 0.090741)"
d1,1,"D:\lct\datasets\.build_cache\d1\train\labels\camera_29.403_2024-01-05T19_22_39_103+03_00.txt:1: bbox clipped to image boundary from (0.323177, 0.046759, 0.114062, 0.093519)"
d1,1,"D:\lct\datasets\.build_cache\d1\train\labels\camera_29.403_2024-01-05T19_27_25_189+03_00.txt:2: bbox clipped to image boundary from (0.426302, 0.04537, 0.101562, 0.090741)"
d1,1,"D:\lct\datasets\.build_cache\d1\train\labels\camera_29.403_2024-01-05T19_27_26_191+03_00.txt:3: bbox clipped to image boundary from (0.427865, 0.043981, 0.103646, 0.087963)"
d1,1,"D:\lct\datasets\.build_cache\d1\train\labels\camera_29.403_2024-01-05T19_31_07_978+03_00.txt:1: bbox clipped to image boundary from (0.298958, 0.388426, 0.597917, 0.775)"
d1,1,"D:\lct\datasets\.build_cache\d1\train\labels\camera_29.403_2024-01-05T19_35_17_802+03_00.txt:2: bbox clipped to image boundary from (0.322396, 0.046759, 0.111458, 0.093519)"
d1,1,"D:\lct\datasets\.build_cache\d1\train\labels\camera_29.403_2024-01-05T19_35_17_802+03_00.txt:3: bbox clipped to image boundary from (0.427083, 0.04537, 0.101042, 0.090741)"
d1,1,"D:\lct\datasets\.build_cache\d1\train\labels\camera_29.403_2024-01-07T18_13_38_360+03_00.txt:2: bbox clipped to image boundary from (0.191927, 0.081481, 0.104688, 0.162963)"
d1,1,"D:\lct\datasets\.build_cache\d1\train\labels\camera_29.403_2024-01-07T18_23_36_254+03_00.txt:3: bbox clipped to image boundary from (0.191927, 0.081481, 0.104688, 0.162963)"
d1,1,"D:\lct\datasets\.build_cache\d1\train\labels\camera_29.403_2024-01-07T18_28_41_168+03_00.txt:1: bbox clipped to image boundary from (0.191927, 0.081481, 0.104688, 0.162963)"
d1,1,"D:\lct\datasets\.build_cache\d1\train\labels\camera_29.403_2024-01-07T18_30_40_475+03_00.txt:4: bbox clipped to image boundary from (0.191927, 0.081481, 0.104688, 0.162963)"
d1,1,"D:\lct\datasets\.build_cache\d1\train\labels\camera_29.403_2024-01-07T18_32_52_137+03_00.txt:4: bbox clipped to image boundary from (0.191927, 0.081481, 0.104688, 0.162963)"
d1,1,"D:\lct\datasets\.build_cache\d1\train\labels\camera_29.403_2024-01-07T18_38_20_538+03_00.txt:1: bbox clipped to image boundary from (0.191927, 0.081481, 0.104688, 0.162963)"
d1,1,"D:\lct\datasets\.build_cache\d1\train\labels\camera_29.403_2024-01-07T18_43_24_315+03_00.txt:4: bbox clipped to image boundary from (0.191927, 0.081481, 0.104688, 0.162963)"
d1,1,"D:\lct\datasets\.build_cache\d1\train\labels\camera_29.403_2024-01-07T18_53_06_477+03_00.txt:2: bbox clipped to image boundary from (0.191927, 0.081481, 0.104688, 0.162963)"
d1,1,"D:\lct\datasets\.build_cache\d1\train\labels\camera_29.403_2024-01-07T18_57_56_672+03_00.txt:3: bbox clipped to image boundary from (0.191927, 0.081481, 0.104688, 0.162963)"
d1,1,"D:\lct\datasets\.build_cache\d1\train\labels\camera_29.403_2024-01-07T19_01_10_765+03_00.txt:1: bbox clipped to image boundary from (0.191927, 0.081481, 0.104688, 0.162963)"
d1,1,"D:\lct\datasets\.build_cache\d1\train\labels\camera_29.403_2024-01-07T19_01_11_451+03_00.txt:4: bbox clipped to image boundary from (0.191927, 0.081481, 0.104688, 0.162963)"
d1,1,"D:\lct\datasets\.build_cache\d1\train\labels\camera_29.403_2024-01-07T19_01_12_133+03_00.txt:2: bbox clipped to image boundary from (0.191927, 0.081481, 0.104688, 0.162963)"
d1,1,"D:\lct\datasets\.build_cache\d1\train\labels\camera_29.403_2024-01-07T19_01_13_486+03_00.txt:4: bbox clipped to image boundary from (0.191927, 0.081481, 0.104688, 0.162963)"
d1,1,"D:\lct\datasets\.build_cache\d1\train\labels\camera_29.403_2024-01-07T19_01_14_193+03_00.txt:1: bbox clipped to image boundary from (0.191927, 0.081481, 0.104688, 0.162963)"
d1,1,"D:\lct\datasets\.build_cache\d1\train\labels\camera_29.403_2024-01-07T19_01_15_077+03_00.txt:4: bbox clipped to image boundary from (0.191927, 0.081481, 0.104688, 0.162963)"
d1,1,"D:\lct\datasets\.build_cache\d1\train\labels\camera_29.403_2024-01-07T19_04_04_933+03_00.txt:4: bbox clipped to image boundary from (0.191927, 0.081481, 0.104688, 0.162963)"
d1,1,"D:\lct\datasets\.build_cache\d1\train\labels\camera_29.403_2024-01-07T19_04_05_723+03_00.txt:1: bbox clipped to image boundary from (0.191927, 0.081481, 0.104688, 0.162963)"
d1,1,"D:\lct\datasets\.build_cache\d1\train\labels\camera_29.403_2024-01-07T19_04_07_991+03_00.txt:1: bbox clipped to image boundary from (0.191927, 0.081481, 0.104688, 0.162963)"
d1,1,"D:\lct\datasets\.build_cache\d1\train\labels\camera_29.403_2024-01-07T19_04_09_371+03_00.txt:3: bbox clipped to image boundary from (0.191927, 0.081481, 0.104688, 0.162963)"
d1,1,"D:\lct\datasets\.build_cache\d1\train\labels\camera_29.403_2024-01-07T19_04_10_091+03_00.txt:4: bbox clipped to image boundary from (0.191927, 0.081481, 0.104688, 0.162963)"
d1,1,"D:\lct\datasets\.build_cache\d1\train\labels\camera_29.403_2024-01-07T19_04_10_897+03_00.txt:4: bbox clipped to image boundary from (0.191927, 0.081481, 0.104688, 0.162963)"
d1,1,"D:\lct\datasets\.build_cache\d1\train\labels\camera_29.403_2024-01-07T19_04_11_716+03_00.txt:4: bbox clipped to image boundary from (0.191927, 0.081481, 0.104688, 0.162963)"
d1,1,"D:\lct\datasets\.build_cache\d1\train\labels\camera_29.403_2024-01-07T19_07_57_728+03_00.txt:2: bbox clipped to image boundary from (0.191927, 0.081481, 0.104688, 0.162963)"
d1,1,"D:\lct\datasets\.build_cache\d1\train\labels\camera_29.403_2024-01-07T19_22_56_707+03_00.txt:2: bbox clipped to image boundary from (0.191927, 0.081481, 0.104688, 0.162963)"
d1,1,"D:\lct\datasets\.build_cache\d1\train\labels\camera_29.403_2024-01-07T19_47_25_754+03_00.txt:2: bbox clipped to image boundary from (0.191927, 0.081481, 0.104688, 0.162963)"
d1,1,"D:\lct\datasets\.build_cache\d1\train\labels\camera_29.403_2024-01-07T19_47_43_226+03_00.txt:1: bbox clipped to image boundary from (0.191927, 0.081481, 0.104688, 0.162963)"
d1,1,"D:\lct\datasets\.build_cache\d1\train\labels\camera_29.403_2024-01-07T20_01_10_830+03_00.txt:3: bbox clipped to image boundary from (0.191927, 0.081481, 0.104688, 0.162963)"
d1,1,"D:\lct\datasets\.build_cache\d1\train\labels\camera_29.403_2024-01-07T20_01_11_591+03_00.txt:1: bbox clipped to image boundary from (0.191927, 0.081481, 0.104688, 0.162963)"
d1,1,"D:\lct\datasets\.build_cache\d1\train\labels\camera_29.403_2024-01-07T20_02_58_545+03_00.txt:4: bbox clipped to image boundary from (0.191927, 0.081481, 0.104688, 0.162963)"
d1,1,"D:\lct\datasets\.build_cache\d1\train\labels\camera_29.403_2024-01-07T20_03_21_969+03_00.txt:3: bbox clipped to image boundary from (0.191927, 0.081481, 0.104688, 0.162963)"
d1,1,"D:\lct\datasets\.build_cache\d1\train\labels\camera_29.403_2024-01-07T20_05_13_214+03_00.txt:2: bbox clipped to image boundary from (0.191927, 0.081481, 0.104688, 0.162963)"
d1,1,"D:\lct\datasets\.build_cache\d1\train\labels\camera_29.403_2024-01-07T20_05_13_943+03_00.txt:2: bbox clipped to image boundary from (0.191927, 0.081481, 0.104688, 0.162963)"
d1,1,"D:\lct\datasets\.build_cache\d1\train\labels\camera_29.403_2024-01-07T20_05_41_836+03_00.txt:2: bbox clipped to image boundary from (0.191927, 0.081481, 0.104688, 0.162963)"
d1,1,"D:\lct\datasets\.build_cache\d1\train\labels\camera_29.403_2024-01-07T20_05_54_746+03_00.txt:1: bbox clipped to image boundary from (0.191927, 0.081481, 0.104688, 0.162963)"
d1,1,"D:\lct\datasets\.build_cache\d1\train\labels\camera_29.403_2024-01-07T20_06_19_165+03_00.txt:3: bbox clipped to image boundary from (0.191927, 0.081481, 0.104688, 0.162963)"
d1,1,"D:\lct\datasets\.build_cache\d1\train\labels\camera_29.403_2024-01-07T20_06_20_316+03_00.txt:4: bbox clipped to image boundary from (0.191927, 0.081481, 0.104688, 0.162963)"
d1,1,"D:\lct\datasets\.build_cache\d1\train\labels\camera_29.403_2024-01-07T20_06_32_564+03_00.txt:1: bbox clipped to image boundary from (0.191927, 0.081481, 0.104688, 0.162963)"
d1,1,"D:\lct\datasets\.build_cache\d1\train\labels\camera_29.403_2024-01-07T20_07_30_002+03_00.txt:1: bbox clipped to image boundary from (0.191927, 0.081481, 0.104688, 0.162963)"
d1,1,"D:\lct\datasets\.build_cache\d1\train\labels\camera_29.403_2024-01-07T20_08_38_653+03_00.txt:2: bbox clipped to image boundary from (0.191927, 0.081481, 0.104688, 0.162963)"
d1,1,"D:\lct\datasets\.build_cache\d1\train\labels\camera_29.403_2024-01-07T20_10_14_326+03_00.txt:4: bbox clipped to image boundary from (0.191927, 0.081481, 0.104688, 0.162963)"
d1,1,"D:\lct\datasets\.build_cache\d1\train\labels\camera_29.403_2024-01-07T20_13_15_650+03_00.txt:2: bbox clipped to image boundary from (0.191927, 0.081481, 0.104688, 0.162963)"
d1,1,"D:\lct\datasets\.build_cache\d1\train\labels\camera_29.403_2024-01-07T20_13_16_814+03_00.txt:2: bbox clipped to image boundary from (0.191927, 0.081481, 0.104688, 0.162963)"
d1,1,"D:\lct\datasets\.build_cache\d1\train\labels\camera_29.403_2024-01-07T20_14_06_025+03_00.txt:2: bbox clipped to image boundary from (0.191927, 0.081481, 0.104688, 0.162963)"
d1,1,"D:\lct\datasets\.build_cache\d1\train\labels\camera_29.403_2024-01-07T20_14_33_283+03_00.txt:4: bbox clipped to image boundary from (0.191927, 0.081481, 0.104688, 0.162963)"
d1,1,"D:\lct\datasets\.build_cache\d1\train\labels\camera_29.403_2024-01-07T20_20_21_766+03_00.txt:3: bbox clipped to image boundary from (0.191927, 0.081481, 0.104688, 0.162963)"
d1,1,"D:\lct\datasets\.build_cache\d1\train\labels\camera_29.403_2024-01-07T20_20_24_093+03_00.txt:2: bbox clipped to image boundary from (0.191927, 0.081481, 0.104688, 0.162963)"
d1,1,"D:\lct\datasets\.build_cache\d1\train\labels\camera_29.403_2024-01-07T20_20_24_686+03_00.txt:1: bbox clipped to image boundary from (0.191927, 0.081481, 0.104688, 0.162963)"
d1,1,"D:\lct\datasets\.build_cache\d1\train\labels\camera_29.403_2024-01-07T20_20_47_452+03_00.txt:2: bbox clipped to image boundary from (0.191927, 0.081481, 0.104688, 0.162963)"
d1,1,"D:\lct\datasets\.build_cache\d1\train\labels\camera_29.403_2024-01-07T20_21_55_318+03_00.txt:3: bbox clipped to image boundary from (0.191927, 0.081481, 0.104688, 0.162963)"
d1,1,"D:\lct\datasets\.build_cache\d1\train\labels\camera_29.403_2024-01-07T20_22_42_211+03_00.txt:2: bbox clipped to image boundary from (0.191927, 0.081481, 0.104688, 0.162963)"
d1,1,"D:\lct\datasets\.build_cache\d1\train\labels\camera_29.403_2024-01-07T20_22_42_981+03_00.txt:1: bbox clipped to image boundary from (0.191927, 0.081481, 0.104688, 0.162963)"
d1,1,"D:\lct\datasets\.build_cache\d1\train\labels\camera_29.403_2024-01-07T20_25_14_834+03_00.txt:3: bbox clipped to image boundary from (0.191927, 0.081481, 0.104688, 0.162963)"
d1,1,"D:\lct\datasets\.build_cache\d1\train\labels\camera_29.403_2024-01-07T20_25_15_601+03_00.txt:1: bbox clipped to image boundary from (0.191927, 0.081481, 0.104688, 0.162963)"
d1,1,"D:\lct\datasets\.build_cache\d1\train\labels\camera_29.403_2024-01-07T20_28_55_072+03_00.txt:4: bbox clipped to image boundary from (0.191927, 0.081481, 0.104688, 0.162963)"
d1,1,"D:\lct\datasets\.build_cache\d1\train\labels\camera_29.403_2024-01-07T20_30_36_170+03_00.txt:2: bbox clipped to image boundary from (0.191927, 0.081481, 0.104688, 0.162963)"
d1,1,"D:\lct\datasets\.build_cache\d1\train\labels\camera_29.403_2024-01-07T20_39_26_461+03_00.txt:2: bbox clipped to image boundary from (0.191927, 0.081481, 0.104688, 0.162963)"
d1,1,"D:\lct\datasets\.build_cache\d1\train\labels\camera_29.403_2024-01-07T20_42_13_919+03_00.txt:2: bbox clipped to image boundary from (0.191927, 0.081481, 0.104688, 0.162963)"
d1,1,"D:\lct\datasets\.build_cache\d1\train\labels\camera_29.403_2024-01-07T20_42_31_294+03_00.txt:2: bbox clipped to image boundary from (0.191927, 0.081481, 0.104688, 0.162963)"
d1,1,"D:\lct\datasets\.build_cache\d1\train\labels\camera_29.403_2024-01-07T20_44_32_296+03_00.txt:4: bbox clipped to image boundary from (0.191927, 0.081481, 0.104688, 0.162963)"
d1,1,"D:\lct\datasets\.build_cache\d1\train\labels\camera_29.403_2024-01-07T20_44_56_861+03_00.txt:1: bbox clipped to image boundary from (0.191927, 0.081481, 0.104688, 0.162963)"
d1,1,"D:\lct\datasets\.build_cache\d1\train\labels\camera_29.403_2024-01-07T20_46_31_283+03_00.txt:4: bbox clipped to image boundary from (0.191927, 0.081481, 0.104688, 0.162963)"
d1,1,"D:\lct\datasets\.build_cache\d1\train\labels\camera_29.403_2024-01-07T20_48_14_196+03_00.txt:2: bbox clipped to image boundary from (0.191927, 0.081481, 0.104688, 0.162963)"
d1,1,"D:\lct\datasets\.build_cache\d1\train\labels\camera_29.403_2024-01-07T20_48_19_694+03_00.txt:2: bbox clipped to image boundary from (0.191927, 0.081481, 0.104688, 0.162963)"
d1,1,"D:\lct\datasets\.build_cache\d1\train\labels\camera_29.403_2024-01-07T20_48_20_345+03_00.txt:1: bbox clipped to image boundary from (0.191927, 0.081481, 0.104688, 0.162963)"
d1,1,"D:\lct\datasets\.build_cache\d1\train\labels\camera_29.403_2024-01-07T20_48_28_088+03_00.txt:3: bbox clipped to image boundary from (0.191927, 0.081481, 0.104688, 0.162963)"
d1,1,"D:\lct\datasets\.build_cache\d1\train\labels\camera_29.403_2024-01-07T20_48_29_345+03_00.txt:4: bbox clipped to image boundary from (0.191927, 0.081481, 0.104688, 0.162963)"
d1,1,"D:\lct\datasets\.build_cache\d1\train\labels\camera_29.403_2024-01-07T20_48_33_916+03_00.txt:1: bbox clipped to image boundary from (0.191927, 0.081481, 0.104688, 0.162963)"
d1,1,"D:\lct\datasets\.build_cache\d1\train\labels\camera_29.403_2024-01-07T20_48_50_225+03_00.txt:3: bbox clipped to image boundary from (0.191927, 0.081481, 0.104688, 0.162963)"
d1,1,"D:\lct\datasets\.build_cache\d1\train\labels\camera_29.403_2024-01-07T20_49_13_263+03_00.txt:2: bbox clipped to image boundary from (0.191927, 0.081481, 0.104688, 0.162963)"
d1,1,"D:\lct\datasets\.build_cache\d1\train\labels\camera_29.403_2024-01-07T20_49_13_848+03_00.txt:2: bbox clipped to image boundary from (0.191927, 0.081481, 0.104688, 0.162963)"
d1,1,"D:\lct\datasets\.build_cache\d1\train\labels\camera_29.403_2024-01-07T20_49_14_404+03_00.txt:4: bbox clipped to image boundary from (0.191927, 0.081481, 0.104688, 0.162963)"
d1,1,"D:\lct\datasets\.build_cache\d1\train\labels\camera_29.403_2024-01-07T20_49_44_185+03_00.txt:1: bbox clipped to image boundary from (0.191927, 0.081481, 0.104688, 0.162963)"
d1,1,"D:\lct\datasets\.build_cache\d1\train\labels\camera_29.403_2024-01-07T20_50_37_142+03_00.txt:1: bbox clipped to image boundary from (0.191927, 0.081481, 0.104688, 0.162963)"
d1,1,"D:\lct\datasets\.build_cache\d1\train\labels\camera_29.403_2024-01-07T20_50_42_845+03_00.txt:4: bbox clipped to image boundary from (0.191927, 0.081481, 0.104688, 0.162963)"
d1,1,"D:\lct\datasets\.build_cache\d1\train\labels\camera_29.403_2024-01-07T20_50_45_507+03_00.txt:2: bbox clipped to image boundary from (0.191927, 0.081481, 0.104688, 0.162963)"
d1,1,"D:\lct\datasets\.build_cache\d1\train\labels\camera_29.403_2024-01-07T20_50_46_173+03_00.txt:2: bbox clipped to image boundary from (0.191927, 0.081481, 0.104688, 0.162963)"
d1,1,"D:\lct\datasets\.build_cache\d1\train\labels\camera_29.403_2024-01-07T20_53_11_687+03_00.txt:3: bbox clipped to image boundary from (0.191927, 0.081481, 0.104688, 0.162963)"
d1,1,"D:\lct\datasets\.build_cache\d1\train\labels\camera_29.403_2024-01-07T20_53_14_625+03_00.txt:4: bbox clipped to image boundary from (0.191927, 0.081481, 0.104688, 0.162963)"
d1,1,"D:\lct\datasets\.build_cache\d1\train\labels\camera_29.403_2024-01-07T20_53_15_183+03_00.txt:3: bbox clipped to image boundary from (0.191927, 0.081481, 0.104688, 0.162963)"
d1,1,"D:\lct\datasets\.build_cache\d1\train\labels\camera_29.403_2024-01-07T20_54_45_085+03_00.txt:4: bbox clipped to image boundary from (0.191927, 0.081481, 0.104688, 0.162963)"
d1,1,"D:\lct\datasets\.build_cache\d1\train\labels\camera_29.403_2024-01-07T20_56_23_475+03_00.txt:3: bbox clipped to image boundary from (0.191927, 0.081481, 0.104688, 0.162963)"
d1,1,"D:\lct\datasets\.build_cache\d1\train\labels\camera_29.403_2024-01-07T21_01_22_561+03_00.txt:4: bbox clipped to image boundary from (0.191927, 0.081481, 0.104688, 0.162963)"
d1,1,"D:\lct\datasets\.build_cache\d1\train\labels\camera_29.403_2024-01-07T21_01_23_200+03_00.txt:1: bbox clipped to image boundary from (0.191927, 0.081481, 0.104688, 0.162963)"
d1,1,"D:\lct\datasets\.build_cache\d1\train\labels\camera_29.403_2024-01-07T21_03_35_802+03_00.txt:4: bbox clipped to image boundary from (0.191927, 0.081481, 0.104688, 0.162963)"
d1,1,"D:\lct\datasets\.build_cache\d1\train\labels\camera_29.403_2024-01-07T21_11_20_501+03_00.txt:3: bbox clipped to image boundary from (0.191927, 0.081481, 0.104688, 0.162963)"
d1,1,"D:\lct\datasets\.build_cache\d1\train\labels\camera_29.403_2024-01-07T21_12_58_305+03_00.txt:3: bbox clipped to image boundary from (0.191927, 0.081481, 0.104688, 0.162963)"
d1,1,"D:\lct\datasets\.build_cache\d1\train\labels\camera_29.403_2024-01-07T21_12_59_005+03_00.txt:2: bbox clipped to image boundary from (0.191927, 0.081481, 0.104688, 0.162963)"
d1,1,"D:\lct\datasets\.build_cache\d1\train\labels\camera_29.403_2024-01-07T21_12_59_710+03_00.txt:4: bbox clipped to image boundary from (0.191927, 0.081481, 0.104688, 0.162963)"
d1,1,"D:\lct\datasets\.build_cache\d1\train\labels\camera_29.403_2024-01-07T21_19_16_385+03_00.txt:2: bbox clipped to image boundary from (0.191927, 0.081481, 0.104688, 0.162963)"
d1,1,"D:\lct\datasets\.build_cache\d1\train\labels\camera_29.403_2024-01-07T21_22_16_273+03_00.txt:4: bbox clipped to image boundary from (0.191927, 0.081481, 0.104688, 0.162963)"
d1,1,"D:\lct\datasets\.build_cache\d1\train\labels\camera_29.403_2024-01-07T21_32_54_466+03_00.txt:3: bbox clipped to image boundary from (0.191927, 0.081481, 0.104688, 0.162963)"
d1,1,"D:\lct\datasets\.build_cache\d1\train\labels\camera_29.403_2024-01-07T21_36_27_026+03_00.txt:3: bbox clipped to image boundary from (0.191927, 0.081481, 0.104688, 0.162963)"
d1,1,"D:\lct\datasets\.build_cache\d1\train\labels\camera_29.403_2024-01-07T21_38_00_647+03_00.txt:1: bbox clipped to image boundary from (0.191927, 0.081481, 0.104688, 0.162963)"
d1,1,"D:\lct\datasets\.build_cache\d1\train\labels\camera_29.403_2024-01-07T21_43_28_264+03_00.txt:1: bbox clipped to image boundary from (0.191927, 0.081481, 0.104688, 0.162963)"
d1,1,"D:\lct\datasets\.build_cache\d1\train\labels\camera_29.403_2024-01-07T21_58_28_499+03_00.txt:1: bbox clipped to image boundary from (0.191927, 0.081481, 0.104688, 0.162963)"
d1,1,"D:\lct\datasets\.build_cache\d1\train\labels\camera_29.403_2024-01-07T22_07_14_720+03_00.txt:4: bbox clipped to image boundary from (0.191927, 0.081481, 0.104688, 0.162963)"
d1,1,"D:\lct\datasets\.build_cache\d1\train\labels\camera_29.403_2024-01-07T22_08_08_614+03_00.txt:1: bbox clipped to image boundary from (0.191927, 0.081481, 0.104688, 0.162963)"
d1,1,"D:\lct\datasets\.build_cache\d1\train\labels\camera_29.403_2024-01-07T22_08_42_522+03_00.txt:3: bbox clipped to image boundary from (0.191927, 0.081481, 0.104688, 0.162963)"
d1,1,"D:\lct\datasets\.build_cache\d1\train\labels\camera_29.403_2024-01-07T22_13_22_108+03_00.txt:1: bbox clipped to image boundary from (0.191927, 0.081481, 0.104688, 0.162963)"
d1,1,"D:\lct\datasets\.build_cache\d1\train\labels\camera_29.403_2024-01-07T22_15_19_714+03_00.txt:3: bbox clipped to image boundary from (0.191927, 0.081481, 0.104688, 0.162963)"
d1,1,"D:\lct\datasets\.build_cache\d1\train\labels\camera_29.403_2024-01-07T22_16_12_152+03_00.txt:4: bbox clipped to image boundary from (0.191927, 0.081481, 0.104688, 0.162963)"
d1,1,"D:\lct\datasets\.build_cache\d1\train\labels\camera_29.403_2024-01-07T22_18_55_939+03_00.txt:3: bbox clipped to image boundary from (0.191927, 0.081481, 0.104688, 0.162963)"
d1,1,"D:\lct\datasets\.build_cache\d1\train\labels\camera_29.403_2024-01-07T22_19_10_906+03_00.txt:1: bbox clipped to image boundary from (0.191927, 0.081481, 0.104688, 0.162963)"
d1,1,"D:\lct\datasets\.build_cache\d1\train\labels\camera_29.403_2024-01-07T22_19_11_457+03_00.txt:4: bbox clipped to image boundary from (0.191927, 0.081481, 0.104688, 0.162963)"
d1,1,"D:\lct\datasets\.build_cache\d1\train\labels\camera_29.403_2024-01-07T22_19_41_007+03_00.txt:4: bbox clipped to image boundary from (0.191927, 0.081481, 0.104688, 0.162963)"
d1,1,"D:\lct\datasets\.build_cache\d1\train\labels\camera_29.403_2024-01-07T22_22_25_904+03_00.txt:4: bbox clipped to image boundary from (0.191927, 0.081481, 0.104688, 0.162963)"
d1,1,"D:\lct\datasets\.build_cache\d1\train\labels\camera_29.403_2024-01-07T22_25_35_265+03_00.txt:2: bbox clipped to image boundary from (0.191927, 0.081481, 0.104688, 0.162963)"
d1,1,"D:\lct\datasets\.build_cache\d1\train\labels\camera_29.602_2023-12-31T12_38_27_235+03_00.txt:3: bbox clipped to image boundary from (0.178385, 0.081481, 0.134896, 0.162963)"
d1,1,"D:\lct\datasets\.build_cache\d1\train\labels\camera_29.602_2023-12-31T12_39_53_352+03_00.txt:3: bbox clipped to image boundary from (0.178385, 0.081481, 0.134896, 0.162963)"
d1,1,"D:\lct\datasets\.build_cache\d1\train\labels\camera_29.602_2023-12-31T12_44_32_232+03_00.txt:2: bbox clipped to image boundary from (0.178385, 0.081481, 0.134896, 0.162963)"
d1,1,"D:\lct\datasets\.build_cache\d1\train\labels\camera_29.602_2023-12-31T12_46_31_394+03_00.txt:3: bbox clipped to image boundary from (0.178385, 0.081481, 0.134896, 0.162963)"
d1,1,"D:\lct\datasets\.build_cache\d1\train\labels\camera_29.602_2023-12-31T12_46_45_913+03_00.txt:2: bbox clipped to image boundary from (0.178385, 0.081481, 0.134896, 0.162963)"
d1,1,"D:\lct\datasets\.build_cache\d1\train\labels\camera_29.602_2023-12-31T12_48_24_044+03_00.txt:1: bbox clipped to image boundary from (0.178385, 0.081481, 0.134896, 0.162963)"
d1,1,"D:\lct\datasets\.build_cache\d1\train\labels\camera_29.602_2023-12-31T12_48_54_084+03_00.txt:1: bbox clipped to image boundary from (0.178385, 0.081481, 0.134896, 0.162963)"
d1,1,"D:\lct\datasets\.build_cache\d1\train\labels\camera_29.602_2023-12-31T12_49_48_683+03_00.txt:2: bbox clipped to image boundary from (0.178385, 0.081481, 0.134896, 0.162963)"
d1,1,"D:\lct\datasets\.build_cache\d1\train\labels\camera_29.602_2023-12-31T12_50_30_713+03_00.txt:3: bbox clipped to image boundary from (0.178385, 0.081481, 0.134896, 0.162963)"
d1,1,"D:\lct\datasets\.build_cache\d1\train\labels\camera_29.602_2023-12-31T12_50_34_718+03_00.txt:2: bbox clipped to image boundary from (0.178385, 0.081481, 0.134896, 0.162963)"
d1,1,"D:\lct\datasets\.build_cache\d1\train\labels\camera_29.602_2023-12-31T13_04_27_357+03_00.txt:1: bbox clipped to image boundary from (0.178385, 0.081481, 0.134896, 0.162963)"
d1,1,"D:\lct\datasets\.build_cache\d1\train\labels\camera_29.602_2023-12-31T13_11_39_953+03_00.txt:3: bbox clipped to image boundary from (0.178385, 0.081481, 0.134896, 0.162963)"
d1,1,"D:\lct\datasets\.build_cache\d1\train\labels\camera_29.602_2023-12-31T13_12_46_044+03_00.txt:1: bbox clipped to image boundary from (0.178385, 0.081481, 0.134896, 0.162963)"
d1,1,"D:\lct\datasets\.build_cache\d1\train\labels\camera_29.602_2023-12-31T13_17_04_397+03_00.txt:2: bbox clipped to image boundary from (0.178385, 0.081481, 0.134896, 0.162963)"
d1,1,"D:\lct\datasets\.build_cache\d1\train\labels\camera_29.602_2023-12-31T13_17_24_926+03_00.txt:1: bbox clipped to image boundary from (0.178385, 0.081481, 0.134896, 0.162963)"
d1,1,"D:\lct\datasets\.build_cache\d1\train\labels\camera_29.602_2023-12-31T13_18_56_554+03_00.txt:1: bbox clipped to image boundary from (0.178385, 0.081481, 0.134896, 0.162963)"
d1,1,"D:\lct\datasets\.build_cache\d1\train\labels\camera_29.602_2023-12-31T13_19_16_578+03_00.txt:3: bbox clipped to image boundary from (0.331771, 0.044444, 0.130208, 0.088889)"
d1,1,"D:\lct\datasets\.build_cache\d1\train\labels\camera_29.602_2023-12-31T13_19_29_095+03_00.txt:1: bbox clipped to image boundary from (0.329948, 0.044444, 0.131771, 0.088889)"
d1,1,"D:\lct\datasets\.build_cache\d1\train\labels\camera_29.602_2023-12-31T13_22_27_338+03_00.txt:3: bbox clipped to image boundary from (0.329948, 0.044444, 0.131771, 0.088889)"
d1,1,"D:\lct\datasets\.build_cache\d1\train\labels\camera_29.602_2023-12-31T13_44_57_228+03_00.txt:3: bbox clipped to image boundary from (0.329948, 0.044444, 0.131771, 0.088889)"
d1,1,"D:\lct\datasets\.build_cache\d1\train\labels\camera_29.602_2023-12-31T13_46_15_336+03_00.txt:2: bbox clipped to image boundary from (0.329948, 0.044444, 0.131771, 0.088889)"
d1,1,"D:\lct\datasets\.build_cache\d1\train\labels\camera_29.602_2023-12-31T13_47_19_425+03_00.txt:3: bbox clipped to image boundary from (0.329948, 0.044444, 0.131771, 0.088889)"
d1,1,"D:\lct\datasets\.build_cache\d1\train\labels\camera_29.602_2023-12-31T13_51_19_752+03_00.txt:2: bbox clipped to image boundary from (0.329948, 0.044444, 0.131771, 0.088889)"
d1,1,"D:\lct\datasets\.build_cache\d1\train\labels\camera_29.602_2023-12-31T13_53_44_948+03_00.txt:3: bbox clipped to image boundary from (0.329948, 0.044444, 0.131771, 0.088889)"
d1,1,"D:\lct\datasets\.build_cache\d1\train\labels\camera_29.602_2023-12-31T13_54_11_483+03_00.txt:3: bbox clipped to image boundary from (0.329948, 0.044444, 0.131771, 0.088889)"
d1,1,"D:\lct\datasets\.build_cache\d1\train\labels\camera_29.602_2023-12-31T13_54_28_004+03_00.txt:1: bbox clipped to image boundary from (0.329948, 0.044444, 0.131771, 0.088889)"
d1,1,"D:\lct\datasets\.build_cache\d1\train\labels\camera_29.602_2023-12-31T14_06_45_996+03_00.txt:1: bbox clipped to image boundary from (0.329948, 0.044444, 0.131771, 0.088889)"
d1,1,"D:\lct\datasets\.build_cache\d1\train\labels\camera_29.602_2023-12-31T14_06_55_008+03_00.txt:1: bbox clipped to image boundary from (0.329948, 0.044444, 0.131771, 0.088889)"
d1,1,"D:\lct\datasets\.build_cache\d1\train\labels\camera_29.602_2023-12-31T14_07_14_533+03_00.txt:3: bbox clipped to image boundary from (0.329948, 0.044444, 0.131771, 0.088889)"
d1,1,"D:\lct\datasets\.build_cache\d1\train\labels\camera_29.602_2023-12-31T14_09_52_247+03_00.txt:1: bbox clipped to image boundary from (0.329948, 0.044444, 0.131771, 0.088889)"
d1,1,"D:\lct\datasets\.build_cache\d1\train\labels\camera_29.602_2023-12-31T14_11_45_401+03_00.txt:1: bbox clipped to image boundary from (0.329948, 0.044444, 0.131771, 0.088889)"
d1,1,"D:\lct\datasets\.build_cache\d1\train\labels\camera_29.602_2023-12-31T14_11_51_909+03_00.txt:1: bbox clipped to image boundary from (0.329948, 0.044444, 0.131771, 0.088889)"
d1,1,"D:\lct\datasets\.build_cache\d1\train\labels\camera_29.602_2023-12-31T14_11_53_411+03_00.txt:3: bbox clipped to image boundary from (0.329948, 0.044444, 0.131771, 0.088889)"
d1,1,"D:\lct\datasets\.build_cache\d1\train\labels\camera_29.602_2023-12-31T14_17_43_889+03_00.txt:1: bbox clipped to image boundary from (0.329948, 0.044444, 0.131771, 0.088889)"
d1,1,"D:\lct\datasets\.build_cache\d1\train\labels\camera_29.602_2023-12-31T14_18_16_432+03_00.txt:1: bbox clipped to image boundary from (0.329948, 0.044444, 0.131771, 0.088889)"
d1,1,"D:\lct\datasets\.build_cache\d1\train\labels\camera_29.602_2023-12-31T14_18_25_945+03_00.txt:1: bbox clipped to image boundary from (0.329948, 0.044444, 0.131771, 0.088889)"
d1,1,"D:\lct\datasets\.build_cache\d1\train\labels\camera_29.602_2023-12-31T14_20_48_635+03_00.txt:3: bbox clipped to image boundary from (0.329948, 0.044444, 0.131771, 0.088889)"
d1,1,"D:\lct\datasets\.build_cache\d1\train\labels\camera_29.602_2023-12-31T14_21_38_702+03_00.txt:2: bbox clipped to image boundary from (0.329948, 0.044444, 0.131771, 0.088889)"
d1,1,"D:\lct\datasets\.build_cache\d1\train\labels\camera_29.602_2023-12-31T14_21_42_961+03_00.txt:1: bbox clipped to image boundary from (0.329948, 0.044444, 0.131771, 0.088889)"
d1,1,"D:\lct\datasets\.build_cache\d1\train\labels\camera_29.602_2023-12-31T14_23_40_495+03_00.txt:3: bbox clipped to image boundary from (0.329948, 0.044444, 0.131771, 0.088889)"
d1,1,"D:\lct\datasets\.build_cache\d1\train\labels\camera_29.602_2023-12-31T14_24_30_565+03_00.txt:3: bbox clipped to image boundary from (0.329948, 0.044444, 0.131771, 0.088889)"
d1,1,"D:\lct\datasets\.build_cache\d1\train\labels\camera_29.602_2023-12-31T14_25_05_612+03_00.txt:3: bbox clipped to image boundary from (0.329948, 0.044444, 0.131771, 0.088889)"
d1,1,"D:\lct\datasets\.build_cache\d1\train\labels\camera_29.602_2023-12-31T14_25_30_145+03_00.txt:1: bbox clipped to image boundary from (0.329948, 0.044444, 0.131771, 0.088889)"
d1,1,"D:\lct\datasets\.build_cache\d1\train\labels\camera_29.602_2023-12-31T14_29_58_505+03_00.txt:2: bbox clipped to image boundary from (0.329948, 0.044444, 0.131771, 0.088889)"
d1,1,"D:\lct\datasets\.build_cache\d1\train\labels\camera_29.602_2023-12-31T14_30_02_010+03_00.txt:2: bbox clipped to image boundary from (0.329948, 0.044444, 0.131771, 0.088889)"
d1,1,"D:\lct\datasets\.build_cache\d1\train\labels\camera_29.602_2023-12-31T14_30_17_030+03_00.txt:3: bbox clipped to image boundary from (0.329948, 0.044444, 0.131771, 0.088889)"
d1,1,"D:\lct\datasets\.build_cache\d1\train\labels\camera_29.602_2023-12-31T14_30_41_563+03_00.txt:2: bbox clipped to image boundary from (0.329948, 0.044444, 0.131771, 0.088889)"
d1,1,"D:\lct\datasets\.build_cache\d1\train\labels\camera_29.602_2023-12-31T14_35_24_588+03_00.txt:2: bbox clipped to image boundary from (0.329948, 0.044444, 0.131771, 0.088889)"
d1,1,"D:\lct\datasets\.build_cache\d1\train\labels\camera_29.602_2023-12-31T14_37_23_247+03_00.txt:2: bbox clipped to image boundary from (0.329948, 0.044444, 0.131771, 0.088889)"
d1,1,"D:\lct\datasets\.build_cache\d1\train\labels\camera_29.602_2023-12-31T14_37_36_265+03_00.txt:1: bbox clipped to image boundary from (0.329948, 0.044444, 0.131771, 0.088889)"
d1,1,"D:\lct\datasets\.build_cache\d1\train\labels\camera_29.602_2023-12-31T14_37_41_773+03_00.txt:3: bbox clipped to image boundary from (0.329948, 0.044444, 0.131771, 0.088889)"
d1,1,"D:\lct\datasets\.build_cache\d1\train\labels\camera_29.602_2023-12-31T14_37_46_279+03_00.txt:2: bbox clipped to image boundary from (0.329948, 0.044444, 0.131771, 0.088889)"
d1,1,"D:\lct\datasets\.build_cache\d1\train\labels\camera_29.602_2023-12-31T14_39_46_955+03_00.txt:3: bbox clipped to image boundary from (0.329948, 0.044444, 0.131771, 0.088889)"
d1,1,"D:\lct\datasets\.build_cache\d1\train\labels\camera_29.602_2023-12-31T14_39_55_455+03_00.txt:3: bbox clipped to image boundary from (0.329948, 0.044444, 0.131771, 0.088889)"
d1,1,"D:\lct\datasets\.build_cache\d1\train\labels\camera_29.602_2023-12-31T14_42_34_285+03_00.txt:3: bbox clipped to image boundary from (0.329948, 0.044444, 0.131771, 0.088889)"
d1,1,"D:\lct\datasets\.build_cache\d1\train\labels\camera_29.602_2023-12-31T14_42_57_649+03_00.txt:1: bbox clipped to image boundary from (0.329948, 0.044444, 0.131771, 0.088889)"
d1,1,"D:\lct\datasets\.build_cache\d1\train\labels\camera_29.602_2023-12-31T14_42_58_065+03_00.txt:2: bbox clipped to image boundary from (0.329948, 0.044444, 0.131771, 0.088889)"
d1,1,"D:\lct\datasets\.build_cache\d1\train\labels\camera_29.602_2023-12-31T14_43_52_650+03_00.txt:3: bbox clipped to image boundary from (0.329948, 0.044444, 0.131771, 0.088889)"
d1,1,"D:\lct\datasets\.build_cache\d1\train\labels\camera_29.602_2023-12-31T14_45_05_246+03_00.txt:3: bbox clipped to image boundary from (0.329948, 0.044444, 0.131771, 0.088889)"
d1,1,"D:\lct\datasets\.build_cache\d1\train\labels\camera_29.602_2023-12-31T14_47_44_965+03_00.txt:1: bbox clipped to image boundary from (0.329948, 0.044444, 0.131771, 0.088889)"
d1,1,"D:\lct\datasets\.build_cache\d1\train\labels\camera_29.602_2023-12-31T14_48_03_489+03_00.txt:1: bbox clipped to image boundary from (0.329948, 0.044444, 0.131771, 0.088889)"
d1,1,"D:\lct\datasets\.build_cache\d1\train\labels\camera_29.602_2023-12-31T14_48_48_049+03_00.txt:3: bbox clipped to image boundary from (0.329948, 0.044444, 0.131771, 0.088889)"
d1,1,"D:\lct\datasets\.build_cache\d1\train\labels\camera_29.602_2023-12-31T14_48_50_052+03_00.txt:2: bbox clipped to image boundary from (0.329948, 0.044444, 0.131771, 0.088889)"
d1,1,"D:\lct\datasets\.build_cache\d1\train\labels\camera_29.602_2023-12-31T14_49_02_568+03_00.txt:3: bbox clipped to image boundary from (0.329948, 0.044444, 0.131771, 0.088889)"
d1,1,"D:\lct\datasets\.build_cache\d1\train\labels\camera_29.602_2023-12-31T14_49_33_610+03_00.txt:3: bbox clipped to image boundary from (0.329948, 0.044444, 0.131771, 0.088889)"
d1,1,"D:\lct\datasets\.build_cache\d1\train\labels\camera_29.602_2023-12-31T14_49_48_130+03_00.txt:1: bbox clipped to image boundary from (0.329948, 0.044444, 0.131771, 0.088889)"
d1,1,"D:\lct\datasets\.build_cache\d1\train\labels\camera_29.602_2023-12-31T14_50_24_680+03_00.txt:1: bbox clipped to image boundary from (0.329948, 0.044444, 0.131771, 0.088889)"
d1,1,"D:\lct\datasets\.build_cache\d1\train\labels\camera_29.602_2023-12-31T14_50_29_186+03_00.txt:2: bbox clipped to image boundary from (0.329948, 0.044444, 0.131771, 0.088889)"
d1,1,"D:\lct\datasets\.build_cache\d1\train\labels\camera_29.602_2023-12-31T14_50_32_190+03_00.txt:2: bbox clipped to image boundary from (0.329948, 0.044444, 0.131771, 0.088889)"
d1,1,"D:\lct\datasets\.build_cache\d1\train\labels\camera_29.602_2023-12-31T14_50_45_207+03_00.txt:3: bbox clipped to image boundary from (0.329948, 0.044444, 0.131771, 0.088889)"
d1,1,"D:\lct\datasets\.build_cache\d1\train\labels\camera_29.602_2023-12-31T14_51_38_779+03_00.txt:1: bbox clipped to image boundary from (0.329948, 0.044444, 0.131771, 0.088889)"
d1,1,"D:\lct\datasets\.build_cache\d1\train\labels\camera_29.602_2023-12-31T14_52_50_485+03_00.txt:3: bbox clipped to image boundary from (0.329948, 0.044444, 0.131771, 0.088889)"
d1,1,"D:\lct\datasets\.build_cache\d1\train\labels\camera_29.602_2023-12-31T14_54_58_688+03_00.txt:3: bbox clipped to image boundary from (0.329948, 0.044444, 0.131771, 0.088889)"
d1,1,"D:\lct\datasets\.build_cache\d1\train\labels\camera_29.602_2023-12-31T14_55_31_733+03_00.txt:2: bbox clipped to image boundary from (0.329948, 0.044444, 0.131771, 0.088889)"
d1,1,"D:\lct\datasets\.build_cache\d1\train\labels\camera_6.101_2024-01-05T14_17_29_385+03_00.txt:2: bbox clipped to image boundary from (0.157812, 0.688426, 0.315625, 0.621296)"
d1,1,"D:\lct\datasets\.build_cache\d1\train\labels\camera_6.102_2024-01-05T15_51_42_894+03_00.txt:2: bbox clipped to image boundary from (0.560417, 0.245833, 0.383333, 0.491667)"
d1,1,"D:\lct\datasets\.build_cache\d1\train\labels\camera_6.102_2024-01-05T16_35_50_707+03_00.txt:2: bbox clipped to image boundary from (0.589063, 0.096759, 0.178125, 0.193519)"
d1,1,"D:\lct\datasets\.build_cache\d1\train\labels\camera_6.102_2024-01-05T16_35_56_732+03_00.txt:2: bbox clipped to image boundary from (0.589063, 0.096759, 0.178125, 0.193519)"
d1,1,"D:\lct\datasets\.build_cache\d1\train\labels\camera_6.102_2024-01-05T16_35_57_944+03_00.txt:2: bbox clipped to image boundary from (0.589063, 0.096759, 0.178125, 0.193519)"
d1,1,"D:\lct\datasets\.build_cache\d1\train\labels\camera_6.102_2024-01-05T16_36_03_957+03_00.txt:2: bbox clipped to image boundary from (0.589063, 0.096759, 0.178125, 0.193519)"
d1,1,"D:\lct\datasets\.build_cache\d1\train\labels\camera_6.102_2024-01-05T16_36_05_174+03_00.txt:2: bbox clipped to image boundary from (0.589063, 0.096759, 0.178125, 0.193519)"
d1,1,"D:\lct\datasets\.build_cache\d1\train\labels\camera_6.102_2024-01-05T16_36_06_417+03_00.txt:1: bbox clipped to image boundary from (0.589063, 0.096759, 0.178125, 0.193519)"
d1,1,"D:\lct\datasets\.build_cache\d1\train\labels\camera_6.102_2024-01-05T16_36_07_090+03_00.txt:1: bbox clipped to image boundary from (0.589063, 0.096759, 0.178125, 0.193519)"
d1,1,"D:\lct\datasets\.build_cache\d1\train\labels\camera_6.102_2024-01-05T16_46_27_047+03_00.txt:1: bbox clipped to image boundary from (0.589063, 0.096759, 0.178125, 0.193519)"
d1,1,"D:\lct\datasets\.build_cache\d1\train\labels\camera_6.102_2024-01-05T17_03_15_503+03_00.txt:1: bbox clipped to image boundary from (0.589063, 0.096759, 0.178125, 0.193519)"
d1,1,"D:\lct\datasets\.build_cache\d1\train\labels\camera_6.102_2024-01-05T17_04_49_410+03_00.txt:3: bbox clipped to image boundary from (0.589063, 0.096759, 0.178125, 0.193519)"
d1,1,"D:\lct\datasets\.build_cache\d1\train\labels\camera_6.102_2024-01-05T17_05_24_245+03_00.txt:3: bbox clipped to image boundary from (0.589063, 0.096759, 0.178125, 0.193519)"
d1,1,"D:\lct\datasets\.build_cache\d1\train\labels\camera_6.103_2023-12-30T12_16_08_210+03_00.txt:1: bbox clipped to image boundary from (0.082812, 0.398611, 0.165625, 0.234259)"
d1,1,"D:\lct\datasets\.build_cache\d1\train\labels\camera_6.103_2024-01-05T15_51_48_959+03_00.txt:1: bbox clipped to image boundary from (0.080208, 0.197685, 0.160417, 0.132407)"
d1,1,"D:\lct\datasets\.build_cache\d1\train\labels\camera_6.103_2024-01-05T15_52_02_149+03_00.txt:1: bbox clipped to image boundary from (0.092708, 0.372222, 0.185417, 0.372222)"
d1,1,"D:\lct\datasets\.build_cache\d1\train\labels\camera_6.1102_2024-01-05T12_07_57_933+03_00.txt:2: bbox clipped to image boundary from (0.850669, 0.159606, 0.293307, 0.319213)"
d1,1,"D:\lct\datasets\.build_cache\d1\train\labels\camera_6.1102_2024-01-05T12_59_45_165+03_00.txt:1: bbox clipped to image boundary from (0.702865, 0.181481, 0.208854, 0.362963)"
d1,1,"D:\lct\datasets\.build_cache\d1\train\labels\camera_6.1102_2024-01-05T12_59_48_696+03_00.txt:3: bbox clipped to image boundary from (0.705469, 0.181481, 0.208854, 0.362963)"
d1,1,"D:\lct\datasets\.build_cache\d1\train\labels\camera_6.1102_2024-01-05T13_01_28_773+03_00.txt:2: bbox clipped to image boundary from (0.705469, 0.181481, 0.208854, 0.362963)"
d1,1,"D:\lct\datasets\.build_cache\d1\train\labels\camera_6.1102_2024-01-05T13_05_18_580+03_00.txt:3: bbox clipped to image boundary from (0.86849, 0.240454, 0.263021, 0.281833)"
d1,1,"D:\lct\datasets\.build_cache\d1\train\labels\camera_6.1102_2024-01-05T13_05_21_169+03_00.txt:2: bbox clipped to image boundary from (0.86849, 0.240454, 0.263021, 0.281833)"
d1,1,"D:\lct\datasets\.build_cache\d1\train\labels\camera_6.1202_2023-12-30T17_05_32_165+03_00.txt:3: bbox clipped to image boundary from (0.478646, 0.234259, 0.446875, 0.468519)"
d1,1,"D:\lct\datasets\.build_cache\d1\train\labels\camera_6.1202_2024-01-05T14_53_09_925+03_00.txt:4: bbox clipped to image boundary from (0.58776, 0.094444, 0.178646, 0.188889)"
d1,1,"D:\lct\datasets\.build_cache\d1\train\labels\camera_6.1202_2024-01-05T15_31_53_996+03_00.txt:1: bbox clipped to image boundary from (0.584896, 0.107407, 0.186458, 0.214815)"
d1,1,"D:\lct\datasets\.build_cache\d1\train\labels\camera_6.1202_2024-01-05T15_34_27_934+03_00.txt:3: bbox clipped to image boundary from (0.36276, 0.081481, 0.317188, 0.162963)"
d1,1,"D:\lct\datasets\.build_cache\d1\train\labels\camera_6.1202_2024-01-05T15_49_01_155+03_00.txt:3: bbox clipped to image boundary from (0.576823, 0.171759, 0.321354, 0.343519)"
d1,1,"D:\lct\datasets\.build_cache\d1\train\labels\camera_6.1202_2024-01-05T15_49_04_387+03_00.txt:1: bbox clipped to image boundary from (0.471094, 0.14537, 0.359896, 0.290741)"
d1,1,"D:\lct\datasets\.build_cache\d1\train\labels\camera_6.1202_2024-01-05T15_49_23_640+03_00.txt:1: bbox clipped to image boundary from (0.373958, 0.094907, 0.304167, 0.189815)"
d1,1,"D:\lct\datasets\.build_cache\d1\train\labels\camera_6.1202_2024-01-05T15_49_24_287+03_00.txt:2: bbox clipped to image boundary from (0.361198, 0.083333, 0.277604, 0.166667)"
d1,1,"D:\lct\datasets\.build_cache\d1\train\labels\camera_6.1202_2024-01-05T15_51_41_680+03_00.txt:2: bbox clipped to image boundary from (0.533594, 0.23287, 0.376563, 0.465741)"
d1,1,"D:\lct\datasets\.build_cache\d1\train\labels\camera_6.1202_2024-01-05T16_35_27_995+03_00.txt:2: bbox clipped to image boundary from (0.527604, 0.09537, 0.235417, 0.190741)"
d1,1,"D:\lct\datasets\.build_cache\d1\train\labels\camera_6.1202_2024-01-05T17_47_28_859+03_00.txt:1: bbox clipped to image boundary from (0.446354, 0.181481, 0.359375, 0.362963)"
d1,1,"D:\lct\datasets\.build_cache\d1\train\labels\camera_6.1203_2024-01-03T11_18_50_857+03_00.txt:1: bbox clipped to image boundary from (0.07526, 0.440278, 0.150521, 0.282407)"
d1,1,"D:\lct\datasets\.build_cache\d1\train\labels\camera_6.1203_2024-01-03T11_18_51_858+03_00.txt:1: bbox clipped to image boundary from (0.03151, 0.474074, 0.063021, 0.27963)"
d1,1,"D:\lct\datasets\.build_cache\d1\train\labels\camera_6.1203_2024-01-03T13_34_58_618+03_00.txt:1: bbox clipped to image boundary from (0.085156, 0.426852, 0.170313, 0.264815)"
d1,1,"D:\lct\datasets\.build_cache\d1\train\labels\camera_6.1203_2024-01-03T14_17_11_792+03_00.txt:1: bbox clipped to image boundary from (0.028385, 0.488426, 0.056771, 0.243519)"
d1,1,"D:\lct\datasets\.build_cache\d1\train\labels\camera_6.1203_2024-01-05T14_23_11_611+03_00.txt:1: bbox clipped to image boundary from (0.053906, 0.483796, 0.107813, 0.29537)"
d1,1,"D:\lct\datasets\.build_cache\d1\train\labels\camera_6.1203_2024-01-05T16_36_06_417+03_00.txt:1: bbox clipped to image boundary from (0.116406, 0.368981, 0.232813, 0.425)"
d1,1,"D:\lct\datasets\.build_cache\d1\train\labels\camera_6.1203_2024-01-05T16_58_52_636+03_00.txt:1: bbox clipped to image boundary from (0.06276, 0.25, 0.125521, 0.25)"
d1,1,"D:\lct\datasets\.build_cache\d1\train\labels\camera_6.202_2024-01-05T11_20_30_944+03_00.txt:2: bbox clipped to image boundary from (0.79349, 0.177407, 0.159896, 0.354815)"
d1,1,"D:\lct\datasets\.build_cache\d1\train\labels\camera_6.202_2024-01-05T11_47_02_172+03_00.txt:2: bbox clipped to image boundary from (0.751563, 0.183796, 0.160417, 0.367593)"
d1,1,"D:\lct\datasets\.build_cache\d1\train\labels\camera_6.301_2023-12-30T17_21_24_491+03_00.txt:1: bbox clipped to image boundary from (0.309896, 0.171296, 0.1875, 0.342593)"
d1,1,"D:\lct\datasets\.build_cache\d1\train\labels\camera_6.301_2023-12-30T17_21_25_253+03_00.txt:1: bbox clipped to image boundary from (0.309896, 0.171296, 0.1875, 0.342593)"
d1,1,"D:\lct\datasets\.build_cache\d1\train\labels\camera_6.301_2023-12-30T17_21_27_691+03_00.txt:1: bbox clipped to image boundary from (0.309896, 0.171296, 0.1875, 0.342593)"
d1,1,"D:\lct\datasets\.build_cache\d1\train\labels\camera_6.301_2023-12-30T17_21_28_758+03_00.txt:1: bbox clipped to image boundary from (0.309896, 0.171296, 0.1875, 0.342593)"
d1,1,"D:\lct\datasets\.build_cache\d1\train\labels\camera_6.301_2023-12-30T17_21_38_313+03_00.txt:1: bbox clipped to image boundary from (0.333594, 0.169907, 0.095312, 0.339815)"
d1,1,"D:\lct\datasets\.build_cache\d1\train\labels\camera_6.301_2023-12-30T17_22_43_208+03_00.txt:1: bbox clipped to image boundary from (0.351042, 0.183333, 0.117708, 0.366667)"
d1,1,"D:\lct\datasets\.build_cache\d1\train\labels\camera_6.302_2023-12-30T11_40_29_990+03_00.txt:1: bbox extends outside image (0.402344, 0.777315, 0.802604, 0.458333); line dropped"
d1,1,"D:\lct\datasets\.build_cache\d1\train\labels\camera_6.302_2023-12-30T11_40_38_424+03_00.txt:1: bbox extends outside image (0.320052, 0.774537, 0.483854, 0.460185); line dropped"
d1,1,"D:\lct\datasets\.build_cache\d1\train\labels\camera_6.302_2023-12-30T15_12_22_775+03_00.txt:1: bbox clipped to image boundary from (0.260937, 0.808796, 0.521875, 0.380556)"
d1,1,"D:\lct\datasets\.build_cache\d1\train\labels\camera_6.304_2024-01-02T12_20_48_557+03_00.txt:2: bbox extends outside image (0.386719, 0.075, 0.150521, 0.153704); line dropped"
d1,1,"D:\lct\datasets\.build_cache\d1\train\labels\camera_6.304_2024-01-02T15_02_45_952+03_00.txt:3: bbox extends outside image (0.476562, 0.073611, 0.139583, 0.150926); line dropped"
d1,1,"D:\lct\datasets\.build_cache\d1\train\labels\camera_6.304_2024-01-02T15_29_27_549+03_00.txt:2: bbox extends outside image (0.380208, 0.075, 0.167708, 0.153704); line dropped"
d1,1,"D:\lct\datasets\.build_cache\d1\train\labels\camera_6.304_2024-01-02T15_36_00_546+03_00.txt:1: bbox extends outside image (0.26901, 0.08287, 0.179688, 0.182407); line dropped"
d1,1,"D:\lct\datasets\.build_cache\d1\train\labels\camera_6.304_2024-01-02T15_47_31_332+03_00.txt:1: bbox extends outside image (0.422396, 0.073611, 0.142708, 0.150926); line dropped"
d1,1,"D:\lct\datasets\.build_cache\d1\train\labels\camera_6.304_2024-01-03T09_02_44_750+03_00.txt:2: bbox clipped to image boundary from (0.407031, 0.071296, 0.124479, 0.142593)"
d1,1,"D:\lct\datasets\.build_cache\d1\train\labels\camera_6.304_2024-01-03T12_02_40_632+03_00.txt:2: bbox extends outside image (0.0625, 0.139815, 0.128125, 0.242593); line dropped"
d1,1,"D:\lct\datasets\.build_cache\d1\train\labels\camera_6.304_2024-01-03T12_30_57_934+03_00.txt:1: bbox extends outside image (0.340625, 0.079167, 0.183333, 0.162037); line dropped"
d1,1,"D:\lct\datasets\.build_cache\d1\train\labels\camera_6.304_2024-01-03T14_35_41_303+03_00.txt:2: bbox clipped to image boundary from (0.411458, 0.094907, 0.198958, 0.189815)"
d1,1,"D:\lct\datasets\.build_cache\d1\train\labels\camera_6.402_2023-12-30T14_29_23_672+03_00.txt:1: bbox clipped to image boundary from (0.125781, 0.521759, 0.251563, 0.289815)"
d1,1,"D:\lct\datasets\.build_cache\d1\train\labels\camera_6.402_2023-12-30T14_31_16_776+03_00.txt:1: bbox extends outside image (0.111458, 0.532407, 0.226042, 0.251852); line dropped"
d1,1,"D:\lct\datasets\.build_cache\d1\train\labels\camera_6.402_2023-12-30T17_21_09_903+03_00.txt:1: bbox clipped to image boundary from (0.310937, 0.171759, 0.179167, 0.343519)"
d1,1,"D:\lct\datasets\.build_cache\d1\train\labels\camera_6.402_2023-12-30T17_21_23_722+03_00.txt:1: bbox clipped to image boundary from (0.308854, 0.169444, 0.189583, 0.338889)"
d1,1,"D:\lct\datasets\.build_cache\d1\train\labels\camera_6.402_2023-12-30T17_21_25_253+03_00.txt:1: bbox clipped to image boundary from (0.308854, 0.170833, 0.190625, 0.341667)"
d1,1,"D:\lct\datasets\.build_cache\d1\train\labels\camera_6.402_2023-12-30T17_21_28_758+03_00.txt:1: bbox clipped to image boundary from (0.335417, 0.170833, 0.095833, 0.341667)"
d1,1,"D:\lct\datasets\.build_cache\d1\train\labels\camera_6.402_2023-12-30T17_22_43_208+03_00.txt:1: bbox clipped to image boundary from (0.35599, 0.183333, 0.118229, 0.366667)"
d1,1,"D:\lct\datasets\.build_cache\d1\train\labels\camera_6.402_2023-12-30T17_24_16_892+03_00.txt:1: bbox clipped to image boundary from (0.341406, 0.168981, 0.095312, 0.337963)"
d1,1,"D:\lct\datasets\.build_cache\d1\train\labels\camera_6.402_2024-01-05T10_11_24_535+03_00.txt:1: bbox extends outside image (0.207813, 0.509722, 0.41875, 0.323148); line dropped"
d1,1,"D:\lct\datasets\.build_cache\d1\train\labels\camera_6.402_2024-01-08T09_33_23_520+03_00.txt:1: bbox extends outside image (0.117708, 0.531019, 0.238542, 0.302778); line dropped"
d1,1,"D:\lct\datasets\.build_cache\d1\train\labels\camera_6.402_2024-01-08T10_09_45_433+03_00.txt:1: bbox extends outside image (0.186719, 0.193519, 0.140104, 0.390741); line dropped"
d1,1,"D:\lct\datasets\.build_cache\d1\train\labels\camera_6.402_2024-01-09T10_30_17_635+03_00.txt:1: bbox clipped to image boundary from (0.629427, 0.67963, 0.615104, 0.642593)"
d1,1,"D:\lct\datasets\.build_cache\d1\train\labels\camera_6.402_2024-01-09T13_20_05_277+03_00.txt:1: bbox clipped to image boundary from (0.810469, 0.728704, 0.330104, 0.542593)"
d1,1,"D:\lct\datasets\.build_cache\d1\train\labels\camera_6.502_2023-12-30T11_09_30_214+03_00.txt:1: bbox clipped to image boundary from (0.052083, 0.388426, 0.104167, 0.080556)"
d1,1,"D:\lct\datasets\.build_cache\d1\train\labels\camera_6.502_2023-12-30T11_25_38_557+03_00.txt:1: bbox clipped to image boundary from (0.051562, 0.3875, 0.103125, 0.082407)"
d1,1,"D:\lct\datasets\.build_cache\d1\train\labels\camera_6.502_2023-12-30T11_29_17_883+03_00.txt:1: bbox clipped to image boundary from (0.052083, 0.3875, 0.104167, 0.078704)"
d1,1,"D:\lct\datasets\.build_cache\d1\train\labels\camera_6.502_2023-12-30T14_02_47_031+03_00.txt:1: bbox clipped to image boundary from (0.051562, 0.388889, 0.103125, 0.081481)"
d1,1,"D:\lct\datasets\.build_cache\d1\train\labels\camera_6.502_2023-12-30T14_48_15_707+03_00.txt:1: bbox clipped to image boundary from (0.051562, 0.388889, 0.103125, 0.081481)"
d1,1,"D:\lct\datasets\.build_cache\d1\train\labels\camera_6.502_2023-12-30T14_48_22_023+03_00.txt:1: bbox clipped to image boundary from (0.051562, 0.388889, 0.103125, 0.081481)"
d1,1,"D:\lct\datasets\.build_cache\d1\train\labels\camera_6.702_2023-12-30T11_37_30_516+03_00.txt:2: bbox clipped to image boundary from (0.791406, 0.144907, 0.109896, 0.289815)"
d1,1,"D:\lct\datasets\.build_cache\d1\train\labels\camera_6.702_2023-12-30T11_37_41_808+03_00.txt:2: bbox clipped to image boundary from (0.790885, 0.145833, 0.110937, 0.291667)"
d1,1,"D:\lct\datasets\.build_cache\d1\train\labels\camera_6.702_2023-12-30T11_37_51_902+03_00.txt:1: bbox clipped to image boundary from (0.790885, 0.145833, 0.110937, 0.291667)"
d1,1,"D:\lct\datasets\.build_cache\d1\train\labels\camera_6.702_2023-12-30T11_38_08_162+03_00.txt:1: bbox clipped to image boundary from (0.790885, 0.145833, 0.110937, 0.291667)"
d1,1,"D:\lct\datasets\.build_cache\d1\train\labels\camera_6.702_2023-12-30T11_38_14_037+03_00.txt:2: bbox clipped to image boundary from (0.790885, 0.145833, 0.110937, 0.291667)"
d1,1,"D:\lct\datasets\.build_cache\d1\train\labels\camera_6.702_2023-12-30T11_38_25_760+03_00.txt:1: bbox clipped to image boundary from (0.790885, 0.145833, 0.110937, 0.291667)"
d1,1,"D:\lct\datasets\.build_cache\d1\train\labels\camera_6.702_2023-12-30T11_38_46_018+03_00.txt:1: bbox clipped to image boundary from (0.790885, 0.145833, 0.110937, 0.291667)"
d1,1,"D:\lct\datasets\.build_cache\d1\train\labels\camera_6.702_2023-12-30T11_38_52_427+03_00.txt:1: bbox clipped to image boundary from (0.790885, 0.145833, 0.110937, 0.291667)"
d1,1,"D:\lct\datasets\.build_cache\d1\train\labels\camera_6.702_2023-12-30T11_38_58_117+03_00.txt:2: bbox clipped to image boundary from (0.790885, 0.145833, 0.110937, 0.291667)"
d1,1,"D:\lct\datasets\.build_cache\d1\train\labels\camera_6.702_2023-12-30T11_39_00_008+03_00.txt:2: bbox clipped to image boundary from (0.790885, 0.145833, 0.110937, 0.291667)"
d1,1,"D:\lct\datasets\.build_cache\d1\train\labels\camera_6.702_2023-12-30T11_39_01_037+03_00.txt:1: bbox clipped to image boundary from (0.790885, 0.145833, 0.110937, 0.291667)"
d1,1,"D:\lct\datasets\.build_cache\d1\train\labels\camera_6.702_2023-12-30T11_39_07_633+03_00.txt:1: bbox clipped to image boundary from (0.790885, 0.145833, 0.110937, 0.291667)"
d1,1,"D:\lct\datasets\.build_cache\d1\train\labels\camera_6.702_2023-12-30T11_39_16_070+03_00.txt:1: bbox clipped to image boundary from (0.790885, 0.145833, 0.110937, 0.291667)"
d1,1,"D:\lct\datasets\.build_cache\d1\train\labels\camera_6.702_2023-12-30T11_39_16_972+03_00.txt:1: bbox clipped to image boundary from (0.790885, 0.145833, 0.110937, 0.291667)"
d1,1,"D:\lct\datasets\.build_cache\d1\train\labels\camera_6.702_2023-12-30T11_39_18_654+03_00.txt:2: bbox clipped to image boundary from (0.790885, 0.145833, 0.110937, 0.291667)"
d1,1,"D:\lct\datasets\.build_cache\d1\train\labels\camera_6.702_2023-12-30T11_39_25_419+03_00.txt:2: bbox clipped to image boundary from (0.790885, 0.145833, 0.110937, 0.291667)"
d1,1,"D:\lct\datasets\.build_cache\d1\train\labels\camera_6.702_2023-12-30T11_39_28_597+03_00.txt:2: bbox clipped to image boundary from (0.790885, 0.145833, 0.110937, 0.291667)"
d1,1,"D:\lct\datasets\.build_cache\d1\train\labels\camera_6.702_2023-12-30T11_39_34_174+03_00.txt:1: bbox clipped to image boundary from (0.790885, 0.145833, 0.110937, 0.291667)"
d1,1,"D:\lct\datasets\.build_cache\d1\train\labels\camera_6.702_2023-12-30T11_39_41_106+03_00.txt:2: bbox clipped to image boundary from (0.786458, 0.145833, 0.119792, 0.291667)"
d1,1,"D:\lct\datasets\.build_cache\d1\train\labels\camera_6.702_2023-12-30T11_39_41_903+03_00.txt:1: bbox clipped to image boundary from (0.784115, 0.145833, 0.124479, 0.291667)"
d1,1,"D:\lct\datasets\.build_cache\d1\train\labels\camera_6.702_2023-12-30T11_40_05_989+03_00.txt:1: bbox clipped to image boundary from (0.765885, 0.145833, 0.160938, 0.291667)"
d1,1,"D:\lct\datasets\.build_cache\d1\train\labels\camera_6.702_2023-12-30T11_40_07_665+03_00.txt:2: bbox clipped to image boundary from (0.765625, 0.145833, 0.160417, 0.291667)"
d1,1,"D:\lct\datasets\.build_cache\d1\train\labels\camera_6.702_2023-12-30T11_40_23_861+03_00.txt:1: bbox clipped to image boundary from (0.757292, 0.145833, 0.178125, 0.291667)"
d1,1,"D:\lct\datasets\.build_cache\d1\train\labels\camera_6.702_2023-12-30T11_40_45_643+03_00.txt:1: bbox clipped to image boundary from (0.759115, 0.145833, 0.174479, 0.291667)"
d1,1,"D:\lct\datasets\.build_cache\d1\train\labels\camera_6.702_2023-12-30T11_40_59_895+03_00.txt:2: bbox clipped to image boundary from (0.790885, 0.145833, 0.110937, 0.291667)"
d1,1,"D:\lct\datasets\.build_cache\d1\train\labels\camera_6.702_2023-12-30T11_41_08_678+03_00.txt:1: bbox clipped to image boundary from (0.790885, 0.145833, 0.110937, 0.291667)"
d1,1,"D:\lct\datasets\.build_cache\d1\train\labels\camera_6.702_2023-12-30T11_41_14_779+03_00.txt:2: bbox clipped to image boundary from (0.790885, 0.145833, 0.110937, 0.291667)"
d1,1,"D:\lct\datasets\.build_cache\d1\train\labels\camera_6.702_2023-12-30T11_41_20_621+03_00.txt:1: bbox clipped to image boundary from (0.790885, 0.145833, 0.110937, 0.291667)"
d1,1,"D:\lct\datasets\.build_cache\d1\train\labels\camera_6.702_2023-12-30T11_41_42_600+03_00.txt:1: bbox clipped to image boundary from (0.790885, 0.145833, 0.110937, 0.291667)"
d1,1,"D:\lct\datasets\.build_cache\d1\train\labels\camera_6.702_2023-12-30T11_41_45_033+03_00.txt:2: bbox clipped to image boundary from (0.790885, 0.145833, 0.110937, 0.291667)"
d1,1,"D:\lct\datasets\.build_cache\d1\train\labels\camera_6.702_2023-12-30T11_42_13_221+03_00.txt:1: bbox clipped to image boundary from (0.790885, 0.145833, 0.110937, 0.291667)"
d1,1,"D:\lct\datasets\.build_cache\d1\train\labels\camera_6.702_2023-12-30T11_42_47_316+03_00.txt:2: bbox clipped to image boundary from (0.790885, 0.145833, 0.110937, 0.291667)"
d1,1,"D:\lct\datasets\.build_cache\d1\train\labels\camera_6.702_2023-12-30T11_42_48_201+03_00.txt:2: bbox clipped to image boundary from (0.790885, 0.145833, 0.110937, 0.291667)"
d1,1,"D:\lct\datasets\.build_cache\d1\train\labels\camera_6.702_2023-12-30T11_42_52_655+03_00.txt:2: bbox clipped to image boundary from (0.790885, 0.145833, 0.110937, 0.291667)"
d1,1,"D:\lct\datasets\.build_cache\d1\train\labels\camera_6.702_2023-12-30T11_43_03_698+03_00.txt:1: bbox clipped to image boundary from (0.790885, 0.145833, 0.110937, 0.291667)"
d1,1,"D:\lct\datasets\.build_cache\d1\train\labels\camera_6.702_2023-12-30T11_43_16_035+03_00.txt:2: bbox clipped to image boundary from (0.790885, 0.145833, 0.110937, 0.291667)"
d1,1,"D:\lct\datasets\.build_cache\d1\train\labels\camera_6.702_2023-12-30T11_43_46_174+03_00.txt:1: bbox clipped to image boundary from (0.790885, 0.145833, 0.110937, 0.291667)"
d1,1,"D:\lct\datasets\.build_cache\d1\train\labels\camera_6.702_2023-12-30T11_43_57_508+03_00.txt:1: bbox clipped to image boundary from (0.790885, 0.145833, 0.110937, 0.291667)"
d1,1,"D:\lct\datasets\.build_cache\d1\train\labels\camera_6.702_2023-12-30T11_44_13_331+03_00.txt:1: bbox clipped to image boundary from (0.790885, 0.145833, 0.110937, 0.291667)"
d1,1,"D:\lct\datasets\.build_cache\d1\train\labels\camera_6.702_2023-12-30T11_44_20_073+03_00.txt:2: bbox clipped to image boundary from (0.790885, 0.145833, 0.110937, 0.291667)"
d1,1,"D:\lct\datasets\.build_cache\d1\train\labels\camera_6.702_2023-12-30T11_44_31_717+03_00.txt:1: bbox clipped to image boundary from (0.790885, 0.145833, 0.110937, 0.291667)"
d1,1,"D:\lct\datasets\.build_cache\d1\train\labels\camera_6.702_2023-12-30T11_44_56_675+03_00.txt:1: bbox clipped to image boundary from (0.790885, 0.145833, 0.110937, 0.291667)"
d1,1,"D:\lct\datasets\.build_cache\d1\train\labels\camera_6.702_2023-12-30T11_45_12_160+03_00.txt:1: bbox clipped to image boundary from (0.790885, 0.145833, 0.110937, 0.291667)"
d1,1,"D:\lct\datasets\.build_cache\d1\train\labels\camera_6.702_2023-12-30T11_45_13_272+03_00.txt:1: bbox clipped to image boundary from (0.790885, 0.145833, 0.110937, 0.291667)"
d1,1,"D:\lct\datasets\.build_cache\d1\train\labels\camera_6.702_2023-12-30T11_45_17_629+03_00.txt:2: bbox clipped to image boundary from (0.790885, 0.145833, 0.110937, 0.291667)"
d1,1,"D:\lct\datasets\.build_cache\d1\train\labels\camera_6.702_2023-12-30T11_45_33_873+03_00.txt:2: bbox clipped to image boundary from (0.790885, 0.145833, 0.110937, 0.291667)"
d1,1,"D:\lct\datasets\.build_cache\d1\train\labels\camera_6.702_2023-12-30T11_46_01_017+03_00.txt:1: bbox clipped to image boundary from (0.790885, 0.145833, 0.110937, 0.291667)"
d1,1,"D:\lct\datasets\.build_cache\d1\train\labels\camera_6.702_2023-12-30T11_46_15_712+03_00.txt:1: bbox clipped to image boundary from (0.790885, 0.145833, 0.110937, 0.291667)"
d1,1,"D:\lct\datasets\.build_cache\d1\train\labels\camera_6.702_2023-12-30T11_48_26_557+03_00.txt:2: bbox clipped to image boundary from (0.778385, 0.145833, 0.135937, 0.291667)"
d1,1,"D:\lct\datasets\.build_cache\d1\train\labels\camera_6.702_2023-12-30T11_50_52_613+03_00.txt:2: bbox clipped to image boundary from (0.790885, 0.145833, 0.110937, 0.291667)"
d1,1,"D:\lct\datasets\.build_cache\d1\train\labels\camera_6.702_2023-12-30T11_51_15_754+03_00.txt:2: bbox clipped to image boundary from (0.790885, 0.145833, 0.110937, 0.291667)"
d1,1,"D:\lct\datasets\.build_cache\d1\train\labels\camera_6.702_2023-12-30T11_51_46_204+03_00.txt:1: bbox clipped to image boundary from (0.790885, 0.145833, 0.110937, 0.291667)"
d1,1,"D:\lct\datasets\.build_cache\d1\train\labels\camera_6.702_2023-12-30T11_51_52_256+03_00.txt:1: bbox clipped to image boundary from (0.790885, 0.145833, 0.110937, 0.291667)"
d1,1,"D:\lct\datasets\.build_cache\d1\train\labels\camera_6.702_2023-12-30T11_52_07_327+03_00.txt:1: bbox clipped to image boundary from (0.790885, 0.145833, 0.110937, 0.291667)"
d1,1,"D:\lct\datasets\.build_cache\d1\train\labels\camera_6.702_2023-12-30T11_56_28_487+03_00.txt:1: bbox clipped to image boundary from (0.790885, 0.145833, 0.110937, 0.291667)"
d1,1,"D:\lct\datasets\.build_cache\d1\train\labels\camera_6.702_2023-12-30T13_40_13_177+03_00.txt:1: bbox clipped to image boundary from (0.944531, 0.096759, 0.109896, 0.193519)"
d1,1,"D:\lct\datasets\.build_cache\d1\train\labels\camera_6.702_2023-12-30T13_42_06_090+03_00.txt:1: bbox clipped to image boundary from (0.930469, 0.096296, 0.138021, 0.192593)"
d1,1,"D:\lct\datasets\.build_cache\d1\train\labels\camera_6.702_2023-12-30T13_42_18_615+03_00.txt:1: bbox clipped to image boundary from (0.930729, 0.096759, 0.1375, 0.193519)"
d1,1,"D:\lct\datasets\.build_cache\d1\train\labels\camera_6.702_2023-12-30T13_42_32_391+03_00.txt:1: bbox clipped to image boundary from (0.93151, 0.094444, 0.135937, 0.188889)"
d1,1,"D:\lct\datasets\.build_cache\d1\train\labels\camera_6.702_2023-12-30T14_29_23_672+03_00.txt:1: bbox clipped to image boundary from (0.122135, 0.520833, 0.244271, 0.287963)"
d1,1,"D:\lct\datasets\.build_cache\d1\valid\labels\1319_10_11_46_339094-2023-11-10.txt:1: bbox clipped to image boundary from (0.932757, 0.688632, 0.134487, 0.178158)"
d1,1,"D:\lct\datasets\.build_cache\d1\valid\labels\1319_10_17_44_192666-2023-11-10.txt:3: bbox clipped to image boundary from (0.781961, 0.862612, 0.436079, 0.274776)"
d1,1,"D:\lct\datasets\.build_cache\d1\valid\labels\1319_10_34_57_793230-2023-11-10.txt:3: bbox clipped to image boundary from (0.780337, 0.861655, 0.439327, 0.276691)"
d1,1,"D:\lct\datasets\.build_cache\d1\valid\labels\1319_10_37_37_577456-2023-11-10.txt:2: bbox clipped to image boundary from (0.78115, 0.859161, 0.437701, 0.281678)"
d1,1,"D:\lct\datasets\.build_cache\d1\valid\labels\1319_10_38_59_150156-2023-11-10.txt:2: bbox clipped to image boundary from (0.778983, 0.860122, 0.442035, 0.279757)"
d1,1,"D:\lct\datasets\.build_cache\d1\valid\labels\1319_10_39_02_446843-2023-11-10.txt:5: bbox clipped to image boundary from (0.779297, 0.861086, 0.441406, 0.277829)"
d1,1,"D:\lct\datasets\.build_cache\d1\valid\labels\1319_10_40_23_200279-2023-11-10.txt:5: bbox clipped to image boundary from (0.778983, 0.859161, 0.442035, 0.281678)"
d1,1,"D:\lct\datasets\.build_cache\d1\valid\labels\1319_10_40_57_295079-2023-11-10.txt:4: bbox clipped to image boundary from (0.778983, 0.859161, 0.442035, 0.281678)"
d1,1,"D:\lct\datasets\.build_cache\d1\valid\labels\1319_10_43_34_696456-2023-11-10.txt:1: bbox clipped to image boundary from (0.778983, 0.859161, 0.442035, 0.281678)"
d1,1,"D:\lct\datasets\.build_cache\d1\valid\labels\1319_10_47_02_665116-2023-11-10.txt:4: bbox clipped to image boundary from (0.778983, 0.859161, 0.442035, 0.281678)"
d1,1,"D:\lct\datasets\.build_cache\d1\valid\labels\1319_10_49_05_817061-2023-11-10.txt:2: bbox clipped to image boundary from (0.778983, 0.859161, 0.442035, 0.281678)"
d1,1,"D:\lct\datasets\.build_cache\d1\valid\labels\1319_10_49_28_306094-2023-11-10.txt:2: bbox clipped to image boundary from (0.778983, 0.859161, 0.442035, 0.281678)"
d1,1,"D:\lct\datasets\.build_cache\d1\valid\labels\1319_10_50_08_226379-2023-11-10.txt:2: bbox clipped to image boundary from (0.778983, 0.859161, 0.442035, 0.281678)"
d1,1,"D:\lct\datasets\.build_cache\d1\valid\labels\1319_10_50_51_517534-2023-11-10.txt:3: bbox clipped to image boundary from (0.778983, 0.859161, 0.442035, 0.281678)"
d1,1,"D:\lct\datasets\.build_cache\d1\valid\labels\1319_10_55_41_954634-2023-11-10.txt:4: bbox clipped to image boundary from (0.778983, 0.859161, 0.442035, 0.281678)"
d1,1,"D:\lct\datasets\.build_cache\d1\valid\labels\1319_10_55_51_132327-2023-11-10.txt:1: bbox clipped to image boundary from (0.778983, 0.859161, 0.442035, 0.281678)"
d1,1,"D:\lct\datasets\.build_cache\d1\valid\labels\1319_11_00_41_579724-2023-11-10.txt:2: bbox clipped to image boundary from (0.778983, 0.859161, 0.442035, 0.281678)"
d1,1,"D:\lct\datasets\.build_cache\d1\valid\labels\1319_11_02_58_035938-2023-11-10.txt:1: bbox clipped to image boundary from (0.778983, 0.859161, 0.442035, 0.281678)"
d1,1,"D:\lct\datasets\.build_cache\d1\valid\labels\1319_11_03_00_557380-2023-11-10.txt:3: bbox clipped to image boundary from (0.778983, 0.859161, 0.442035, 0.281678)"
d1,1,"D:\lct\datasets\.build_cache\d1\valid\labels\1319_11_03_06_374268-2023-11-10.txt:4: bbox clipped to image boundary from (0.778983, 0.859161, 0.442035, 0.281678)"
d1,1,"D:\lct\datasets\.build_cache\d1\valid\labels\1319_11_09_09_223128-2023-11-10.txt:3: bbox clipped to image boundary from (0.778983, 0.859161, 0.442035, 0.281678)"
d1,1,"D:\lct\datasets\.build_cache\d1\valid\labels\1319_11_28_59_284615-2023-11-10.txt:1: bbox clipped to image boundary from (0.307725, 0.855905, 0.365071, 0.288191)"
d1,1,"D:\lct\datasets\.build_cache\d1\valid\labels\1319_11_32_06_794577-2023-11-10.txt:1: bbox clipped to image boundary from (0.435889, 0.843586, 0.443653, 0.312829)"
d1,1,"D:\lct\datasets\.build_cache\d1\valid\labels\1319_11_32_10_908487-2023-11-10.txt:1: bbox clipped to image boundary from (0.730578, 0.819145, 0.430807, 0.361711)"
d1,1,"D:\lct\datasets\.build_cache\d1\valid\labels\1319_11_39_10_119331-2023-11-10.txt:1: bbox clipped to image boundary from (0.820802, 0.820164, 0.358397, 0.359671)"
d1,1,"D:\lct\datasets\.build_cache\d1\valid\labels\1319_11_39_13_764536-2023-11-10.txt:2: bbox clipped to image boundary from (0.472926, 0.842497, 0.413813, 0.315007)"
d1,1,"D:\lct\datasets\.build_cache\d1\valid\labels\1319_11_39_16_793741-2023-11-10.txt:2: bbox clipped to image boundary from (0.216189, 0.842497, 0.281656, 0.315007)"
d1,1,"D:\lct\datasets\.build_cache\d1\valid\labels\1319_11_54_42_646715-2023-11-10.txt:1: bbox clipped to image boundary from (0.241103, 0.849201, 0.350986, 0.301599)"
d1,1,"D:\lct\datasets\.build_cache\d1\valid\labels\1319_12_19_53_524424-2023-11-10.txt:2: bbox clipped to image boundary from (0.868895, 0.823724, 0.26221, 0.352553)"
d1,1,"D:\lct\datasets\.build_cache\d1\valid\labels\1319_12_27_38_757555-2023-11-10.txt:1: bbox clipped to image boundary from (0.329241, 0.855836, 0.385714, 0.288329)"
d1,1,"D:\lct\datasets\.build_cache\d1\valid\labels\1319_12_47_00_498438-2023-11-10.txt:1: bbox clipped to image boundary from (0.739416, 0.829086, 0.413817, 0.341829)"
d1,1,"D:\lct\datasets\.build_cache\d1\valid\labels\1319_12_47_04_063069-2023-11-10.txt:1: bbox clipped to image boundary from (0.369472, 0.849201, 0.410565, 0.301599)"
d1,1,"D:\lct\datasets\.build_cache\d1\valid\labels\1319_12_47_05_507758-2023-11-10.txt:1: bbox clipped to image boundary from (0.239477, 0.843836, 0.314156, 0.312329)"
d1,1,"D:\lct\datasets\.build_cache\d1\valid\labels\1319_12_47_11_349410-2023-11-10.txt:1: bbox clipped to image boundary from (0.869708, 0.812803, 0.260584, 0.374395)"
d1,1,"D:\lct\datasets\.build_cache\d1\valid\labels\1319_12_47_14_354615-2023-11-10.txt:1: bbox clipped to image boundary from (0.715041, 0.823724, 0.461481, 0.352553)"
d1,1,"D:\lct\datasets\.build_cache\d1\valid\labels\1319_12_47_14_354615-2023-11-10.txt:2: bbox clipped to image boundary from (0.02441, 0.726947, 0.048821, 0.178158)"
d1,1,"D:\lct\datasets\.build_cache\d1\valid\labels\1319_12_47_24_637289-2023-11-10.txt:1: bbox clipped to image boundary from (0.458845, 0.849586, 0.45173, 0.300829)"
d1,1,"D:\lct\datasets\.build_cache\d1\valid\labels\1319_12_47_40_470475-2023-11-10.txt:1: bbox clipped to image boundary from (0.269269, 0.846711, 0.321737, 0.306579)"
d1,1,"D:\lct\datasets\.build_cache\d1\valid\labels\1319_12_51_30_128381-2023-11-10.txt:1: bbox clipped to image boundary from (0.488876, 0.835428, 0.465774, 0.329145)"
d1,1,"D:\lct\datasets\.build_cache\d1\valid\labels\1319_12_51_35_120455-2023-11-10.txt:1: bbox clipped to image boundary from (0.764872, 0.806099, 0.336901, 0.387803)"
d1,1,"D:\lct\datasets\.build_cache\d1\valid\labels\1319_15_00_41_221794-2023-11-09.txt:1: bbox clipped to image boundary from (0.364875, 0.774711, 0.327615, 0.450579)"
d1,1,"D:\lct\datasets\.build_cache\d1\valid\labels\1319_15_00_42_878252-2023-11-09.txt:1: bbox clipped to image boundary from (0.277132, 0.777461, 0.275945, 0.445079)"
d1,1,"D:\lct\datasets\.build_cache\d1\valid\labels\1319_15_13_26_037175-2023-11-09.txt:2: bbox clipped to image boundary from (0.760571, 0.835132, 0.448225, 0.329737)"
d1,1,"D:\lct\datasets\.build_cache\d1\valid\labels\1319_15_13_27_709400-2023-11-09.txt:2: bbox clipped to image boundary from (0.653888, 0.844211, 0.485528, 0.311579)"
d1,1,"D:\lct\datasets\.build_cache\d1\valid\labels\1319_16_07_36_672480-2023-11-09.txt:1: bbox clipped to image boundary from (0.93208, 0.699033, 0.135841, 0.224013)"
d1,1,"D:\lct\datasets\.build_cache\d1\valid\labels\1319_21_31_38_087377-2023-11-09.txt:3: bbox clipped to image boundary from (0.165815, 0.837132, 0.288155, 0.325737)"
d1,1,"D:\lct\datasets\.build_cache\d1\valid\labels\1319_22_19_14_283948-2023-11-09.txt:1: bbox clipped to image boundary from (0.106138, 0.774112, 0.212277, 0.26875)"
d1,1,"D:\lct\datasets\.build_cache\d1\valid\labels\1319_22_45_22_220573-2023-11-09.txt:2: bbox clipped to image boundary from (0.277935, 0.843836, 0.419234, 0.312329)"
d1,1,"D:\lct\datasets\.build_cache\d1\valid\labels\1319_23_31_59_258754-2023-11-09.txt:2: bbox clipped to image boundary from (0.073158, 0.808365, 0.146317, 0.260533)"
d1,1,"D:\lct\datasets\.build_cache\d1\valid\labels\1319_23_32_24_263593-2023-11-09.txt:1: bbox clipped to image boundary from (0.283893, 0.837132, 0.396484, 0.325737)"
d1,1,"D:\lct\datasets\.build_cache\d1\valid\labels\1626_07_45_11_058791-2023-11-10.txt:2: bbox clipped to image boundary from (0.013999, 0.657539, 0.027999, 0.055697)"
d1,1,"D:\lct\datasets\.build_cache\d1\valid\labels\1626_08_13_32_899006-2023-11-10.txt:2: bbox clipped to image boundary from (0.006099, 0.646911, 0.012199, 0.04373)"
d1,1,"D:\lct\datasets\.build_cache\d1\valid\labels\1626_09_05_46_540079-2023-11-10.txt:1: bbox clipped to image boundary from (0.180895, 0.865099, 0.269386, 0.269803)"
d1,1,"D:\lct\datasets\.build_cache\d1\valid\labels\1626_09_43_28_303786-2023-11-10.txt:4: bbox clipped to image boundary from (0.696055, 0.871655, 0.607891, 0.256691)"
d1,1,"D:\lct\datasets\.build_cache\d1\valid\labels\1626_11_21_16_062253-2023-11-10.txt:1: bbox clipped to image boundary from (0.196261, 0.913655, 0.169606, 0.172691)"
d1,1,"D:\lct\datasets\.build_cache\d1\valid\labels\1626_11_21_16_062253-2023-11-10.txt:3: bbox clipped to image boundary from (0.034397, 0.644069, 0.068795, 0.052309)"
d1,1,"D:\lct\datasets\.build_cache\d1\valid\labels\1626_11_33_54_586070-2023-11-10.txt:3: bbox clipped to image boundary from (0.014808, 0.660283, 0.029617, 0.066618)"
d1,1,"D:\lct\datasets\.build_cache\d1\valid\labels\1626_11_59_33_178296-2023-11-10.txt:2: bbox clipped to image boundary from (0.684767, 0.919803, 0.630465, 0.160395)"
d1,1,"D:\lct\datasets\.build_cache\d1\valid\labels\1626_12_24_08_725187-2023-11-10.txt:5: bbox clipped to image boundary from (0.206786, 0.880109, 0.282411, 0.239783)"
d1,1,"D:\lct\datasets\.build_cache\d1\valid\labels\1626_12_48_51_931407-2023-11-10.txt:1: bbox clipped to image boundary from (0.141583, 0.871053, 0.164044, 0.257895)"
d1,1,"D:\lct\datasets\.build_cache\d1\valid\labels\1626_14_41_46_369021-2023-11-09.txt:1: bbox clipped to image boundary from (0.402439, 0.91477, 0.57426, 0.170461)"
d1,1,"D:\lct\datasets\.build_cache\d1\valid\labels\1626_15_06_18_898289-2023-11-09.txt:1: bbox clipped to image boundary from (0.229222, 0.793224, 0.218415, 0.413553)"
d1,1,"D:\lct\datasets\.build_cache\d1\valid\labels\1626_16_14_58_083189-2023-11-09.txt:3: bbox clipped to image boundary from (0.083681, 0.857895, 0.1283, 0.284211)"
d1,1,"D:\lct\datasets\.build_cache\d1\valid\labels\1626_16_27_42_882370-2023-11-09.txt:2: bbox clipped to image boundary from (0.142933, 0.896849, 0.151633, 0.206303)"
d1,1,"D:\lct\datasets\.build_cache\d1\valid\labels\1626_17_24_32_495942-2023-11-09.txt:1: bbox clipped to image boundary from (0.161324, 0.87452, 0.254167, 0.250961)"
d1,1,"D:\lct\datasets\.build_cache\d1\valid\labels\2501_10_57_40_842058-2023-10-17.txt:2: bbox clipped to image boundary from (0.762648, 0.736806, 0.299531, 0.526389)"
d1,1,"D:\lct\datasets\.build_cache\d1\valid\labels\2501_10_58_43_348056-2023-10-17.txt:1: bbox clipped to image boundary from (0.864453, 0.772917, 0.271094, 0.454167)"
d1,1,"D:\lct\datasets\.build_cache\d1\valid\labels\2501_10_58_54_561103-2023-10-17.txt:2: bbox clipped to image boundary from (0.712891, 0.793056, 0.238281, 0.413889)"
d1,1,"D:\lct\datasets\.build_cache\d1\valid\labels\2501_11_10_40_093727-2023-10-18.txt:2: bbox clipped to image boundary from (0.758516, 0.621389, 0.482969, 0.757222)"
d1,1,"D:\lct\datasets\.build_cache\d1\valid\labels\2501_11_11_07_253120-2023-10-18.txt:1: bbox clipped to image boundary from (0.820469, 0.675694, 0.359063, 0.648611)"
d1,1,"D:\lct\datasets\.build_cache\d1\valid\labels\2501_11_14_09_571173-2023-10-17.txt:2: bbox clipped to image boundary from (0.961719, 0.431944, 0.076563, 0.222222)"
d1,1,"D:\lct\datasets\.build_cache\d1\valid\labels\2501_11_15_36_448599-2023-10-17.txt:2: bbox clipped to image boundary from (0.962891, 0.356944, 0.074219, 0.183333)"
d1,1,"D:\lct\datasets\.build_cache\d1\valid\labels\2501_11_16_17_758517-2023-10-17.txt:1: bbox clipped to image boundary from (0.969141, 0.319444, 0.061719, 0.141667)"
d1,1,"D:\lct\datasets\.build_cache\d1\valid\labels\2501_11_16_18_450938-2023-10-17.txt:2: bbox clipped to image boundary from (0.950391, 0.303472, 0.099219, 0.143056)"
d1,1,"D:\lct\datasets\.build_cache\d1\valid\labels\2501_11_16_52_998755-2023-10-17.txt:1: bbox clipped to image boundary from (0.962891, 0.383333, 0.074219, 0.188889)"
d1,1,"D:\lct\datasets\.build_cache\d1\valid\labels\2501_11_26_05_937937-2023-10-18.txt:1: bbox clipped to image boundary from (0.798438, 0.655486, 0.403125, 0.689028)"
d1,1,"D:\lct\datasets\.build_cache\d1\valid\labels\2501_11_32_06_950920-2023-10-17.txt:3: bbox clipped to image boundary from (0.755078, 0.636806, 0.489844, 0.726389)"
d1,1,"D:\lct\datasets\.build_cache\d1\valid\labels\2501_11_32_08_291464-2023-10-17.txt:2: bbox clipped to image boundary from (0.764844, 0.6375, 0.470313, 0.725)"
d1,1,"D:\lct\datasets\.build_cache\d1\valid\labels\2501_11_45_15_689680-2023-10-18.txt:1: bbox clipped to image boundary from (0.856641, 0.711806, 0.286719, 0.576389)"
d1,1,"D:\lct\datasets\.build_cache\d1\valid\labels\2501_11_47_20_359513-2023-09-22.txt:2: bbox clipped to image boundary from (0.896094, 0.385417, 0.207813, 0.295833)"
d1,1,"D:\lct\datasets\.build_cache\d1\valid\labels\2501_11_47_21_162579-2023-09-22.txt:1: bbox clipped to image boundary from (0.880469, 0.4, 0.239063, 0.325)"
d1,1,"D:\lct\datasets\.build_cache\d1\valid\labels\2501_11_48_26_946470-2023-10-18.txt:1: bbox clipped to image boundary from (0.839063, 0.686806, 0.321875, 0.626389)"
d1,1,"D:\lct\datasets\.build_cache\d1\valid\labels\2501_11_54_02_076501-2023-10-17.txt:2: bbox clipped to image boundary from (0.734766, 0.675, 0.530469, 0.65)"
d1,1,"D:\lct\datasets\.build_cache\d1\valid\labels\2501_11_54_04_223903-2023-10-17.txt:3: bbox clipped to image boundary from (0.750391, 0.705556, 0.499219, 0.588889)"
d1,1,"D:\lct\datasets\.build_cache\d1\valid\labels\2501_11_56_14_841829-2023-09-22.txt:3: bbox clipped to image boundary from (0.853555, 0.381875, 0.292891, 0.310972)"
d1,1,"D:\lct\datasets\.build_cache\d1\valid\labels\2501_11_58_05_877547-2023-10-18.txt:1: bbox clipped to image boundary from (0.773984, 0.662292, 0.452031, 0.675417)"
d1,1,"D:\lct\datasets\.build_cache\d1\valid\labels\2501_12_01_03_195266-2023-10-18.txt:1: bbox clipped to image boundary from (0.923438, 0.257639, 0.153125, 0.209722)"
d1,1,"D:\lct\datasets\.build_cache\d1\valid\labels\2501_12_10_43_223943-2023-10-17.txt:1: bbox clipped to image boundary from (0.909766, 0.577083, 0.180469, 0.681944)"
d1,1,"D:\lct\datasets\.build_cache\d1\valid\labels\2501_12_10_44_054598-2023-10-17.txt:3: bbox clipped to image boundary from (0.912891, 0.635417, 0.174219, 0.729167)"
d1,1,"D:\lct\datasets\.build_cache\d1\valid\labels\2501_12_31_37_670912-2023-10-17.txt:1: bbox clipped to image boundary from (0.776563, 0.651389, 0.446875, 0.697222)"
d1,1,"D:\lct\datasets\.build_cache\d1\valid\labels\2501_12_31_38_887153-2023-10-17.txt:4: bbox clipped to image boundary from (0.786719, 0.671528, 0.426563, 0.656944)"
d1,1,"D:\lct\datasets\.build_cache\d1\valid\labels\2501_12_31_41_446241-2023-10-17.txt:1: bbox clipped to image boundary from (0.821094, 0.705556, 0.357812, 0.588889)"
d1,1,"D:\lct\datasets\.build_cache\d1\valid\labels\2501_12_31_42_658215-2023-10-17.txt:2: bbox clipped to image boundary from (0.847266, 0.733333, 0.305469, 0.533333)"
d1,1,"D:\lct\datasets\.build_cache\d1\valid\labels\2501_12_34_37_118441-2023-09-22.txt:1: bbox clipped to image boundary from (0.896094, 0.403472, 0.207813, 0.3125)"
d1,1,"D:\lct\datasets\.build_cache\d1\valid\labels\2501_12_34_38_551692-2023-09-22.txt:1: bbox clipped to image boundary from (0.841016, 0.391667, 0.317969, 0.330556)"
d1,1,"D:\lct\datasets\.build_cache\d1\valid\labels\2501_12_47_37_280470-2023-09-22.txt:2: bbox clipped to image boundary from (0.792188, 0.684028, 0.415625, 0.631944)"
d1,1,"D:\lct\datasets\.build_cache\d1\valid\labels\2501_12_56_35_271977-2023-10-18.txt:1: bbox clipped to image boundary from (0.792188, 0.683333, 0.415625, 0.633333)"
d1,1,"D:\lct\datasets\.build_cache\d1\valid\labels\2501_13_00_25_384512-2023-09-22.txt:3: bbox clipped to image boundary from (0.800391, 0.674306, 0.399219, 0.651389)"
d1,1,"D:\lct\datasets\.build_cache\d1\valid\labels\2501_13_03_55_143966-2023-10-17.txt:1: bbox clipped to image boundary from (0.941016, 0.299306, 0.117969, 0.170833)"
d1,1,"D:\lct\datasets\.build_cache\d1\valid\labels\2501_13_29_03_827348-2023-09-22.txt:4: bbox clipped to image boundary from (0.778516, 0.677083, 0.442969, 0.645833)"
d1,1,"D:\lct\datasets\.build_cache\d1\valid\labels\2501_13_30_21_106141-2023-09-22.txt:1: bbox clipped to image boundary from (0.737891, 0.595139, 0.524219, 0.809722)"
d1,1,"D:\lct\datasets\.build_cache\d1\valid\labels\2501_13_30_22_442485-2023-09-22.txt:2: bbox clipped to image boundary from (0.805469, 0.616667, 0.389062, 0.766667)"
d1,1,"D:\lct\datasets\.build_cache\d1\valid\labels\2501_13_52_55_309265-2023-09-22.txt:4: bbox clipped to image boundary from (0.775, 0.686806, 0.45, 0.626389)"
d1,1,"D:\lct\datasets\.build_cache\d1\valid\labels\2501_13_52_56_264229-2023-09-22.txt:4: bbox clipped to image boundary from (0.751563, 0.649306, 0.496875, 0.701389)"
d1,1,"D:\lct\datasets\.build_cache\d1\valid\labels\2501_13_52_57_080442-2023-09-22.txt:3: bbox clipped to image boundary from (0.737109, 0.618056, 0.525781, 0.763889)"
d1,1,"D:\lct\datasets\.build_cache\d1\valid\labels\2501_13_58_01_076922-2023-10-16.txt:2: bbox clipped to image boundary from (0.898438, 0.35, 0.203125, 0.288889)"
d1,1,"D:\lct\datasets\.build_cache\d1\valid\labels\2501_13_58_07_273195-2023-10-16.txt:2: bbox clipped to image boundary from (0.964063, 0.291667, 0.071875, 0.288889)"
d1,1,"D:\lct\datasets\.build_cache\d1\valid\labels\2501_14_09_11_794866-2023-09-22.txt:3: bbox clipped to image boundary from (0.742188, 0.645139, 0.515625, 0.709722)"
d1,1,"D:\lct\datasets\.build_cache\d1\valid\labels\2501_14_09_20_584674-2023-09-22.txt:6: bbox clipped to image boundary from (0.801172, 0.722917, 0.397656, 0.554167)"
d1,1,"D:\lct\datasets\.build_cache\d1\valid\labels\2501_14_09_22_465255-2023-09-22.txt:5: bbox clipped to image boundary from (0.763281, 0.668056, 0.473438, 0.663889)"
d1,1,"D:\lct\datasets\.build_cache\d1\valid\labels\2501_14_09_23_401296-2023-09-22.txt:2: bbox clipped to image boundary from (0.749219, 0.645139, 0.501563, 0.709722)"
d1,1,"D:\lct\datasets\.build_cache\d1\valid\labels\2501_14_16_11_881516-2023-10-17.txt:1: bbox clipped to image boundary from (0.833594, 0.735417, 0.26875, 0.529167)"
d1,1,"D:\lct\datasets\.build_cache\d1\valid\labels\2501_14_16_11_934803-2023-10-17.txt:2: bbox clipped to image boundary from (0.878516, 0.788194, 0.242969, 0.423611)"
d1,1,"D:\lct\datasets\.build_cache\d1\valid\labels\2501_14_16_13_830346-2023-10-17.txt:1: bbox clipped to image boundary from (0.755469, 0.629861, 0.489063, 0.740278)"
d1,1,"D:\lct\datasets\.build_cache\d1\valid\labels\2501_14_16_15_142595-2023-10-17.txt:1: bbox clipped to image boundary from (0.769141, 0.639583, 0.461719, 0.720833)"
d1,1,"D:\lct\datasets\.build_cache\d1\valid\labels\2501_14_16_16_327666-2023-10-17.txt:1: bbox clipped to image boundary from (0.781641, 0.65625, 0.436719, 0.6875)"
d1,1,"D:\lct\datasets\.build_cache\d1\valid\labels\2501_14_16_17_637377-2023-10-17.txt:1: bbox clipped to image boundary from (0.801953, 0.668056, 0.396094, 0.663889)"
d1,1,"D:\lct\datasets\.build_cache\d1\valid\labels\2501_14_16_20_255384-2023-10-17.txt:1: bbox clipped to image boundary from (0.864844, 0.717361, 0.270313, 0.565278)"
d1,1,"D:\lct\datasets\.build_cache\d1\valid\labels\2501_14_20_23_368400-2023-10-16.txt:1: bbox clipped to image boundary from (0.767188, 0.630556, 0.465625, 0.738889)"
d1,1,"D:\lct\datasets\.build_cache\d1\valid\labels\2501_14_20_24_553023-2023-10-16.txt:1: bbox clipped to image boundary from (0.758594, 0.630556, 0.482812, 0.738889)"
d1,1,"D:\lct\datasets\.build_cache\d1\valid\labels\2501_14_26_33_600870-2023-09-22.txt:2: bbox clipped to image boundary from (0.710938, 0.618056, 0.50625, 0.763889)"
d1,1,"D:\lct\datasets\.build_cache\d1\valid\labels\2501_14_26_37_318000-2023-09-22.txt:2: bbox clipped to image boundary from (0.812891, 0.721528, 0.374219, 0.556944)"
d1,1,"D:\lct\datasets\.build_cache\d1\valid\labels\2501_14_35_29_745843-2023-09-22.txt:1: bbox clipped to image boundary from (0.830078, 0.704167, 0.339844, 0.591667)"
d1,1,"D:\lct\datasets\.build_cache\d1\valid\labels\2501_14_39_04_740471-2023-09-22.txt:2: bbox clipped to image boundary from (0.787109, 0.722917, 0.425781, 0.554167)"
d1,1,"D:\lct\datasets\.build_cache\d1\valid\labels\2501_14_41_24_920038-2023-10-17.txt:1: bbox clipped to image boundary from (0.89375, 0.711806, 0.2125, 0.576389)"
d1,1,"D:\lct\datasets\.build_cache\d1\valid\labels\2501_14_41_26_261821-2023-10-17.txt:1: bbox clipped to image boundary from (0.850781, 0.680556, 0.298438, 0.638889)"
d1,1,"D:\lct\datasets\.build_cache\d1\valid\labels\2501_14_50_05_093444-2023-10-17.txt:1: bbox clipped to image boundary from (0.755078, 0.624306, 0.489844, 0.751389)"
d1,1,"D:\lct\datasets\.build_cache\d1\valid\labels\2501_14_54_40_678777-2023-10-16.txt:2: bbox clipped to image boundary from (0.731641, 0.741667, 0.299219, 0.516667)"
d1,1,"D:\lct\datasets\.build_cache\d1\valid\labels\2501_14_56_53_470170-2023-09-22.txt:2: bbox clipped to image boundary from (0.797266, 0.670833, 0.405469, 0.658333)"
d1,1,"D:\lct\datasets\.build_cache\d1\valid\labels\2501_15_00_02_198272-2023-09-22.txt:1: bbox clipped to image boundary from (0.787891, 0.657639, 0.424219, 0.684722)"
d1,1,"D:\lct\datasets\.build_cache\d1\valid\labels\2501_15_00_23_363004-2023-10-16.txt:1: bbox clipped to image boundary from (0.941016, 0.328472, 0.117969, 0.2625)"
d1,1,"D:\lct\datasets\.build_cache\d1\valid\labels\2501_15_00_48_915389-2023-10-17.txt:1: bbox clipped to image boundary from (0.8, 0.629167, 0.4, 0.741667)"
d1,1,"D:\lct\datasets\.build_cache\d1\valid\labels\2501_15_14_39_128183-2023-10-16.txt:2: bbox clipped to image boundary from (0.937891, 0.273611, 0.124219, 0.191667)"
d1,1,"D:\lct\datasets\.build_cache\d1\valid\labels\2501_15_15_04_116512-2023-10-16.txt:1: bbox clipped to image boundary from (0.925391, 0.326389, 0.149219, 0.258333)"
d1,1,"D:\lct\datasets\.build_cache\d1\valid\labels\2501_15_15_05_420389-2023-10-16.txt:2: bbox clipped to image boundary from (0.903516, 0.334722, 0.192969, 0.288889)"
d1,1,"D:\lct\datasets\.build_cache\d1\valid\labels\2501_15_15_39_211794-2023-10-16.txt:2: bbox clipped to image boundary from (0.911719, 0.849306, 0.176563, 0.301389)"
d1,1,"D:\lct\datasets\.build_cache\d1\valid\labels\2501_15_27_04_134732-2023-10-16.txt:1: bbox clipped to image boundary from (0.790625, 0.604167, 0.41875, 0.791667)"
d1,1,"D:\lct\datasets\.build_cache\d1\valid\labels\2501_15_27_05_323124-2023-10-16.txt:1: bbox clipped to image boundary from (0.849219, 0.636806, 0.301563, 0.726389)"
d1,1,"D:\lct\datasets\.build_cache\d1\valid\labels\2501_15_34_04_576734-2023-10-17.txt:1: bbox clipped to image boundary from (0.759766, 0.631944, 0.480469, 0.736111)"
d1,1,"D:\lct\datasets\.build_cache\d1\valid\labels\2501_15_48_42_245862-2023-10-17.txt:1: bbox clipped to image boundary from (0.775781, 0.654167, 0.448437, 0.691667)"
d1,1,"D:\lct\datasets\.build_cache\d1\valid\labels\2501_15_51_05_184869-2023-10-16.txt:1: bbox clipped to image boundary from (0.787109, 0.699306, 0.425781, 0.601389)"
d1,1,"D:\lct\datasets\.build_cache\d1\valid\labels\2501_15_51_06_367509-2023-10-16.txt:1: bbox clipped to image boundary from (0.806641, 0.729167, 0.386719, 0.541667)"
d1,1,"D:\lct\datasets\.build_cache\d1\valid\labels\2501_15_53_16_320226-2023-10-16.txt:1: bbox clipped to image boundary from (0.972266, 0.317361, 0.055469, 0.265278)"
d1,1,"D:\lct\datasets\.build_cache\d1\valid\labels\2501_15_54_03_353808-2023-10-17.txt:1: bbox clipped to image boundary from (0.881227, 0.728639, 0.237547, 0.542722)"
d1,1,"D:\lct\datasets\.build_cache\d1\valid\labels\2501_16_18_32_471002-2023-10-16.txt:1: bbox clipped to image boundary from (0.800391, 0.672222, 0.399219, 0.655556)"
d1,1,"D:\lct\datasets\.build_cache\d1\valid\labels\2501_16_31_10_471568-2023-10-17.txt:1: bbox clipped to image boundary from (0.839063, 0.429861, 0.321875, 0.429167)"
d1,1,"D:\lct\datasets\.build_cache\d1\valid\labels\2501_16_32_35_603418-2023-10-17.txt:1: bbox clipped to image boundary from (0.922266, 0.390278, 0.155469, 0.383333)"
d1,1,"D:\lct\datasets\.build_cache\d1\valid\labels\2501_16_33_24_174284-2023-10-17.txt:2: bbox clipped to image boundary from (0.880469, 0.390972, 0.239063, 0.495833)"
d1,1,"D:\lct\datasets\.build_cache\d1\valid\labels\2501_16_33_32_866704-2023-10-17.txt:2: bbox clipped to image boundary from (0.901172, 0.622917, 0.197656, 0.754167)"
d1,1,"D:\lct\datasets\.build_cache\d1\valid\labels\2501_16_33_36_640084-2023-10-17.txt:1: bbox clipped to image boundary from (0.911719, 0.609028, 0.176563, 0.781944)"
d1,1,"D:\lct\datasets\.build_cache\d1\valid\labels\2501_16_33_41_723620-2023-10-17.txt:2: bbox clipped to image boundary from (0.867188, 0.606944, 0.265625, 0.786111)"
d1,1,"D:\lct\datasets\.build_cache\d1\valid\labels\2501_16_33_44_191822-2023-10-17.txt:2: bbox clipped to image boundary from (0.850391, 0.601389, 0.299219, 0.797222)"
d1,1,"D:\lct\datasets\.build_cache\d1\valid\labels\2501_16_33_46_674147-2023-10-17.txt:1: bbox clipped to image boundary from (0.825391, 0.603472, 0.349219, 0.793056)"
d1,1,"D:\lct\datasets\.build_cache\d1\valid\labels\2501_16_33_47_862362-2023-10-17.txt:1: bbox clipped to image boundary from (0.825391, 0.59375, 0.349219, 0.8125)"
d1,1,"D:\lct\datasets\.build_cache\d1\valid\labels\2501_16_33_50_459393-2023-10-17.txt:2: bbox clipped to image boundary from (0.803516, 0.584722, 0.392969, 0.830556)"
d1,1,"D:\lct\datasets\.build_cache\d1\valid\labels\2501_16_37_34_116969-2023-10-17.txt:2: bbox clipped to image boundary from (0.871094, 0.618056, 0.257812, 0.763889)"
d1,1,"D:\lct\datasets\.build_cache\d1\valid\labels\2501_16_37_35_431772-2023-10-17.txt:1: bbox clipped to image boundary from (0.8875, 0.618056, 0.225, 0.763889)"
d1,1,"D:\lct\datasets\.build_cache\d1\valid\labels\2501_16_38_15_371249-2023-10-17.txt:2: bbox clipped to image boundary from (0.750391, 0.677083, 0.499219, 0.645833)"
d1,1,"D:\lct\datasets\.build_cache\d1\valid\labels\2501_16_38_27_890425-2023-10-17.txt:1: bbox clipped to image boundary from (0.771875, 0.710417, 0.45625, 0.579167)"
d1,1,"D:\lct\datasets\.build_cache\d1\valid\labels\2501_16_38_29_069864-2023-10-17.txt:1: bbox clipped to image boundary from (0.771875, 0.710417, 0.45625, 0.579167)"
d1,1,"D:\lct\datasets\.build_cache\d1\valid\labels\2501_16_38_30_373375-2023-10-17.txt:1: bbox clipped to image boundary from (0.771875, 0.710417, 0.45625, 0.579167)"
d1,1,"D:\lct\datasets\.build_cache\d1\valid\labels\2501_16_38_35_341935-2023-10-17.txt:1: bbox clipped to image boundary from (0.793359, 0.722917, 0.413281, 0.554167)"
d1,1,"D:\lct\datasets\.build_cache\d1\valid\labels\2501_16_38_37_825662-2023-10-17.txt:1: bbox clipped to image boundary from (0.793359, 0.722917, 0.413281, 0.554167)"
d1,1,"D:\lct\datasets\.build_cache\d1\valid\labels\2501_16_38_39_134843-2023-10-17.txt:1: bbox clipped to image boundary from (0.793359, 0.722917, 0.413281, 0.554167)"
d1,1,"D:\lct\datasets\.build_cache\d1\valid\labels\2501_16_38_46_638523-2023-10-17.txt:1: bbox clipped to image boundary from (0.793359, 0.722917, 0.413281, 0.554167)"
d1,1,"D:\lct\datasets\.build_cache\d1\valid\labels\2501_16_38_47_821970-2023-10-17.txt:1: bbox clipped to image boundary from (0.793359, 0.722917, 0.413281, 0.554167)"
d1,1,"D:\lct\datasets\.build_cache\d1\valid\labels\2501_16_38_49_509883-2023-10-17.txt:1: bbox clipped to image boundary from (0.793359, 0.722917, 0.413281, 0.554167)"
d1,1,"D:\lct\datasets\.build_cache\d1\valid\labels\2501_16_38_50_439796-2023-10-17.txt:1: bbox clipped to image boundary from (0.793359, 0.722917, 0.413281, 0.554167)"
d1,1,"D:\lct\datasets\.build_cache\d1\valid\labels\2501_16_38_53_876204-2023-10-17.txt:1: bbox clipped to image boundary from (0.793359, 0.722917, 0.413281, 0.554167)"
d1,1,"D:\lct\datasets\.build_cache\d1\valid\labels\2501_16_38_54_805955-2023-10-17.txt:2: bbox clipped to image boundary from (0.794141, 0.728472, 0.411719, 0.543056)"
d1,1,"D:\lct\datasets\.build_cache\d1\valid\labels\2501_16_39_00_120359-2023-10-17.txt:2: bbox clipped to image boundary from (0.946094, 0.278472, 0.107813, 0.2375)"
d1,1,"D:\lct\datasets\.build_cache\d1\valid\labels\2501_16_39_01_549951-2023-10-17.txt:1: bbox clipped to image boundary from (0.793359, 0.722917, 0.413281, 0.554167)"
d1,1,"D:\lct\datasets\.build_cache\d1\valid\labels\2501_16_39_02_794134-2023-10-17.txt:1: bbox clipped to image boundary from (0.793359, 0.722917, 0.413281, 0.554167)"
d1,1,"D:\lct\datasets\.build_cache\d1\valid\labels\2501_16_39_02_794134-2023-10-17.txt:2: bbox clipped to image boundary from (0.784766, 0.365972, 0.430469, 0.415278)"
d1,1,"D:\lct\datasets\.build_cache\d1\valid\labels\2501_16_39_09_362890-2023-10-17.txt:2: bbox clipped to image boundary from (0.793359, 0.722917, 0.413281, 0.554167)"
d1,1,"D:\lct\datasets\.build_cache\d1\valid\labels\2501_16_39_10_417149-2023-10-17.txt:1: bbox clipped to image boundary from (0.793359, 0.722917, 0.413281, 0.554167)"
d1,1,"D:\lct\datasets\.build_cache\d1\valid\labels\2501_16_39_12_880233-2023-10-17.txt:1: bbox clipped to image boundary from (0.793359, 0.722917, 0.413281, 0.554167)"
d1,1,"D:\lct\datasets\.build_cache\d1\valid\labels\2501_16_39_21_768843-2023-10-17.txt:1: bbox clipped to image boundary from (0.795312, 0.729167, 0.409375, 0.541667)"
d1,1,"D:\lct\datasets\.build_cache\d1\valid\labels\2501_16_39_29_266363-2023-10-17.txt:3: bbox clipped to image boundary from (0.796094, 0.727778, 0.407813, 0.544444)"
d1,1,"D:\lct\datasets\.build_cache\d1\valid\labels\2501_16_39_36_655899-2023-10-17.txt:2: bbox clipped to image boundary from (0.794141, 0.728472, 0.411719, 0.543056)"
d1,1,"D:\lct\datasets\.build_cache\d1\valid\labels\2501_16_39_39_374383-2023-10-17.txt:3: bbox clipped to image boundary from (0.789844, 0.710417, 0.420312, 0.579167)"
d1,1,"D:\lct\datasets\.build_cache\d1\valid\labels\2501_16_41_59_302342-2023-10-17.txt:2: bbox clipped to image boundary from (0.925391, 0.336806, 0.149219, 0.345833)"
d1,1,"D:\lct\datasets\.build_cache\d1\valid\labels\2501_16_42_05_432298-2023-10-17.txt:1: bbox clipped to image boundary from (0.972266, 0.283333, 0.055469, 0.247222)"
d1,1,"D:\lct\datasets\.build_cache\d1\valid\labels\2501_16_50_27_788449-2023-10-17.txt:1: bbox clipped to image boundary from (0.897266, 0.216667, 0.205469, 0.388889)"
d1,1,"D:\lct\datasets\.build_cache\d1\valid\labels\2501_16_50_47_919328-2023-10-17.txt:1: bbox clipped to image boundary from (0.919141, 0.223611, 0.161719, 0.366667)"
d1,1,"D:\lct\datasets\.build_cache\d1\valid\labels\2501_17_20_32_541918-2023-10-17.txt:2: bbox clipped to image boundary from (0.787891, 0.620139, 0.424219, 0.759722)"
d1,1,"D:\lct\datasets\.build_cache\d1\valid\labels\2501_17_20_35_142059-2023-10-17.txt:2: bbox clipped to image boundary from (0.772656, 0.611806, 0.454688, 0.776389)"
d1,1,"D:\lct\datasets\.build_cache\d1\valid\labels\2501_17_20_36_328323-2023-10-17.txt:1: bbox clipped to image boundary from (0.767188, 0.574306, 0.465625, 0.740278)"
d1,1,"D:\lct\datasets\.build_cache\d1\valid\labels\2501_17_21_03_760974-2023-10-17.txt:1: bbox clipped to image boundary from (0.816406, 0.666667, 0.367188, 0.666667)"
d1,1,"D:\lct\datasets\.build_cache\d1\valid\labels\2501_17_30_31_220217-2023-10-17.txt:2: bbox clipped to image boundary from (0.959766, 0.329861, 0.080469, 0.306944)"
d1,1,"D:\lct\datasets\.build_cache\d1\valid\labels\2501_17_30_43_764072-2023-10-17.txt:2: bbox clipped to image boundary from (0.925391, 0.275694, 0.149219, 0.234722)"
d1,1,"D:\lct\datasets\.build_cache\d1\valid\labels\2501_17_31_26_219246-2023-10-17.txt:3: bbox clipped to image boundary from (0.948438, 0.332639, 0.103125, 0.281944)"
d1,1,"D:\lct\datasets\.build_cache\d1\valid\labels\2501_17_31_42_485832-2023-10-17.txt:1: bbox clipped to image boundary from (0.914844, 0.357639, 0.170313, 0.365278)"
d1,1,"D:\lct\datasets\.build_cache\d1\valid\labels\2501_17_31_56_160495-2023-10-17.txt:1: bbox clipped to image boundary from (0.848047, 0.599306, 0.303906, 0.801389)"
d1,1,"D:\lct\datasets\.build_cache\d1\valid\labels\2501_17_32_02_601455-2023-10-17.txt:1: bbox clipped to image boundary from (0.862891, 0.609028, 0.274219, 0.781944)"
d1,1,"D:\lct\datasets\.build_cache\d1\valid\labels\2501_17_54_43_031755-2023-10-16.txt:3: bbox clipped to image boundary from (0.928516, 0.360417, 0.142969, 0.331944)"
d1,1,"D:\lct\datasets\.build_cache\d1\valid\labels\2501_17_54_48_945323-2023-10-16.txt:2: bbox clipped to image boundary from (0.944141, 0.290972, 0.111719, 0.234722)"
d1,1,"D:\lct\datasets\.build_cache\d1\valid\labels\2501_17_59_31_764102-2023-10-16.txt:2: bbox clipped to image boundary from (0.766797, 0.641667, 0.453906, 0.716667)"
d1,1,"D:\lct\datasets\.build_cache\d1\valid\labels\2501_18_00_43_298257-2023-10-16.txt:1: bbox clipped to image boundary from (0.927344, 0.572917, 0.145313, 0.540278)"
d1,1,"D:\lct\datasets\.build_cache\d1\valid\labels\2501_18_12_44_902291-2023-10-17.txt:1: bbox clipped to image boundary from (0.850391, 0.345139, 0.299219, 0.334722)"
d1,1,"D:\lct\datasets\.build_cache\d1\valid\labels\2501_18_12_45_987417-2023-10-17.txt:2: bbox clipped to image boundary from (0.825391, 0.340972, 0.349219, 0.343056)"
d1,1,"D:\lct\datasets\.build_cache\d1\valid\labels\camera_29.303_2023-12-30T16_15_57_137+03_00.txt:5: bbox extends outside image (0.975, 0.413426, 0.054167, 0.091667); line dropped"
d1,1,"D:\lct\datasets\.build_cache\d1\valid\labels\camera_29.303_2024-01-05T15_00_25_968+03_00.txt:1: bbox clipped to image boundary from (0.061458, 0.370833, 0.122917, 0.137963)"
d1,1,"D:\lct\datasets\.build_cache\d1\valid\labels\camera_6.401_2023-12-30T11_05_26_875+03_00.txt:1: bbox clipped to image boundary from (0.448698, 0.281481, 0.393229, 0.562963)"
d1,1,"D:\lct\datasets\.build_cache\d1\valid\labels\camera_6.401_2023-12-30T11_07_09_748+03_00.txt:2: bbox clipped to image boundary from (0.510938, 0.28287, 0.279167, 0.565741)"
d1,1,"D:\lct\datasets\.build_cache\d1\valid\labels\camera_6.401_2023-12-30T11_07_20_510+03_00.txt:2: bbox clipped to image boundary from (0.511979, 0.283333, 0.265625, 0.566667)"
d1,1,"D:\lct\datasets\.build_cache\d1\valid\labels\camera_6.401_2023-12-30T11_08_24_172+03_00.txt:1: bbox clipped to image boundary from (0.515104, 0.281944, 0.263542, 0.563889)"
d1,1,"D:\lct\datasets\.build_cache\d1\valid\labels\camera_6.401_2023-12-30T11_10_20_093+03_00.txt:1: bbox clipped to image boundary from (0.514062, 0.283333, 0.261458, 0.566667)"
d1,1,"D:\lct\datasets\.build_cache\d1\valid\labels\camera_6.401_2024-01-04T16_50_58_067+03_00.txt:1: bbox clipped to image boundary from (0.295833, 0.702315, 0.591667, 0.593519)"
d1,1,"D:\lct\datasets\.build_cache\d1\valid\labels\camera_6.401_2024-01-08T06_48_24_970+03_00.txt:2: bbox clipped to image boundary from (0.273411, 0.710185, 0.546823, 0.577778)"
d1,1,"D:\lct\datasets\.build_cache\d1\valid\labels\camera_6.401_2024-01-09T09_31_55_137+03_00.txt:1: bbox clipped to image boundary from (0.273958, 0.713889, 0.547917, 0.57037)"
d1,1,"D:\lct\datasets\.build_cache\d1\valid\labels\camera_6.701_2023-12-30T10_45_05_876+03_00.txt:1: bbox extends outside image (0.535937, 0.283333, 0.286458, 0.572222); line dropped"
d7,1,"D:\lct\datasets\.build_cache\d7\train\labels\0000076_jpg.rf.70ba463a8edca6106bfc55c0ac3e30ff.txt:3: bbox clipped to image boundary from (0.9438583333333335, 0.502, 0.11228333333333335, 0.2557)"
d7,1,"D:\lct\datasets\.build_cache\d7\train\labels\0000098_jpg.rf.83601860d16143186efdd6bb35e43bab.txt:1: bbox clipped to image boundary from (0.26536000000000004, 0.27504, 0.17238, 0.5500900000000001)"
d7,1,"D:\lct\datasets\.build_cache\d7\train\labels\0000148_jpg.rf.6b010bc2d4ae9a25bf1e660092bd1506.txt:1: bbox clipped to image boundary from (0.4768166666666666, 0.554611111111111, 0.9424666666666667, 0.890788888888889)"
d7,1,"D:\lct\datasets\.build_cache\d7\train\labels\0000220_jpg.rf.d2b047bd9f7dad3dda89124a6d655b3d.txt:1: bbox clipped to image boundary from (0.065775, 0.14335555555555557, 0.13155833333333333, 0.27540000000000003)"
d7,1,"D:\lct\datasets\.build_cache\d7\train\labels\0000251_jpg.rf.2e4358058b56d0e82676decad238ebe8.txt:2: bbox clipped to image boundary from (0.632411111111111, 0.7451416666666666, 0.7351888888888889, 0.40694166666666665)"
d7,1,"D:\lct\datasets\.build_cache\d7\train\labels\0000253_jpg.rf.a5d865711bdbeeab429bd56b20b1d383.txt:1: bbox clipped to image boundary from (0.8236640625, 0.5714270833333334, 0.3526796875, 0.8571458333333334)"
d7,1,"D:\lct\datasets\.build_cache\d7\train\labels\0000264_jpg.rf.e0ae84d2379a5aa4147de20e7ffdb933.txt:2: bbox clipped to image boundary from (0.47791666666666666, 0.43062222222222224, 0.29165833333333335, 0.8612555555555556)"
d7,1,"D:\lct\datasets\.build_cache\d7\train\labels\0000285_jpg.rf.c1c00fd746cb7ff3649c376b5d64f87c.txt:1: bbox clipped to image boundary from (0.6755312499999999, 0.27220833333333333, 0.565625, 0.5444583333333333)"
d7,1,"D:\lct\datasets\.build_cache\d7\train\labels\0000308_jpg.rf.6863cf17daac8c9db9998a8775023820.txt:1: bbox clipped to image boundary from (0.5970916666666667, 0.49348888888888887, 0.8058083333333333, 0.9869888888888888)"
d7,1,"D:\lct\datasets\.build_cache\d7\train\labels\0000321_jpg.rf.36a254d0bda1d1801cd3c3f67e33900b.txt:2: bbox clipped to image boundary from (0.7779, 0.4822333333333333, 0.4442111111111111, 0.9644666666666666)"
d7,1,"D:\lct\datasets\.build_cache\d7\train\labels\0000376_jpg.rf.c8d3d9db039a78e91cfc8171efc4c626.txt:1: bbox clipped to image boundary from (0.5846888888888889, 0.18430833333333332, 0.8136, 0.36862500000000004)"
d7,1,"D:\lct\datasets\.build_cache\d7\train\labels\0000387_jpg.rf.8bee760e175d04365de4ec945673bef2.txt:5: bbox clipped to image boundary from (0.020975, 0.34175, 0.041958333333333334, 0.6549875000000001)"
d7,1,"D:\lct\datasets\.build_cache\d7\train\labels\0000390_jpg.rf.da417807ff3fc7b8051fcb4cc8e6e94b.txt:1: bbox clipped to image boundary from (0.778625, 0.47471111111111114, 0.4427583333333333, 0.42754444444444445)"
d7,1,"D:\lct\datasets\.build_cache\d7\train\labels\0000396_jpg.rf.ec0a50fb7a23d39a75e47e931b7f87b8.txt:2: bbox clipped to image boundary from (0.46953333333333336, 0.8293444444444444, 0.9390750000000001, 0.3413222222222222)"
d7,1,"D:\lct\datasets\.build_cache\d7\train\labels\0000397_jpg.rf.bf0143340561bd08466d5e493dc2e418.txt:1: bbox clipped to image boundary from (0.311625, 0.18408888888888889, 0.16133333333333333, 0.36819259259259257)"
d7,1,"D:\lct\datasets\.build_cache\d7\train\labels\0000403_jpg.rf.98824a000866239cc9519722fb8a8fd3.txt:1: bbox clipped to image boundary from (0.11330000000000001, 0.5898666666666667, 0.22660833333333333, 0.17615555555555554)"
d7,1,"D:\lct\datasets\.build_cache\d7\train\labels\0000426_jpg.rf.74db7eec19c9eea2d8ae3f3b29ffb71c.txt:3: bbox clipped to image boundary from (0.47834444444444446, 0.31983333333333336, 0.9567, 0.480325)"
d7,1,"D:\lct\datasets\.build_cache\d7\train\labels\0000464_jpg.rf.86e2cb4b11f2cdbf7095094c8d3a7834.txt:2: bbox clipped to image boundary from (0.8798916666666666, 0.11014444444444443, 0.073425, 0.22030000000000002)"
d7,1,"D:\lct\datasets\.build_cache\d7\train\labels\0000471_jpg.rf.d0627f72d509c689ec1a83d2a51a2efb.txt:2: bbox clipped to image boundary from (0.5291666666666667, 0.5534777777777777, 0.7979166666666667, 0.8930555555555556)"
d7,1,"D:\lct\datasets\.build_cache\d7\train\labels\0000474_jpg.rf.5497c19eb86483b5f46587cc08037b8c.txt:4: bbox clipped to image boundary from (0.9795833333333334, 0.7361333333333333, 0.040841666666666665, 0.18984444444444445)"
d7,1,"D:\lct\datasets\.build_cache\d7\train\labels\0000481_jpg.rf.a1c34bcf099c5e2ca0c4f54622281aec.txt:4: bbox clipped to image boundary from (0.049675, 0.3146333333333334, 0.09935833333333334, 0.07981111111111111)"
d7,1,"D:\lct\datasets\.build_cache\d7\train\labels\0000512_jpg.rf.f67ce749c9a2133f4fba0465d391e665.txt:1: bbox clipped to image boundary from (0.154075, 0.1603888888888889, 0.30815833333333337, 0.30963333333333337)"
d7,1,"D:\lct\datasets\.build_cache\d7\train\labels\0000550_jpg.rf.96facddd1de4904e54715dd9a7c6919f.txt:1: bbox clipped to image boundary from (0.9360416666666667, 0.17672222222222222, 0.12792499999999998, 0.1256888888888889)"
d7,1,"D:\lct\datasets\.build_cache\d7\train\labels\0000558_jpg.rf.c1cd77b1933e0d34f4cd5ce5b1d2533b.txt:1: bbox clipped to image boundary from (0.13517777777777779, 0.6736416666666667, 0.2703666666666667, 0.07215833333333334)"
d7,1,"D:\lct\datasets\.build_cache\d7\train\labels\0000582_jpg.rf.4fa925f66236282de57dea7b850190bd.txt:2: bbox clipped to image boundary from (0.8960555555555555, 0.2182638888888889, 0.20790277777777777, 0.2334722222222222)"
d7,1,"D:\lct\datasets\.build_cache\d7\train\labels\0000593_jpg.rf.fca356e9b5eb5b014ab941adb6bd149d.txt:2: bbox clipped to image boundary from (0.09105, 0.8005185185185185, 0.18210833333333334, 0.39897777777777776)"
d7,1,"D:\lct\datasets\.build_cache\d7\train\labels\0000601_jpg.rf.72e149631371ed7006220dafa20ad5e2.txt:1: bbox clipped to image boundary from (0.9254722222222223, 0.2805925925925926, 0.14005555555555557, 0.5612037037037038)"
d7,1,"D:\lct\datasets\.build_cache\d7\train\labels\0000620_jpg.rf.f7b47863877d651967ebefcd3f171e15.txt:1: bbox clipped to image boundary from (0.04558333333333333, 0.09427083333333333, 0.09116666666666666, 0.1885486111111111)"
d7,1,"D:\lct\datasets\.build_cache\d7\train\labels\0000645_jpg.rf.a9144a064c1699fd8cbea1c48121e8dd.txt:5: bbox clipped to image boundary from (0.08154166666666667, 0.7380500000000001, 0.16309166666666666, 0.1277625)"
d7,1,"D:\lct\datasets\.build_cache\d7\train\labels\0000645_jpg.rf.a9144a064c1699fd8cbea1c48121e8dd.txt:6: bbox clipped to image boundary from (0.8533499999999999, 0.5253625000000001, 0.29330833333333334, 0.545025)"
d7,1,"D:\lct\datasets\.build_cache\d7\train\labels\0000659_jpg.rf.6c764c16119c90e1d61bddcc8763ddbc.txt:3: bbox clipped to image boundary from (0.6893444444444444, 0.48755833333333337, 0.6213222222222223, 0.5124)"
d7,1,"D:\lct\datasets\.build_cache\d7\train\labels\0000674_jpg.rf.970d9bfa9f863e567b5276ff92c2f29f.txt:4: bbox clipped to image boundary from (0.6446583333333333, 0.0894, 0.058324999999999995, 0.1788125)"
d7,1,"D:\lct\datasets\.build_cache\d7\train\labels\0000676_jpg.rf.6db2c6391461ce9c4eb9f9d032be06d5.txt:1: bbox clipped to image boundary from (0.6292333333333333, 0.546775, 0.6002222222222223, 0.9064583333333334)"
d7,1,"D:\lct\datasets\.build_cache\d7\train\labels\0000676_jpg.rf.6db2c6391461ce9c4eb9f9d032be06d5.txt:2: bbox clipped to image boundary from (0.4091, 0.5967749999999999, 0.8182, 0.8064583333333334)"
d7,1,"D:\lct\datasets\.build_cache\d7\train\labels\0000679_jpg.rf.a4e0992a321b1e73647be83d7293b861.txt:1: bbox clipped to image boundary from (0.2576, 0.2768888888888889, 0.5152083333333334, 0.5537777777777778)"
d7,1,"D:\lct\datasets\.build_cache\d7\train\labels\0000682_jpg.rf.6672d250426f4f503dafbfd3ca320f05.txt:2: bbox clipped to image boundary from (0.9466166666666667, 0.5, 0.106775, 1.0)"
d7,1,"D:\lct\datasets\.build_cache\d7\train\labels\0000714_jpg.rf.cd30d59e4ff90cdec388af48ccfef624.txt:1: bbox clipped to image boundary from (0.565575, 0.5246777777777778, 0.8688583333333334, 0.6684444444444445)"
d7,1,"D:\lct\datasets\.build_cache\d7\train\labels\0000729_jpg.rf.2188edd4353894b6aecbf78de2adc599.txt:1: bbox clipped to image boundary from (0.939125, 0.21317037037037034, 0.12175833333333334, 0.3300444444444445)"
d7,1,"D:\lct\datasets\.build_cache\d7\train\labels\0000733_jpg.rf.e730014c97f9f41f6d4318f6b429adeb.txt:2: bbox clipped to image boundary from (0.4171916666666667, 0.6092666666666667, 0.5457916666666667, 0.7814777777777778)"
d7,1,"D:\lct\datasets\.build_cache\d7\train\labels\0000768_jpg.rf.2fc71bc98dfad74ced0d4a8909576fbb.txt:5: bbox clipped to image boundary from (0.9026083333333335, 0.5652777777777778, 0.19479166666666667, 0.04722222222222222)"
d7,1,"D:\lct\datasets\.build_cache\d7\train\labels\0000791_jpg.rf.00fae9df81490cfd1b186daef61b110a.txt:2: bbox clipped to image boundary from (0.9348666666666666, 0.8798111111111112, 0.130275, 0.13284444444444446)"
d7,1,"D:\lct\datasets\.build_cache\d7\train\labels\0000791_jpg.rf.00fae9df81490cfd1b186daef61b110a.txt:6: bbox clipped to image boundary from (0.8484416666666666, 0.6104222222222222, 0.303125, 0.2263888888888889)"
d7,1,"D:\lct\datasets\.build_cache\d7\train\labels\0000808_jpg.rf.66a70a6ce069c21032704025e50eb807.txt:1: bbox clipped to image boundary from (0.8080926130099229, 0.4698562091503268, 0.3838037486218302, 0.9397254901960784)"
d7,1,"D:\lct\datasets\.build_cache\d7\train\labels\0000812_jpg.rf.4d2db8db7e23147f45bbc92154669567.txt:2: bbox clipped to image boundary from (0.3796833333333333, 0.41944444444444445, 0.759375, 0.39444444444444443)"
d7,1,"D:\lct\datasets\.build_cache\d7\train\labels\0000820_jpg.rf.2b43ad474c4dace2b6ee76fa66fe5608.txt:1: bbox clipped to image boundary from (0.5752916666666666, 0.2524, 0.6634833333333333, 0.5048111111111111)"
d7,1,"D:\lct\datasets\.build_cache\d7\train\labels\0000842_jpg.rf.5ca1d9c9a5658e8549448d1a4d725476.txt:1: bbox clipped to image boundary from (0.24747500000000003, 0.4248375, 0.4949583333333334, 0.48524999999999996)"
d7,1,"D:\lct\datasets\.build_cache\d7\train\labels\0000844_jpg.rf.6fc8b4daffd723a1c4bb218c21eec0bd.txt:1: bbox clipped to image boundary from (0.12958333333333333, 0.5051259259259259, 0.259175, 0.2942222222222222)"
d7,1,"D:\lct\datasets\.build_cache\d7\train\labels\0000853_jpg.rf.6e2433e85d647951275cbfe9b7b52493.txt:2: bbox clipped to image boundary from (0.42656666666666665, 0.6076444444444444, 0.48020833333333335, 0.7847222222222222)"
d7,1,"D:\lct\datasets\.build_cache\d7\train\labels\0000858_jpg.rf.4d294acd0681894445774811c4a44a3d.txt:1: bbox clipped to image boundary from (0.9678416666666667, 0.4740666666666667, 0.064325, 0.14945555555555554)"
d7,1,"D:\lct\datasets\.build_cache\d7\train\labels\0000861_jpg.rf.fd02a684e8b2a018d0acf72f0b2147ce.txt:2: bbox clipped to image boundary from (0.8888083333333333, 0.2599666666666667, 0.22239166666666668, 0.35581111111111113)"
d7,1,"D:\lct\datasets\.build_cache\d7\train\labels\0000878_jpg.rf.a8fbdc70d7d33b29deaac4746e6f41b8.txt:1: bbox clipped to image boundary from (0.5, 0.6618083333333333, 1.0, 0.6763916666666666)"
d7,1,"D:\lct\datasets\.build_cache\d7\train\labels\0000885_jpg.rf.aa595dc9be947b2a541a99b434766b1a.txt:1: bbox clipped to image boundary from (0.17261666666666667, 0.5550444444444445, 0.34524166666666667, 0.07434444444444444)"
d7,1,"D:\lct\datasets\.build_cache\d7\train\labels\0000895_jpg.rf.aeb96c6b9fa12c83ef24b627369103e4.txt:1: bbox clipped to image boundary from (0.49196666666666666, 0.19762962962962963, 0.1818833333333333, 0.39527407407407406)"
d7,1,"D:\lct\datasets\.build_cache\d7\train\labels\0000917_jpg.rf.caab6c76e58f67860a541550fe97cbb5.txt:1: bbox clipped to image boundary from (0.23949166666666666, 0.3859444444444445, 0.47899166666666665, 0.36627777777777776)"
d7,1,"D:\lct\datasets\.build_cache\d7\train\labels\0000918_jpg.rf.625c9d8760fb2974485998c05e7f92c4.txt:2: bbox clipped to image boundary from (0.1493, 0.1926111111111111, 0.2986083333333333, 0.3852222222222222)"
d7,1,"D:\lct\datasets\.build_cache\d7\train\labels\0000924_jpg.rf.0403aa887ba862399fabd7b21e4b5b25.txt:1: bbox clipped to image boundary from (0.5087166666666667, 0.9173925925925926, 0.14500833333333332, 0.16522962962962964)"
d7,1,"D:\lct\datasets\.build_cache\d7\train\labels\0000939_jpg.rf.10ae37573d44f7fa3a4a1b05f161780c.txt:1: bbox clipped to image boundary from (0.10025833333333334, 0.37970000000000004, 0.20050833333333334, 0.7594111111111111)"
d7,1,"D:\lct\datasets\.build_cache\d7\train\labels\0000963_jpg.rf.56c5484d5d85af4a3da1aba33b2e500a.txt:1: bbox clipped to image boundary from (0.10241666666666667, 0.6246814814814815, 0.20484166666666667, 0.32054814814814814)"
d7,1,"D:\lct\datasets\.build_cache\d7\train\labels\0000967_jpg.rf.bfdc50193363ef72143acf41778d5ba7.txt:2: bbox clipped to image boundary from (0.5543666666666667, 0.9202222222222222, 0.14325000000000002, 0.15957037037037036)"
d7,1,"D:\lct\datasets\.build_cache\d7\train\labels\0000967_jpg.rf.bfdc50193363ef72143acf41778d5ba7.txt:3: bbox clipped to image boundary from (0.32383333333333336, 0.885125925925926, 0.12593333333333334, 0.22976296296296297)"
d7,1,"D:\lct\datasets\.build_cache\d7\train\labels\0000970_jpg.rf.988fbeabfca86a13bc8fcedca2768ba3.txt:5: bbox clipped to image boundary from (0.10561111111111111, 0.6503416666666666, 0.21123333333333336, 0.095275)"
d7,1,"D:\lct\datasets\.build_cache\d7\train\labels\0001013_jpg.rf.7224a4ca33817fa661d8197c86c8fe83.txt:1: bbox clipped to image boundary from (0.7826666666666666, 0.12909375, 0.4189074074074074, 0.2581979166666667)"
d7,1,"D:\lct\datasets\.build_cache\d7\train\labels\0001021_jpg.rf.8bc86b09ac24e285c2be86ca1135ae7a.txt:1: bbox clipped to image boundary from (0.35756666666666664, 0.6276083333333333, 0.7151333333333333, 0.7447916666666666)"
d7,1,"D:\lct\datasets\.build_cache\d7\train\labels\0001043_jpg.rf.b16be2d40066ef54843e9c70c580d804.txt:1: bbox clipped to image boundary from (0.8713450937155457, 0.31086274509803924, 0.2573208379272326, 0.6217124183006536)"
d7,1,"D:\lct\datasets\.build_cache\d7\train\labels\0001085_jpg.rf.ecb45af0fbd4697bcc75338f286ec06e.txt:1: bbox clipped to image boundary from (0.42827499999999996, 0.0526, 0.05361666666666667, 0.1052111111111111)"
d7,1,"D:\lct\datasets\.build_cache\d7\train\labels\0001094_jpg.rf.8730d808ffb3c1fe4f809dcc19cead6d.txt:2: bbox clipped to image boundary from (0.6025416666666666, 0.27746296296296297, 0.059013888888888894, 0.5549444444444445)"
d7,1,"D:\lct\datasets\.build_cache\d7\train\labels\0001108_jpg.rf.ff0542db969a1876ad9c6220bf543ac9.txt:1: bbox clipped to image boundary from (0.14498333333333333, 0.2006777777777778, 0.28997500000000004, 0.16978888888888888)"
d7,1,"D:\lct\datasets\.build_cache\d7\train\labels\0001109_jpg.rf.1bc7cda3ee49d6efae29af0c93733aad.txt:2: bbox clipped to image boundary from (0.26663333333333333, 0.799275, 0.5332555555555556, 0.4014583333333333)"
d7,1,"D:\lct\datasets\.build_cache\d7\train\labels\0001114_jpg.rf.45df560058fd4fc41e88664b343a8a44.txt:1: bbox clipped to image boundary from (0.17424166666666666, 0.34486126526082134, 0.34849166666666664, 0.6897114317425083)"
d7,1,"D:\lct\datasets\.build_cache\d7\train\labels\0001133_jpg.rf.861dd2257776a088320f675c77f364e3.txt:1: bbox clipped to image boundary from (0.7726354166666667, 0.24434722222222224, 0.45473958333333336, 0.2092222222222222)"
d7,1,"D:\lct\datasets\.build_cache\d7\train\labels\0001180_jpg.rf.0425fc50f48d240b6938b24829473c91.txt:2: bbox clipped to image boundary from (0.9051378169790518, 0.4831503267973856, 0.1897353914002205, 0.27537254901960784)"
d7,1,"D:\lct\datasets\.build_cache\d7\train\labels\0001205_jpg.rf.a60ac33d517823c7e0af918734b4dc71.txt:1: bbox clipped to image boundary from (0.24003311258278145, 0.3046013071895425, 0.4800772626931567, 0.2754509803921569)"
d7,1,"D:\lct\datasets\.build_cache\d7\train\labels\0001243_jpg.rf.0cc6f8f9e126fb8ef294df09086d116d.txt:3: bbox clipped to image boundary from (0.797991202346041, 0.053732638888888885, 0.4040175953079179, 0.10748263888888888)"
d7,1,"D:\lct\datasets\.build_cache\d7\train\labels\0001250_jpg.rf.3cf3eccf07c877d24e768dff2f73d31b.txt:1: bbox clipped to image boundary from (0.4360625, 0.8279259259259258, 0.3919166666666667, 0.3441666666666667)"
d7,1,"D:\lct\datasets\.build_cache\d7\train\labels\0001264_jpg.rf.eec66eb143e22a303ba19c020d903d5a.txt:1: bbox clipped to image boundary from (0.485425, 0.22788148148148146, 0.029916666666666664, 0.4557777777777777)"
d7,1,"D:\lct\datasets\.build_cache\d7\train\labels\0001268_jpg.rf.22771ff01a7edefb54e66923f22d0435.txt:2: bbox clipped to image boundary from (0.522725, 0.13743333333333332, 0.08631666666666667, 0.2748777777777778)"
d7,1,"D:\lct\datasets\.build_cache\d7\train\labels\0001280_jpg.rf.adefbc7ede5c5270ccccf716dacc2f1a.txt:2: bbox clipped to image boundary from (0.13544166666666665, 0.3159222222222222, 0.2708833333333333, 0.6318555555555555)"
d7,1,"D:\lct\datasets\.build_cache\d7\train\labels\0001283_jpg.rf.5c6f30589aca0c3c7c54e7a3fa3a61b1.txt:3: bbox clipped to image boundary from (0.145475, 0.7143333333333333, 0.2909583333333333, 0.32941111111111115)"
d7,1,"D:\lct\datasets\.build_cache\d7\train\labels\0001320_jpg.rf.4974510ae9bd61902c6f6b9c38981c53.txt:1: bbox clipped to image boundary from (0.8127083333333334, 0.7924, 0.31435, 0.4152111111111111)"
d7,1,"D:\lct\datasets\.build_cache\d7\train\labels\0001327_jpg.rf.dcde9f5b9d086bf77e84f34edac9097c.txt:2: bbox clipped to image boundary from (0.1326130099228225, 0.5, 0.2652370452039691, 1.0)"
d7,1,"D:\lct\datasets\.build_cache\d7\train\labels\0001354_jpg.rf.f53853194455cc567cbc99e200788dd2.txt:1: bbox clipped to image boundary from (0.5953222222222222, 0.46199166666666663, 0.8093444444444444, 0.9239916666666667)"
d7,1,"D:\lct\datasets\.build_cache\d7\train\labels\0001405_jpg.rf.f1e86b95deeed18600f8c282c903f9f5.txt:3: bbox clipped to image boundary from (0.06996666666666666, 0.2858490566037736, 0.13994166666666666, 0.0720976692563818)"
d7,1,"D:\lct\datasets\.build_cache\d7\train\labels\0001434_jpg.rf.c695a286abbb311c73444032bb40bf39.txt:1: bbox clipped to image boundary from (0.8443833333333334, 0.20385, 0.20704166666666665, 0.40771250000000003)"
d7,1,"D:\lct\datasets\.build_cache\d7\train\labels\0001526_jpg.rf.acae984c04616a1d455055f480ce123b.txt:1: bbox clipped to image boundary from (0.477175, 0.39630000000000004, 0.8291333333333334, 0.7926111111111112)"
d7,1,"D:\lct\datasets\.build_cache\d7\train\labels\0001530_jpg.rf.6e77acadd6f51e35f90064d5e4c527e9.txt:1: bbox clipped to image boundary from (0.360375, 0.10587777777777778, 0.4348333333333333, 0.21176666666666666)"
d7,1,"D:\lct\datasets\.build_cache\d7\train\labels\0001546_jpg.rf.f62fa2cd4ab63c34a4516a17ef476a38.txt:2: bbox clipped to image boundary from (0.2912416666666667, 0.11688888888888889, 0.05371666666666666, 0.23378888888888888)"
d7,1,"D:\lct\datasets\.build_cache\d7\train\labels\0001547_jpg.rf.f75ed55cf955d4c1a441ff157b6b6c2a.txt:2: bbox clipped to image boundary from (0.49336111111111114, 0.18208333333333335, 0.06055555555555556, 0.3641759259259259)"
d7,1,"D:\lct\datasets\.build_cache\d7\train\labels\0001552_jpg.rf.1c08afa390ba860d3575fe42e6812171.txt:1: bbox clipped to image boundary from (0.4803, 0.25445555555555555, 0.7256583333333333, 0.5089222222222222)"
d7,1,"D:\lct\datasets\.build_cache\d7\train\labels\0001593_jpg.rf.1fe5851dcd8edb21da10edee69f7e4a9.txt:2: bbox clipped to image boundary from (0.06564166666666667, 0.256, 0.13129166666666667, 0.18108888888888888)"
d7,1,"D:\lct\datasets\.build_cache\d7\train\labels\0001621_jpg.rf.dea921431043ce1899903d1ca8d4868f.txt:1: bbox clipped to image boundary from (0.5413333333333333, 0.1452111111111111, 0.4573916666666667, 0.2904333333333333)"
d7,1,"D:\lct\datasets\.build_cache\d7\train\labels\0001647_jpg.rf.526cd8c7b43f8e1f364d1ec3b684aa9c.txt:1: bbox clipped to image boundary from (0.38372500000000004, 0.4492, 0.7674583333333334, 0.6909777777777778)"
d7,1,"D:\lct\datasets\.build_cache\d7\train\labels\0001671_jpg.rf.83cbe8852c5115de12aba7038cff86f6.txt:2: bbox clipped to image boundary from (0.81222, 0.13459, 0.24622999999999998, 0.26918333333333333)"
d7,1,"D:\lct\datasets\.build_cache\d7\train\labels\0001690_jpg.rf.c598edfda2f85be59ada8b6e50fdd0bb.txt:3: bbox clipped to image boundary from (0.6575083333333334, 0.07265555555555556, 0.35285833333333333, 0.1453222222222222)"
d7,1,"D:\lct\datasets\.build_cache\d7\train\labels\0001765_jpg.rf.d5f04328cf2fd8975bda6f29e7c6fe02.txt:1: bbox clipped to image boundary from (0.10954746136865343, 0.41473202614379084, 0.21910596026490065, 0.32252287581699346)"
d7,1,"D:\lct\datasets\.build_cache\d7\train\labels\0001779_jpg.rf.e532ab4c92b254eb3d0eeabaca50351d.txt:1: bbox clipped to image boundary from (0.49719166666666664, 0.4224333333333333, 0.9922333333333334, 0.8448777777777777)"
d7,1,"D:\lct\datasets\.build_cache\d7\train\labels\0001788_jpg.rf.f207bb88a5e62a3dbd9e6d2968e8fc76.txt:1: bbox clipped to image boundary from (0.31231788079470196, 0.4994640522875817, 0.25618101545253863, 0.9989411764705883)"
d7,1,"D:\lct\datasets\.build_cache\d7\train\labels\0001820_jpg.rf.cb796c9e1d2ee81d1c167329eb62a8e1.txt:1: bbox clipped to image boundary from (0.5960916666666666, 0.38813333333333333, 0.807825, 0.6062111111111111)"
d7,1,"D:\lct\datasets\.build_cache\d7\train\labels\0001821_jpg.rf.8605386fcdcddabc953475c4191d471b.txt:1: bbox clipped to image boundary from (0.060325000000000004, 0.2001777777777778, 0.12065833333333333, 0.40034444444444445)"
d7,1,"D:\lct\datasets\.build_cache\d7\train\labels\0001845_jpg.rf.6176f31d2fb50a864a3e8974793e641e.txt:2: bbox clipped to image boundary from (0.5864299999999999, 0.3462218890554723, 0.16151, 0.6924587706146926)"
d7,1,"D:\lct\datasets\.build_cache\d7\train\labels\0001869_jpg.rf.d24d16d5ed2757d03ebafea5419c04ab.txt:1: bbox clipped to image boundary from (0.32106666666666667, 0.3178875, 0.17466666666666666, 0.6357875)"
d7,1,"D:\lct\datasets\.build_cache\d7\train\labels\0001927_jpg.rf.65eddf76dbbda5b5bc48fcca19be833b.txt:1: bbox clipped to image boundary from (0.9709333333333333, 0.10791666666666666, 0.05814444444444444, 0.07246666666666667)"
d7,1,"D:\lct\datasets\.build_cache\d7\train\labels\0001932_jpg.rf.fc94ae532cc3f2cdeaa7d36e0f58d95b.txt:1: bbox clipped to image boundary from (0.5954166666666667, 0.5665333333333333, 0.809175, 0.8669222222222223)"
d7,1,"D:\lct\datasets\.build_cache\d7\train\labels\0001932_jpg.rf.fc94ae532cc3f2cdeaa7d36e0f58d95b.txt:3: bbox clipped to image boundary from (0.304375, 0.15082222222222222, 0.6087583333333333, 0.13616666666666666)"
d7,1,"D:\lct\datasets\.build_cache\d7\train\labels\0001944_jpg.rf.9ace33bf5eb43239201c134f61b981ac.txt:1: bbox clipped to image boundary from (0.4185, 0.3123111111111111, 0.658575, 0.6246333333333333)"
d7,1,"D:\lct\datasets\.build_cache\d7\train\labels\0001969_jpg.rf.faef9d93d39d75029a11364ab4dae31d.txt:2: bbox clipped to image boundary from (0.15990833333333332, 0.6032375, 0.319825, 0.506525)"
d7,1,"D:\lct\datasets\.build_cache\d7\train\labels\0002004_jpg.rf.992eb4aff318e6e88124246ffe9ebac9.txt:1: bbox clipped to image boundary from (0.8611576626240354, 0.7085359477124182, 0.2776957001102536, 0.5829281045751634)"
d7,1,"D:\lct\datasets\.build_cache\d7\train\labels\0002021_jpg.rf.3fc3db42b7aba5b03b1c578efad7d056.txt:1: bbox clipped to image boundary from (0.9288749999999999, 0.4567013888888889, 0.1422638888888889, 0.31776041666666666)"
d7,1,"D:\lct\datasets\.build_cache\d7\train\labels\0002032_jpg.rf.5c626c406e5e7c9f48c8db241560b07d.txt:3: bbox clipped to image boundary from (0.05359166666666667, 0.6180222222222223, 0.10719166666666666, 0.1167)"
d7,1,"D:\lct\datasets\.build_cache\d7\train\labels\0002041_jpg.rf.2578a5715292ce1b82a3af78b41371c1.txt:1: bbox clipped to image boundary from (0.46528242677824266, 0.42055000000000003, 0.08934100418410042, 0.8411166666666667)"
d7,1,"D:\lct\datasets\.build_cache\d7\train\labels\0002046_jpg.rf.7aa27c3495d723a6fd2ea0d6fa68c7b9.txt:3: bbox clipped to image boundary from (0.026789999999999998, 0.47181, 0.053590000000000006, 0.3932)"
d7,1,"D:\lct\datasets\.build_cache\d7\train\labels\0002067_jpg.rf.c0cbdeace2959774fa3adcde33800d29.txt:3: bbox clipped to image boundary from (0.822775, 0.0905625, 0.21420833333333333, 0.1811375)"
d7,1,"D:\lct\datasets\.build_cache\d7\train\labels\0002096_jpg.rf.9748cc87586bf152c2c5d80813efac98.txt:1: bbox clipped to image boundary from (0.3061598224195339, 0.1946, 0.6123307436182021, 0.14835)"
d7,1,"D:\lct\datasets\.build_cache\d7\train\labels\0002158_jpg.rf.3461fcbad4cc9fdf0bc854f052a79439.txt:1: bbox clipped to image boundary from (0.4434, 0.39011111111111113, 0.8868083333333334, 0.5168)"
d7,1,"D:\lct\datasets\.build_cache\d7\train\labels\0002175_jpg.rf.287407f72fed7c75d0a6e985788c5bd0.txt:1: bbox clipped to image boundary from (0.021541666666666667, 0.3086851851851852, 0.043097222222222224, 0.6173518518518518)"
d7,1,"D:\lct\datasets\.build_cache\d7\train\labels\0002187_jpg.rf.3904fbd280c044940865b0042aef0ea6.txt:1: bbox clipped to image boundary from (0.8611576626240354, 0.6476470588235294, 0.2776957001102536, 0.7047058823529412)"
d7,1,"D:\lct\datasets\.build_cache\d7\train\labels\0002200_jpg.rf.f368b29bcf4cb1413ee0c87a6c362cfd.txt:1: bbox clipped to image boundary from (0.5764416666666666, 0.42014814814814816, 0.6545416666666667, 0.8403111111111111)"
d7,1,"D:\lct\datasets\.build_cache\d7\train\labels\0002201_jpg.rf.e11907f26ea11f2e3c7a7a546e777d18.txt:2: bbox clipped to image boundary from (0.8822083333333334, 0.5828666666666668, 0.23559166666666664, 0.7812111111111112)"
d7,1,"D:\lct\datasets\.build_cache\d7\train\labels\0002226_jpg.rf.7ea488661d820e3f38837a6199631d00.txt:1: bbox clipped to image boundary from (0.7572083333333333, 0.12604444444444443, 0.4855916666666667, 0.25208888888888886)"
d7,1,"D:\lct\datasets\.build_cache\d7\train\labels\0002257_jpg.rf.ca88575eba23d8c353e41a71b17dc358.txt:1: bbox clipped to image boundary from (0.3501103752759382, 0.3949281045751634, 0.3301766004415011, 0.7898692810457516)"
d7,1,"D:\lct\datasets\.build_cache\d7\train\labels\0002325_jpg.rf.86af09e3cf78cb5daaf4771702d2dc54.txt:3: bbox clipped to image boundary from (0.527, 0.6628777777777778, 0.9460000000000001, 0.6742555555555556)"
d7,1,"D:\lct\datasets\.build_cache\d7\train\labels\0002346_jpg.rf.c39592d493f59e7e8363700572032183.txt:1: bbox clipped to image boundary from (0.13037735849056603, 0.3501416666666667, 0.26076581576026636, 0.32128333333333337)"
d7,1,"D:\lct\datasets\.build_cache\d7\train\labels\0002357_jpg.rf.de5e69f81caa95dd825da3b87d7f1287.txt:5: bbox clipped to image boundary from (0.5415083333333333, 0.2682814814814815, 0.230975, 0.5365777777777778)"
d7,1,"D:\lct\datasets\.build_cache\d7\train\labels\0002364_jpg.rf.f3db93c9cb2b3c039a2fb42c08484608.txt:1: bbox clipped to image boundary from (0.3399555555555555, 0.39469166666666666, 0.6799222222222222, 0.44070000000000004)"
d7,1,"D:\lct\datasets\.build_cache\d7\train\labels\0002377_jpg.rf.a98961e8ebba89153a7a56ae452b3bac.txt:1: bbox clipped to image boundary from (0.9381083333333333, 0.5, 0.12379166666666667, 1.0)"
d7,1,"D:\lct\datasets\.build_cache\d7\train\labels\0002454_jpg.rf.113cb9b049c5c86149b9f253ae6bb639.txt:3: bbox clipped to image boundary from (0.370525, 0.30923333333333336, 0.07403333333333334, 0.6184777777777778)"
d7,1,"D:\lct\datasets\.build_cache\d7\train\labels\0002467_jpg.rf.d7a583f3b32887b1979222b3c2f47f11.txt:1: bbox clipped to image boundary from (0.2858958333333333, 0.31959722222222225, 0.12546875, 0.6392083333333334)"
d7,1,"D:\lct\datasets\.build_cache\d7\train\labels\0002498_jpg.rf.cb46d690923fbfcc83a82e0d15b267b0.txt:1: bbox clipped to image boundary from (0.6500916666666666, 0.5, 0.6998249999999999, 1.0)"
d7,1,"D:\lct\datasets\.build_cache\d7\train\labels\0002504_jpg.rf.f38ea3872a30d9251dc71ce397363b81.txt:2: bbox clipped to image boundary from (0.10220833333333333, 0.8023666666666667, 0.204425, 0.38368888888888886)"
d7,1,"D:\lct\datasets\.build_cache\d7\train\labels\0002508_jpg.rf.4553a95dbc3ee2e74c65183f831304f7.txt:1: bbox clipped to image boundary from (0.09588888888888888, 0.7577833333333334, 0.1917888888888889, 0.22060000000000002)"
d7,1,"D:\lct\datasets\.build_cache\d7\train\labels\0002567_jpg.rf.349523c23ecf6f629bdcb0a755ed18b7.txt:2: bbox clipped to image boundary from (0.7780416666666666, 0.6206111111111111, 0.443925, 0.49796666666666667)"
d7,1,"D:\lct\datasets\.build_cache\d7\train\labels\0002662_jpg.rf.ae77354e79496397dd721e6684c5ab28.txt:1: bbox clipped to image boundary from (0.700175, 0.33318888888888887, 0.5996583333333334, 0.6663777777777777)"
d7,1,"D:\lct\datasets\.build_cache\d7\train\labels\0002679_jpg.rf.ab37c61e0cf35c4c246507bdf9117639.txt:1: bbox clipped to image boundary from (0.3715545755237045, 0.16431372549019607, 0.1750385887541345, 0.32864052287581696)"
d7,1,"D:\lct\datasets\.build_cache\d7\train\labels\0002693_jpg.rf.9893d2867137dd1756ed95aeada8c313.txt:2: bbox clipped to image boundary from (0.08864999999999999, 0.3621888888888889, 0.17730833333333335, 0.1331111111111111)"
d7,1,"D:\lct\datasets\.build_cache\d7\train\labels\0002695_jpg.rf.b9b5b8ca02509e24c5226a10dd14c318.txt:1: bbox clipped to image boundary from (0.5165333333333334, 0.45307777777777775, 0.9669416666666666, 0.9061444444444444)"
d7,1,"D:\lct\datasets\.build_cache\d7\train\labels\0002708_jpg.rf.85d127bc339f2ea96a6f2eef764cc0e5.txt:1: bbox clipped to image boundary from (0.10391666666666667, 0.1502111111111111, 0.09380833333333333, 0.30043333333333333)"
d7,1,"D:\lct\datasets\.build_cache\d7\train\labels\0002727_jpg.rf.be2803094e7cca909a112f3263c3edad.txt:3: bbox clipped to image boundary from (0.9405416666666667, 0.8789, 0.118925, 0.062177777777777776)"
d7,1,"D:\lct\datasets\.build_cache\d7\train\labels\0002751_jpg.rf.ae008e18ee563c427191a7fd9fab7b22.txt:1: bbox clipped to image boundary from (0.11095555555555556, 0.787575, 0.22192222222222222, 0.42485)"
d7,1,"D:\lct\datasets\.build_cache\d7\train\labels\0002777_jpg.rf.5e5ec63820cba9c9203af3c1be832b9e.txt:1: bbox clipped to image boundary from (0.7269416666666667, 0.7586, 0.546125, 0.4665111111111111)"
d7,1,"D:\lct\datasets\.build_cache\d7\train\labels\0002781_jpg.rf.ac772461778507c1f15bc89546a4e1f9.txt:1: bbox clipped to image boundary from (0.18964166666666665, 0.8968148148148148, 0.15501666666666666, 0.2063851851851852)"
d7,1,"D:\lct\datasets\.build_cache\d7\train\labels\0002793_jpg.rf.31cd10fe6d6b53391e76f5354d8d00eb.txt:2: bbox clipped to image boundary from (0.9716666666666667, 0.8207276119402985, 0.05668055555555556, 0.10436567164179104)"
d7,1,"D:\lct\datasets\.build_cache\d7\train\labels\0002798_jpg.rf.e12f1ddd699345f0594a581f72d5babf.txt:1: bbox clipped to image boundary from (0.08893000000000001, 0.23366, 0.17787, 0.13022999999999998)"
d7,1,"D:\lct\datasets\.build_cache\d7\train\labels\0002819_jpg.rf.24729e50121718b66eb3a5502a896244.txt:2: bbox clipped to image boundary from (0.17121666666666668, 0.42004444444444444, 0.3424416666666667, 0.7317444444444445)"
d7,1,"D:\lct\datasets\.build_cache\d7\train\labels\0002822_jpg.rf.160f56a58f4d3c152a4752732461d297.txt:2: bbox clipped to image boundary from (0.9090083333333333, 0.054237037037037035, 0.07555833333333334, 0.1084888888888889)"
d7,1,"D:\lct\datasets\.build_cache\d7\train\labels\0002853_jpg.rf.03239d62e1862df1be48adcb5bcb12a9.txt:2: bbox clipped to image boundary from (0.7510555555555556, 0.24295833333333333, 0.49789814814814815, 0.3907083333333333)"
d7,1,"D:\lct\datasets\.build_cache\d7\train\labels\0002864_jpg.rf.ace3237bc12f33819e5cd690ea156045.txt:1: bbox clipped to image boundary from (0.9093166666666668, 0.533125, 0.181375, 0.93375)"
d7,1,"D:\lct\datasets\.build_cache\d7\train\labels\0002889_jpg.rf.fe09dd4332751c8a5f0a2e3373c5606f.txt:1: bbox clipped to image boundary from (0.1541, 0.5791166666666667, 0.3082111111111111, 0.24459999999999998)"
d7,1,"D:\lct\datasets\.build_cache\d7\train\labels\0002889_jpg.rf.fe09dd4332751c8a5f0a2e3373c5606f.txt:3: bbox clipped to image boundary from (0.8101222222222222, 0.4805916666666667, 0.3797666666666667, 0.45744166666666664)"
d7,1,"D:\lct\datasets\.build_cache\d7\train\labels\0002928_jpg.rf.5eb19c4b4bf59619e68d51ed2f42b683.txt:1: bbox clipped to image boundary from (0.553325, 0.48798888888888886, 0.89335, 0.9759888888888889)"
d7,1,"D:\lct\datasets\.build_cache\d7\train\labels\0002963_jpg.rf.1082d267c1c3e4c042c8dff7fdc0ae26.txt:1: bbox clipped to image boundary from (0.9295666666666667, 0.8715111111111111, 0.13671666666666668, 0.2569925925925926)"
d7,1,"D:\lct\datasets\.build_cache\d7\train\labels\0002969_jpg.rf.483df0b9ad15ad40f653d97566fa4372.txt:1: bbox clipped to image boundary from (0.4206666666666667, 0.385675, 0.8413444444444445, 0.77135)"
d7,1,"D:\lct\datasets\.build_cache\d7\train\labels\0002982_jpg.rf.47bc7001f252bf70e964a36473556a14.txt:1: bbox clipped to image boundary from (0.38808888888888887, 0.34005, 0.7102222222222223, 0.6801125)"
d7,1,"D:\lct\datasets\.build_cache\d7\train\labels\0002982_jpg.rf.47bc7001f252bf70e964a36473556a14.txt:2: bbox clipped to image boundary from (0.9446, 0.27568750000000003, 0.11082222222222221, 0.5513625)"
d7,1,"D:\lct\datasets\.build_cache\d7\train\labels\0003013_jpg.rf.c8e8139dab9626027612d1ba373720a4.txt:1: bbox clipped to image boundary from (0.8645166666666667, 0.5645875, 0.270975, 0.32573749999999996)"
d7,1,"D:\lct\datasets\.build_cache\d7\train\labels\0003028_jpg.rf.c71d67ed8f6beaddbdb4dd442a7bc1df.txt:1: bbox clipped to image boundary from (0.2978111111111111, 0.45011666666666666, 0.5956222222222222, 0.9002416666666666)"
d7,1,"D:\lct\datasets\.build_cache\d7\train\labels\0003034_jpg.rf.efb218b6c33b78eb8e3afa051cd5cda0.txt:2: bbox clipped to image boundary from (0.3157638888888889, 0.39116666666666666, 0.6315416666666667, 0.1640925925925926)"
d7,1,"D:\lct\datasets\.build_cache\d7\train\labels\0003040_jpg.rf.7fd10600b8bc17edfdc2e6e9fb9d7b6c.txt:2: bbox clipped to image boundary from (0.316825, 0.10475027746947835, 0.6336583333333333, 0.20948945615982242)"
d7,1,"D:\lct\datasets\.build_cache\d7\train\labels\0003063_jpg.rf.c476d2643a2a8320e967271d354f64cd.txt:1: bbox clipped to image boundary from (0.3343222222222222, 0.60785, 0.6686555555555556, 0.745275)"
d7,1,"D:\lct\datasets\.build_cache\d7\train\labels\0003072_jpg.rf.307bea74832b9d3dbfd2ab2850acf81b.txt:1: bbox clipped to image boundary from (0.5095500000000001, 0.39934444444444445, 0.9809, 0.7987000000000001)"
d7,1,"D:\lct\datasets\.build_cache\d7\train\labels\0003076_jpg.rf.b107d60d4b069c6c0f9b2c022f3cba4a.txt:3: bbox clipped to image boundary from (0.07915, 0.4560222222222222, 0.15830833333333333, 0.5385444444444445)"
d7,1,"D:\lct\datasets\.build_cache\d7\train\labels\0003131_jpg.rf.c429588a6242317f26cfb10973bf8fa9.txt:3: bbox clipped to image boundary from (0.9117222222222222, 0.4752986111111111, 0.1765648148148148, 0.06114583333333333)"
d7,1,"D:\lct\datasets\.build_cache\d7\train\labels\0003195_jpg.rf.8524b4fe5c30f77dbea0cb06855f9760.txt:1: bbox clipped to image boundary from (0.7271500000000001, 0.21634444444444445, 0.14590833333333333, 0.43270000000000003)"
d7,1,"D:\lct\datasets\.build_cache\d7\train\labels\0003197_jpg.rf.90352fe9a98f61eccea8c412a4a99c74.txt:1: bbox clipped to image boundary from (0.6201103752759383, 0.5891503267973857, 0.7597902869757175, 0.8216862745098039)"
d7,1,"D:\lct\datasets\.build_cache\d7\train\labels\0003210_jpg.rf.a21ebfce3a8f4060783ff84fa7e5df3f.txt:1: bbox clipped to image boundary from (0.5263525390625, 0.5336002604166666, 0.9472998046875, 0.9328059895833333)"
d7,1,"D:\lct\datasets\.build_cache\d7\train\labels\0003227_jpg.rf.d6e90fdc5e2c7b60cb397bc5d601742d.txt:2: bbox clipped to image boundary from (0.9665, 0.2192962962962963, 0.06701388888888889, 0.10179629629629629)"
d7,1,"D:\lct\datasets\.build_cache\d7\train\labels\0003260_jpg.rf.834e9fdbf10b175e2eda346e45296484.txt:3: bbox clipped to image boundary from (0.08520833333333333, 0.5440777777777778, 0.170425, 0.3446666666666667)"
d7,1,"D:\lct\datasets\.build_cache\d7\train\labels\0003294_jpg.rf.0888114bb7f1fdf70799c38f87ce86fc.txt:2: bbox clipped to image boundary from (0.038233333333333334, 0.13615555555555556, 0.076475, 0.0666888888888889)"
d7,1,"D:\lct\datasets\.build_cache\d7\train\labels\0003326_jpg.rf.821871de16c27ab59e4f304f29f429e2.txt:2: bbox clipped to image boundary from (0.03630833333333333, 0.537511111111111, 0.07262500000000001, 0.048466666666666665)"
d7,1,"D:\lct\datasets\.build_cache\d7\train\labels\0003335_jpg.rf.bc397d16751783c9d83b73f6d71e7ecd.txt:2: bbox clipped to image boundary from (0.5740333333333334, 0.5, 0.8519416666666667, 1.0)"
d7,1,"D:\lct\datasets\.build_cache\d7\train\labels\0003360_jpg.rf.807b16823c41e81e830fe2e17be4acf8.txt:1: bbox clipped to image boundary from (0.42935833333333334, 0.3878111111111111, 0.614825, 0.7756333333333334)"
d7,1,"D:\lct\datasets\.build_cache\d7\train\labels\0003368_jpg.rf.68fbb37e917fa2641310cbca58a93fc8.txt:1: bbox clipped to image boundary from (0.24513333333333334, 0.6682888888888889, 0.490275, 0.2618888888888889)"
d7,1,"D:\lct\datasets\.build_cache\d7\train\labels\0003373_jpg.rf.cbb448ecb7682eda97919a1929418ed3.txt:2: bbox clipped to image boundary from (0.9415666666666668, 0.4709777777777778, 0.116875, 0.9419555555555555)"
d7,1,"D:\lct\datasets\.build_cache\d7\train\labels\0003376_jpg.rf.0292f0262dc598664cc3b85f5625650f.txt:3: bbox clipped to image boundary from (0.9156777777777778, 0.20600833333333335, 0.16865555555555556, 0.05826666666666667)"
d7,1,"D:\lct\datasets\.build_cache\d7\train\labels\0003378_jpg.rf.c722e407f58796d0d63f45c46cc4e96e.txt:5: bbox clipped to image boundary from (0.9572083333333334, 0.1617111111111111, 0.08559166666666666, 0.09128888888888889)"
d7,1,"D:\lct\datasets\.build_cache\d7\train\labels\0003392_jpg.rf.b6d1771ae1b9066ce2545957521d3231.txt:2: bbox clipped to image boundary from (0.9664, 0.3486111111111111, 0.06720833333333334, 0.32603333333333334)"
d7,1,"D:\lct\datasets\.build_cache\d7\train\labels\0003429_jpg.rf.d9678e69a81bf6ea2b4c8324c8df005c.txt:1: bbox clipped to image boundary from (0.75071875, 0.4568541666666667, 0.49856249999999996, 0.9137135416666666)"
d7,1,"D:\lct\datasets\.build_cache\d7\train\labels\0003435_jpg.rf.984b750688bc4cede17cd8c7505fa0e7.txt:4: bbox clipped to image boundary from (0.9447083333333334, 0.7359111111111112, 0.11059166666666667, 0.13174444444444444)"
d7,1,"D:\lct\datasets\.build_cache\d7\train\labels\0003476_jpg.rf.186e8ce0781efa1f129fb18c4bcf1b28.txt:1: bbox clipped to image boundary from (0.6344305555555556, 0.1522777777777778, 0.4309861111111111, 0.30457407407407405)"
d7,1,"D:\lct\datasets\.build_cache\d7\train\labels\0003477_jpg.rf.bf80865606600ad801db35587d5574d4.txt:2: bbox clipped to image boundary from (0.1389, 0.4370125, 0.2688583333333333, 0.8740375)"
d7,1,"D:\lct\datasets\.build_cache\d7\train\labels\0003478_jpg.rf.a5383131b3ec8781e4d9e6b08c94d699.txt:1: bbox clipped to image boundary from (0.8698344370860928, 0.40309803921568627, 0.2603421633554084, 0.8062091503267974)"
d7,1,"D:\lct\datasets\.build_cache\d7\train\labels\0003491_jpg.rf.2e14c03bec576e219243a0c1891f4422.txt:1: bbox clipped to image boundary from (0.5560546875, 0.4126666666666667, 0.8878828125, 0.82534375)"
d7,1,"D:\lct\datasets\.build_cache\d7\train\labels\0003568_jpg.rf.c927612d06bf93d8f3c9b40ae04d5137.txt:1: bbox clipped to image boundary from (0.6214416666666667, 0.2292888888888889, 0.17086666666666667, 0.4585925925925926)"
d7,1,"D:\lct\datasets\.build_cache\d7\train\labels\0003570_jpg.rf.b9e808d0fe04452a6101fb59f39da1b3.txt:1: bbox clipped to image boundary from (0.8110833333333333, 0.307669256381798, 0.37782499999999997, 0.6153496115427303)"
d7,1,"D:\lct\datasets\.build_cache\d7\train\labels\0003573_jpg.rf.a5575e2531d9f4aae147f796ed62721f.txt:5: bbox clipped to image boundary from (0.21918978912319645, 0.39998333333333336, 0.4383906770255272, 0.32456666666666667)"
d7,1,"D:\lct\datasets\.build_cache\d7\train\labels\0003578_jpg.rf.c4c0814eb321705945319984e2c6934f.txt:1: bbox clipped to image boundary from (0.5, 0.29765, 1.0, 0.5953083333333333)"
d7,1,"D:\lct\datasets\.build_cache\d7\train\labels\0003580_jpg.rf.a5233cbf7717dcf04bc8197a28e7ad16.txt:5: bbox clipped to image boundary from (0.4459666666666667, 0.793425, 0.7041111111111111, 0.41315833333333335)"
d7,1,"D:\lct\datasets\.build_cache\d7\train\labels\0003588_jpg.rf.f1b632946c9e5e35fe4023d2f5cba2bf.txt:1: bbox clipped to image boundary from (0.620875, 0.4347666666666667, 0.7582583333333333, 0.8695444444444445)"
d7,1,"D:\lct\datasets\.build_cache\d7\train\labels\0003632_jpg.rf.552fec07651c852c6c390c702dcf5b7e.txt:1: bbox clipped to image boundary from (0.8363506063947079, 0.3176601307189542, 0.3273098125689085, 0.3800261437908497)"
d7,1,"D:\lct\datasets\.build_cache\d7\train\labels\0003661_jpg.rf.cc3008272be1610a37624dce70726fa9.txt:5: bbox clipped to image boundary from (0.24619166666666667, 0.08449999999999999, 0.025483333333333334, 0.16901111111111114)"
d7,1,"D:\lct\datasets\.build_cache\d7\train\labels\0003661_jpg.rf.cc3008272be1610a37624dce70726fa9.txt:6: bbox clipped to image boundary from (0.4159666666666667, 0.08703333333333334, 0.022116666666666666, 0.17407777777777778)"
d7,1,"D:\lct\datasets\.build_cache\d7\train\labels\0003674_jpg.rf.0c1b02e033ed09ce082a69ecc88bcfb9.txt:3: bbox clipped to image boundary from (0.6613916666666666, 0.44602222222222226, 0.48262499999999997, 0.8920555555555556)"
d7,1,"D:\lct\datasets\.build_cache\d7\train\labels\0003693_jpg.rf.ef498a5e900b3d729c001c81fbc04ba4.txt:1: bbox clipped to image boundary from (0.08487320837927233, 0.2545751633986928, 0.06746416758544653, 0.5091633986928105)"
d7,1,"D:\lct\datasets\.build_cache\d7\train\labels\0003698_jpg.rf.eb0a15ed5500b05640b2de9f4e47c9a9.txt:1: bbox clipped to image boundary from (0.7442825607064019, 0.7051633986928105, 0.5114459161147903, 0.5896601307189542)"
d7,1,"D:\lct\datasets\.build_cache\d7\train\labels\0003720_jpg.rf.2d8202565607e5f6f665aed931f57ff2.txt:1: bbox clipped to image boundary from (0.8823416666666666, 0.3492, 0.23530833333333334, 0.6984125)"
d7,1,"D:\lct\datasets\.build_cache\d7\train\labels\0003743_jpg.rf.8c74cfaeb2c1c108ddadd4db50f5b445.txt:2: bbox clipped to image boundary from (0.20400833333333335, 0.37373333333333336, 0.2873833333333333, 0.7474777777777778)"
d7,1,"D:\lct\datasets\.build_cache\d7\train\labels\0003773_jpg.rf.0863d5e21909c26efbecd61bd03470d8.txt:2: bbox clipped to image boundary from (0.7674421168687983, 0.5, 0.4651267916207277, 1.0)"
d7,1,"D:\lct\datasets\.build_cache\d7\train\labels\0003792_jpg.rf.641090b32c21f570a180f2c0d9481de0.txt:1: bbox clipped to image boundary from (0.20777500000000002, 0.6862888888888888, 0.41555000000000003, 0.6274333333333334)"
d7,1,"D:\lct\datasets\.build_cache\d7\train\labels\0003796_jpg.rf.916d7402212ed19b0ef481cbe6b6f3d0.txt:1: bbox clipped to image boundary from (0.4216416666666667, 0.41615555555555556, 0.843275, 0.8323222222222223)"
d7,1,"D:\lct\datasets\.build_cache\d7\train\labels\0003803_jpg.rf.f023e991f67e418bbcca642b5ba0467e.txt:1: bbox clipped to image boundary from (0.8570231532524808, 0.7560653594771242, 0.2859647188533627, 0.48786928104575167)"
d7,1,"D:\lct\datasets\.build_cache\d7\train\labels\0003834_jpg.rf.32cf49b9936b293029437bae4fd37908.txt:2: bbox clipped to image boundary from (0.6783222222222223, 0.514275, 0.5384111111111111, 0.9714583333333333)"
d7,1,"D:\lct\datasets\.build_cache\d7\train\labels\0003858_jpg.rf.4744ef2d94b7cdace63b2c39e6fa186d.txt:3: bbox clipped to image boundary from (0.7261000000000001, 0.4431888888888889, 0.2814833333333333, 0.8863888888888889)"
d7,1,"D:\lct\datasets\.build_cache\d7\train\labels\0003893_jpg.rf.3e0f2dafbd4ffa777fcea987990f8575.txt:1: bbox clipped to image boundary from (0.2596666666666667, 0.34918750000000004, 0.5193416666666667, 0.5589999999999999)"
d7,1,"D:\lct\datasets\.build_cache\d7\train\labels\0003905_jpg.rf.8a9e274fa20336a401d7c5baf6119fa1.txt:3: bbox clipped to image boundary from (0.9134083333333333, 0.5167888888888889, 0.1731916666666667, 0.2952333333333333)"
d7,1,"D:\lct\datasets\.build_cache\d7\train\labels\0003907_jpg.rf.b12f94a66c773e689debb54d35047d7c.txt:1: bbox clipped to image boundary from (0.7505083333333333, 0.2852333333333333, 0.09659166666666666, 0.5704777777777778)"
d7,1,"D:\lct\datasets\.build_cache\d7\train\labels\0003920_jpg.rf.118b113d908a8ee4269f34290d6c2302.txt:2: bbox clipped to image boundary from (0.842325, 0.5643888888888888, 0.31535, 0.8712333333333333)"
d7,1,"D:\lct\datasets\.build_cache\d7\train\labels\0003931_jpg.rf.78f02f2f5a135272eb5f46a75c4f4fc4.txt:3: bbox clipped to image boundary from (0.06145, 0.6625, 0.12290833333333334, 0.135)"
d7,1,"D:\lct\datasets\.build_cache\d7\train\labels\0003963_jpg.rf.f7f4b8fce700ac173557160c76f8cb3e.txt:1: bbox clipped to image boundary from (0.839875, 0.22180910099889012, 0.3202583333333333, 0.44195338512763593)"
d7,1,"D:\lct\datasets\.build_cache\d7\train\labels\0003979_jpg.rf.3faa8c5faaa0cbfd0fac442507b58e27.txt:2: bbox clipped to image boundary from (0.7905416666666667, 0.1457, 0.418925, 0.09734444444444444)"
d7,1,"D:\lct\datasets\.build_cache\d7\train\labels\0003980_jpg.rf.fa6dd795d0e76d25d1a300902d4317db.txt:1: bbox clipped to image boundary from (0.541625, 0.09857777777777778, 0.25268333333333337, 0.19716666666666666)"
d7,1,"D:\lct\datasets\.build_cache\d7\train\labels\0003995_jpg.rf.7d4b68ff42cf5fe938ffe7db3c5d63eb.txt:1: bbox clipped to image boundary from (0.46176778242677824, 0.4120666666666667, 0.08366108786610879, 0.82415)"
d7,1,"D:\lct\datasets\.build_cache\d7\train\labels\0003999_jpg.rf.d8ac498194a62a16d0e7e9ce8c2caeb2.txt:1: bbox clipped to image boundary from (0.5313333333333333, 0.5485666666666666, 0.9373416666666666, 0.9028666666666667)"
d7,1,"D:\lct\datasets\.build_cache\d7\train\labels\0004002_jpg.rf.56060c3b05a940e46aa2442714c473de.txt:1: bbox clipped to image boundary from (0.06175833333333333, 0.1320111111111111, 0.07876666666666667, 0.26403333333333334)"
d7,1,"D:\lct\datasets\.build_cache\d7\train\labels\0004024_jpg.rf.850e688248fb8f72f8b2e412123d717e.txt:1: bbox clipped to image boundary from (0.9461833333333334, 0.4690125, 0.10764166666666665, 0.2763375)"
d7,1,"D:\lct\datasets\.build_cache\d7\train\labels\0004043_jpg.rf.d4db5e693b93d30ffefc68d9cd32043f.txt:1: bbox clipped to image boundary from (0.4716083333333333, 0.25051111111111113, 0.643125, 0.5010333333333333)"
d7,1,"D:\lct\datasets\.build_cache\d7\train\labels\0004044_jpg.rf.761fc4050ce0a829053b5844009b5777.txt:1: bbox clipped to image boundary from (0.0405, 0.23561598224195338, 0.08100833333333333, 0.4670366259711432)"
d7,1,"D:\lct\datasets\.build_cache\d7\train\labels\0004071_jpg.rf.93cb4ae663f72293a016dc4e40b37f86.txt:2: bbox clipped to image boundary from (0.8249777777777778, 0.38325, 0.35005555555555556, 0.7665083333333332)"
d7,1,"D:\lct\datasets\.build_cache\d7\train\labels\0004088_jpg.rf.e99817978d1d942aa308db85f948c121.txt:1: bbox clipped to image boundary from (0.07391666666666666, 0.3196296296296296, 0.09529166666666666, 0.6392777777777777)"
d7,1,"D:\lct\datasets\.build_cache\d7\train\labels\0004098_jpg.rf.2fd5025704838c68e059ad9b227bd5f1.txt:1: bbox clipped to image boundary from (0.15408333333333335, 0.6222222222222222, 0.308175, 0.5456888888888889)"
d7,1,"D:\lct\datasets\.build_cache\d7\train\labels\0004105_jpg.rf.8dd1807d160ac43d9c240b96fb023580.txt:3: bbox clipped to image boundary from (0.03464166666666667, 0.408475, 0.06929166666666667, 0.8080375)"
d7,1,"D:\lct\datasets\.build_cache\d7\train\labels\0004128_jpg.rf.e6891e70e5898c63ad9cfb45ed563c99.txt:1: bbox clipped to image boundary from (0.5136656891495601, 0.4857682291666667, 0.972683284457478, 0.6357291666666667)"
d7,1,"D:\lct\datasets\.build_cache\d7\train\labels\0004128_jpg.rf.e6891e70e5898c63ad9cfb45ed563c99.txt:2: bbox clipped to image boundary from (0.787859237536657, 0.03256510416666667, 0.4242961876832845, 0.06513020833333334)"
d7,1,"D:\lct\datasets\.build_cache\d7\train\labels\0004154_jpg.rf.f9b7fb9274eb826fca67753ac389297f.txt:1: bbox clipped to image boundary from (0.7946979166666667, 0.3135277777777778, 0.41061458333333334, 0.6270555555555556)"
d7,1,"D:\lct\datasets\.build_cache\d7\train\labels\0004173_jpg.rf.a3847b828feaddb9484420b79cdae579.txt:1: bbox clipped to image boundary from (0.8820250000000001, 0.48448749999999996, 0.23595833333333333, 0.599775)"
d7,1,"D:\lct\datasets\.build_cache\d7\train\labels\0004205_jpg.rf.72d2166f126cb2e2f721c5c3f192499f.txt:1: bbox clipped to image boundary from (0.7528916666666667, 0.3773925925925926, 0.494225, 0.6885777777777778)"
d7,1,"D:\lct\datasets\.build_cache\d7\train\labels\0004219_jpg.rf.1fc4486ccfa99741f5ceadc965795169.txt:1: bbox clipped to image boundary from (0.21505555555555556, 0.47638888888888886, 0.2425277777777778, 0.9527962962962963)"
d7,1,"D:\lct\datasets\.build_cache\d7\train\labels\0004220_jpg.rf.cec7a3226f99c7a04129999ca0eae291.txt:1: bbox clipped to image boundary from (0.26053333333333334, 0.47735555555555553, 0.5210666666666667, 0.9547222222222222)"
d7,1,"D:\lct\datasets\.build_cache\d7\train\labels\0004230_jpg.rf.00f62f3a727ba4bc282ce8f77589df17.txt:2: bbox clipped to image boundary from (0.23450937155457552, 0.34888888888888886, 0.2895589856670342, 0.6977908496732026)"
d7,1,"D:\lct\datasets\.build_cache\d7\train\labels\0004268_jpg.rf.d62266c474dde1f33877cd0cbc76b9ec.txt:4: bbox clipped to image boundary from (0.823175, 0.6412111111111112, 0.3536583333333333, 0.6330888888888888)"
d7,1,"D:\lct\datasets\.build_cache\d7\train\labels\0004283_jpg.rf.10f3309178bfc1d99864398ca5da0b2b.txt:1: bbox clipped to image boundary from (0.3082666666666667, 0.20503703703703705, 0.22930833333333334, 0.4100888888888889)"
d7,1,"D:\lct\datasets\.build_cache\d7\train\labels\0004346_jpg.rf.444e82deecff6f4645db4eabc6d857df.txt:1: bbox clipped to image boundary from (0.073125, 0.21271920088790233, 0.14625, 0.42544950055493896)"
d7,1,"D:\lct\datasets\.build_cache\d7\train\labels\0004373_jpg.rf.68c50a4fd929c449c9143ef13157b85d.txt:2: bbox clipped to image boundary from (0.9386, 0.21461249999999998, 0.12280833333333334, 0.42922499999999997)"
d7,1,"D:\lct\datasets\.build_cache\d7\train\labels\0004375_jpg.rf.4e9e35bc74a8fb3675e4dad1947907b7.txt:1: bbox clipped to image boundary from (0.1955898566703418, 0.47193464052287576, 0.09773980154355018, 0.9438823529411765)"
d7,1,"D:\lct\datasets\.build_cache\d7\train\labels\0004429_jpg.rf.9479a1ff1281d88b7ab380b840be4eac.txt:2: bbox clipped to image boundary from (0.52825, 0.5124333333333333, 0.9435083333333334, 0.9169111111111111)"
d7,1,"D:\lct\datasets\.build_cache\d7\train\labels\0004458_jpg.rf.475db43cd0ff82ba0c02a6c5d2acb80c.txt:1: bbox clipped to image boundary from (0.5353916666666667, 0.48673333333333335, 0.7919583333333333, 0.9734777777777778)"
d7,1,"D:\lct\datasets\.build_cache\d7\train\labels\0004470_jpg.rf.80e42bc40169651631bf183668d311b4.txt:3: bbox clipped to image boundary from (0.959775, 0.905037037037037, 0.08045833333333333, 0.1899111111111111)"
d7,1,"D:\lct\datasets\.build_cache\d7\train\labels\0004480_jpg.rf.b5776259b7d8f04259d9a49bf581f659.txt:3: bbox clipped to image boundary from (0.9742333333333333, 0.4073777777777778, 0.051541666666666666, 0.0733)"
d7,1,"D:\lct\datasets\.build_cache\d7\train\labels\0004488_jpg.rf.e021ceaf683ef56a8584dc7725557530.txt:2: bbox clipped to image boundary from (0.08031666666666666, 0.5897888888888888, 0.16064166666666668, 0.3108)"
d7,1,"D:\lct\datasets\.build_cache\d7\train\labels\0004492_jpg.rf.5fc542f2d7bb38aa2145d625c78edda3.txt:1: bbox clipped to image boundary from (0.7819833333333334, 0.5, 0.43604166666666666, 1.0)"
d7,1,"D:\lct\datasets\.build_cache\d7\train\labels\0004501_jpg.rf.550046518fe01aee8d3a7efb245cbbdb.txt:1: bbox clipped to image boundary from (0.8265333333333333, 0.3917111111111111, 0.34694166666666665, 0.4623333333333334)"
d7,1,"D:\lct\datasets\.build_cache\d7\train\labels\0004501_jpg.rf.550046518fe01aee8d3a7efb245cbbdb.txt:2: bbox clipped to image boundary from (0.8915666666666667, 0.7023999999999999, 0.216875, 0.4948111111111111)"
d7,1,"D:\lct\datasets\.build_cache\d7\train\labels\0004526_jpg.rf.bbc5f0f67e5ae7473231c23401204fb5.txt:1: bbox clipped to image boundary from (0.5119, 0.47423333333333334, 0.9762083333333333, 0.7321555555555557)"
d7,1,"D:\lct\datasets\.build_cache\d7\train\labels\0004534_jpg.rf.50c5fa110b4ade25fff06adc38fd09dd.txt:1: bbox clipped to image boundary from (0.9533333333333333, 0.22294444444444445, 0.09332638888888888, 0.44589814814814815)"
d7,1,"D:\lct\datasets\.build_cache\d7\train\labels\0004539_jpg.rf.7cb50af65823a8997921118d4d9e645b.txt:3: bbox clipped to image boundary from (0.8620277777777777, 0.3517592592592592, 0.14179166666666668, 0.7035370370370371)"
d7,1,"D:\lct\datasets\.build_cache\d7\train\labels\0004541_jpg.rf.8d0d39de9f03bb5154e18574c88a134e.txt:1: bbox clipped to image boundary from (0.196975, 0.4469478357380688, 0.39395833333333335, 0.40631520532741394)"
d7,1,"D:\lct\datasets\.build_cache\d7\train\labels\0004569_jpg.rf.433b6391bad77b9f372056336bc31dd2.txt:2: bbox clipped to image boundary from (0.9826916666666666, 0.08534444444444444, 0.034624999999999996, 0.1680333333333333)"
d7,1,"D:\lct\datasets\.build_cache\d7\train\labels\0004583_jpg.rf.fbd5edcb510e67b796e6df5e0ea73f68.txt:1: bbox clipped to image boundary from (0.0687, 0.0401, 0.1374, 0.0802125)"
d7,1,"D:\lct\datasets\.build_cache\d7\train\labels\0004583_jpg.rf.fbd5edcb510e67b796e6df5e0ea73f68.txt:2: bbox clipped to image boundary from (0.22319999999999998, 0.419125, 0.0941, 0.8382625)"
d7,1,"D:\lct\datasets\.build_cache\d7\train\labels\0004603_jpg.rf.2d81bbc8d75bcbc668dfbb886730764c.txt:1: bbox clipped to image boundary from (0.09362999999999999, 0.47751, 0.18727000000000002, 0.9550299999999999)"
d7,1,"D:\lct\datasets\.build_cache\d7\train\labels\0004614_jpg.rf.a5e8e92b0e9a90fd4d0c802596e13fad.txt:3: bbox clipped to image boundary from (0.4416166666666667, 0.445, 0.06288333333333333, 0.8900125)"
d7,1,"D:\lct\datasets\.build_cache\d7\train\labels\0004642_jpg.rf.30bd176a9719da9450cb8429422eb8ff.txt:1: bbox clipped to image boundary from (0.4625732217573222, 0.4122166666666667, 0.07763598326359833, 0.82445)"
d7,1,"D:\lct\datasets\.build_cache\d7\train\labels\0004692_jpg.rf.8e0a59f9e9617c1f48bf1e0022757b49.txt:2: bbox clipped to image boundary from (0.8222833333333334, 0.1586875, 0.35544166666666666, 0.3173625)"
d7,1,"D:\lct\datasets\.build_cache\d7\train\labels\0004723_jpg.rf.a7f1e80325f6c761a1f6fe87b3719794.txt:3: bbox clipped to image boundary from (0.4905583333333333, 0.07766666666666668, 0.9811166666666666, 0.15534444444444445)"
d7,1,"D:\lct\datasets\.build_cache\d7\train\labels\0004728_jpg.rf.921f60d2a46f10f1d1b2a61b6b4e61f4.txt:3: bbox clipped to image boundary from (0.06415, 0.07044444444444445, 0.09303333333333333, 0.1409)"
d7,1,"D:\lct\datasets\.build_cache\d7\train\labels\0004753_jpg.rf.c657574e7c606f57ec7085779bd2959d.txt:1: bbox clipped to image boundary from (0.7295666666666667, 0.5075851851851851, 0.540875, 0.6231851851851852)"
d7,1,"D:\lct\datasets\.build_cache\d7\train\labels\0004759_jpg.rf.c74d048b517c69eab474b6989fb1e0ce.txt:2: bbox clipped to image boundary from (0.9621666666666666, 0.5510444444444444, 0.075675, 0.09292222222222221)"
d7,1,"D:\lct\datasets\.build_cache\d7\train\labels\0004762_jpg.rf.32fd2eb61112d99bbc8ebefb396c7477.txt:1: bbox clipped to image boundary from (0.08620833333333333, 0.4106666666666667, 0.172425, 0.8213333333333334)"
d7,1,"D:\lct\datasets\.build_cache\d7\train\labels\0004786_jpg.rf.c1a4a3d9215ca137cebdd9e372d80cb9.txt:1: bbox clipped to image boundary from (0.03639166666666667, 0.4648888888888889, 0.07279166666666666, 0.38594074074074075)"
d7,1,"D:\lct\datasets\.build_cache\d7\train\labels\0004790_jpg.rf.1681f50fee91e0d30b312e43841cf664.txt:1: bbox clipped to image boundary from (0.4864921875, 0.5, 0.9729921875, 1.0)"
d7,1,"D:\lct\datasets\.build_cache\d7\train\labels\0004791_jpg.rf.1f2fde28761075a45fdcda1122f44a63.txt:1: bbox clipped to image boundary from (0.4398083333333333, 0.5221666666666667, 0.7103083333333333, 0.9556777777777778)"
d7,1,"D:\lct\datasets\.build_cache\d7\train\labels\0004813_jpg.rf.e2c3b948269aac3575236447d2440042.txt:1: bbox clipped to image boundary from (0.3405166666666667, 0.2655826859045505, 0.1739, 0.5311764705882352)"
d7,1,"D:\lct\datasets\.build_cache\d7\train\labels\0004824_jpg.rf.9253f8f9b33d7df6674e3332740d7a59.txt:2: bbox clipped to image boundary from (0.673875, 0.5, 0.6522583333333334, 1.0)"
d7,1,"D:\lct\datasets\.build_cache\d7\train\labels\0004831_jpg.rf.be92f7539a08f305e66400b81f1302a6.txt:2: bbox clipped to image boundary from (0.586025, 0.2300888888888889, 0.10081666666666667, 0.4601888888888889)"
d7,1,"D:\lct\datasets\.build_cache\d7\train\labels\0004855_jpg.rf.2867e96e16eea2de0cb79e3c8aabcd2e.txt:1: bbox clipped to image boundary from (0.9427777777777777, 0.19940740740740742, 0.08286111111111111, 0.3988333333333333)"
d7,1,"D:\lct\datasets\.build_cache\d7\train\labels\0004863_jpg.rf.73bcecde0fe8b8350f620ecfd820ea24.txt:6: bbox clipped to image boundary from (0.5144833333333333, 0.4816125, 0.11209166666666666, 0.9632375000000001)"
d7,1,"D:\lct\datasets\.build_cache\d7\train\labels\0004881_jpg.rf.462ded97b068576d22272f2f34aa6df0.txt:2: bbox clipped to image boundary from (0.6581166666666667, 0.39574444444444445, 0.6740666666666667, 0.7915)"
d7,1,"D:\lct\datasets\.build_cache\d7\train\labels\0004945_jpg.rf.9fee8b7e77b31359fe53636e8095388f.txt:1: bbox clipped to image boundary from (0.4444666666666666, 0.6751083333333333, 0.8889222222222222, 0.6497916666666667)"
d7,1,"D:\lct\datasets\.build_cache\d7\train\labels\0004992_jpg.rf.dec056630596af2935cf768f90dc8b3a.txt:1: bbox clipped to image boundary from (0.039575, 0.13622222222222222, 0.07915833333333333, 0.10568888888888889)"
d7,1,"D:\lct\datasets\.build_cache\d7\train\labels\0004995_jpg.rf.53107850dfcda95a196cc6f71098e9fa.txt:2: bbox clipped to image boundary from (0.07709722222222222, 0.4030185185185185, 0.15420833333333334, 0.8060185185185185)"
d7,1,"D:\lct\datasets\.build_cache\d7\train\labels\0005002_jpg.rf.e7b002a8d6c24542877a63042962d2d5.txt:2: bbox clipped to image boundary from (0.8069895833333334, 0.254125, 0.38603125, 0.505263888888889)"
d7,1,"D:\lct\datasets\.build_cache\d7\train\labels\0005013_jpg.rf.3181e8533aef21e802ce3c0970a2b061.txt:2: bbox clipped to image boundary from (0.60675, 0.3453333333333333, 0.46086666666666665, 0.6906777777777778)"
d7,1,"D:\lct\datasets\.build_cache\d7\train\labels\0005046_jpg.rf.e0aae0476fe6453eab622b0bc9372e26.txt:2: bbox clipped to image boundary from (0.15051666666666666, 0.4340375, 0.167475, 0.8680875)"
d7,1,"D:\lct\datasets\.build_cache\d7\train\labels\0005047_jpg.rf.282f5a16a53812702b28d7f59e77543a.txt:3: bbox clipped to image boundary from (0.04475833333333334, 0.6131, 0.08952500000000001, 0.14495)"
d7,1,"D:\lct\datasets\.build_cache\d7\train\labels\0005051_jpg.rf.730f2a6b306e730ec3acec069ced42f6.txt:1: bbox clipped to image boundary from (0.6919500000000001, 0.23176666666666668, 0.6161000000000001, 0.4635444444444444)"
d7,1,"D:\lct\datasets\.build_cache\d7\train\labels\0005100_jpg.rf.b52a64628591055f81f81a4568537a29.txt:1: bbox clipped to image boundary from (0.4268763796909492, 0.3058169934640523, 0.1691280353200883, 0.6116470588235294)"
d7,1,"D:\lct\datasets\.build_cache\d7\train\labels\0005131_jpg.rf.1ce048301297fa6fe88d87701607de83.txt:1: bbox clipped to image boundary from (0.29838333333333333, 0.5327666666666667, 0.5967749999999999, 0.7106222222222222)"
d7,1,"D:\lct\datasets\.build_cache\d7\train\labels\0005141_jpg.rf.9d415a93649b50a947ad4e3862185312.txt:1: bbox clipped to image boundary from (0.14352499999999999, 0.13725555555555555, 0.28705833333333336, 0.21486666666666665)"
d7,1,"D:\lct\datasets\.build_cache\d7\train\labels\0005211_jpg.rf.9d6adb330a5ff66b5d20cafbf95b173a.txt:1: bbox clipped to image boundary from (0.8136052921719956, 0.37346405228758167, 0.3727894156560088, 0.7469411764705882)"
d7,1,"D:\lct\datasets\.build_cache\d7\train\labels\0005237_jpg.rf.c9d50ca2a053548448b01c8f84a8b8c1.txt:1: bbox clipped to image boundary from (0.23165, 0.15208000000000002, 0.4615, 0.30417)"
d7,1,"D:\lct\datasets\.build_cache\d7\train\labels\0005278_jpg.rf.282271e67ea5fa54c0225f16628888de.txt:2: bbox clipped to image boundary from (0.051325, 0.6900333333333333, 0.10265833333333334, 0.1807)"
d7,1,"D:\lct\datasets\.build_cache\d7\train\labels\0005304_jpg.rf.0a7b073cacd4cab71a9bc36e40957db6.txt:1: bbox clipped to image boundary from (0.7437, 0.49110000000000004, 0.26435000000000003, 0.98221)"
d7,1,"D:\lct\datasets\.build_cache\d7\train\labels\0005318_jpg.rf.9fd11ff19a72293d50821ef899349783.txt:1: bbox clipped to image boundary from (0.5460083333333333, 0.5612444444444444, 0.9079916666666666, 0.4535777777777778)"
d7,1,"D:\lct\datasets\.build_cache\d7\train\labels\0005365_jpg.rf.680d8de5bc7ec7ac13d499becb7f6277.txt:1: bbox clipped to image boundary from (0.56999, 0.12510333333333334, 0.0752825, 0.25021)"
d7,1,"D:\lct\datasets\.build_cache\d7\train\labels\0005368_jpg.rf.9c511fb288cd38c9bedf11bc43e157c7.txt:2: bbox clipped to image boundary from (0.5446416666666667, 0.23538888888888887, 0.15914166666666665, 0.47078888888888887)"
d7,1,"D:\lct\datasets\.build_cache\d7\train\labels\0005395_jpg.rf.7615ec0e410ec4364e2dfa2c727e6515.txt:5: bbox clipped to image boundary from (0.14648333333333333, 0.05475555555555556, 0.098075, 0.10952222222222222)"
d7,1,"D:\lct\datasets\.build_cache\d7\train\labels\0005395_jpg.rf.7615ec0e410ec4364e2dfa2c727e6515.txt:7: bbox clipped to image boundary from (0.46324166666666666, 0.04452222222222222, 0.057183333333333336, 0.08905555555555557)"
d7,1,"D:\lct\datasets\.build_cache\d7\train\labels\0005407_jpg.rf.f30d52cfae6ab8c5ab875fdbaa26d39f.txt:1: bbox clipped to image boundary from (0.15949166666666664, 0.12884444444444443, 0.3189833333333333, 0.2577)"
d7,1,"D:\lct\datasets\.build_cache\d7\train\labels\0005416_jpg.rf.fac6e98d528347157850c21204d09558.txt:1: bbox clipped to image boundary from (0.5412916666666666, 0.36964444444444444, 0.12869166666666668, 0.7393037037037037)"
d7,1,"D:\lct\datasets\.build_cache\d7\train\labels\0005426_jpg.rf.fe6345a32e258317452156699b528276.txt:1: bbox clipped to image boundary from (0.101, 0.34026637069922305, 0.202, 0.6805438401775804)"
d7,1,"D:\lct\datasets\.build_cache\d7\train\labels\0005449_jpg.rf.fb19c8714d7299028f3eb85068f7bba3.txt:1: bbox clipped to image boundary from (0.1733, 0.3273111111111111, 0.09666666666666666, 0.6546333333333333)"
d7,1,"D:\lct\datasets\.build_cache\d7\train\labels\0005498_jpg.rf.f125545e5c3827a25200b61476bff8b0.txt:1: bbox clipped to image boundary from (0.10671666666666667, 0.5313777777777778, 0.21344166666666667, 0.18745555555555557)"
d7,1,"D:\lct\datasets\.build_cache\d7\train\labels\0005509_jpg.rf.b4d37bb7edece31fb6f933af6808a77f.txt:1: bbox clipped to image boundary from (0.6197083333333333, 0.5921666666666667, 0.7605916666666667, 0.8156777777777778)"
d7,1,"D:\lct\datasets\.build_cache\d7\train\labels\0005523_jpg.rf.9ebcf5cfe5f70b7b47bc063cd7518a5e.txt:1: bbox clipped to image boundary from (0.06491406250000001, 0.5816041666666667, 0.1298359375, 0.15552083333333336)"
d7,1,"D:\lct\datasets\.build_cache\d7\train\labels\0005534_jpg.rf.964c30966fb768a5837560b4147bc89f.txt:2: bbox clipped to image boundary from (0.7734555555555556, 0.5114333333333334, 0.4531, 0.26245)"
d7,1,"D:\lct\datasets\.build_cache\d7\train\labels\0005535_jpg.rf.0bde1141166e57bad67a4b96202e1bdd.txt:1: bbox clipped to image boundary from (0.2465, 0.44206666666666666, 0.4930083333333333, 0.2861111111111111)"
d7,1,"D:\lct\datasets\.build_cache\d7\train\labels\0005535_jpg.rf.0bde1141166e57bad67a4b96202e1bdd.txt:2: bbox clipped to image boundary from (0.8835666666666666, 0.4488111111111111, 0.232875, 0.2571111111111111)"
d7,1,"D:\lct\datasets\.build_cache\d7\train\labels\0005544_jpg.rf.d848f72b98a9403dcc191d7fc59e1123.txt:3: bbox clipped to image boundary from (0.9197461368653421, 0.39938562091503266, 0.08422737306843267, 0.7987843137254903)"
d7,1,"D:\lct\datasets\.build_cache\d7\train\labels\0005627_jpg.rf.d5f5eeae0e96a8ab7b270c334a1811e1.txt:1: bbox clipped to image boundary from (0.2588520971302428, 0.5, 0.5177152317880794, 1.0)"
d7,1,"D:\lct\datasets\.build_cache\d7\train\labels\0005643_jpg.rf.f5a8ee0325ef0565d466da09a5f16a65.txt:1: bbox clipped to image boundary from (0.7442, 0.42806666666666665, 0.5116083333333333, 0.4622444444444444)"
d7,1,"D:\lct\datasets\.build_cache\d7\train\labels\0005645_jpg.rf.72cf12fa0c7c37832781d677879616f3.txt:2: bbox clipped to image boundary from (0.1442, 0.025755555555555556, 0.15686666666666668, 0.05152222222222222)"
d7,1,"D:\lct\datasets\.build_cache\d7\train\labels\0005648_jpg.rf.ae32ac1b04ccc33eefffd6de15500530.txt:3: bbox clipped to image boundary from (0.9704333333333334, 0.6855444444444444, 0.05914166666666667, 0.17437777777777777)"
d7,1,"D:\lct\datasets\.build_cache\d7\train\labels\0005655_jpg.rf.4f73a5e9a6dede2d2b98e162a72cff3e.txt:1: bbox clipped to image boundary from (0.448025, 0.24065555555555557, 0.8960583333333333, 0.48131111111111113)"
d7,1,"D:\lct\datasets\.build_cache\d7\train\labels\0005665_jpg.rf.c1ea2293dfd4da441630d2842996cc36.txt:1: bbox clipped to image boundary from (0.9698416666666666, 0.1996888888888889, 0.060325000000000004, 0.39936666666666665)"
d7,1,"D:\lct\datasets\.build_cache\d7\train\labels\0005675_jpg.rf.372230f2cbd5e8fe579a81add0cd96f1.txt:1: bbox clipped to image boundary from (0.3184666666666667, 0.19985185185185186, 0.39675, 0.39971851851851853)"
d7,1,"D:\lct\datasets\.build_cache\d7\train\labels\0005683_jpg.rf.66c5786bbc25939f79cd569f8b8dd0b3.txt:1: bbox clipped to image boundary from (0.12899558498896246, 0.5589281045751634, 0.2580022075055188, 0.8821437908496732)"
d7,1,"D:\lct\datasets\.build_cache\d7\train\labels\0005686_jpg.rf.f7a41d731eb1cb18f4d08eea779735f6.txt:2: bbox clipped to image boundary from (0.7256583333333333, 0.07121111111111111, 0.5486833333333333, 0.14243333333333333)"
d7,1,"D:\lct\datasets\.build_cache\d7\train\labels\0005691_jpg.rf.deb2d6343821f03e4e8ffe04e08c9eed.txt:1: bbox clipped to image boundary from (0.9167333333333333, 0.35558888888888884, 0.16654166666666667, 0.46382222222222225)"
d7,1,"D:\lct\datasets\.build_cache\d7\train\labels\0005710_jpg.rf.52ab5eca5debe7a062e54a4c55f61aa1.txt:2: bbox clipped to image boundary from (0.46754999999999997, 0.49537777777777775, 0.48005, 0.9907666666666667)"
d7,1,"D:\lct\datasets\.build_cache\d7\train\labels\0005728_jpg.rf.d79643b69136cdd18ed813b0d3766aff.txt:1: bbox clipped to image boundary from (0.8767333333333333, 0.38532222222222223, 0.2465416666666667, 0.219)"
d7,1,"D:\lct\datasets\.build_cache\d7\train\labels\0005760_jpg.rf.1717fbbcdf21dd6b71e8f3b165366163.txt:3: bbox clipped to image boundary from (0.1406666666666667, 0.3252333333333333, 0.101425, 0.6504777777777777)"
d7,1,"D:\lct\datasets\.build_cache\d7\train\labels\0005818_jpg.rf.06722bb955fc19340801a180611c4ad5.txt:1: bbox clipped to image boundary from (0.8448249999999999, 0.26145555555555555, 0.24988333333333335, 0.5229222222222222)"
d7,1,"D:\lct\datasets\.build_cache\d7\train\labels\0005857_jpg.rf.77c0ab3dd1506c65eefe562e01913c1f.txt:2: bbox clipped to image boundary from (0.04505, 0.5206555555555555, 0.09010833333333333, 0.41234444444444446)"
d7,1,"D:\lct\datasets\.build_cache\d7\train\labels\0005864_jpg.rf.4e88379f809ae6fd5431d03b0ba11b2b.txt:1: bbox clipped to image boundary from (0.26375, 0.21873333333333334, 0.5275083333333334, 0.39786666666666665)"
d7,1,"D:\lct\datasets\.build_cache\d7\train\labels\0005890_jpg.rf.013ce10b417fad789231006223bcf052.txt:1: bbox clipped to image boundary from (0.6438666666666667, 0.39174166666666665, 0.7122814814814815, 0.32306666666666667)"
d7,1,"D:\lct\datasets\.build_cache\d7\train\labels\0005918_jpg.rf.34b57749ff59c6195a036a4d9cd9ddc3.txt:1: bbox clipped to image boundary from (0.12146799116997792, 0.5, 0.24294701986754969, 1.0)"
d7,1,"D:\lct\datasets\.build_cache\d7\train\labels\0005924_jpg.rf.c4bdd5e748ab1cb71de5e6832e955216.txt:3: bbox clipped to image boundary from (0.5578083333333334, 0.09949999999999999, 0.29305833333333337, 0.19901111111111114)"
d7,1,"D:\lct\datasets\.build_cache\d7\train\labels\0005943_jpg.rf.9e380fb7da50acac700ff8e7dcb84aef.txt:1: bbox clipped to image boundary from (0.4357888888888889, 0.501775, 0.8715888888888889, 0.6267916666666666)"
d7,1,"D:\lct\datasets\.build_cache\d7\train\labels\0006014_jpg.rf.5f6f77392b7250d0554c7ca9c145a0f6.txt:1: bbox clipped to image boundary from (0.8701333333333334, 0.6146111111111111, 0.25974166666666665, 0.30844444444444447)"
d7,1,"D:\lct\datasets\.build_cache\d7\train\labels\0006014_jpg.rf.5f6f77392b7250d0554c7ca9c145a0f6.txt:2: bbox clipped to image boundary from (0.5237333333333334, 0.4056444444444444, 0.9525416666666666, 0.6750666666666666)"
d7,1,"D:\lct\datasets\.build_cache\d7\train\labels\0006066_jpg.rf.7da33d4cbfab842adfd30d43b2d8ad13.txt:2: bbox clipped to image boundary from (0.8078, 0.194725, 0.04455833333333333, 0.3894625)"
d7,1,"D:\lct\datasets\.build_cache\d7\train\labels\0006123_jpg.rf.689bd900f5d1db7fe81ba641ac456e02.txt:1: bbox clipped to image boundary from (0.8257666666666668, 0.1535, 0.3484777777777778, 0.307)"
d7,1,"D:\lct\datasets\.build_cache\d7\train\labels\0006190_jpg.rf.a46835c6a31afcfd524955b6c208da41.txt:1: bbox clipped to image boundary from (0.9241250000000001, 0.21517037037037037, 0.15175833333333336, 0.43034074074074075)"
d7,1,"D:\lct\datasets\.build_cache\d7\train\labels\0006200_jpg.rf.109a4b9e2123c42f4451868880027ef3.txt:1: bbox clipped to image boundary from (0.8750749999999999, 0.3328301886792453, 0.24985833333333332, 0.21033296337402885)"
d7,1,"D:\lct\datasets\.build_cache\d7\train\labels\0006200_jpg.rf.109a4b9e2123c42f4451868880027ef3.txt:2: bbox clipped to image boundary from (0.08677499999999999, 0.4960488346281909, 0.17355833333333334, 0.5033407325194229)"
d7,1,"D:\lct\datasets\.build_cache\d7\train\labels\0006212_jpg.rf.c6ed47d5dcebb4460a51a4a605cfd283.txt:1: bbox clipped to image boundary from (0.46221666666666666, 0.38197777777777775, 0.14244166666666666, 0.7639666666666667)"
d7,1,"D:\lct\datasets\.build_cache\d7\train\labels\0006235_jpg.rf.dba9f72fa4eadb9d2a73d19a4c116867.txt:1: bbox clipped to image boundary from (0.046375, 0.15527407407407406, 0.09275833333333333, 0.31054814814814813)"
d7,1,"D:\lct\datasets\.build_cache\d7\train\labels\0006242_jpg.rf.8e762fe74c5d8799fe03d74797f60361.txt:1: bbox clipped to image boundary from (0.2798583333333333, 0.3627111111111111, 0.5597249999999999, 0.39544444444444443)"
d7,1,"D:\lct\datasets\.build_cache\d7\train\labels\0006243_jpg.rf.90ba485729eeb9ac1b18b00f543959ed.txt:1: bbox clipped to image boundary from (0.5249416666666666, 0.5700666666666666, 0.9501250000000001, 0.8598666666666667)"
d7,1,"D:\lct\datasets\.build_cache\d7\train\labels\0006257_jpg.rf.ef0e2414e29b002eec1f66044da3b289.txt:1: bbox clipped to image boundary from (0.46556485355648536, 0.40691666666666665, 0.07735355648535565, 0.81385)"
d7,1,"D:\lct\datasets\.build_cache\d7\train\labels\0006290_jpg.rf.1b09a1fde90425fb668fd02a076373bd.txt:1: bbox clipped to image boundary from (0.12087500000000001, 0.5242888888888889, 0.24175833333333335, 0.6386666666666666)"
d7,1,"D:\lct\datasets\.build_cache\d7\train\labels\0006293_jpg.rf.1fe69d191dd3d61379c60581aece7758.txt:2: bbox clipped to image boundary from (0.032391666666666666, 0.8113444444444445, 0.06479166666666666, 0.19513333333333333)"
d7,1,"D:\lct\datasets\.build_cache\d7\train\labels\0006315_jpg.rf.9492f3959d59dc59b31a6487fa472206.txt:2: bbox clipped to image boundary from (0.9451583333333334, 0.4570666666666667, 0.10969166666666666, 0.27194444444444443)"
d7,1,"D:\lct\datasets\.build_cache\d7\train\labels\0006332_jpg.rf.452ec81e30d6103658daf7795f853b2b.txt:1: bbox clipped to image boundary from (0.7302, 0.3192555555555555, 0.5396083333333334, 0.638511111111111)"
d7,1,"D:\lct\datasets\.build_cache\d7\train\labels\0006361_jpg.rf.d9dd40838d0d68ed0ff822aa68b31572.txt:1: bbox clipped to image boundary from (0.8958418740849194, 0.4134201388888889, 0.1637628111273792, 0.8268576388888889)"
d7,1,"D:\lct\datasets\.build_cache\d7\train\labels\0006370_jpg.rf.779f6e186e1c7fe92124f5aac9a2ad47.txt:2: bbox clipped to image boundary from (0.23552499999999998, 0.9116296296296297, 0.15418333333333334, 0.17675555555555555)"
d7,1,"D:\lct\datasets\.build_cache\d7\train\labels\0006370_jpg.rf.779f6e186e1c7fe92124f5aac9a2ad47.txt:3: bbox clipped to image boundary from (0.030424999999999997, 0.8688296296296297, 0.060858333333333334, 0.26234074074074076)"
d7,1,"D:\lct\datasets\.build_cache\d7\train\labels\0006373_jpg.rf.46d23d7d729a95ab705dae2bb50a921d.txt:1: bbox clipped to image boundary from (0.5125468577728776, 0.37190849673202614, 0.1620837927232635, 0.743830065359477)"
d7,1,"D:\lct\datasets\.build_cache\d7\train\labels\0006379_jpg.rf.0890a4b13063dc7cc4b724671611047a.txt:1: bbox clipped to image boundary from (0.7137265625, 0.3266666666666667, 0.572546875, 0.6533385416666667)"
d7,1,"D:\lct\datasets\.build_cache\d7\train\labels\0006384_jpg.rf.c62442e16829c208ae8bc87e7a4428a7.txt:3: bbox clipped to image boundary from (0.3307, 0.24506666666666668, 0.07544166666666667, 0.49014444444444444)"
d7,1,"D:\lct\datasets\.build_cache\d7\train\labels\0006414_jpg.rf.657ab93ab2cb52a8d3a1f947b21b8c02.txt:1: bbox clipped to image boundary from (0.1879375, 0.35862499999999997, 0.37590625, 0.7172916666666667)"
d7,1,"D:\lct\datasets\.build_cache\d7\train\labels\0006436_jpg.rf.69e2c22e21e338b8b1075cdf5e8ac3f0.txt:1: bbox clipped to image boundary from (0.46319037656903767, 0.40691666666666665, 0.09352510460251046, 0.81385)"
d7,1,"D:\lct\datasets\.build_cache\d7\train\labels\0006458_jpg.rf.d46e399936d7fa1bc24d5a670a4c0d2c.txt:3: bbox clipped to image boundary from (0.5175416666666667, 0.43546666666666667, 0.964925, 0.5379)"
d7,1,"D:\lct\datasets\.build_cache\d7\train\labels\0006492_jpg.rf.78749f14ebe9dff6e2e145d16232426e.txt:7: bbox clipped to image boundary from (0.019683333333333334, 0.7549222222222222, 0.039375, 0.06077777777777778)"
d7,1,"D:\lct\datasets\.build_cache\d7\train\labels\0006504_jpg.rf.08ce4717d1ef426ca71b83b038089fa8.txt:1: bbox clipped to image boundary from (0.7067166666666667, 0.19723333333333332, 0.5865666666666667, 0.39447777777777776)"
d7,1,"D:\lct\datasets\.build_cache\d7\valid\labels\0000272_jpg.rf.f8bf96479861e2658e8fb8c70ae3f74c.txt:7: bbox clipped to image boundary from (0.9783000000000001, 0.13219166666666665, 0.04341111111111111, 0.10863333333333335)"
d7,1,"D:\lct\datasets\.build_cache\d7\valid\labels\0000477_jpg.rf.0dd514d1f572891d344e08d74d9efabe.txt:2: bbox clipped to image boundary from (0.34735, 0.9363703703703703, 0.16136666666666666, 0.12727407407407407)"
d7,1,"D:\lct\datasets\.build_cache\d7\valid\labels\0000494_jpg.rf.75a3b8111b69075633f1043cc9e7eebc.txt:1: bbox clipped to image boundary from (0.6935222222222222, 0.5944416666666666, 0.6129666666666667, 0.2833333333333333)"
d7,1,"D:\lct\datasets\.build_cache\d7\valid\labels\0000504_jpg.rf.4e49b194ecd5b87044c19acec6c7d956.txt:1: bbox clipped to image boundary from (0.1482, 0.6211777777777777, 0.29640833333333333, 0.5071777777777777)"
d7,1,"D:\lct\datasets\.build_cache\d7\valid\labels\0000539_jpg.rf.347ec0d05f8bf9e265f58c55bb4c6dfb.txt:1: bbox clipped to image boundary from (0.7573666666666667, 0.2809333333333333, 0.23583333333333334, 0.5618814814814814)"
d7,1,"D:\lct\datasets\.build_cache\d7\valid\labels\0000587_jpg.rf.f2e3193838371ad35f8e863ad319c256.txt:1: bbox clipped to image boundary from (0.38261666666666666, 0.29914999999999997, 0.42441666666666666, 0.5983125)"
d7,1,"D:\lct\datasets\.build_cache\d7\valid\labels\0000666_jpg.rf.58a9a65247cff56f86168ab086167de9.txt:1: bbox clipped to image boundary from (0.8570138888888889, 0.8246354166666667, 0.28597222222222224, 0.35074652777777776)"
d7,1,"D:\lct\datasets\.build_cache\d7\valid\labels\0000748_jpg.rf.58eaec3aab1273f30f9a79470a85fc1b.txt:4: bbox clipped to image boundary from (0.776325, 0.5428499999999999, 0.44735833333333336, 0.9143125000000001)"
d7,1,"D:\lct\datasets\.build_cache\d7\valid\labels\0000873_jpg.rf.ea9db3e60bd7c4f8e6aa1b6664095f46.txt:2: bbox clipped to image boundary from (0.4624528301886793, 0.09444166666666666, 0.2663706992230855, 0.18889166666666665)"
d7,1,"D:\lct\datasets\.build_cache\d7\valid\labels\0000873_jpg.rf.ea9db3e60bd7c4f8e6aa1b6664095f46.txt:3: bbox clipped to image boundary from (0.865338512763596, 0.3923583333333333, 0.26933407325194225, 0.19583333333333333)"
d7,1,"D:\lct\datasets\.build_cache\d7\valid\labels\0000947_jpg.rf.2e813cc943f3613a3ac1473972bd4874.txt:1: bbox clipped to image boundary from (0.2573318632855568, 0.11150326797385621, 0.17469680264608597, 0.22301960784313726)"
d7,1,"D:\lct\datasets\.build_cache\d7\valid\labels\0001003_jpg.rf.e31eec16fdfcbbc3102e6521321ca297.txt:1: bbox clipped to image boundary from (0.45928870292887025, 0.4273666666666667, 0.06898535564853557, 0.85475)"
d7,1,"D:\lct\datasets\.build_cache\d7\valid\labels\0001143_jpg.rf.a38ae41722e18d71fcfee1451926d204.txt:2: bbox clipped to image boundary from (0.6464666666666666, 0.4233444444444444, 0.707075, 0.5550666666666667)"
d7,1,"D:\lct\datasets\.build_cache\d7\valid\labels\0001182_jpg.rf.fa969c7f966992e6606e04382815076a.txt:1: bbox clipped to image boundary from (0.8334166666666667, 0.26734722222222224, 0.33317708333333335, 0.5347083333333333)"
d7,1,"D:\lct\datasets\.build_cache\d7\valid\labels\0001230_jpg.rf.78c882aefb95f3329bffad1e4ac37ca0.txt:1: bbox clipped to image boundary from (0.8602416666666667, 0.29552222222222224, 0.279525, 0.34721111111111114)"
d7,1,"D:\lct\datasets\.build_cache\d7\valid\labels\0001230_jpg.rf.78c882aefb95f3329bffad1e4ac37ca0.txt:3: bbox clipped to image boundary from (0.9449083333333335, 0.13762222222222223, 0.11018333333333333, 0.2468111111111111)"
d7,1,"D:\lct\datasets\.build_cache\d7\valid\labels\0001270_jpg.rf.099ba52147af83805acdc0a2b574a7a7.txt:1: bbox clipped to image boundary from (0.19608599779492833, 0.845359477124183, 0.3921830209481808, 0.23677124183006534)"
d7,1,"D:\lct\datasets\.build_cache\d7\valid\labels\0001350_jpg.rf.5e47299ae205abba6de1a38ce947ad39.txt:2: bbox clipped to image boundary from (0.028591666666666668, 0.6122124999999999, 0.05719166666666666, 0.26451250000000004)"
d7,1,"D:\lct\datasets\.build_cache\d7\valid\labels\0001350_jpg.rf.5e47299ae205abba6de1a38ce947ad39.txt:3: bbox clipped to image boundary from (0.37851666666666667, 0.4916375, 0.06888333333333332, 0.9832875)"
d7,1,"D:\lct\datasets\.build_cache\d7\valid\labels\0001353_jpg.rf.70a31dd773cd8bf1dd43bb99bad5ed4b.txt:1: bbox clipped to image boundary from (0.4395175, 0.31634999999999996, 0.8790325, 0.6327033333333333)"
d7,1,"D:\lct\datasets\.build_cache\d7\valid\labels\0001412_jpg.rf.89cafb99e8b1fb9a20539f40cd92c5fb.txt:1: bbox clipped to image boundary from (0.2032, 0.34255, 0.4064111111111111, 0.25704166666666667)"
d7,1,"D:\lct\datasets\.build_cache\d7\valid\labels\0001429_jpg.rf.ab6c63133686d0dc611b8d40abf29374.txt:1: bbox clipped to image boundary from (0.20658333333333334, 0.43537037037037035, 0.23470833333333335, 0.8707592592592592)"
d7,1,"D:\lct\datasets\.build_cache\d7\valid\labels\0001510_jpg.rf.3a3974ee85e1f3663d3cde317b6647ff.txt:1: bbox clipped to image boundary from (0.0593, 0.07374028856825748, 0.11860833333333334, 0.14748057713651497)"
d7,1,"D:\lct\datasets\.build_cache\d7\valid\labels\0001561_jpg.rf.69a12ae26fd16af578ef09183a67c20e.txt:1: bbox clipped to image boundary from (0.9703611111111111, 0.8255555555555555, 0.059291666666666666, 0.0648611111111111)"
d7,1,"D:\lct\datasets\.build_cache\d7\valid\labels\0001587_jpg.rf.eaec429c21a07de7ed7feaecd23f7995.txt:1: bbox clipped to image boundary from (0.2953, 0.31664444444444445, 0.5906083333333334, 0.6332777777777778)"
d7,1,"D:\lct\datasets\.build_cache\d7\valid\labels\0001620_jpg.rf.d24bc73afc2f36087056531b7d1f8e86.txt:1: bbox clipped to image boundary from (0.817825, 0.5999333333333334, 0.36435833333333334, 0.46492222222222224)"
d7,1,"D:\lct\datasets\.build_cache\d7\valid\labels\0001763_jpg.rf.1110b5a7fe67c696e8c46f13a7b056b3.txt:5: bbox clipped to image boundary from (0.08949166666666666, 0.5894874999999999, 0.17899166666666666, 0.1710625)"
d7,1,"D:\lct\datasets\.build_cache\d7\valid\labels\0001793_jpg.rf.3ed62afbb85bcc2c8dedb37f9116933c.txt:1: bbox clipped to image boundary from (0.29833333333333334, 0.10805, 0.25785833333333336, 0.21611249999999999)"
d7,1,"D:\lct\datasets\.build_cache\d7\valid\labels\0001797_jpg.rf.90fd921cc1a1de548b4f2dc2a9adb4d7.txt:2: bbox clipped to image boundary from (0.3522166666666667, 0.646175, 0.7044416666666667, 0.6849375000000001)"
d7,1,"D:\lct\datasets\.build_cache\d7\valid\labels\0001930_jpg.rf.26da00fe0b78ca1aa64d107bc3595f6f.txt:1: bbox clipped to image boundary from (0.36732, 0.29633, 0.15762, 0.5926699999999999)"
d7,1,"D:\lct\datasets\.build_cache\d7\valid\labels\0002009_jpg.rf.4644047eeb699ef658f6b87fe62857c7.txt:1: bbox clipped to image boundary from (0.7954906284454245, 0.23526797385620915, 0.10502756339581037, 0.4705490196078432)"
d7,1,"D:\lct\datasets\.build_cache\d7\valid\labels\0002102_jpg.rf.1a0d796a002c238d309b61d0a00ef706.txt:3: bbox clipped to image boundary from (0.3547166666666667, 0.6477222222222223, 0.7094333333333334, 0.7045666666666667)"
d7,1,"D:\lct\datasets\.build_cache\d7\valid\labels\0002164_jpg.rf.409b3ad011eabc830ed5d9fd74cf9e01.txt:2: bbox clipped to image boundary from (0.06406666666666666, 0.6096333333333332, 0.12814166666666668, 0.14845555555555556)"
d7,1,"D:\lct\datasets\.build_cache\d7\valid\labels\0002202_jpg.rf.e960371843cf0b523c15da041c6b9fc0.txt:2: bbox clipped to image boundary from (0.7542333333333334, 0.16921198668146506, 0.4915416666666667, 0.3384239733629301)"
d7,1,"D:\lct\datasets\.build_cache\d7\valid\labels\0002311_jpg.rf.b3054c03f32258266d9a39f7b9acb62e.txt:6: bbox clipped to image boundary from (0.6665916666666667, 0.135075, 0.0788, 0.27016249999999997)"
d7,1,"D:\lct\datasets\.build_cache\d7\valid\labels\0002457_jpg.rf.b2ba6d8c4d88be4307aaf1884d36ee24.txt:1: bbox clipped to image boundary from (0.11895000000000001, 0.363075, 0.23790833333333333, 0.24053750000000002)"
d7,1,"D:\lct\datasets\.build_cache\d7\valid\labels\0002457_jpg.rf.b2ba6d8c4d88be4307aaf1884d36ee24.txt:3: bbox clipped to image boundary from (0.29843333333333333, 0.5217499999999999, 0.596875, 0.7228625)"
d7,1,"D:\lct\datasets\.build_cache\d7\valid\labels\0002577_jpg.rf.64962838c5dd791b20f2935d58cfa161.txt:1: bbox clipped to image boundary from (0.045525, 0.369925, 0.09105833333333332, 0.73985)"
d7,1,"D:\lct\datasets\.build_cache\d7\valid\labels\0002588_jpg.rf.8ff9a32e934805db3fc907e6bbbab44c.txt:2: bbox clipped to image boundary from (0.9742166666666666, 0.8741222222222222, 0.051575, 0.23375555555555555)"
d7,1,"D:\lct\datasets\.build_cache\d7\valid\labels\0002588_jpg.rf.8ff9a32e934805db3fc907e6bbbab44c.txt:6: bbox clipped to image boundary from (0.755575, 0.8882, 0.35375, 0.22361111111111112)"
d7,1,"D:\lct\datasets\.build_cache\d7\valid\labels\0002788_jpg.rf.725140ebdf75d0a0cf5ecbf24d1fd7e5.txt:3: bbox clipped to image boundary from (0.0488, 0.5829444444444444, 0.09760833333333332, 0.15610000000000002)"
d7,1,"D:\lct\datasets\.build_cache\d7\valid\labels\0002884_jpg.rf.0bfd9284e9994301451bf6b60ae3ddad.txt:1: bbox clipped to image boundary from (0.6155, 0.3151333333333333, 0.769, 0.6302777777777778)"
d7,1,"D:\lct\datasets\.build_cache\d7\valid\labels\0002886_jpg.rf.43e22295b00f153dbdee496c1afd5f65.txt:2: bbox clipped to image boundary from (0.549725, 0.3680555555555556, 0.09747499999999999, 0.7361222222222222)"
d7,1,"D:\lct\datasets\.build_cache\d7\valid\labels\0002910_jpg.rf.a14582b82aadd7bb2811ae5ed1d17bc8.txt:1: bbox clipped to image boundary from (0.7837166666666667, 0.2782019977802442, 0.1973, 0.5564150943396227)"
d7,1,"D:\lct\datasets\.build_cache\d7\valid\labels\0002974_jpg.rf.7cc71626a88398f41b5de30d0b47df20.txt:2: bbox clipped to image boundary from (0.7254273029966704, 0.2154, 0.5491564927857936, 0.13038333333333335)"
d7,1,"D:\lct\datasets\.build_cache\d7\valid\labels\0003164_jpg.rf.b71913fc7656eaa5b67aae8710f6963b.txt:3: bbox clipped to image boundary from (0.019258333333333332, 0.40895000000000004, 0.038525, 0.04675)"
d7,1,"D:\lct\datasets\.build_cache\d7\valid\labels\0003164_jpg.rf.b71913fc7656eaa5b67aae8710f6963b.txt:4: bbox clipped to image boundary from (0.050574999999999995, 0.6532875, 0.10115833333333334, 0.26475000000000004)"
d7,1,"D:\lct\datasets\.build_cache\d7\valid\labels\0003244_jpg.rf.bfc5a6d57e2925f7a347b4b8fe8d48f9.txt:1: bbox clipped to image boundary from (0.9300916666666665, 0.09987791342952275, 0.139825, 0.061398446170921196)"
d7,1,"D:\lct\datasets\.build_cache\d7\valid\labels\0003270_jpg.rf.8968a0721302166ac0b5f9117c074b5f.txt:1: bbox clipped to image boundary from (0.3008830022075055, 0.5, 0.601777041942605, 1.0)"
d7,1,"D:\lct\datasets\.build_cache\d7\valid\labels\0003291_jpg.rf.847d28b669d4ec00c4bc53c28afb4d80.txt:1: bbox clipped to image boundary from (0.70125, 0.5507222222222222, 0.5975104166666667, 0.8424444444444443)"
d7,1,"D:\lct\datasets\.build_cache\d7\valid\labels\0003527_jpg.rf.9a2f8930b04791f48d34659f09b111fe.txt:1: bbox clipped to image boundary from (0.9115166666666666, 0.6816888888888889, 0.176975, 0.4409666666666667)"
d7,1,"D:\lct\datasets\.build_cache\d7\valid\labels\0003537_jpg.rf.81f42eef748e5bb2830ded69cac6183f.txt:1: bbox clipped to image boundary from (0.67584375, 0.35384722222222226, 0.6483229166666666, 0.5354305555555555)"
d7,1,"D:\lct\datasets\.build_cache\d7\valid\labels\0003549_jpg.rf.4b2d836a0666d6b39dd59ba4d6dc8d68.txt:2: bbox clipped to image boundary from (0.18275833333333333, 0.4954444444444444, 0.365525, 0.8632777777777778)"
d7,1,"D:\lct\datasets\.build_cache\d7\valid\labels\0003684_jpg.rf.37ede57bb524a95bed1e652336ac1295.txt:3: bbox clipped to image boundary from (0.035825, 0.6161666666666666, 0.07165833333333332, 0.06741111111111112)"
d7,1,"D:\lct\datasets\.build_cache\d7\valid\labels\0003881_jpg.rf.93eb92ac5af081519ea0223773f12083.txt:2: bbox clipped to image boundary from (0.48111000000000004, 0.07952, 0.9622200000000001, 0.15905000000000002)"
d7,1,"D:\lct\datasets\.build_cache\d7\valid\labels\0003910_jpg.rf.6380b008e83b20a0b7fc979100ef8c97.txt:1: bbox clipped to image boundary from (0.5530781250000001, 0.4699772727272727, 0.8938593750000001, 0.9399772727272727)"
d7,1,"D:\lct\datasets\.build_cache\d7\valid\labels\0003918_jpg.rf.99dd2742099b8ad0cc3db8f542dc6a87.txt:1: bbox clipped to image boundary from (0.7688202866593165, 0.5, 0.4623704520396913, 1.0)"
d7,1,"D:\lct\datasets\.build_cache\d7\valid\labels\0004070_jpg.rf.5ba0f33b161fa4f91ec7d8ed42c2486b.txt:1: bbox clipped to image boundary from (0.9288916666666668, 0.15903333333333333, 0.142225, 0.31807777777777774)"
d7,1,"D:\lct\datasets\.build_cache\d7\valid\labels\0004177_jpg.rf.890e5547c94f636c81d0d31b5b17ec5e.txt:1: bbox clipped to image boundary from (0.4516333333333334, 0.4084333333333333, 0.6805777777777777, 0.816875)"
d7,1,"D:\lct\datasets\.build_cache\d7\valid\labels\0004195_jpg.rf.3791f2de23184a81d9a1b336731ea6a8.txt:6: bbox clipped to image boundary from (0.9386, 0.2115375, 0.12280833333333334, 0.2179375)"
d7,1,"D:\lct\datasets\.build_cache\d7\valid\labels\0004262_jpg.rf.8606d6a8198e8d888de58bd2e5f01698.txt:3: bbox clipped to image boundary from (0.4955666666666666, 0.35327777777777775, 0.29564999999999997, 0.7065666666666667)"
d7,1,"D:\lct\datasets\.build_cache\d7\valid\labels\0004339_jpg.rf.b67863b4d24bc07e5c1bf206bd906fe0.txt:3: bbox clipped to image boundary from (0.7590111111111111, 0.24456666666666668, 0.4819888888888889, 0.17204166666666665)"
d7,1,"D:\lct\datasets\.build_cache\d7\valid\labels\0004528_jpg.rf.d3cb6c748c0442288373336f9a739570.txt:2: bbox clipped to image boundary from (0.261625, 0.16747222222222222, 0.08852083333333334, 0.3349583333333333)"
d7,1,"D:\lct\datasets\.build_cache\d7\valid\labels\0004550_jpg.rf.a906a0a0cffe5162915995c0696b87b5.txt:1: bbox clipped to image boundary from (0.7955567805953694, 0.24343790849673203, 0.10239250275633958, 0.4868888888888889)"
d7,1,"D:\lct\datasets\.build_cache\d7\valid\labels\0004669_jpg.rf.5e231227a0f5afdf8f12b9be94fb90af.txt:4: bbox clipped to image boundary from (0.35018333333333335, 0.19255555555555556, 0.7003750000000001, 0.3851111111111111)"
d7,1,"D:\lct\datasets\.build_cache\d7\valid\labels\0004685_jpg.rf.370bc1b38e02a60513f589bafba45aba.txt:1: bbox clipped to image boundary from (0.38665, 0.05803333333333333, 0.7733083333333334, 0.11606666666666667)"
d7,1,"D:\lct\datasets\.build_cache\d7\valid\labels\0004750_jpg.rf.43745bbe00a2b458bf38bfb7ee79fa48.txt:1: bbox clipped to image boundary from (0.25403333333333333, 0.6727777777777778, 0.508075, 0.2753222222222222)"
d7,1,"D:\lct\datasets\.build_cache\d7\valid\labels\0004771_jpg.rf.09c37031ca2521789dff7f06d71b9335.txt:1: bbox clipped to image boundary from (0.4655125523012552, 0.42055000000000003, 0.07935146443514644, 0.8411166666666667)"
d7,1,"D:\lct\datasets\.build_cache\d7\valid\labels\0004809_jpg.rf.c16f9ede74465d4eb0194198801da872.txt:1: bbox clipped to image boundary from (0.2814583333333333, 0.3249666666666667, 0.562925, 0.5546333333333333)"
d7,1,"D:\lct\datasets\.build_cache\d7\valid\labels\0004997_jpg.rf.ca6c7526d4720bc6046d553cc5993de3.txt:1: bbox clipped to image boundary from (0.7498583333333334, 0.5, 0.5002916666666667, 1.0)"
d7,1,"D:\lct\datasets\.build_cache\d7\valid\labels\0005062_jpg.rf.73beaf3c07193bd12dbaf82fc880c92e.txt:1: bbox clipped to image boundary from (0.5337997159090909, 0.5294176136363636, 0.9324041193181819, 0.7427793560606061)"
d7,1,"D:\lct\datasets\.build_cache\d7\valid\labels\0005186_jpg.rf.3305bed2b3edce3ea3e5eb6c85fed305.txt:1: bbox clipped to image boundary from (0.4168432671081678, 0.29180392156862744, 0.19286975717439295, 0.5836209150326798)"
d7,1,"D:\lct\datasets\.build_cache\d7\valid\labels\0005515_jpg.rf.b6d7aaee8d07b12c8634ff49aafc4f29.txt:4: bbox clipped to image boundary from (0.24320833333333336, 0.06994444444444445, 0.48642500000000005, 0.13987777777777777)"
d7,1,"D:\lct\datasets\.build_cache\d7\valid\labels\0005590_jpg.rf.cea5afc8b2f983b45e1eb93b67dbc64f.txt:3: bbox clipped to image boundary from (0.972825, 0.179, 0.054358333333333335, 0.08966666666666667)"
d7,1,"D:\lct\datasets\.build_cache\d7\valid\labels\0005676_jpg.rf.aa7dd65cf1613bcf4e4793bed0391869.txt:1: bbox clipped to image boundary from (0.46394351464435146, 0.40691666666666665, 0.08248953974895397, 0.81385)"
d7,1,"D:\lct\datasets\.build_cache\d7\valid\labels\0005813_jpg.rf.a7d345f2d04dbcbef3f88c6e4b8f5918.txt:1: bbox clipped to image boundary from (0.23063999999999998, 0.62427, 0.46129000000000003, 0.75146)"
d7,1,"D:\lct\datasets\.build_cache\d7\valid\labels\0005824_jpg.rf.6608fc39e634c00d94af93c0ca5ceeca.txt:1: bbox clipped to image boundary from (0.7836583333333333, 0.3945, 0.4326916666666667, 0.33664444444444447)"
d7,1,"D:\lct\datasets\.build_cache\d7\valid\labels\0006109_jpg.rf.0776bf9677dace75cdd6cebfb77abd07.txt:1: bbox clipped to image boundary from (0.48744131455399065, 0.35984375, 0.8360798122065728, 0.719703125)"
d7,1,"D:\lct\datasets\.build_cache\d7\valid\labels\0006168_jpg.rf.8d99d39cb25deeef8d63c743ed85b129.txt:1: bbox clipped to image boundary from (0.1915, 0.2935972222222222, 0.09803125, 0.5872083333333333)"
d7,1,"D:\lct\datasets\.build_cache\d7\valid\labels\0006250_jpg.rf.25ab5c72515577aa3e398bc9b994ddad.txt:3: bbox clipped to image boundary from (0.8917333333333333, 0.45056666666666667, 0.2165416666666667, 0.49756666666666666)"
d7,1,"D:\lct\datasets\.build_cache\d7\valid\labels\0006269_jpg.rf.2f5ca7cdc1bd3dec0b8159531bb95e3d.txt:2: bbox clipped to image boundary from (0.6544321940463066, 0.16816993464052288, 0.6911466372657111, 0.15620915032679739)"
d7,1,"D:\lct\datasets\.build_cache\d7\valid\labels\0006273_jpg.rf.f079f6c1de0311adfda42af10cd952ac.txt:2: bbox clipped to image boundary from (0.21885000000000002, 0.5017333333333334, 0.4377083333333333, 0.06338888888888888)"
d7,1,"D:\lct\datasets\.build_cache\d7\valid\labels\0006306_jpg.rf.60ac5058e0a51dd6245d4cd72f092240.txt:1: bbox clipped to image boundary from (0.09171111111111112, 0.4937, 0.18343333333333334, 0.456125)"
d7,1,"D:\lct\datasets\.build_cache\d7\valid\labels\0006348_jpg.rf.3302a8d2b0342ed478c2859cc1d4e5c8.txt:1: bbox clipped to image boundary from (0.34484166666666666, 0.20668148148148147, 0.1932, 0.41337777777777773)"
d7,1,"D:\lct\datasets\.build_cache\d7\valid\labels\0006441_jpg.rf.5390e0e253af4690d1c3906a5660e3ca.txt:1: bbox clipped to image boundary from (0.040575, 0.894725, 0.08115833333333333, 0.187275)"
d7,1,"D:\lct\datasets\.build_cache\d7\valid\labels\0006480_jpg.rf.8fcc2c00cdfeb558959fb1c3cf2e9e87.txt:1: bbox clipped to image boundary from (0.3223333333333333, 0.5, 0.6446770833333333, 1.0)"
d7,1,"D:\lct\datasets\.build_cache\d7\valid\labels\0006493_jpg.rf.2cf87f8fd35d3d87f16eb084dc285e00.txt:1: bbox clipped to image boundary from (0.7495259095920618, 0.5, 0.5009592061742006, 1.0)"
d7,1,"D:\lct\datasets\.build_cache\d7\test\labels\0000307_jpg.rf.9d4941d0867c85df4cc07c4ad727b5b7.txt:2: bbox clipped to image boundary from (0.9415783664459162, 0.2721176470588235, 0.11685430463576159, 0.2824052287581699)"
d7,1,"D:\lct\datasets\.build_cache\d7\test\labels\0000572_jpg.rf.2ea45c6ee091edb5f3d38099513d7057.txt:2: bbox clipped to image boundary from (0.9660333333333333, 0.08228148148148148, 0.06794166666666666, 0.12853333333333333)"
d7,1,"D:\lct\datasets\.build_cache\d7\test\labels\0000720_jpg.rf.cadeea668ff728d14a5cefb8ab816a55.txt:2: bbox clipped to image boundary from (0.453406835722161, 0.4929542483660131, 0.13749724366041896, 0.985921568627451)"
d7,1,"D:\lct\datasets\.build_cache\d7\test\labels\0000892_jpg.rf.a7bb23a20910c0d7ebd9c6403cb556e7.txt:3: bbox clipped to image boundary from (0.12989166666666668, 0.7026444444444444, 0.25979166666666664, 0.1499888888888889)"
d7,1,"D:\lct\datasets\.build_cache\d7\test\labels\0000892_jpg.rf.a7bb23a20910c0d7ebd9c6403cb556e7.txt:4: bbox clipped to image boundary from (0.024366666666666665, 0.8356111111111111, 0.04874166666666667, 0.17586666666666667)"
d7,1,"D:\lct\datasets\.build_cache\d7\test\labels\0001066_jpg.rf.8e5594d1af1ab714709d86c195c1793c.txt:1: bbox clipped to image boundary from (0.17514166666666667, 0.5077777777777778, 0.35029166666666667, 0.5074444444444445)"
d7,1,"D:\lct\datasets\.build_cache\d7\test\labels\0001431_jpg.rf.b1ad944bbff20975fc08beeb570dbf26.txt:2: bbox clipped to image boundary from (0.1484375, 0.6499270833333333, 0.2968828125, 0.20565625)"
d7,1,"D:\lct\datasets\.build_cache\d7\test\labels\0001432_jpg.rf.fa9780d85bd50c477c8fa35280fa79f9.txt:3: bbox clipped to image boundary from (0.8251416666666667, 0.18485555555555555, 0.349725, 0.08835555555555555)"
d7,1,"D:\lct\datasets\.build_cache\d7\test\labels\0001514_jpg.rf.134aaf865265991173b127ba3efa66ec.txt:2: bbox clipped to image boundary from (0.08721481481481481, 0.48475833333333335, 0.17444444444444446, 0.07384166666666667)"
d7,1,"D:\lct\datasets\.build_cache\d7\test\labels\0001611_jpg.rf.4cf25529dc0b6854d61b3786268019cc.txt:1: bbox clipped to image boundary from (0.6681083333333333, 0.3210962962962963, 0.6637916666666667, 0.6421777777777778)"
d7,1,"D:\lct\datasets\.build_cache\d7\test\labels\0001614_jpg.rf.31bb0ed1a71b0ea2ff231345b5faf352.txt:1: bbox clipped to image boundary from (0.6666333333333334, 0.639511111111111, 0.6667416666666667, 0.7107333333333333)"
d7,1,"D:\lct\datasets\.build_cache\d7\test\labels\0001707_jpg.rf.1519675c54982bbb3ae722cbf2d8e7a0.txt:1: bbox clipped to image boundary from (0.467092050209205, 0.4220666666666667, 0.09713389121338913, 0.8441500000000001)"
d7,1,"D:\lct\datasets\.build_cache\d7\test\labels\0001895_jpg.rf.26a76854cb09215949c92502c467c021.txt:2: bbox clipped to image boundary from (0.1905972222222222, 0.49168518518518517, 0.27831944444444445, 0.9833888888888889)"
d7,1,"D:\lct\datasets\.build_cache\d7\test\labels\0001976_jpg.rf.30f58c5cc1e6cdcdcfa03d5e4f68e915.txt:1: bbox clipped to image boundary from (0.8686083333333333, 0.7153111111111111, 0.2627916666666667, 0.20574444444444442)"
d7,1,"D:\lct\datasets\.build_cache\d7\test\labels\0002165_jpg.rf.2bcda1395abce23942235ef017cb8556.txt:2: bbox clipped to image boundary from (0.9266262403528115, 0.14169934640522877, 0.11095920617420066, 0.28341176470588236)"
d7,1,"D:\lct\datasets\.build_cache\d7\test\labels\0002180_jpg.rf.337fd38aa329dbf6da54d6d31e7b6f57.txt:1: bbox clipped to image boundary from (0.1670782800441014, 0.6089411764705882, 0.33416758544652697, 0.36780392156862746)"
d7,1,"D:\lct\datasets\.build_cache\d7\test\labels\0002276_jpg.rf.10e2b2abb50aa3e7e9972a59e7cd4dbc.txt:1: bbox clipped to image boundary from (0.2556220657276995, 0.376265625, 0.5112558685446009, 0.48276562500000003)"
d7,1,"D:\lct\datasets\.build_cache\d7\test\labels\0002396_jpg.rf.afd888673d3ba93dfe3f64e90948acaa.txt:2: bbox clipped to image boundary from (0.57713, 0.3613643178410795, 0.17403, 0.722743628185907)"
d7,1,"D:\lct\datasets\.build_cache\d7\test\labels\0002451_jpg.rf.c7f5fa617f0185fb48920f9292de04ce.txt:1: bbox clipped to image boundary from (0.018236111111111113, 0.25957407407407407, 0.036472222222222225, 0.5191574074074075)"
d7,1,"D:\lct\datasets\.build_cache\d7\test\labels\0002876_jpg.rf.78ed7dd8163c9314e459e359d086b4e0.txt:1: bbox clipped to image boundary from (0.48415656008820285, 0.06709803921568627, 0.9683241455347299, 0.13419607843137255)"
d7,1,"D:\lct\datasets\.build_cache\d7\test\labels\0003084_jpg.rf.237c626ea68c40df4686c70d9940424b.txt:2: bbox clipped to image boundary from (0.4354666666666666, 0.9396148148148148, 0.12815000000000001, 0.12078518518518519)"
d7,1,"D:\lct\datasets\.build_cache\d7\test\labels\0003264_jpg.rf.54d2a8e204850a72c6fe21919ed33ee4.txt:1: bbox clipped to image boundary from (0.217225, 0.45243333333333335, 0.43445833333333334, 0.6409888888888888)"
d7,1,"D:\lct\datasets\.build_cache\d7\test\labels\0003725_jpg.rf.9daf5cdfea349bf4c9857e956b9c4257.txt:2: bbox clipped to image boundary from (0.069175, 0.3261777777777778, 0.13835, 0.6523666666666667)"
d7,1,"D:\lct\datasets\.build_cache\d7\test\labels\0003785_jpg.rf.0478b943bcd567ce9327dd0cab65c272.txt:2: bbox clipped to image boundary from (0.7613333333333333, 0.5, 0.47734375, 1.0)"
d7,1,"D:\lct\datasets\.build_cache\d7\test\labels\0004005_jpg.rf.0d3fefa85073b19c926e0a7113c6c171.txt:1: bbox clipped to image boundary from (0.7546250000000001, 0.2736296296296296, 0.1371111111111111, 0.5472777777777778)"
d7,1,"D:\lct\datasets\.build_cache\d7\test\labels\0004109_jpg.rf.55eed8d7d16de680584475d77ec9ca1b.txt:1: bbox clipped to image boundary from (0.42291666666666666, 0.5263, 0.8458416666666667, 0.9347444444444444)"
d7,1,"D:\lct\datasets\.build_cache\d7\test\labels\0004117_jpg.rf.a1a070bb053d7f7fa0e9c45cb411faf2.txt:1: bbox clipped to image boundary from (0.45543933054393304, 0.39858333333333335, 0.0842887029288703, 0.7971833333333334)"
d7,1,"D:\lct\datasets\.build_cache\d7\test\labels\0004132_jpg.rf.b4d7f89f959aed3cd00698c5f2a4b03f.txt:2: bbox clipped to image boundary from (0.9292333333333332, 0.49770000000000003, 0.14154166666666665, 0.11987777777777778)"
d7,1,"D:\lct\datasets\.build_cache\d7\test\labels\0004142_jpg.rf.dd616fca39d58988b3707c41efc9eff0.txt:4: bbox clipped to image boundary from (0.9626666666666667, 0.7736805555555555, 0.07468055555555556, 0.08694444444444444)"
d7,1,"D:\lct\datasets\.build_cache\d7\test\labels\0004590_jpg.rf.534342f3f1e5521f52c4d8ea763a85a0.txt:1: bbox clipped to image boundary from (0.8652921719955899, 0.7115032679738561, 0.2694266813671444, 0.5769803921568627)"
d7,1,"D:\lct\datasets\.build_cache\d7\test\labels\0004637_jpg.rf.0b573247e3cbef08915c6877ef544aa1.txt:1: bbox clipped to image boundary from (0.6144583333333333, 0.2587083333333334, 0.7710833333333333, 0.5174305555555556)"
d7,1,"D:\lct\datasets\.build_cache\d7\test\labels\0004709_jpg.rf.3dbde85705e32d3128cd36b38c10512b.txt:1: bbox clipped to image boundary from (0.6227750000000001, 0.840175, 0.5829333333333333, 0.31966249999999996)"
d7,1,"D:\lct\datasets\.build_cache\d7\test\labels\0004911_jpg.rf.cf30d14236bed8823d74872a8c79418d.txt:4: bbox clipped to image boundary from (0.3057361111111111, 0.2452037037037037, 0.13899999999999998, 0.4904259259259259)"
d7,1,"D:\lct\datasets\.build_cache\d7\test\labels\0004912_jpg.rf.1f9c26c43604339ef473c63bb34a9d5b.txt:1: bbox clipped to image boundary from (0.44099431818181817, 0.05011363636363637, 0.1350284090909091, 0.10024621212121212)"
d7,1,"D:\lct\datasets\.build_cache\d7\test\labels\0005225_jpg.rf.25ff80ed0da5ab0ea69e95a538e55246.txt:1: bbox clipped to image boundary from (0.8708048511576627, 0.6498692810457516, 0.2584013230429989, 0.7002483660130719)"
d7,1,"D:\lct\datasets\.build_cache\d7\test\labels\0005298_jpg.rf.59dc88153a8782cb019905841bc2b1d1.txt:2: bbox clipped to image boundary from (0.4588962472406181, 0.1937254901960784, 0.15589403973509935, 0.38746405228758174)"
d7,1,"D:\lct\datasets\.build_cache\d7\test\labels\0005482_jpg.rf.750adea49eaf62849004f0e28b81ca9a.txt:2: bbox clipped to image boundary from (0.9114000000000001, 0.37897777777777775, 0.17720833333333333, 0.2334111111111111)"
d7,1,"D:\lct\datasets\.build_cache\d7\test\labels\0005860_jpg.rf.6864e5fe1512293135a075ef0d44a5c7.txt:2: bbox clipped to image boundary from (0.3912333333333333, 0.8729481481481481, 0.15263333333333334, 0.2541185185185185)"
d7,1,"D:\lct\datasets\.build_cache\d7\test\labels\0006061_jpg.rf.3b7edcd3231a63c1721c84bfc28c29eb.txt:1: bbox clipped to image boundary from (0.31781666666666664, 0.9099851851851852, 0.10579999999999999, 0.18004444444444445)"
d7,1,"D:\lct\datasets\.build_cache\d7\test\labels\0006113_jpg.rf.13a46c843400906639690f7327eaa823.txt:2: bbox clipped to image boundary from (0.8289333333333333, 0.34680833333333333, 0.3421444444444445, 0.6888416666666667)"
d7,1,"D:\lct\datasets\.build_cache\d7\test\labels\0006259_jpg.rf.7ff62b5d1ac618afa7d2bd1c1d4cdd94.txt:3: bbox clipped to image boundary from (0.908275, 0.3721888888888889, 0.18345833333333333, 0.05765555555555556)"
d7,1,"D:\lct\datasets\.build_cache\d7\test\labels\0006286_jpg.rf.fb64fd19abc31c9367fa54bdab1a3200.txt:1: bbox clipped to image boundary from (0.5925165562913908, 0.5, 0.8149779249448124, 1.0)"
d7,1,"D:\lct\datasets\.build_cache\d7\test\labels\0006286_jpg.rf.fb64fd19abc31c9367fa54bdab1a3200.txt:2: bbox clipped to image boundary from (0.7917218543046357, 0.0830326797385621, 0.0793046357615894, 0.16607843137254902)"
d7,1,"D:\lct\datasets\.build_cache\d7\test\labels\0006294_jpg.rf.9c08c77e87033e81033c7bf9508225ae.txt:3: bbox clipped to image boundary from (0.9784916666666668, 0.08476666666666667, 0.043025, 0.12418888888888889)"
d7,1,"D:\lct\datasets\.build_cache\d7\test\labels\0006386_jpg.rf.0ec0d646aad4cf6f180d7b1b1234cc07.txt:1: bbox clipped to image boundary from (0.5538916666666667, 0.38701111111111114, 0.892225, 0.7740222222222223)"
d7,1,"D:\lct\datasets\.build_cache\d7\test\labels\0006410_jpg.rf.e1a5bddc87707fb1f3a531b353379afc.txt:1: bbox clipped to image boundary from (0.3741833333333333, 0.5590625, 0.748375, 0.881875)"
d7,1,"D:\lct\datasets\.build_cache\d7\test\labels\0006412_jpg.rf.eff8ac196b43f5838da705d5b53aca70.txt:2: bbox clipped to image boundary from (0.8532916666666667, 0.41832592592592593, 0.293425, 0.36217777777777777)"
d7,1,"D:\lct\datasets\.build_cache\d7\test\labels\0006477_jpg.rf.fc11fccdac73cde4421c79b44ce9f369.txt:1: bbox clipped to image boundary from (0.9424000000000001, 0.4626222222222222, 0.11520000000000001, 0.10121111111111111)"
