pair_id,source,split_a,image_a,original_image_a,split_b,image_b,original_image_b,phash_distance,dhash_distance,embedding_cosine_similarity,pixel_ncc,pixel_mae,color_hist_cosine,same_filename_family,frame_delta,suspicion_score,visual_review,review_note,review_rank,reviewed_visually
ff4b774b659f,d7,train,images/train/d7/d7_0003179_jpg.rf.331476eba43fb3aa610e1a6b0c591f16_960ebf8743.jpg,D:\lct\datasets\.build_cache\d7\train\images\0003179_jpg.rf.331476eba43fb3aa610e1a6b0c591f16.jpg,test,images/test/d7/d7_0001285_jpg.rf.a88c448927940c5923095cc9e8d8a38e_367e7b8465.jpg,D:\lct\datasets\.build_cache\d7\train\images\0001285_jpg.rf.a88c448927940c5923095cc9e8d8a38e.jpg,10,11,,0.898223876953125,0.04240866377949715,0.982219934463501,False,,0.8839662909507752,visually_not_leakage,"visually reviewed on contact sheet: similar construction subject/site, but not the same frame, adjacent sequence, or duplicated source asset",1,true
941328fb4ca5,d7,train,images/train/d7/d7_0003254_jpg.rf.730ac5636b17602632225ec84c389e7c_a4f80863ea.jpg,D:\lct\datasets\.build_cache\d7\train\images\0003254_jpg.rf.730ac5636b17602632225ec84c389e7c.jpg,test,images/test/d7/d7_0001285_jpg.rf.a88c448927940c5923095cc9e8d8a38e_367e7b8465.jpg,D:\lct\datasets\.build_cache\d7\train\images\0001285_jpg.rf.a88c448927940c5923095cc9e8d8a38e.jpg,10,13,,0.8995463252067566,0.04271695017814636,0.9875316619873047,False,,0.8806045293807983,visually_not_leakage,"visually reviewed on contact sheet: similar construction subject/site, but not the same frame, adjacent sequence, or duplicated source asset",2,true
6e480b66071e,d7,train,images/train/d7/d7_0006192_jpg.rf.007073d71f8b619c32e2a90baebbac7e_5c0049a3c0.jpg,D:\lct\datasets\.build_cache\d7\train\images\0006192_jpg.rf.007073d71f8b619c32e2a90baebbac7e.jpg,val,images/val/d7/d7_0005395_jpg.rf.7615ec0e410ec4364e2dfa2c727e6515_f8637f9ba6.jpg,D:\lct\datasets\.build_cache\d7\train\images\0005395_jpg.rf.7615ec0e410ec4364e2dfa2c727e6515.jpg,12,9,,0.8703967332839966,0.05223460495471954,0.9615896344184875,False,,0.8650533884763718,visually_not_leakage,"visually reviewed on contact sheet: similar construction subject/site, but not the same frame, adjacent sequence, or duplicated source asset",3,true
f83224c886c4,d7,train,images/train/d7/d7_0001641_jpg.rf.d6228411c3728f8977fb458d30737c04_ca32f3dbe5.jpg,D:\lct\datasets\.build_cache\d7\train\images\0001641_jpg.rf.d6228411c3728f8977fb458d30737c04.jpg,val,images/val/d7/d7_0000233_jpg.rf.3f11c6313caea24351e7967ed3d88603_134dcd4eef.jpg,D:\lct\datasets\.build_cache\d7\train\images\0000233_jpg.rf.3f11c6313caea24351e7967ed3d88603.jpg,16,17,,0.9154884219169617,0.07760415971279144,0.9197692275047302,False,,0.8393170028924943,visually_not_leakage,"visually reviewed on contact sheet: similar construction subject/site, but not the same frame, adjacent sequence, or duplicated source asset",4,true
f43058ab26ae,d7,train,images/train/d7/d7_0002115_jpg.rf.7431932549f64769063ae223db77824d_8e4c1316c4.jpg,D:\lct\datasets\.build_cache\d7\train\images\0002115_jpg.rf.7431932549f64769063ae223db77824d.jpg,test,images/test/d7/d7_0001285_jpg.rf.a88c448927940c5923095cc9e8d8a38e_367e7b8465.jpg,D:\lct\datasets\.build_cache\d7\train\images\0001285_jpg.rf.a88c448927940c5923095cc9e8d8a38e.jpg,12,14,,0.8051707744598389,0.0636192187666893,0.9803239107131958,False,,0.8300543963909149,visually_not_leakage,"visually reviewed on contact sheet: similar construction subject/site, but not the same frame, adjacent sequence, or duplicated source asset",5,true
56f3b1fdc9d6,d7,train,images/train/d7/d7_0002735_jpg.rf.a9a92119b76eb45446f5f7079b0fbf9d_50e5c06867.jpg,D:\lct\datasets\.build_cache\d7\valid\images\0002735_jpg.rf.a9a92119b76eb45446f5f7079b0fbf9d.jpg,val,images/val/d7/d7_0004983_jpg.rf.454d8aa63c26e691681cceea8446e9be_b6366c5f72.jpg,D:\lct\datasets\.build_cache\d7\valid\images\0004983_jpg.rf.454d8aa63c26e691681cceea8446e9be.jpg,16,21,,0.9385799169540405,0.06498736143112183,0.8446242213249207,False,,0.8279068499803542,visually_not_leakage,"visually reviewed on contact sheet: similar construction subject/site, but not the same frame, adjacent sequence, or duplicated source asset",6,true
f8116c9b409c,d7,train,images/train/d7/d7_0002372_jpg.rf.7cd394c8f5eb9e1c815df6aa311b3b3a_a5ddda4859.jpg,D:\lct\datasets\.build_cache\d7\train\images\0002372_jpg.rf.7cd394c8f5eb9e1c815df6aa311b3b3a.jpg,test,images/test/d7/d7_0001285_jpg.rf.a88c448927940c5923095cc9e8d8a38e_367e7b8465.jpg,D:\lct\datasets\.build_cache\d7\train\images\0001285_jpg.rf.a88c448927940c5923095cc9e8d8a38e.jpg,14,13,,0.8126763105392456,0.06236596405506134,0.9847524166107178,False,,0.8266896367073059,visually_not_leakage,"visually reviewed on contact sheet: similar construction subject/site, but not the same frame, adjacent sequence, or duplicated source asset",7,true
2ed6288dd13d,d7,train,images/train/d7/d7_0001965_jpg.rf.f18e8a28a5a4b05e3eb3474909f38ff8_0f33162d41.jpg,D:\lct\datasets\.build_cache\d7\test\images\0001965_jpg.rf.f18e8a28a5a4b05e3eb3474909f38ff8.jpg,test,images/test/d7/d7_0006039_jpg.rf.9beaee09dd935c2c30ad22e473c90c85_c773a9c702.jpg,D:\lct\datasets\.build_cache\d7\test\images\0006039_jpg.rf.9beaee09dd935c2c30ad22e473c90c85.jpg,14,17,,0.905904233455658,0.09856387972831726,0.7661406397819519,False,,0.8218140393495561,visually_not_leakage,"visually reviewed on contact sheet: similar construction subject/site, but not the same frame, adjacent sequence, or duplicated source asset",8,true
73eb01f85bc1,d7,train,images/train/d7/d7_0002045_jpg.rf.9954f7deb386f6e8df553d4b04203cf5_957590cc51.jpg,D:\lct\datasets\.build_cache\d7\valid\images\0002045_jpg.rf.9954f7deb386f6e8df553d4b04203cf5.jpg,val,images/val/d7/d7_0003762_jpg.rf.cebf573ca100c7e140f62d4edb3d703e_d5d830005a.jpg,D:\lct\datasets\.build_cache\d7\valid\images\0003762_jpg.rf.cebf573ca100c7e140f62d4edb3d703e.jpg,14,18,,0.82157963514328,0.08369140326976776,0.970914363861084,False,,0.8164565086364746,visually_not_leakage,"visually reviewed on contact sheet: similar construction subject/site, but not the same frame, adjacent sequence, or duplicated source asset",9,true
0fd8c87a74ea,d7,train,images/train/d7/d7_0003945_jpg.rf.c9b1b0c650de9f88ea94ba298ce94e5b_84491852f9.jpg,D:\lct\datasets\.build_cache\d7\valid\images\0003945_jpg.rf.c9b1b0c650de9f88ea94ba298ce94e5b.jpg,val,images/val/d7/d7_0003105_jpg.rf.bbc6c2f685704c58bab1336649e76294_debb3b82d2.jpg,D:\lct\datasets\.build_cache\d7\valid\images\0003105_jpg.rf.bbc6c2f685704c58bab1336649e76294.jpg,14,21,,0.8310366868972778,0.06442248821258545,0.9914268255233765,False,,0.8162849485874177,visually_not_leakage,"visually reviewed on contact sheet: similar construction subject/site, but not the same frame, adjacent sequence, or duplicated source asset",10,true
e5867c0eda01,d7,train,images/train/d7/d7_0000496_jpg.rf.3f7007566d2d4e973cd222aa1ac1d8f6_0aa345376c.jpg,D:\lct\datasets\.build_cache\d7\train\images\0000496_jpg.rf.3f7007566d2d4e973cd222aa1ac1d8f6.jpg,test,images/test/d7/d7_0004174_jpg.rf.e3a4cedf88805ad5b444ac3c6879bb84_177333b25f.jpg,D:\lct\datasets\.build_cache\d7\train\images\0004174_jpg.rf.e3a4cedf88805ad5b444ac3c6879bb84.jpg,16,17,,0.8423966765403748,0.07896848022937775,0.9458194971084595,False,,0.8139878451824187,visually_not_leakage,"visually reviewed on contact sheet: similar construction subject/site, but not the same frame, adjacent sequence, or duplicated source asset",11,true
20c3a98241bd,d7,train,images/train/d7/d7_0001946_jpg.rf.6559022598081fa97a29ea6a483e3715_366206c182.jpg,D:\lct\datasets\.build_cache\d7\train\images\0001946_jpg.rf.6559022598081fa97a29ea6a483e3715.jpg,val,images/val/d7/d7_0006285_jpg.rf.b7e3a2317cb22acebec391366daba1be_14df0c5b61.jpg,D:\lct\datasets\.build_cache\d7\test\images\0006285_jpg.rf.b7e3a2317cb22acebec391366daba1be.jpg,14,21,,0.8537113666534424,0.07848978042602539,0.9039325714111328,False,,0.812230682373047,visually_not_leakage,"visually reviewed on contact sheet: similar construction subject/site, but not the same frame, adjacent sequence, or duplicated source asset",12,true
c2ec95d827ea,d7,train,images/train/d7/d7_0005449_jpg.rf.fb19c8714d7299028f3eb85068f7bba3_3dd2b10bd0.jpg,D:\lct\datasets\.build_cache\d7\train\images\0005449_jpg.rf.fb19c8714d7299028f3eb85068f7bba3.jpg,val,images/val/d7/d7_0006157_jpg.rf.d3de9024bc92274fcf5f89bd1046a520_00f181d02a.jpg,D:\lct\datasets\.build_cache\d7\valid\images\0006157_jpg.rf.d3de9024bc92274fcf5f89bd1046a520.jpg,6,13,,0.6907414197921753,0.07273092865943909,0.9614415168762207,False,,0.8119190454483032,visually_not_leakage,"visually reviewed on contact sheet: similar construction subject/site, but not the same frame, adjacent sequence, or duplicated source asset",13,true
557bae35ab12,d7,train,images/train/d7/d7_0003111_jpg.rf.e1e645d1f34f3530f75de7da4480320e_6de7de543d.jpg,D:\lct\datasets\.build_cache\d7\train\images\0003111_jpg.rf.e1e645d1f34f3530f75de7da4480320e.jpg,val,images/val/d7/d7_0001106_jpg.rf.168daeda5e90bdc327ab2f2d95129e16_631cdc1ac9.jpg,D:\lct\datasets\.build_cache\d7\valid\images\0001106_jpg.rf.168daeda5e90bdc327ab2f2d95129e16.jpg,14,20,,0.8156841993331909,0.07341931015253067,0.987150251865387,False,,0.8118462175130844,visually_not_leakage,"visually reviewed on contact sheet: similar construction subject/site, but not the same frame, adjacent sequence, or duplicated source asset",14,true
813415b67ae3,d7,train,images/train/d7/d7_0002877_jpg.rf.09664dae960361e091c535344d0eeff2_e84c6001bd.jpg,D:\lct\datasets\.build_cache\d7\train\images\0002877_jpg.rf.09664dae960361e091c535344d0eeff2.jpg,test,images/test/d7/d7_0002012_jpg.rf.13205dc4aab5213280e7b69327a2cfdd_88537df76a.jpg,D:\lct\datasets\.build_cache\d7\test\images\0002012_jpg.rf.13205dc4aab5213280e7b69327a2cfdd.jpg,12,13,,0.7654836773872375,0.0897212028503418,0.9462239146232605,False,,0.811408308148384,visually_not_leakage,"visually reviewed on contact sheet: similar construction subject/site, but not the same frame, adjacent sequence, or duplicated source asset",15,true
4f8f365b1578,d7,val,images/val/d7/d7_0004146_jpg.rf.f58d93c2edf9ed54607dd104d55c7a41_e6a127c1db.jpg,D:\lct\datasets\.build_cache\d7\valid\images\0004146_jpg.rf.f58d93c2edf9ed54607dd104d55c7a41.jpg,test,images/test/d7/d7_0002436_jpg.rf.f2f7636c41d819a698d15c8b3d60ff12_6f36bbd74a.jpg,D:\lct\datasets\.build_cache\d7\train\images\0002436_jpg.rf.f2f7636c41d819a698d15c8b3d60ff12.jpg,14,10,,0.7577468156814575,0.07876072824001312,0.9770082831382751,False,,0.8105874687433243,visually_not_leakage,"visually reviewed on contact sheet: similar construction subject/site, but not the same frame, adjacent sequence, or duplicated source asset",16,true
9f180986b6b3,d7,train,images/train/d7/d7_0004079_jpg.rf.cc71ab46c0521defb583f2e6d27062a0_13454fe4b7.jpg,D:\lct\datasets\.build_cache\d7\train\images\0004079_jpg.rf.cc71ab46c0521defb583f2e6d27062a0.jpg,test,images/test/d7/d7_0001564_jpg.rf.1677c7f43d4cafbeab961d11f9de29f0_8f9d446da7.jpg,D:\lct\datasets\.build_cache\d7\test\images\0001564_jpg.rf.1677c7f43d4cafbeab961d11f9de29f0.jpg,16,18,,0.8995453119277954,0.09716796875,0.7812944054603577,False,,0.8098247855901718,visually_not_leakage,"visually reviewed on contact sheet: similar construction subject/site, but not the same frame, adjacent sequence, or duplicated source asset",17,true
7d38a0cf7825,d7,train,images/train/d7/d7_0002394_jpg.rf.2b1b910f45d68f4731b49df79a2d9e5d_c439477aed.jpg,D:\lct\datasets\.build_cache\d7\train\images\0002394_jpg.rf.2b1b910f45d68f4731b49df79a2d9e5d.jpg,val,images/val/d7/d7_0002779_jpg.rf.aa97ae4a1f0efac4c42b10eb051d9ad8_56a597a1d0.jpg,D:\lct\datasets\.build_cache\d7\valid\images\0002779_jpg.rf.aa97ae4a1f0efac4c42b10eb051d9ad8.jpg,14,13,,0.7920421361923218,0.0914311408996582,0.9226893186569214,False,,0.8091265022754669,visually_not_leakage,"visually reviewed on contact sheet: similar construction subject/site, but not the same frame, adjacent sequence, or duplicated source asset",18,true
da921ee9af30,d7,train,images/train/d7/d7_0002795_jpg.rf.b69f8a72c93a91850109f2ce26378854_7a141a86ae.jpg,D:\lct\datasets\.build_cache\d7\train\images\0002795_jpg.rf.b69f8a72c93a91850109f2ce26378854.jpg,test,images/test/d7/d7_0000764_jpg.rf.0546c14cf0bc2fe38322d727ae3aea2b_2b81de3ed4.jpg,D:\lct\datasets\.build_cache\d7\test\images\0000764_jpg.rf.0546c14cf0bc2fe38322d727ae3aea2b.jpg,14,22,,0.8732358813285828,0.1111452579498291,0.8414802551269531,False,,0.8083288908004761,visually_not_leakage,"visually reviewed on contact sheet: similar construction subject/site, but not the same frame, adjacent sequence, or duplicated source asset",19,true
a67402586e73,d7,train,images/train/d7/d7_0003305_jpg.rf.cb30cc2c84dc544bccabde742565ca36_142f777f6d.jpg,D:\lct\datasets\.build_cache\d7\train\images\0003305_jpg.rf.cb30cc2c84dc544bccabde742565ca36.jpg,val,images/val/d7/d7_0006483_jpg.rf.27fd320968c42ed19bc2823f94bf743f_834bd994ae.jpg,D:\lct\datasets\.build_cache\d7\valid\images\0006483_jpg.rf.27fd320968c42ed19bc2823f94bf743f.jpg,16,24,,0.8798418045043945,0.10519588738679886,0.9162042737007141,False,,0.808117362856865,visually_not_leakage,"visually reviewed on contact sheet: similar construction subject/site, but not the same frame, adjacent sequence, or duplicated source asset",20,true
b4caff0daadc,d7,train,images/train/d7/d7_0001864_jpg.rf.0bb7297ad17eba48860a8688bd9bbb54_1fa171276b.jpg,D:\lct\datasets\.build_cache\d7\train\images\0001864_jpg.rf.0bb7297ad17eba48860a8688bd9bbb54.jpg,val,images/val/d7/d7_0000997_jpg.rf.eb06176696bf5262ee6e0a1b7ec39b18_69392e1461.jpg,D:\lct\datasets\.build_cache\d7\valid\images\0000997_jpg.rf.eb06176696bf5262ee6e0a1b7ec39b18.jpg,14,22,,0.867996096611023,0.10280905663967133,0.8523130416870117,False,,0.807857894897461,visually_not_leakage,"visually reviewed on contact sheet: similar construction subject/site, but not the same frame, adjacent sequence, or duplicated source asset",21,true
b42b660aa674,d7,train,images/train/d7/d7_0005049_jpg.rf.ef4279566f8772f1b2229cbcb9b45687_190667f37e.jpg,D:\lct\datasets\.build_cache\d7\train\images\0005049_jpg.rf.ef4279566f8772f1b2229cbcb9b45687.jpg,test,images/test/d7/d7_0006117_jpg.rf.2d676475a4d672d0f704c68fbb310129_2a3383b046.jpg,D:\lct\datasets\.build_cache\d7\test\images\0006117_jpg.rf.2d676475a4d672d0f704c68fbb310129.jpg,14,18,,0.7917976975440979,0.0917365625500679,0.983313262462616,False,,0.8064035683870315,visually_not_leakage,"visually reviewed on contact sheet: similar construction subject/site, but not the same frame, adjacent sequence, or duplicated source asset",22,true
4db719d123ec,d7,train,images/train/d7/d7_0006420_jpg.rf.265d09d9f06f079d257d5bb4ec7702cb_a891a77945.jpg,D:\lct\datasets\.build_cache\d7\test\images\0006420_jpg.rf.265d09d9f06f079d257d5bb4ec7702cb.jpg,val,images/val/d7/d7_0000862_jpg.rf.eb404f9cb50388d4ad3d62ec3d03b90b_c59983a775.jpg,D:\lct\datasets\.build_cache\d7\valid\images\0000862_jpg.rf.eb404f9cb50388d4ad3d62ec3d03b90b.jpg,16,21,,0.8537245988845825,0.10712029039859772,0.9241884350776672,False,,0.805899354815483,visually_not_leakage,"visually reviewed on contact sheet: similar construction subject/site, but not the same frame, adjacent sequence, or duplicated source asset",23,true
f914261a10bc,d7,train,images/train/d7/d7_0002690_jpg.rf.1e29e393cb3b267e6771c99912a2d6d7_c28acc20c7.jpg,D:\lct\datasets\.build_cache\d7\train\images\0002690_jpg.rf.1e29e393cb3b267e6771c99912a2d6d7.jpg,test,images/test/d7/d7_0001449_jpg.rf.94f6ac2621487a37806c0776bcd8f031_7e99b72790.jpg,D:\lct\datasets\.build_cache\d7\test\images\0001449_jpg.rf.94f6ac2621487a37806c0776bcd8f031.jpg,16,19,,0.8253836035728455,0.07886029779911041,0.9678519368171692,False,,0.8057999819517135,visually_not_leakage,"visually reviewed on contact sheet: similar construction subject/site, but not the same frame, adjacent sequence, or duplicated source asset",24,true
2c8f485dc367,d7,train,images/train/d7/d7_0001965_jpg.rf.f18e8a28a5a4b05e3eb3474909f38ff8_0f33162d41.jpg,D:\lct\datasets\.build_cache\d7\test\images\0001965_jpg.rf.f18e8a28a5a4b05e3eb3474909f38ff8.jpg,val,images/val/d7/d7_0000862_jpg.rf.eb404f9cb50388d4ad3d62ec3d03b90b_c59983a775.jpg,D:\lct\datasets\.build_cache\d7\valid\images\0000862_jpg.rf.eb404f9cb50388d4ad3d62ec3d03b90b.jpg,16,23,,0.8656390309333801,0.10246055573225021,0.9224326014518738,False,,0.805714252591133,visually_not_leakage,"visually reviewed on contact sheet: similar construction subject/site, but not the same frame, adjacent sequence, or duplicated source asset",25,true
0c4808b7fa60,d7,train,images/train/d7/d7_0005449_jpg.rf.fb19c8714d7299028f3eb85068f7bba3_3dd2b10bd0.jpg,D:\lct\datasets\.build_cache\d7\train\images\0005449_jpg.rf.fb19c8714d7299028f3eb85068f7bba3.jpg,val,images/val/d7/d7_0003596_jpg.rf.fb768dbf3b0c21cb209ad53652792edc_acb09d297e.jpg,D:\lct\datasets\.build_cache\d7\valid\images\0003596_jpg.rf.fb768dbf3b0c21cb209ad53652792edc.jpg,12,11,,0.7191048860549927,0.07169021666049957,0.9924518465995789,False,,0.8044784814119338,visually_not_leakage,"visually reviewed on contact sheet: similar construction subject/site, but not the same frame, adjacent sequence, or duplicated source asset",26,true
aa43309bd050,d7,train,images/train/d7/d7_0001385_jpg.rf.7b9c83c3b61b5090f5b9b3f835d5cc50_624220d021.jpg,D:\lct\datasets\.build_cache\d7\train\images\0001385_jpg.rf.7b9c83c3b61b5090f5b9b3f835d5cc50.jpg,test,images/test/d7/d7_0000648_jpg.rf.655b507589142009faa0f8e2b1d05abb_9316e51887.jpg,D:\lct\datasets\.build_cache\d7\test\images\0000648_jpg.rf.655b507589142009faa0f8e2b1d05abb.jpg,14,17,,0.7822359204292297,0.08682310581207275,0.9797430634498596,False,,0.804387077689171,visually_not_leakage,"visually reviewed on contact sheet: similar construction subject/site, but not the same frame, adjacent sequence, or duplicated source asset",27,true
f593c19aa3c9,d7,train,images/train/d7/d7_0003254_jpg.rf.730ac5636b17602632225ec84c389e7c_a4f80863ea.jpg,D:\lct\datasets\.build_cache\d7\train\images\0003254_jpg.rf.730ac5636b17602632225ec84c389e7c.jpg,test,images/test/d7/d7_0001982_jpg.rf.73c55136727b0c7bc89cb6befce33538_c99e2ef104.jpg,D:\lct\datasets\.build_cache\d7\test\images\0001982_jpg.rf.73c55136727b0c7bc89cb6befce33538.jpg,14,17,,0.7843360900878906,0.07015357166528702,0.9732418656349182,False,,0.804251965880394,visually_not_leakage,"visually reviewed on contact sheet: similar construction subject/site, but not the same frame, adjacent sequence, or duplicated source asset",28,true
6725e0daccfb,d7,train,images/train/d7/d7_0005857_jpg.rf.77c0ab3dd1506c65eefe562e01913c1f_75bf79a672.jpg,D:\lct\datasets\.build_cache\d7\train\images\0005857_jpg.rf.77c0ab3dd1506c65eefe562e01913c1f.jpg,val,images/val/d7/d7_0000665_jpg.rf.9490efbfa87e863854556070383081a2_223fc7daea.jpg,D:\lct\datasets\.build_cache\d7\valid\images\0000665_jpg.rf.9490efbfa87e863854556070383081a2.jpg,22,10,,0.8669706583023071,0.09581130743026733,0.8898711800575256,False,,0.8037064403295517,visually_not_leakage,"visually reviewed on contact sheet: similar construction subject/site, but not the same frame, adjacent sequence, or duplicated source asset",29,true
0460f1e2f4f7,d7,train,images/train/d7/d7_0002346_jpg.rf.c39592d493f59e7e8363700572032183_059a5da616.jpg,D:\lct\datasets\.build_cache\d7\train\images\0002346_jpg.rf.c39592d493f59e7e8363700572032183.jpg,val,images/val/d7/d7_0005901_jpg.rf.ef8eb6e55af1abb2a487fc44c68bf7cc_f055580931.jpg,D:\lct\datasets\.build_cache\d7\valid\images\0005901_jpg.rf.ef8eb6e55af1abb2a487fc44c68bf7cc.jpg,12,30,,0.8710812330245972,0.10010627657175064,0.8781587481498718,False,,0.8035938054323196,visually_not_leakage,"visually reviewed on contact sheet: similar construction subject/site, but not the same frame, adjacent sequence, or duplicated source asset",30,true
9d4bb8bd8342,d7,train,images/train/d7/d7_0003720_jpg.rf.2d8202565607e5f6f665aed931f57ff2_d52766821d.jpg,D:\lct\datasets\.build_cache\d7\train\images\0003720_jpg.rf.2d8202565607e5f6f665aed931f57ff2.jpg,val,images/val/d7/d7_0000169_jpg.rf.f9cbd0a63dbae5665368419f9d3734ce_a265686596.jpg,D:\lct\datasets\.build_cache\d7\valid\images\0000169_jpg.rf.f9cbd0a63dbae5665368419f9d3734ce.jpg,10,9,,0.7583711743354797,0.09611961245536804,0.7846981287002563,False,,0.8030844390392304,visually_not_leakage,"visually reviewed on contact sheet: similar construction subject/site, but not the same frame, adjacent sequence, or duplicated source asset",31,true
9983326c90db,d7,train,images/train/d7/d7_0004154_jpg.rf.f9b7fb9274eb826fca67753ac389297f_2052ad5e4c.jpg,D:\lct\datasets\.build_cache\d7\train\images\0004154_jpg.rf.f9b7fb9274eb826fca67753ac389297f.jpg,test,images/test/d7/d7_0006039_jpg.rf.9beaee09dd935c2c30ad22e473c90c85_c773a9c702.jpg,D:\lct\datasets\.build_cache\d7\test\images\0006039_jpg.rf.9beaee09dd935c2c30ad22e473c90c85.jpg,16,23,,0.8637529015541077,0.09048139303922653,0.9058760404586792,False,,0.802476316690445,visually_not_leakage,"visually reviewed on contact sheet: similar construction subject/site, but not the same frame, adjacent sequence, or duplicated source asset",32,true
6b9d3c28aead,d7,train,images/train/d7/d7_0005565_jpg.rf.a1c25c34103a3b479a957342df6bbc29_dad7500413.jpg,D:\lct\datasets\.build_cache\d7\valid\images\0005565_jpg.rf.a1c25c34103a3b479a957342df6bbc29.jpg,val,images/val/d7/d7_0001106_jpg.rf.168daeda5e90bdc327ab2f2d95129e16_631cdc1ac9.jpg,D:\lct\datasets\.build_cache\d7\valid\images\0001106_jpg.rf.168daeda5e90bdc327ab2f2d95129e16.jpg,14,22,,0.8050984144210815,0.07465054094791412,0.982815682888031,False,,0.8022742182016372,visually_not_leakage,"visually reviewed on contact sheet: similar construction subject/site, but not the same frame, adjacent sequence, or duplicated source asset",33,true
4f6ad880b7e1,d7,train,images/train/d7/d7_0003851_jpg.rf.91520e3bf29d4d3d422764c5abda2844_0a29fe626f.jpg,D:\lct\datasets\.build_cache\d7\train\images\0003851_jpg.rf.91520e3bf29d4d3d422764c5abda2844.jpg,val,images/val/d7/d7_0004157_jpg.rf.656dd25005635675151fc52bd56a4cf2_d9a3fd8b6e.jpg,D:\lct\datasets\.build_cache\d7\valid\images\0004157_jpg.rf.656dd25005635675151fc52bd56a4cf2.jpg,16,18,,0.9496013522148132,0.1012149527668953,0.5969421863555908,False,,0.8021943688392639,visually_not_leakage,"visually reviewed on contact sheet: similar construction subject/site, but not the same frame, adjacent sequence, or duplicated source asset",34,true
9aced48609a0,d7,train,images/train/d7/d7_0000544_jpg.rf.ae661744507b654a3930c2989fc920f2_44907ad738.jpg,D:\lct\datasets\.build_cache\d7\train\images\0000544_jpg.rf.ae661744507b654a3930c2989fc920f2.jpg,val,images/val/d7/d7_0001823_jpg.rf.190747221757633a9a9c70d1e1f78022_e8bb97ff19.jpg,D:\lct\datasets\.build_cache\d7\valid\images\0001823_jpg.rf.190747221757633a9a9c70d1e1f78022.jpg,14,20,,0.8553235530853271,0.10280714184045792,0.7978806495666504,False,,0.7993115186691285,visually_not_leakage,"visually reviewed on contact sheet: similar construction subject/site, but not the same frame, adjacent sequence, or duplicated source asset",35,true
3f881756ef44,d7,train,images/train/d7/d7_0004676_jpg.rf.a6077dcf2b4a2e6180f6eafbbf2a77fa_cfdb366e04.jpg,D:\lct\datasets\.build_cache\d7\train\images\0004676_jpg.rf.a6077dcf2b4a2e6180f6eafbbf2a77fa.jpg,val,images/val/d7/d7_0006416_jpg.rf.d3bb860efa63575b3e0b6159ad2bcc08_d04e579072.jpg,D:\lct\datasets\.build_cache\d7\valid\images\0006416_jpg.rf.d3bb860efa63575b3e0b6159ad2bcc08.jpg,10,13,,0.7450317740440369,0.07184915244579315,0.8572669625282288,False,,0.799259003996849,visually_not_leakage,"visually reviewed on contact sheet: similar construction subject/site, but not the same frame, adjacent sequence, or duplicated source asset",36,true
377160626f9f,d7,train,images/train/d7/d7_0000544_jpg.rf.ae661744507b654a3930c2989fc920f2_44907ad738.jpg,D:\lct\datasets\.build_cache\d7\train\images\0000544_jpg.rf.ae661744507b654a3930c2989fc920f2.jpg,val,images/val/d7/d7_0005402_jpg.rf.7182d6cb0b20351c30d2244083de23ba_08a6e1a1d8.jpg,D:\lct\datasets\.build_cache\d7\valid\images\0005402_jpg.rf.7182d6cb0b20351c30d2244083de23ba.jpg,14,23,,0.8637632727622986,0.11217352747917175,0.8214523792266846,False,,0.7991919159889221,visually_not_leakage,"visually reviewed on contact sheet: similar construction subject/site, but not the same frame, adjacent sequence, or duplicated source asset",37,true
e430b828208e,d7,train,images/train/d7/d7_0006116_jpg.rf.f568d261ddc2211fc0f46cf8c02b4da5_f251120832.jpg,D:\lct\datasets\.build_cache\d7\train\images\0006116_jpg.rf.f568d261ddc2211fc0f46cf8c02b4da5.jpg,test,images/test/d7/d7_0006456_jpg.rf.5d9e2e657095fbb048d73d736eafb5f3_f4ea1a96c5.jpg,D:\lct\datasets\.build_cache\d7\test\images\0006456_jpg.rf.5d9e2e657095fbb048d73d736eafb5f3.jpg,16,19,,0.8240917325019836,0.0769847184419632,0.9239703416824341,False,,0.7987009942531585,visually_not_leakage,"visually reviewed on contact sheet: similar construction subject/site, but not the same frame, adjacent sequence, or duplicated source asset",38,true
bc33587cab24,d7,train,images/train/d7/d7_0003044_jpg.rf.9c4ee9ab52ef71790aaffae69abbec5e_c88e60a09c.jpg,D:\lct\datasets\.build_cache\d7\train\images\0003044_jpg.rf.9c4ee9ab52ef71790aaffae69abbec5e.jpg,val,images/val/d7/d7_0006155_jpg.rf.fdb48337592cb4d118b8070a1dadc497_c128761d37.jpg,D:\lct\datasets\.build_cache\d7\valid\images\0006155_jpg.rf.fdb48337592cb4d118b8070a1dadc497.jpg,16,18,,0.7927524447441101,0.0934254378080368,0.988910436630249,False,,0.7982500433921814,visually_not_leakage,"visually reviewed on contact sheet: similar construction subject/site, but not the same frame, adjacent sequence, or duplicated source asset",39,true
4f1851de2e72,d7,train,images/train/d7/d7_0000077_jpg.rf.293b2c5dc233215f4f699e218a1b2229_74097af81f.jpg,D:\lct\datasets\.build_cache\d7\train\images\0000077_jpg.rf.293b2c5dc233215f4f699e218a1b2229.jpg,val,images/val/d7/d7_0002329_jpg.rf.a407c0a53cbd0d977c2ced3169675a8f_6e24490f41.jpg,D:\lct\datasets\.build_cache\d7\valid\images\0002329_jpg.rf.a407c0a53cbd0d977c2ced3169675a8f.jpg,12,27,,0.8757439255714417,0.08480392396450043,0.7739846110343933,False,,0.7968640118837356,visually_not_leakage,"visually reviewed on contact sheet: similar construction subject/site, but not the same frame, adjacent sequence, or duplicated source asset",40,true
f5c158ae8b53,d7,train,images/train/d7/d7_0001687_jpg.rf.20c0459119f72113317c75c12dfd0124_fcd1dccb38.jpg,D:\lct\datasets\.build_cache\d7\valid\images\0001687_jpg.rf.20c0459119f72113317c75c12dfd0124.jpg,test,images/test/d7/d7_0004132_jpg.rf.b4d7f89f959aed3cd00698c5f2a4b03f_a0394ca930.jpg,D:\lct\datasets\.build_cache\d7\test\images\0004132_jpg.rf.b4d7f89f959aed3cd00698c5f2a4b03f.jpg,16,29,,0.9196929335594177,0.08351141214370728,0.8121814131736755,False,,0.7967356353998184,visually_not_leakage,"visually reviewed on contact sheet: similar construction subject/site, but not the same frame, adjacent sequence, or duplicated source asset",41,true
83bb2afba450,d7,train,images/train/d7/d7_0002346_jpg.rf.c39592d493f59e7e8363700572032183_059a5da616.jpg,D:\lct\datasets\.build_cache\d7\train\images\0002346_jpg.rf.c39592d493f59e7e8363700572032183.jpg,test,images/test/d7/d7_0004504_jpg.rf.f757c8e2bc4c97d8ded78cdc53a5f22a_66b429dfca.jpg,D:\lct\datasets\.build_cache\d7\test\images\0004504_jpg.rf.f757c8e2bc4c97d8ded78cdc53a5f22a.jpg,12,25,,0.860771894454956,0.10719017684459686,0.7794486284255981,False,,0.796382302045822,visually_not_leakage,"visually reviewed on contact sheet: similar construction subject/site, but not the same frame, adjacent sequence, or duplicated source asset",42,true
d5b3b9d35d3b,d7,train,images/train/d7/d7_0000496_jpg.rf.3f7007566d2d4e973cd222aa1ac1d8f6_0aa345376c.jpg,D:\lct\datasets\.build_cache\d7\train\images\0000496_jpg.rf.3f7007566d2d4e973cd222aa1ac1d8f6.jpg,test,images/test/d7/d7_0003325_jpg.rf.fb0ca2cfeab6cf86bc1dbd38c7b420e6_93f7ab2705.jpg,D:\lct\datasets\.build_cache\d7\test\images\0003325_jpg.rf.fb0ca2cfeab6cf86bc1dbd38c7b420e6.jpg,16,23,,0.814326822757721,0.08709119260311127,0.990273118019104,False,,0.795365446805954,visually_not_leakage,"visually reviewed on contact sheet: similar construction subject/site, but not the same frame, adjacent sequence, or duplicated source asset",43,true
ea35959baf05,d7,train,images/train/d7/d7_0003179_jpg.rf.331476eba43fb3aa610e1a6b0c591f16_960ebf8743.jpg,D:\lct\datasets\.build_cache\d7\train\images\0003179_jpg.rf.331476eba43fb3aa610e1a6b0c591f16.jpg,test,images/test/d7/d7_0001982_jpg.rf.73c55136727b0c7bc89cb6befce33538_c99e2ef104.jpg,D:\lct\datasets\.build_cache\d7\test\images\0001982_jpg.rf.73c55136727b0c7bc89cb6befce33538.jpg,16,17,,0.7822749018669128,0.06815449148416519,0.9812803268432617,False,,0.7952582597732545,visually_not_leakage,"visually reviewed on contact sheet: similar construction subject/site, but not the same frame, adjacent sequence, or duplicated source asset",44,true
cf78e07a6097,d7,train,images/train/d7/d7_0004759_jpg.rf.c74d048b517c69eab474b6989fb1e0ce_abb1e1be6e.jpg,D:\lct\datasets\.build_cache\d7\train\images\0004759_jpg.rf.c74d048b517c69eab474b6989fb1e0ce.jpg,test,images/test/d7/d7_0003089_jpg.rf.99836adfe19f8f1666865c8c85a9f51d_342e798e15.jpg,D:\lct\datasets\.build_cache\d7\train\images\0003089_jpg.rf.99836adfe19f8f1666865c8c85a9f51d.jpg,24,11,,0.9193184971809387,0.08393649756908417,0.7707605361938477,False,,0.7950602293014527,visually_not_leakage,"visually reviewed on contact sheet: similar construction subject/site, but not the same frame, adjacent sequence, or duplicated source asset",45,true
165490d0323f,d7,train,images/train/d7/d7_0004501_jpg.rf.550046518fe01aee8d3a7efb245cbbdb_efb73195f9.jpg,D:\lct\datasets\.build_cache\d7\train\images\0004501_jpg.rf.550046518fe01aee8d3a7efb245cbbdb.jpg,val,images/val/d7/d7_0006513_jpg.rf.12ca3676a91cebe2b7e2d0b7eb6d54bd_60f0e074aa.jpg,D:\lct\datasets\.build_cache\d7\valid\images\0006513_jpg.rf.12ca3676a91cebe2b7e2d0b7eb6d54bd.jpg,12,20,,0.8573668003082275,0.11303520202636719,0.6945191025733948,False,,0.7939995855093003,visually_not_leakage,"visually reviewed on contact sheet: similar construction subject/site, but not the same frame, adjacent sequence, or duplicated source asset",46,true
6cf397a7ce72,d7,val,images/val/d7/d7_0004418_jpg.rf.a9c4a94c1e8f55ffc28a73913c794fe7_0c82db819f.jpg,D:\lct\datasets\.build_cache\d7\valid\images\0004418_jpg.rf.a9c4a94c1e8f55ffc28a73913c794fe7.jpg,test,images/test/d7/d7_0006117_jpg.rf.2d676475a4d672d0f704c68fbb310129_2a3383b046.jpg,D:\lct\datasets\.build_cache\d7\test\images\0006117_jpg.rf.2d676475a4d672d0f704c68fbb310129.jpg,14,16,,0.8045316338539124,0.09154124557971954,0.8331565260887146,False,,0.7936611324548721,visually_not_leakage,"visually reviewed on contact sheet: similar construction subject/site, but not the same frame, adjacent sequence, or duplicated source asset",47,true
8e1132833b1c,d7,train,images/train/d7/d7_0001160_jpg.rf.90f29da48f5d5ebf79a6830c9a830b37_da830de38a.jpg,D:\lct\datasets\.build_cache\d7\train\images\0001160_jpg.rf.90f29da48f5d5ebf79a6830c9a830b37.jpg,val,images/val/d7/d7_0005003_jpg.rf.078782b884fadc406ef4b43bb48e2c31_1621944e00.jpg,D:\lct\datasets\.build_cache\d7\valid\images\0005003_jpg.rf.078782b884fadc406ef4b43bb48e2c31.jpg,16,19,,0.8310942053794861,0.12320388853549957,0.8700286149978638,False,,0.793410724401474,visually_not_leakage,"visually reviewed on contact sheet: similar construction subject/site, but not the same frame, adjacent sequence, or duplicated source asset",48,true
c1b4f3e8a989,d7,train,images/train/d7/d7_0002312_jpg.rf.fa3912a9b8c81b8e87e8fd6f4b7fe1fe_a880e05361.jpg,D:\lct\datasets\.build_cache\d7\train\images\0002312_jpg.rf.fa3912a9b8c81b8e87e8fd6f4b7fe1fe.jpg,val,images/val/d7/d7_0000359_jpg.rf.34b6f4604213ed3e346be1e840fdf12c_b44d1ec66b.jpg,D:\lct\datasets\.build_cache\d7\valid\images\0000359_jpg.rf.34b6f4604213ed3e346be1e840fdf12c.jpg,16,18,,0.8350200653076172,0.09184187650680542,0.8422664403915405,False,,0.793160492181778,visually_not_leakage,"visually reviewed on contact sheet: similar construction subject/site, but not the same frame, adjacent sequence, or duplicated source asset",49,true
170bc70f1251,d7,train,images/train/d7/d7_0004845_jpg.rf.d0eb7ea5498d1f7d017f0a842ad3c6aa_51944c56da.jpg,D:\lct\datasets\.build_cache\d7\train\images\0004845_jpg.rf.d0eb7ea5498d1f7d017f0a842ad3c6aa.jpg,test,images/test/d7/d7_0002111_jpg.rf.45728782a1bdd5c2f3fa5b41d8bec9ca_f40ee4f94e.jpg,D:\lct\datasets\.build_cache\d7\test\images\0002111_jpg.rf.45728782a1bdd5c2f3fa5b41d8bec9ca.jpg,16,18,,0.8565452694892883,0.10485216975212097,0.7750821709632874,False,,0.7916929334402084,visually_not_leakage,"visually reviewed on contact sheet: similar construction subject/site, but not the same frame, adjacent sequence, or duplicated source asset",50,true
47e343db9481,d7,train,images/train/d7/d7_0002773_jpg.rf.0ca3e7583f819585f0fcd36dc0c39757_12b4477eee.jpg,D:\lct\datasets\.build_cache\d7\train\images\0002773_jpg.rf.0ca3e7583f819585f0fcd36dc0c39757.jpg,val,images/val/d7/d7_0003151_jpg.rf.d955dda59bf1753231b1aaf0865482dd_81ffdc0746.jpg,D:\lct\datasets\.build_cache\d7\valid\images\0003151_jpg.rf.d955dda59bf1753231b1aaf0865482dd.jpg,14,19,,0.9120510816574097,0.09683862328529358,0.5754750370979309,False,,0.7909854382276534,visually_not_leakage,"visually reviewed on contact sheet: similar construction subject/site, but not the same frame, adjacent sequence, or duplicated source asset",51,true
fd53b47c8527,d7,train,images/train/d7/d7_0002221_jpg.rf.5d618df5774f14e8437f80d2142ace22_849e9f4983.jpg,D:\lct\datasets\.build_cache\d7\train\images\0002221_jpg.rf.5d618df5774f14e8437f80d2142ace22.jpg,val,images/val/d7/d7_0002811_jpg.rf.970d3e76f21839e53285dac99589c6b9_5f2c6a269a.jpg,D:\lct\datasets\.build_cache\d7\valid\images\0002811_jpg.rf.970d3e76f21839e53285dac99589c6b9.jpg,10,29,,0.8948833346366882,0.10981062054634094,0.6502033472061157,False,,0.7906400859355927,visually_not_leakage,"visually reviewed on contact sheet: similar construction subject/site, but not the same frame, adjacent sequence, or duplicated source asset",52,true
d8a66cbc7d39,d7,train,images/train/d7/d7_0006396_jpg.rf.627b589ad27ec35b8c2f2b3a9c70f583_f80fd532a9.jpg,D:\lct\datasets\.build_cache\d7\train\images\0006396_jpg.rf.627b589ad27ec35b8c2f2b3a9c70f583.jpg,val,images/val/d7/d7_0003242_jpg.rf.f113ef3da100b48afef1e4b142669514_3b6baf5c3d.jpg,D:\lct\datasets\.build_cache\d7\valid\images\0003242_jpg.rf.f113ef3da100b48afef1e4b142669514.jpg,16,21,,0.8907254338264465,0.08951248228549957,0.723668098449707,False,,0.7906216382980347,visually_not_leakage,"visually reviewed on contact sheet: similar construction subject/site, but not the same frame, adjacent sequence, or duplicated source asset",53,true
23869eab0021,d7,train,images/train/d7/d7_0004427_jpg.rf.7242640c0a2b68076b3f6e12ffdbed05_0d58ca32ac.jpg,D:\lct\datasets\.build_cache\d7\train\images\0004427_jpg.rf.7242640c0a2b68076b3f6e12ffdbed05.jpg,val,images/val/d7/d7_0000106_jpg.rf.00b9deefa28a820330afedae0d9b895a_ea7bd8a1bb.jpg,D:\lct\datasets\.build_cache\d7\valid\images\0000106_jpg.rf.00b9deefa28a820330afedae0d9b895a.jpg,16,26,,0.8267313241958618,0.0817478597164154,0.969991147518158,False,,0.7902537018060684,visually_not_leakage,"visually reviewed on contact sheet: similar construction subject/site, but not the same frame, adjacent sequence, or duplicated source asset",54,true
04f4362cbf98,d7,train,images/train/d7/d7_0002346_jpg.rf.c39592d493f59e7e8363700572032183_059a5da616.jpg,D:\lct\datasets\.build_cache\d7\train\images\0002346_jpg.rf.c39592d493f59e7e8363700572032183.jpg,test,images/test/d7/d7_0005941_jpg.rf.d74304aaafc4a8b02af5bc1332828382_bfe4ccf89c.jpg,D:\lct\datasets\.build_cache\d7\test\images\0005941_jpg.rf.d74304aaafc4a8b02af5bc1332828382.jpg,16,28,,0.8949872851371765,0.096924789249897,0.8121365308761597,False,,0.7891903936862945,visually_not_leakage,"visually reviewed on contact sheet: similar construction subject/site, but not the same frame, adjacent sequence, or duplicated source asset",55,true
d039856a7e7a,d7,train,images/train/d7/d7_0005151_jpg.rf.34fe34e76ebf96da5e5e10f44fea6568_a643c83905.jpg,D:\lct\datasets\.build_cache\d7\train\images\0005151_jpg.rf.34fe34e76ebf96da5e5e10f44fea6568.jpg,val,images/val/d7/d7_0003596_jpg.rf.fb768dbf3b0c21cb209ad53652792edc_acb09d297e.jpg,D:\lct\datasets\.build_cache\d7\valid\images\0003596_jpg.rf.fb768dbf3b0c21cb209ad53652792edc.jpg,12,18,,0.720950722694397,0.06628753244876862,0.9929600954055786,False,,0.7888868033885956,visually_not_leakage,"visually reviewed on contact sheet: similar construction subject/site, but not the same frame, adjacent sequence, or duplicated source asset",56,true
b88bd2105372,d7,train,images/train/d7/d7_0001156_jpg.rf.0f525f622bc45078623a36fa85516942_afbc829c84.jpg,D:\lct\datasets\.build_cache\d7\train\images\0001156_jpg.rf.0f525f622bc45078623a36fa85516942.jpg,val,images/val/d7/d7_0006246_jpg.rf.9824a0d62c9d63fae3a1ede32a5ec6ba_af2ea1fe26.jpg,D:\lct\datasets\.build_cache\d7\valid\images\0006246_jpg.rf.9824a0d62c9d63fae3a1ede32a5ec6ba.jpg,24,8,,0.8502124547958374,0.048179954290390015,0.8591275811195374,False,,0.7877041190862656,visually_not_leakage,"visually reviewed on contact sheet: similar construction subject/site, but not the same frame, adjacent sequence, or duplicated source asset",57,true
e5d772c52f0a,d7,train,images/train/d7/d7_0002236_jpg.rf.df9ab00f8c17a5e475bfd8bc97c780f6_2c929cf7ac.jpg,D:\lct\datasets\.build_cache\d7\train\images\0002236_jpg.rf.df9ab00f8c17a5e475bfd8bc97c780f6.jpg,val,images/val/d7/d7_0002947_jpg.rf.3366891f84d6bfca420c6c83278e1ab2_af440d4dee.jpg,D:\lct\datasets\.build_cache\d7\valid\images\0002947_jpg.rf.3366891f84d6bfca420c6c83278e1ab2.jpg,16,24,,0.9024795889854431,0.08641524612903595,0.7161530256271362,False,,0.7871647894382476,visually_not_leakage,"visually reviewed on contact sheet: similar construction subject/site, but not the same frame, adjacent sequence, or duplicated source asset",58,true
7148cce3c798,d7,train,images/train/d7/d7_0003940_jpg.rf.ed7087d3ec7029b749497484280c2dcd_12a52a4080.jpg,D:\lct\datasets\.build_cache\d7\train\images\0003940_jpg.rf.ed7087d3ec7029b749497484280c2dcd.jpg,val,images/val/d7/d7_0000312_jpg.rf.8915245809884b5c1b201fb24f67fbe1_88543c3360.jpg,D:\lct\datasets\.build_cache\d7\valid\images\0000312_jpg.rf.8915245809884b5c1b201fb24f67fbe1.jpg,16,24,,0.7951148748397827,0.05724284052848816,0.9905585646629333,False,,0.785379734635353,visually_not_leakage,"visually reviewed on contact sheet: similar construction subject/site, but not the same frame, adjacent sequence, or duplicated source asset",59,true
37335472d782,d7,train,images/train/d7/d7_0001458_jpg.rf.03218076b1316ec6b5c4473cf4760727_9f36fa131c.jpg,D:\lct\datasets\.build_cache\d7\train\images\0001458_jpg.rf.03218076b1316ec6b5c4473cf4760727.jpg,val,images/val/d7/d7_0004689_jpg.rf.aa2cb9c9978623b2fdde36d22593f741_b4341a64c0.jpg,D:\lct\datasets\.build_cache\d7\valid\images\0004689_jpg.rf.aa2cb9c9978623b2fdde36d22593f741.jpg,14,26,,0.8950070738792419,0.07703737914562225,0.6871772408485413,False,,0.7845169156789781,visually_not_leakage,"visually reviewed on contact sheet: similar construction subject/site, but not the same frame, adjacent sequence, or duplicated source asset",60,true
e825a1ee2297,d7,train,images/train/d7/d7_0001787_jpg.rf.4a558d735cea0a721b95fdeb5b920794_35556fa765.jpg,D:\lct\datasets\.build_cache\d7\train\images\0001787_jpg.rf.4a558d735cea0a721b95fdeb5b920794.jpg,val,images/val/d7/d7_0005901_jpg.rf.ef8eb6e55af1abb2a487fc44c68bf7cc_f055580931.jpg,D:\lct\datasets\.build_cache\d7\valid\images\0005901_jpg.rf.ef8eb6e55af1abb2a487fc44c68bf7cc.jpg,16,32,,0.9547023773193359,0.10526290535926819,0.683611273765564,False,,0.784422641992569,visually_not_leakage,"visually reviewed on contact sheet: similar construction subject/site, but not the same frame, adjacent sequence, or duplicated source asset",61,true
a3ddcbb92c58,d7,train,images/train/d7/d7_0002372_jpg.rf.7cd394c8f5eb9e1c815df6aa311b3b3a_a5ddda4859.jpg,D:\lct\datasets\.build_cache\d7\train\images\0002372_jpg.rf.7cd394c8f5eb9e1c815df6aa311b3b3a.jpg,test,images/test/d7/d7_0001982_jpg.rf.73c55136727b0c7bc89cb6befce33538_c99e2ef104.jpg,D:\lct\datasets\.build_cache\d7\test\images\0001982_jpg.rf.73c55136727b0c7bc89cb6befce33538.jpg,14,17,,0.7349717617034912,0.07925954461097717,0.9681398868560791,False,,0.7837409377098083,visually_not_leakage,"visually reviewed on contact sheet: similar construction subject/site, but not the same frame, adjacent sequence, or duplicated source asset",62,true
fc6a70a97a4e,d7,train,images/train/d7/d7_0001579_jpg.rf.6f3e35e95644272bd5aa54e9a9c1388e_63e146f400.jpg,D:\lct\datasets\.build_cache\d7\train\images\0001579_jpg.rf.6f3e35e95644272bd5aa54e9a9c1388e.jpg,val,images/val/d7/d7_0001258_jpg.rf.921f6691999b86b6c08698e469215d5a_bb86349390.jpg,D:\lct\datasets\.build_cache\d7\valid\images\0001258_jpg.rf.921f6691999b86b6c08698e469215d5a.jpg,14,21,,0.8880102634429932,0.11336071789264679,0.6193223595619202,False,,0.7832587093114853,visually_not_leakage,"visually reviewed on contact sheet: similar construction subject/site, but not the same frame, adjacent sequence, or duplicated source asset",63,true
557aabe6e68c,d7,train,images/train/d7/d7_0001646_jpg.rf.5015f4a1f7d52a405f003c2e1514dd6a_bcf15c5bbd.jpg,D:\lct\datasets\.build_cache\d7\train\images\0001646_jpg.rf.5015f4a1f7d52a405f003c2e1514dd6a.jpg,val,images/val/d7/d7_0005821_jpg.rf.d2da9762a5e1d2c85b9e0e76cadd7ccd_a1031e75e4.jpg,D:\lct\datasets\.build_cache\d7\valid\images\0005821_jpg.rf.d2da9762a5e1d2c85b9e0e76cadd7ccd.jpg,14,22,,0.8784238696098328,0.0755821093916893,0.6551113128662109,False,,0.7824487447738647,visually_not_leakage,"visually reviewed on contact sheet: similar construction subject/site, but not the same frame, adjacent sequence, or duplicated source asset",64,true
9704bc7d32c3,d7,train,images/train/d7/d7_0003386_jpg.rf.4d765dc8555ee33ef4c0212be39c9cd7_26ddaff7bb.jpg,D:\lct\datasets\.build_cache\d7\train\images\0003386_jpg.rf.4d765dc8555ee33ef4c0212be39c9cd7.jpg,test,images/test/d7/d7_0006398_jpg.rf.01f483bf222cdc4695655272996db5ef_2f7fb7c7df.jpg,D:\lct\datasets\.build_cache\d7\test\images\0006398_jpg.rf.01f483bf222cdc4695655272996db5ef.jpg,16,27,,0.9080008864402771,0.08508923649787903,0.7158393263816833,False,,0.7822950035333635,visually_not_leakage,"visually reviewed on contact sheet: similar construction subject/site, but not the same frame, adjacent sequence, or duplicated source asset",65,true
a0fafa34c2fc,d7,train,images/train/d7/d7_0002973_jpg.rf.159e76d3e566b1c47404e509da139ea6_6a740baf15.jpg,D:\lct\datasets\.build_cache\d7\valid\images\0002973_jpg.rf.159e76d3e566b1c47404e509da139ea6.jpg,val,images/val/d7/d7_0001060_jpg.rf.81be1ab79b45dca5968c5c210f1f38ed_aa61ec45d3.jpg,D:\lct\datasets\.build_cache\d7\valid\images\0001060_jpg.rf.81be1ab79b45dca5968c5c210f1f38ed.jpg,14,14,,0.7060552835464478,0.0677293986082077,0.9864919781684875,False,,0.7819584101438523,visually_not_leakage,"visually reviewed on contact sheet: similar construction subject/site, but not the same frame, adjacent sequence, or duplicated source asset",66,true
c011f5436c68,d7,train,images/train/d7/d7_0005484_jpg.rf.64a5ce56388f38c1dad93baf9f759854_1dc103dd2e.jpg,D:\lct\datasets\.build_cache\d7\train\images\0005484_jpg.rf.64a5ce56388f38c1dad93baf9f759854.jpg,test,images/test/d7/d7_0000648_jpg.rf.655b507589142009faa0f8e2b1d05abb_9316e51887.jpg,D:\lct\datasets\.build_cache\d7\test\images\0000648_jpg.rf.655b507589142009faa0f8e2b1d05abb.jpg,14,18,,0.7356994152069092,0.09654660522937775,0.9690988659858704,False,,0.7818320959806443,visually_not_leakage,"visually reviewed on contact sheet: similar construction subject/site, but not the same frame, adjacent sequence, or duplicated source asset",67,true
66c5c152722d,d7,train,images/train/d7/d7_0004139_jpg.rf.a46e6980c6e703d70afc83e49d83d48b_2d865242ef.jpg,D:\lct\datasets\.build_cache\d7\train\images\0004139_jpg.rf.a46e6980c6e703d70afc83e49d83d48b.jpg,val,images/val/d7/d7_0002811_jpg.rf.970d3e76f21839e53285dac99589c6b9_5f2c6a269a.jpg,D:\lct\datasets\.build_cache\d7\valid\images\0002811_jpg.rf.970d3e76f21839e53285dac99589c6b9.jpg,12,29,,0.8949870467185974,0.10981541126966476,0.6501168608665466,False,,0.781293597817421,visually_not_leakage,"visually reviewed on contact sheet: similar construction subject/site, but not the same frame, adjacent sequence, or duplicated source asset",68,true
63589efd8336,d7,train,images/train/d7/d7_0004024_jpg.rf.850e688248fb8f72f8b2e412123d717e_efb414efa1.jpg,D:\lct\datasets\.build_cache\d7\train\images\0004024_jpg.rf.850e688248fb8f72f8b2e412123d717e.jpg,val,images/val/d7/d7_0006513_jpg.rf.12ca3676a91cebe2b7e2d0b7eb6d54bd_60f0e074aa.jpg,D:\lct\datasets\.build_cache\d7\valid\images\0006513_jpg.rf.12ca3676a91cebe2b7e2d0b7eb6d54bd.jpg,14,16,,0.8893271088600159,0.1065467968583107,0.5207192301750183,False,,0.7807137280702591,visually_not_leakage,"visually reviewed on contact sheet: similar construction subject/site, but not the same frame, adjacent sequence, or duplicated source asset",69,true
ed8786903648,d7,train,images/train/d7/d7_0003254_jpg.rf.730ac5636b17602632225ec84c389e7c_a4f80863ea.jpg,D:\lct\datasets\.build_cache\d7\train\images\0003254_jpg.rf.730ac5636b17602632225ec84c389e7c.jpg,test,images/test/d7/d7_0003521_jpg.rf.03b3fd4402d164ec91b5a92264a32639_e78e396dad.jpg,D:\lct\datasets\.build_cache\d7\test\images\0003521_jpg.rf.03b3fd4402d164ec91b5a92264a32639.jpg,14,16,,0.7187921404838562,0.08261240273714066,0.972507655620575,False,,0.7802680045366287,visually_not_leakage,"visually reviewed on contact sheet: similar construction subject/site, but not the same frame, adjacent sequence, or duplicated source asset",70,true
490eb21a8feb,d7,train,images/train/d7/d7_0000938_jpg.rf.0348d1c14a6ecd87ee512a5dc07ea7cc_4c99d93eac.jpg,D:\lct\datasets\.build_cache\d7\train\images\0000938_jpg.rf.0348d1c14a6ecd87ee512a5dc07ea7cc.jpg,test,images/test/d7/d7_0005666_jpg.rf.8f6f25b42d8e47ad77eabcd24db35b61_c151cd25bd.jpg,D:\lct\datasets\.build_cache\d7\test\images\0005666_jpg.rf.8f6f25b42d8e47ad77eabcd24db35b61.jpg,14,21,,0.7508989572525024,0.10297372937202454,0.9599809646606445,False,,0.7795129776000976,visually_not_leakage,"visually reviewed on contact sheet: similar construction subject/site, but not the same frame, adjacent sequence, or duplicated source asset",71,true
849138cf0b8a,d7,train,images/train/d7/d7_0005728_jpg.rf.d79643b69136cdd18ed813b0d3766aff_959f044857.jpg,D:\lct\datasets\.build_cache\d7\train\images\0005728_jpg.rf.d79643b69136cdd18ed813b0d3766aff.jpg,val,images/val/d7/d7_0001044_jpg.rf.dd98509038225d9103a13b693cce6f6a_063428272f.jpg,D:\lct\datasets\.build_cache\d7\valid\images\0001044_jpg.rf.dd98509038225d9103a13b693cce6f6a.jpg,16,26,,0.9052572846412659,0.1091710701584816,0.6862009763717651,False,,0.7790955603122711,visually_not_leakage,"visually reviewed on contact sheet: similar construction subject/site, but not the same frame, adjacent sequence, or duplicated source asset",72,true
68ca9a2e1bf3,d7,train,images/train/d7/d7_0002564_jpg.rf.efb7edfbbf4b78931c974a1feed1dc47_3c191ad580.jpg,D:\lct\datasets\.build_cache\d7\train\images\0002564_jpg.rf.efb7edfbbf4b78931c974a1feed1dc47.jpg,val,images/val/d7/d7_0005255_jpg.rf.62842b3399eafc928399eca868e56b9f_0cc6ca711b.jpg,D:\lct\datasets\.build_cache\d7\valid\images\0005255_jpg.rf.62842b3399eafc928399eca868e56b9f.jpg,16,32,,0.8624177575111389,0.1070360392332077,0.888789176940918,False,,0.7782854795455932,visually_not_leakage,"visually reviewed on contact sheet: similar construction subject/site, but not the same frame, adjacent sequence, or duplicated source asset",73,true
446d23442c92,d7,train,images/train/d7/d7_0003434_jpg.rf.a28c6249d39ba21ea11dd15878bbc783_56fdba77cb.jpg,D:\lct\datasets\.build_cache\d7\train\images\0003434_jpg.rf.a28c6249d39ba21ea11dd15878bbc783.jpg,test,images/test/d7/d7_0000957_jpg.rf.f94009016a576159c70e531d4b821ed8_6b0567f254.jpg,D:\lct\datasets\.build_cache\d7\test\images\0000957_jpg.rf.f94009016a576159c70e531d4b821ed8.jpg,14,9,,0.6616654992103577,0.07479320466518402,0.9974589943885803,False,,0.7775662988424301,visually_not_leakage,"visually reviewed on contact sheet: similar construction subject/site, but not the same frame, adjacent sequence, or duplicated source asset",74,true
430a5ac5d000,d7,train,images/train/d7/d7_0005633_jpg.rf.a25319eff0ddbdd35c3355b2864c6577_58f14b1fc0.jpg,D:\lct\datasets\.build_cache\d7\train\images\0005633_jpg.rf.a25319eff0ddbdd35c3355b2864c6577.jpg,val,images/val/d7/d7_0005821_jpg.rf.d2da9762a5e1d2c85b9e0e76cadd7ccd_a1031e75e4.jpg,D:\lct\datasets\.build_cache\d7\valid\images\0005821_jpg.rf.d2da9762a5e1d2c85b9e0e76cadd7ccd.jpg,16,27,,0.8409699201583862,0.08283835649490356,0.8621355891227722,False,,0.7774270564317703,visually_not_leakage,"visually reviewed on contact sheet: similar construction subject/site, but not the same frame, adjacent sequence, or duplicated source asset",75,true
60634ee741e7,d7,train,images/train/d7/d7_0005334_jpg.rf.9eb7da24358500a8b466d7224edd505a_fc9ab55952.jpg,D:\lct\datasets\.build_cache\d7\train\images\0005334_jpg.rf.9eb7da24358500a8b466d7224edd505a.jpg,val,images/val/d7/d7_0006008_jpg.rf.814ba71738112c6bd739fb2d5bfb6ec8_9dcc7e10af.jpg,D:\lct\datasets\.build_cache\d7\valid\images\0006008_jpg.rf.814ba71738112c6bd739fb2d5bfb6ec8.jpg,14,22,,0.8700466156005859,0.13310354948043823,0.6424435377120972,False,,0.7771976768970489,visually_not_leakage,"visually reviewed on contact sheet: similar construction subject/site, but not the same frame, adjacent sequence, or duplicated source asset",76,true
37f0348c226d,d7,train,images/train/d7/d7_0001702_jpg.rf.66ae32cbabf954016e5f4d0c2aa0c84a_2e44caf53a.jpg,D:\lct\datasets\.build_cache\d7\train\images\0001702_jpg.rf.66ae32cbabf954016e5f4d0c2aa0c84a.jpg,test,images/test/d7/d7_0004504_jpg.rf.f757c8e2bc4c97d8ded78cdc53a5f22a_66b429dfca.jpg,D:\lct\datasets\.build_cache\d7\test\images\0004504_jpg.rf.f757c8e2bc4c97d8ded78cdc53a5f22a.jpg,16,24,,0.876340925693512,0.10876034200191498,0.7104758620262146,False,,0.775857749581337,visually_not_leakage,"visually reviewed on contact sheet: similar construction subject/site, but not the same frame, adjacent sequence, or duplicated source asset",77,true
ab3808e2ec0f,d7,train,images/train/d7/d7_0003386_jpg.rf.4d765dc8555ee33ef4c0212be39c9cd7_26ddaff7bb.jpg,D:\lct\datasets\.build_cache\d7\train\images\0003386_jpg.rf.4d765dc8555ee33ef4c0212be39c9cd7.jpg,test,images/test/d7/d7_0005403_jpg.rf.fc425f8fb3b82b09a9c3d1f32f421f45_99979fd8e8.jpg,D:\lct\datasets\.build_cache\d7\test\images\0005403_jpg.rf.fc425f8fb3b82b09a9c3d1f32f421f45.jpg,16,24,,0.8650366067886353,0.10068167746067047,0.7399904727935791,False,,0.775763213634491,visually_not_leakage,"visually reviewed on contact sheet: similar construction subject/site, but not the same frame, adjacent sequence, or duplicated source asset",78,true
4f94e295a270,d7,train,images/train/d7/d7_0005540_jpg.rf.f81d44b602ed10f0daa215c270d2926f_aa2cbcffea.jpg,D:\lct\datasets\.build_cache\d7\train\images\0005540_jpg.rf.f81d44b602ed10f0daa215c270d2926f.jpg,val,images/val/d7/d7_0001138_jpg.rf.458ea3de3b54128a42b232e84c6436e5_d5d4e32dde.jpg,D:\lct\datasets\.build_cache\d7\valid\images\0001138_jpg.rf.458ea3de3b54128a42b232e84c6436e5.jpg,14,22,,0.7625489830970764,0.11210267245769501,0.9175443649291992,False,,0.7754637479782105,visually_not_leakage,"visually reviewed on contact sheet: similar construction subject/site, but not the same frame, adjacent sequence, or duplicated source asset",79,true
133dee0092d8,d7,train,images/train/d7/d7_0004133_jpg.rf.c8c5c8a01eeef28e65322d7c4a47ad98_ceefc77a37.jpg,D:\lct\datasets\.build_cache\d7\train\images\0004133_jpg.rf.c8c5c8a01eeef28e65322d7c4a47ad98.jpg,val,images/val/d7/d7_0005898_jpg.rf.dcbd9e610ec60bf2ca89538a3ae0f5ab_1293771f70.jpg,D:\lct\datasets\.build_cache\d7\valid\images\0005898_jpg.rf.dcbd9e610ec60bf2ca89538a3ae0f5ab.jpg,16,24,,0.8494922518730164,0.12054706364870071,0.7769035696983337,False,,0.7750824362039566,visually_not_leakage,"visually reviewed on contact sheet: similar construction subject/site, but not the same frame, adjacent sequence, or duplicated source asset",80,true
b81eb73ed9d1,d7,train,images/train/d7/d7_0004469_jpg.rf.346b0a4ad804487576fb562fdeaca724_36d26817db.jpg,D:\lct\datasets\.build_cache\d7\train\images\0004469_jpg.rf.346b0a4ad804487576fb562fdeaca724.jpg,test,images/test/d7/d7_0004340_jpg.rf.33fe4fa2c51be284d0c6ff51e1e042ee_3c782024b5.jpg,D:\lct\datasets\.build_cache\d7\train\images\0004340_jpg.rf.33fe4fa2c51be284d0c6ff51e1e042ee.jpg,16,21,,0.9141237735748291,0.09107402712106705,0.554314374923706,False,,0.7745779156684875,visually_not_leakage,"visually reviewed on contact sheet: similar construction subject/site, but not the same frame, adjacent sequence, or duplicated source asset",81,true
e4619a07ac37,d7,train,images/train/d7/d7_0004646_jpg.rf.b71697dad3dac04deefba9ae4ef34f24_a06d76c423.jpg,D:\lct\datasets\.build_cache\d7\train\images\0004646_jpg.rf.b71697dad3dac04deefba9ae4ef34f24.jpg,val,images/val/d7/d7_0003462_jpg.rf.e8125a86438dc8711ebdcc19c7fbe604_4fab74f32d.jpg,D:\lct\datasets\.build_cache\d7\valid\images\0003462_jpg.rf.e8125a86438dc8711ebdcc19c7fbe604.jpg,14,27,,0.8025688529014587,0.09339863061904907,0.8786299228668213,False,,0.7739157795906068,visually_not_leakage,"visually reviewed on contact sheet: similar construction subject/site, but not the same frame, adjacent sequence, or duplicated source asset",82,true
50555b0929d3,d7,train,images/train/d7/d7_0006396_jpg.rf.627b589ad27ec35b8c2f2b3a9c70f583_f80fd532a9.jpg,D:\lct\datasets\.build_cache\d7\train\images\0006396_jpg.rf.627b589ad27ec35b8c2f2b3a9c70f583.jpg,test,images/test/d7/d7_0004504_jpg.rf.f757c8e2bc4c97d8ded78cdc53a5f22a_66b429dfca.jpg,D:\lct\datasets\.build_cache\d7\test\images\0004504_jpg.rf.f757c8e2bc4c97d8ded78cdc53a5f22a.jpg,16,24,,0.8494071364402771,0.10029584169387817,0.768906831741333,False,,0.7738488793373108,visually_not_leakage,"visually reviewed on contact sheet: similar construction subject/site, but not the same frame, adjacent sequence, or duplicated source asset",83,true
dd180bb13448,d7,train,images/train/d7/d7_0003883_jpg.rf.8e508ea906f2b9c47299c8daaa0e2050_a41f9b2af1.jpg,D:\lct\datasets\.build_cache\d7\train\images\0003883_jpg.rf.8e508ea906f2b9c47299c8daaa0e2050.jpg,val,images/val/d7/d7_0004689_jpg.rf.aa2cb9c9978623b2fdde36d22593f741_b4341a64c0.jpg,D:\lct\datasets\.build_cache\d7\valid\images\0004689_jpg.rf.aa2cb9c9978623b2fdde36d22593f741.jpg,16,23,,0.8184277415275574,0.08236539363861084,0.8344454169273376,False,,0.7736316591501237,visually_not_leakage,"visually reviewed on contact sheet: similar construction subject/site, but not the same frame, adjacent sequence, or duplicated source asset",84,true
406166b8f79f,d7,train,images/train/d7/d7_0003435_jpg.rf.984b750688bc4cede17cd8c7505fa0e7_14fb58fdf9.jpg,D:\lct\datasets\.build_cache\d7\train\images\0003435_jpg.rf.984b750688bc4cede17cd8c7505fa0e7.jpg,val,images/val/d7/d7_0005928_jpg.rf.686408e3676c72d9f88e9983b22575ea_fdcde4667c.jpg,D:\lct\datasets\.build_cache\d7\valid\images\0005928_jpg.rf.686408e3676c72d9f88e9983b22575ea.jpg,16,30,,0.8525282144546509,0.09284237027168274,0.851391613483429,False,,0.7734075278043747,visually_not_leakage,"visually reviewed on contact sheet: similar construction subject/site, but not the same frame, adjacent sequence, or duplicated source asset",85,true
9bb6b934ecc2,d7,train,images/train/d7/d7_0002115_jpg.rf.7431932549f64769063ae223db77824d_8e4c1316c4.jpg,D:\lct\datasets\.build_cache\d7\train\images\0002115_jpg.rf.7431932549f64769063ae223db77824d.jpg,test,images/test/d7/d7_0001982_jpg.rf.73c55136727b0c7bc89cb6befce33538_c99e2ef104.jpg,D:\lct\datasets\.build_cache\d7\test\images\0001982_jpg.rf.73c55136727b0c7bc89cb6befce33538.jpg,16,16,,0.7235424518585205,0.0802198201417923,0.9748399257659912,False,,0.7731429696083069,visually_not_leakage,"visually reviewed on contact sheet: similar construction subject/site, but not the same frame, adjacent sequence, or duplicated source asset",86,true
268175d2ed23,d7,train,images/train/d7/d7_0004024_jpg.rf.850e688248fb8f72f8b2e412123d717e_efb414efa1.jpg,D:\lct\datasets\.build_cache\d7\train\images\0004024_jpg.rf.850e688248fb8f72f8b2e412123d717e.jpg,val,images/val/d7/d7_0004171_jpg.rf.b0d3280e37f1a6ba686de2a127a955ea_399670bb0d.jpg,D:\lct\datasets\.build_cache\d7\valid\images\0004171_jpg.rf.b0d3280e37f1a6ba686de2a127a955ea.jpg,14,22,,0.8763730525970459,0.1065276563167572,0.5936025381088257,False,,0.7724021017551421,visually_not_leakage,"visually reviewed on contact sheet: similar construction subject/site, but not the same frame, adjacent sequence, or duplicated source asset",87,true
9a59b29d34a7,d7,train,images/train/d7/d7_0001458_jpg.rf.03218076b1316ec6b5c4473cf4760727_9f36fa131c.jpg,D:\lct\datasets\.build_cache\d7\train\images\0001458_jpg.rf.03218076b1316ec6b5c4473cf4760727.jpg,val,images/val/d7/d7_0003164_jpg.rf.b71913fc7656eaa5b67aae8710f6963b_5afbdb42aa.jpg,D:\lct\datasets\.build_cache\d7\valid\images\0003164_jpg.rf.b71913fc7656eaa5b67aae8710f6963b.jpg,16,25,,0.9185745716094971,0.08762924373149872,0.5858463644981384,False,,0.7717130333185197,visually_not_leakage,"visually reviewed on contact sheet: similar construction subject/site, but not the same frame, adjacent sequence, or duplicated source asset",88,true
a8804143d204,d7,train,images/train/d7/d7_0005763_jpg.rf.dd0f7a1bf1ff167de44c60f78700bdfa_f8465242ac.jpg,D:\lct\datasets\.build_cache\d7\train\images\0005763_jpg.rf.dd0f7a1bf1ff167de44c60f78700bdfa.jpg,test,images/test/d7/d7_0004504_jpg.rf.f757c8e2bc4c97d8ded78cdc53a5f22a_66b429dfca.jpg,D:\lct\datasets\.build_cache\d7\test\images\0004504_jpg.rf.f757c8e2bc4c97d8ded78cdc53a5f22a.jpg,24,12,,0.8529382944107056,0.10313266515731812,0.8077282309532166,False,,0.7717095524072647,visually_not_leakage,"visually reviewed on contact sheet: similar construction subject/site, but not the same frame, adjacent sequence, or duplicated source asset",89,true
17a7539e136b,d7,train,images/train/d7/d7_0001282_jpg.rf.9512f85d2343c9a9eb461ff2ad844bd8_b8352f50b5.jpg,D:\lct\datasets\.build_cache\d7\train\images\0001282_jpg.rf.9512f85d2343c9a9eb461ff2ad844bd8.jpg,test,images/test/d7/d7_0004709_jpg.rf.3dbde85705e32d3128cd36b38c10512b_2656d9bdb6.jpg,D:\lct\datasets\.build_cache\d7\test\images\0004709_jpg.rf.3dbde85705e32d3128cd36b38c10512b.jpg,20,12,,0.9405996799468994,0.09441444277763367,0.44773390889167786,False,,0.7715249583125116,visually_not_leakage,"visually reviewed on contact sheet: similar construction subject/site, but not the same frame, adjacent sequence, or duplicated source asset",90,true
436cf67d3ade,d7,train,images/train/d7/d7_0000358_jpg.rf.430049208a1db3a043a94c235f89063b_395b3d2daa.jpg,D:\lct\datasets\.build_cache\d7\train\images\0000358_jpg.rf.430049208a1db3a043a94c235f89063b.jpg,val,images/val/d7/d7_0004549_jpg.rf.c74a1eadb841743fe841f970460e0b8b_d8407e4f5e.jpg,D:\lct\datasets\.build_cache\d7\valid\images\0004549_jpg.rf.c74a1eadb841743fe841f970460e0b8b.jpg,16,25,,0.8939284682273865,0.10005456954240799,0.6502676606178284,False,,0.7715177863836289,visually_not_leakage,"visually reviewed on contact sheet: similar construction subject/site, but not the same frame, adjacent sequence, or duplicated source asset",91,true
775589c657b7,d7,train,images/train/d7/d7_0001148_jpg.rf.74fb827ddb7087a332fe4ce2a0ac72dd_c5f147977a.jpg,D:\lct\datasets\.build_cache\d7\train\images\0001148_jpg.rf.74fb827ddb7087a332fe4ce2a0ac72dd.jpg,val,images/val/d7/d7_0001060_jpg.rf.81be1ab79b45dca5968c5c210f1f38ed_aa61ec45d3.jpg,D:\lct\datasets\.build_cache\d7\valid\images\0001060_jpg.rf.81be1ab79b45dca5968c5c210f1f38ed.jpg,14,15,,0.6852304339408875,0.07243604958057404,0.9830869436264038,False,,0.7707739651203156,visually_not_leakage,"visually reviewed on contact sheet: similar construction subject/site, but not the same frame, adjacent sequence, or duplicated source asset",92,true
4d383acd1e79,d7,train,images/train/d7/d7_0001512_jpg.rf.a7eb4892cbb014831878176810803460_30bf471dbb.jpg,D:\lct\datasets\.build_cache\d7\train\images\0001512_jpg.rf.a7eb4892cbb014831878176810803460.jpg,val,images/val/d7/d7_0004378_jpg.rf.e15ddff9f7d326b28343692b774fc48e_21ff3411ee.jpg,D:\lct\datasets\.build_cache\d7\valid\images\0004378_jpg.rf.e15ddff9f7d326b28343692b774fc48e.jpg,14,29,,0.8629448413848877,0.09633883833885193,0.7274221181869507,False,,0.7706975042819977,visually_not_leakage,"visually reviewed on contact sheet: similar construction subject/site, but not the same frame, adjacent sequence, or duplicated source asset",93,true
745b7695ab3f,d7,train,images/train/d7/d7_0005733_jpg.rf.d06fba22fb6ff23ac49b6015f82eb3a6_8a01d4e705.jpg,D:\lct\datasets\.build_cache\d7\train\images\0005733_jpg.rf.d06fba22fb6ff23ac49b6015f82eb3a6.jpg,val,images/val/d7/d7_0002384_jpg.rf.49bf21d69cebed5e90014309a3889661_163e779d1f.jpg,D:\lct\datasets\.build_cache\d7\valid\images\0002384_jpg.rf.49bf21d69cebed5e90014309a3889661.jpg,16,30,,0.9206768870353699,0.08480296283960342,0.6514737606048584,False,,0.7706793189048767,visually_not_leakage,"visually reviewed on contact sheet: similar construction subject/site, but not the same frame, adjacent sequence, or duplicated source asset",94,true
f58011c75575,d7,train,images/train/d7/d7_0003550_jpg.rf.b5fc0401a6d560fb7444943bd96aff38_bfa4d6ccb0.jpg,D:\lct\datasets\.build_cache\d7\train\images\0003550_jpg.rf.b5fc0401a6d560fb7444943bd96aff38.jpg,val,images/val/d7/d7_0002811_jpg.rf.970d3e76f21839e53285dac99589c6b9_5f2c6a269a.jpg,D:\lct\datasets\.build_cache\d7\valid\images\0002811_jpg.rf.970d3e76f21839e53285dac99589c6b9.jpg,16,25,,0.8576092720031738,0.1038411408662796,0.7402991652488708,False,,0.7704948335886002,visually_not_leakage,"visually reviewed on contact sheet: similar construction subject/site, but not the same frame, adjacent sequence, or duplicated source asset",95,true
5b3e0cc0b59a,d7,train,images/train/d7/d7_0003332_jpg.rf.eaece79786ff4175b2919c6edef68f03_9327cb97fb.jpg,D:\lct\datasets\.build_cache\d7\train\images\0003332_jpg.rf.eaece79786ff4175b2919c6edef68f03.jpg,val,images/val/d7/d7_0003596_jpg.rf.fb768dbf3b0c21cb209ad53652792edc_acb09d297e.jpg,D:\lct\datasets\.build_cache\d7\valid\images\0003596_jpg.rf.fb768dbf3b0c21cb209ad53652792edc.jpg,12,22,,0.6979391574859619,0.06897403299808502,0.9920043349266052,False,,0.7701638132333756,visually_not_leakage,"visually reviewed on contact sheet: similar construction subject/site, but not the same frame, adjacent sequence, or duplicated source asset",96,true
d88a24a39ed8,d7,val,images/val/d7/d7_0004511_jpg.rf.c7134e1424cacaa589b6bce4f35fe305_cb148a9c0c.jpg,D:\lct\datasets\.build_cache\d7\valid\images\0004511_jpg.rf.c7134e1424cacaa589b6bce4f35fe305.jpg,test,images/test/d7/d7_0001719_jpg.rf.9c7b8bece71b4007ccc63c1c860cc0a3_f75107f2ba.jpg,D:\lct\datasets\.build_cache\d7\test\images\0001719_jpg.rf.9c7b8bece71b4007ccc63c1c860cc0a3.jpg,14,28,,0.89363694190979,0.1088474690914154,0.6248185038566589,False,,0.7699275523424148,visually_not_leakage,"visually reviewed on contact sheet: similar construction subject/site, but not the same frame, adjacent sequence, or duplicated source asset",97,true
6669d7a8d6ec,d7,train,images/train/d7/d7_0002360_jpg.rf.66381e57165251dc7451bca7dcb6a426_c1ef1fa567.jpg,D:\lct\datasets\.build_cache\d7\train\images\0002360_jpg.rf.66381e57165251dc7451bca7dcb6a426.jpg,val,images/val/d7/d7_0005928_jpg.rf.686408e3676c72d9f88e9983b22575ea_fdcde4667c.jpg,D:\lct\datasets\.build_cache\d7\valid\images\0005928_jpg.rf.686408e3676c72d9f88e9983b22575ea.jpg,16,24,,0.7918183207511902,0.09333257377147675,0.8940429091453552,False,,0.7695837646722794,visually_not_leakage,"visually reviewed on contact sheet: similar construction subject/site, but not the same frame, adjacent sequence, or duplicated source asset",98,true
8ac5f9cdacc7,d7,train,images/train/d7/d7_0004006_jpg.rf.dbe56f51b3b77b02e19ee058d48193ae_4fd28e0176.jpg,D:\lct\datasets\.build_cache\d7\train\images\0004006_jpg.rf.dbe56f51b3b77b02e19ee058d48193ae.jpg,val,images/val/d7/d7_0002813_jpg.rf.be4d4ccf636f15a2e4262de5df803470_0a6ade5156.jpg,D:\lct\datasets\.build_cache\d7\train\images\0002813_jpg.rf.be4d4ccf636f15a2e4262de5df803470.jpg,16,23,,0.8042761087417603,0.09279641509056091,0.8400570154190063,False,,0.768812745809555,visually_not_leakage,"visually reviewed on contact sheet: similar construction subject/site, but not the same frame, adjacent sequence, or duplicated source asset",99,true
b81a906ebb6e,d7,val,images/val/d7/d7_0000359_jpg.rf.34b6f4604213ed3e346be1e840fdf12c_b44d1ec66b.jpg,D:\lct\datasets\.build_cache\d7\valid\images\0000359_jpg.rf.34b6f4604213ed3e346be1e840fdf12c.jpg,test,images/test/d7/d7_0000503_jpg.rf.1c6dc05c857a306238161ec5d4ca4572_92edd378e6.jpg,D:\lct\datasets\.build_cache\d7\test\images\0000503_jpg.rf.1c6dc05c857a306238161ec5d4ca4572.jpg,16,24,,0.8560715317726135,0.0854884684085846,0.7133042216300964,False,,0.7681742459535599,visually_not_leakage,"visually reviewed on contact sheet: similar construction subject/site, but not the same frame, adjacent sequence, or duplicated source asset",100,true
0d368be044de,d7,train,images/train/d7/d7_0002528_jpg.rf.82b41b995bea8a10d8def87921767d45_72ea92fb89.jpg,D:\lct\datasets\.build_cache\d7\valid\images\0002528_jpg.rf.82b41b995bea8a10d8def87921767d45.jpg,val,images/val/d7/d7_0005240_jpg.rf.5bb38f31be4f99fdccf01c186e8d5b10_903687d125.jpg,D:\lct\datasets\.build_cache\d7\valid\images\0005240_jpg.rf.5bb38f31be4f99fdccf01c186e8d5b10.jpg,16,16,,0.8669939637184143,0.13137543201446533,0.5553972721099854,False,,0.7676071763038634,visually_not_leakage,screened out by combined pHash/dHash and pixel/color metrics; not individually reviewed,101,false
4d60b7b81251,d7,train,images/train/d7/d7_0004183_jpg.rf.0f815fe1c5c6ad73dd90a4a254bbfbfb_61e20452f9.jpg,D:\lct\datasets\.build_cache\d7\train\images\0004183_jpg.rf.0f815fe1c5c6ad73dd90a4a254bbfbfb.jpg,val,images/val/d7/d7_0005370_jpg.rf.1ac17e4189d3611e48931e4c328edae6_36b1cb098d.jpg,D:\lct\datasets\.build_cache\d7\valid\images\0005370_jpg.rf.1ac17e4189d3611e48931e4c328edae6.jpg,16,22,,0.8125278949737549,0.14820101857185364,0.7935556173324585,False,,0.7674820005893707,visually_not_leakage,screened out by combined pHash/dHash and pixel/color metrics; not individually reviewed,102,false
28e4f60a49e2,d7,train,images/train/d7/d7_0004168_jpg.rf.2ee593e71f668736fcf488b567f1183e_9339015469.jpg,D:\lct\datasets\.build_cache\d7\train\images\0004168_jpg.rf.2ee593e71f668736fcf488b567f1183e.jpg,val,images/val/d7/d7_0003549_jpg.rf.4b2d836a0666d6b39dd59ba4d6dc8d68_79cb9780fb.jpg,D:\lct\datasets\.build_cache\d7\valid\images\0003549_jpg.rf.4b2d836a0666d6b39dd59ba4d6dc8d68.jpg,12,20,,0.9001466631889343,0.12106981128454208,0.39914676547050476,False,,0.7668056800961495,visually_not_leakage,screened out by combined pHash/dHash and pixel/color metrics; not individually reviewed,103,false
c58f1d0cea94,d7,train,images/train/d7/d7_0001899_jpg.rf.f96436267f3c0868870ec5b4649a86f0_07b916b9c8.jpg,D:\lct\datasets\.build_cache\d7\train\images\0001899_jpg.rf.f96436267f3c0868870ec5b4649a86f0.jpg,test,images/test/d7/d7_0002435_jpg.rf.63e745ceff6da65308c12990ff268d24_1ee3748ec6.jpg,D:\lct\datasets\.build_cache\d7\test\images\0002435_jpg.rf.63e745ceff6da65308c12990ff268d24.jpg,16,28,,0.8421618342399597,0.12478553503751755,0.7990215420722961,False,,0.7660929650068282,visually_not_leakage,screened out by combined pHash/dHash and pixel/color metrics; not individually reviewed,104,false
a4b0e0d3c139,d7,train,images/train/d7/d7_0004695_jpg.rf.17deab9e5301a76bd339df0352a82872_b949ef372f.jpg,D:\lct\datasets\.build_cache\d7\train\images\0004695_jpg.rf.17deab9e5301a76bd339df0352a82872.jpg,val,images/val/d7/d7_0002722_jpg.rf.b9350e5d0b21091d471d1be153d050a7_b52d9f325c.jpg,D:\lct\datasets\.build_cache\d7\valid\images\0002722_jpg.rf.b9350e5d0b21091d471d1be153d050a7.jpg,16,22,,0.8466975688934326,0.09528186172246933,0.6910650730133057,False,,0.7657762885093689,visually_not_leakage,screened out by combined pHash/dHash and pixel/color metrics; not individually reviewed,105,false
2d8027bf5ec3,d7,train,images/train/d7/d7_0003368_jpg.rf.68fbb37e917fa2641310cbca58a93fc8_e7c28d7a5c.jpg,D:\lct\datasets\.build_cache\d7\train\images\0003368_jpg.rf.68fbb37e917fa2641310cbca58a93fc8.jpg,test,images/test/d7/d7_0001285_jpg.rf.a88c448927940c5923095cc9e8d8a38e_367e7b8465.jpg,D:\lct\datasets\.build_cache\d7\train\images\0001285_jpg.rf.a88c448927940c5923095cc9e8d8a38e.jpg,16,18,,0.7180046439170837,0.08006472885608673,0.970279335975647,False,,0.7655562579631806,visually_not_leakage,screened out by combined pHash/dHash and pixel/color metrics; not individually reviewed,106,false
39ef9e6c1fa2,d7,train,images/train/d7/d7_0004273_jpg.rf.a7ba3e106719b9adb01afa59a6016d07_63725a8944.jpg,D:\lct\datasets\.build_cache\d7\train\images\0004273_jpg.rf.a7ba3e106719b9adb01afa59a6016d07.jpg,val,images/val/d7/d7_0002974_jpg.rf.7cc71626a88398f41b5de30d0b47df20_cd47737a15.jpg,D:\lct\datasets\.build_cache\d7\valid\images\0002974_jpg.rf.7cc71626a88398f41b5de30d0b47df20.jpg,16,22,,0.8325639963150024,0.15225854516029358,0.7222200036048889,False,,0.7647960990667343,visually_not_leakage,screened out by combined pHash/dHash and pixel/color metrics; not individually reviewed,107,false
ac5849b8caa3,d7,train,images/train/d7/d7_0001579_jpg.rf.6f3e35e95644272bd5aa54e9a9c1388e_63e146f400.jpg,D:\lct\datasets\.build_cache\d7\train\images\0001579_jpg.rf.6f3e35e95644272bd5aa54e9a9c1388e.jpg,val,images/val/d7/d7_0004689_jpg.rf.aa2cb9c9978623b2fdde36d22593f741_b4341a64c0.jpg,D:\lct\datasets\.build_cache\d7\valid\images\0004689_jpg.rf.aa2cb9c9978623b2fdde36d22593f741.jpg,14,20,,0.8364040851593018,0.11641678959131241,0.6136345267295837,False,,0.7641068130731583,visually_not_leakage,screened out by combined pHash/dHash and pixel/color metrics; not individually reviewed,108,false
225c2f8195d3,d7,val,images/val/d7/d7_0000380_jpg.rf.6f05b1fd3ea002668e9bc1d232937caa_e28065266b.jpg,D:\lct\datasets\.build_cache\d7\valid\images\0000380_jpg.rf.6f05b1fd3ea002668e9bc1d232937caa.jpg,test,images/test/d7/d7_0003170_jpg.rf.f11760fac08d7f2c6e7fd10d5a33087f_957ae3ffb0.jpg,D:\lct\datasets\.build_cache\d7\test\images\0003170_jpg.rf.f11760fac08d7f2c6e7fd10d5a33087f.jpg,16,27,,0.7946825623512268,0.11395527422428131,0.8961685299873352,False,,0.7640170544385909,visually_not_leakage,screened out by combined pHash/dHash and pixel/color metrics; not individually reviewed,109,false
4f457504f717,d7,train,images/train/d7/d7_0003502_jpg.rf.fb74ab361948075c75a98044271dc9fb_310fc4fcb2.jpg,D:\lct\datasets\.build_cache\d7\train\images\0003502_jpg.rf.fb74ab361948075c75a98044271dc9fb.jpg,test,images/test/d7/d7_0006419_jpg.rf.35bdfb187c81c436a616ef867cd6eac1_4686e9c511.jpg,D:\lct\datasets\.build_cache\d7\test\images\0006419_jpg.rf.35bdfb187c81c436a616ef867cd6eac1.jpg,16,24,,0.7901064157485962,0.10747261345386505,0.8600828647613525,False,,0.7638049960136414,visually_not_leakage,screened out by combined pHash/dHash and pixel/color metrics; not individually reviewed,110,false
39a4b303cc31,d7,train,images/train/d7/d7_0003254_jpg.rf.730ac5636b17602632225ec84c389e7c_a4f80863ea.jpg,D:\lct\datasets\.build_cache\d7\train\images\0003254_jpg.rf.730ac5636b17602632225ec84c389e7c.jpg,test,images/test/d7/d7_0003420_jpg.rf.d924429e9f4e136d1eeee1f6d74bb28a_d080a79c61.jpg,D:\lct\datasets\.build_cache\d7\train\images\0003420_jpg.rf.d924429e9f4e136d1eeee1f6d74bb28a.jpg,16,18,,0.7177363038063049,0.08336110413074493,0.9588273167610168,False,,0.7637311190366745,visually_not_leakage,screened out by combined pHash/dHash and pixel/color metrics; not individually reviewed,111,false
fe3704eafcca,d7,train,images/train/d7/d7_0006044_jpg.rf.794c01f91f06ae374319de9e27ced972_2f5a906d25.jpg,D:\lct\datasets\.build_cache\d7\train\images\0006044_jpg.rf.794c01f91f06ae374319de9e27ced972.jpg,val,images/val/d7/d7_0000106_jpg.rf.00b9deefa28a820330afedae0d9b895a_ea7bd8a1bb.jpg,D:\lct\datasets\.build_cache\d7\valid\images\0000106_jpg.rf.00b9deefa28a820330afedae0d9b895a.jpg,16,28,,0.7839788198471069,0.09393095970153809,0.9380603432655334,False,,0.7636755794286728,visually_not_leakage,screened out by combined pHash/dHash and pixel/color metrics; not individually reviewed,112,false
02aefc1bd4c5,d7,train,images/train/d7/d7_0001394_jpg.rf.e73b8c8b9ebaedb6fe26901309ab3f54_cd4f273adf.jpg,D:\lct\datasets\.build_cache\d7\train\images\0001394_jpg.rf.e73b8c8b9ebaedb6fe26901309ab3f54.jpg,val,images/val/d7/d7_0001620_jpg.rf.d24bc73afc2f36087056531b7d1f8e86_c0cea968fe.jpg,D:\lct\datasets\.build_cache\d7\valid\images\0001620_jpg.rf.d24bc73afc2f36087056531b7d1f8e86.jpg,16,27,,0.8752098083496094,0.11770066618919373,0.6790636777877808,False,,0.7636622250080108,visually_not_leakage,screened out by combined pHash/dHash and pixel/color metrics; not individually reviewed,113,false
f05cbf4e1221,d7,train,images/train/d7/d7_0000132_jpg.rf.052adbc17464c84c114371daa0cd00da_84b78a85f5.jpg,D:\lct\datasets\.build_cache\d7\train\images\0000132_jpg.rf.052adbc17464c84c114371daa0cd00da.jpg,val,images/val/d7/d7_0005402_jpg.rf.7182d6cb0b20351c30d2244083de23ba_08a6e1a1d8.jpg,D:\lct\datasets\.build_cache\d7\valid\images\0005402_jpg.rf.7182d6cb0b20351c30d2244083de23ba.jpg,16,34,,0.8694305419921875,0.11332433670759201,0.8036963939666748,False,,0.7636391758918761,visually_not_leakage,screened out by combined pHash/dHash and pixel/color metrics; not individually reviewed,114,false
33b512d095e1,d7,train,images/train/d7/d7_0001752_jpg.rf.a60d26f16aa097d07b3ca7f2913b69fa_382a2dca31.jpg,D:\lct\datasets\.build_cache\d7\train\images\0001752_jpg.rf.a60d26f16aa097d07b3ca7f2913b69fa.jpg,test,images/test/d7/d7_0005832_jpg.rf.f930918de9fc974df18506cea66409b9_0bb5471820.jpg,D:\lct\datasets\.build_cache\d7\test\images\0005832_jpg.rf.f930918de9fc974df18506cea66409b9.jpg,16,11,,0.6630197763442993,0.08965034782886505,0.9936665892601013,False,,0.763476648926735,visually_not_leakage,screened out by combined pHash/dHash and pixel/color metrics; not individually reviewed,115,false
765ac571bd17,d7,train,images/train/d7/d7_0005909_jpg.rf.0a83411b0c2bb340ed796f3443edf1ac_6c9d41ca91.jpg,D:\lct\datasets\.build_cache\d7\train\images\0005909_jpg.rf.0a83411b0c2bb340ed796f3443edf1ac.jpg,val,images/val/d7/d7_0005781_jpg.rf.f1eafc8c577c23048b03dcc58f3ce5c8_4860f8046c.jpg,D:\lct\datasets\.build_cache\d7\valid\images\0005781_jpg.rf.f1eafc8c577c23048b03dcc58f3ce5c8.jpg,14,23,,0.7657340168952942,0.129636749625206,0.8441540598869324,False,,0.7633854657411575,visually_not_leakage,screened out by combined pHash/dHash and pixel/color metrics; not individually reviewed,116,false
86ca8601de5d,d7,train,images/train/d7/d7_0005909_jpg.rf.0a83411b0c2bb340ed796f3443edf1ac_6c9d41ca91.jpg,D:\lct\datasets\.build_cache\d7\train\images\0005909_jpg.rf.0a83411b0c2bb340ed796f3443edf1ac.jpg,val,images/val/d7/d7_0003619_jpg.rf.2116db0225ca1c5a7dda69bd1cc4404f_392006874a.jpg,D:\lct\datasets\.build_cache\d7\valid\images\0003619_jpg.rf.2116db0225ca1c5a7dda69bd1cc4404f.jpg,14,23,,0.765722930431366,0.129596546292305,0.8438044786453247,False,,0.763328593969345,visually_not_leakage,screened out by combined pHash/dHash and pixel/color metrics; not individually reviewed,117,false
e9c8ea4775f0,d7,train,images/train/d7/d7_0002072_jpg.rf.6584c21a5935e430306dfd9e512c825b_700947fd3f.jpg,D:\lct\datasets\.build_cache\d7\train\images\0002072_jpg.rf.6584c21a5935e430306dfd9e512c825b.jpg,val,images/val/d7/d7_0005255_jpg.rf.62842b3399eafc928399eca868e56b9f_0cc6ca711b.jpg,D:\lct\datasets\.build_cache\d7\valid\images\0005255_jpg.rf.62842b3399eafc928399eca868e56b9f.jpg,16,30,,0.8513071537017822,0.1192823275923729,0.7852286696434021,False,,0.7629946619272233,visually_not_leakage,screened out by combined pHash/dHash and pixel/color metrics; not individually reviewed,118,false
986c4dec9470,d7,train,images/train/d7/d7_0000979_jpg.rf.dae4d3dcb843ea370223a894820905bc_12388fbf6d.jpg,D:\lct\datasets\.build_cache\d7\train\images\0000979_jpg.rf.dae4d3dcb843ea370223a894820905bc.jpg,val,images/val/d7/d7_0003416_jpg.rf.8f7d7f7131f6643ddf92103ec9f179b7_409b6fdb45.jpg,D:\lct\datasets\.build_cache\d7\valid\images\0003416_jpg.rf.8f7d7f7131f6643ddf92103ec9f179b7.jpg,16,26,,0.826951265335083,0.08515433967113495,0.7872330546379089,False,,0.7629279643297194,visually_not_leakage,screened out by combined pHash/dHash and pixel/color metrics; not individually reviewed,119,false
5dc093e6d30d,d7,train,images/train/d7/d7_0001427_jpg.rf.9946f500580c358c4d367b7838cb20fe_baf0656b7f.jpg,D:\lct\datasets\.build_cache\d7\train\images\0001427_jpg.rf.9946f500580c358c4d367b7838cb20fe.jpg,val,images/val/d7/d7_0005255_jpg.rf.62842b3399eafc928399eca868e56b9f_0cc6ca711b.jpg,D:\lct\datasets\.build_cache\d7\valid\images\0005255_jpg.rf.62842b3399eafc928399eca868e56b9f.jpg,14,33,,0.8382086157798767,0.11836224794387817,0.8037480711936951,False,,0.762876906991005,visually_not_leakage,screened out by combined pHash/dHash and pixel/color metrics; not individually reviewed,120,false
e5a88eca8ae2,d7,val,images/val/d7/d7_0005302_jpg.rf.6ac07a454716f84b6b9a150cd24fdaea_af51cb521c.jpg,D:\lct\datasets\.build_cache\d7\test\images\0005302_jpg.rf.6ac07a454716f84b6b9a150cd24fdaea.jpg,test,images/test/d7/d7_0002474_jpg.rf.8512cfe163f16ff6f3d039a04d084dd8_99669ba8e9.jpg,D:\lct\datasets\.build_cache\d7\test\images\0002474_jpg.rf.8512cfe163f16ff6f3d039a04d084dd8.jpg,16,17,,0.7205829620361328,0.11007295548915863,0.9294231534004211,False,,0.7628029078245162,visually_not_leakage,screened out by combined pHash/dHash and pixel/color metrics; not individually reviewed,121,false
bada7d9c3dec,d7,train,images/train/d7/d7_0003345_jpg.rf.50f574b2a75b366d3a219efc03c0b9ab_3634efe334.jpg,D:\lct\datasets\.build_cache\d7\train\images\0003345_jpg.rf.50f574b2a75b366d3a219efc03c0b9ab.jpg,val,images/val/d7/d7_0003462_jpg.rf.e8125a86438dc8711ebdcc19c7fbe604_4fab74f32d.jpg,D:\lct\datasets\.build_cache\d7\valid\images\0003462_jpg.rf.e8125a86438dc8711ebdcc19c7fbe604.jpg,16,24,,0.8365963101387024,0.08049651980400085,0.7259795665740967,False,,0.7622854590415955,visually_not_leakage,screened out by combined pHash/dHash and pixel/color metrics; not individually reviewed,122,false
e234cf3b638e,d7,train,images/train/d7/d7_0003030_jpg.rf.7bc14af9c5e9db51725979225c30a905_34649460a8.jpg,D:\lct\datasets\.build_cache\d7\train\images\0003030_jpg.rf.7bc14af9c5e9db51725979225c30a905.jpg,val,images/val/d7/d7_0005003_jpg.rf.078782b884fadc406ef4b43bb48e2c31_1621944e00.jpg,D:\lct\datasets\.build_cache\d7\valid\images\0005003_jpg.rf.078782b884fadc406ef4b43bb48e2c31.jpg,16,28,,0.8658590912818909,0.11672985553741455,0.7076007127761841,False,,0.7618587434291839,visually_not_leakage,screened out by combined pHash/dHash and pixel/color metrics; not individually reviewed,123,false
97a5e69a0182,d7,train,images/train/d7/d7_0000269_jpg.rf.793751319b58893e9448eaf4311fbb7a_fa3670e7b2.jpg,D:\lct\datasets\.build_cache\d7\train\images\0000269_jpg.rf.793751319b58893e9448eaf4311fbb7a.jpg,val,images/val/d7/d7_0006513_jpg.rf.12ca3676a91cebe2b7e2d0b7eb6d54bd_60f0e074aa.jpg,D:\lct\datasets\.build_cache\d7\valid\images\0006513_jpg.rf.12ca3676a91cebe2b7e2d0b7eb6d54bd.jpg,16,28,,0.827400803565979,0.12649069726467133,0.8096584677696228,False,,0.761784091591835,visually_not_leakage,screened out by combined pHash/dHash and pixel/color metrics; not individually reviewed,124,false
103917a43ca5,d7,train,images/train/d7/d7_0003179_jpg.rf.331476eba43fb3aa610e1a6b0c591f16_960ebf8743.jpg,D:\lct\datasets\.build_cache\d7\train\images\0003179_jpg.rf.331476eba43fb3aa610e1a6b0c591f16.jpg,test,images/test/d7/d7_0003521_jpg.rf.03b3fd4402d164ec91b5a92264a32639_e78e396dad.jpg,D:\lct\datasets\.build_cache\d7\test\images\0003521_jpg.rf.03b3fd4402d164ec91b5a92264a32639.jpg,16,20,,0.7146444320678711,0.08178520202636719,0.9836182594299316,False,,0.7615255117416383,visually_not_leakage,screened out by combined pHash/dHash and pixel/color metrics; not individually reviewed,125,false
4a9289f850be,d7,train,images/train/d7/d7_0003789_jpg.rf.2cf63c82ac5eb73f8cd5ea388c59687f_0b49e0083e.jpg,D:\lct\datasets\.build_cache\d7\train\images\0003789_jpg.rf.2cf63c82ac5eb73f8cd5ea388c59687f.jpg,test,images/test/d7/d7_0005941_jpg.rf.d74304aaafc4a8b02af5bc1332828382_bfe4ccf89c.jpg,D:\lct\datasets\.build_cache\d7\test\images\0005941_jpg.rf.d74304aaafc4a8b02af5bc1332828382.jpg,16,29,,0.8862662315368652,0.11546989530324936,0.666465699672699,False,,0.7615075975656509,visually_not_leakage,screened out by combined pHash/dHash and pixel/color metrics; not individually reviewed,126,false
841ae5d1a6d0,d7,train,images/train/d7/d7_0002368_jpg.rf.34e6f6906dec031b16dff8c239e42e5b_9df053e065.jpg,D:\lct\datasets\.build_cache\d7\train\images\0002368_jpg.rf.34e6f6906dec031b16dff8c239e42e5b.jpg,val,images/val/d7/d7_0006157_jpg.rf.d3de9024bc92274fcf5f89bd1046a520_00f181d02a.jpg,D:\lct\datasets\.build_cache\d7\valid\images\0006157_jpg.rf.d3de9024bc92274fcf5f89bd1046a520.jpg,10,21,,0.6508732438087463,0.0780445784330368,0.9803008437156677,False,,0.7613006740808487,visually_not_leakage,screened out by combined pHash/dHash and pixel/color metrics; not individually reviewed,127,false
708bdf647e20,d7,train,images/train/d7/d7_0001936_jpg.rf.782e2a4644331779762da9d62519510c_d3df3611cf.jpg,D:\lct\datasets\.build_cache\d7\valid\images\0001936_jpg.rf.782e2a4644331779762da9d62519510c.jpg,val,images/val/d7/d7_0002668_jpg.rf.9da450bbaeb2dae7b42d8e79233d3f1e_46ae1ad435.jpg,D:\lct\datasets\.build_cache\d7\valid\images\0002668_jpg.rf.9da450bbaeb2dae7b42d8e79233d3f1e.jpg,16,22,,0.7938796877861023,0.10161036998033524,0.7988345623016357,False,,0.7608145594596862,visually_not_leakage,screened out by combined pHash/dHash and pixel/color metrics; not individually reviewed,128,false
1009c975c9ee,d7,train,images/train/d7/d7_0005469_jpg.rf.20b8a8e507f27c60d254bad09de23837_9b766c5218.jpg,D:\lct\datasets\.build_cache\d7\train\images\0005469_jpg.rf.20b8a8e507f27c60d254bad09de23837.jpg,test,images/test/d7/d7_0001126_jpg.rf.31b414aafee2552242a69dcea259ca9e_695c804441.jpg,D:\lct\datasets\.build_cache\d7\test\images\0001126_jpg.rf.31b414aafee2552242a69dcea259ca9e.jpg,22,11,,0.9481939077377319,0.0850413590669632,0.4029025137424469,False,,0.7608066901564599,visually_not_leakage,screened out by combined pHash/dHash and pixel/color metrics; not individually reviewed,129,false
eb563412c9ed,d7,train,images/train/d7/d7_0005048_jpg.rf.41053f5436758326d6100227fa04b821_245ce32401.jpg,D:\lct\datasets\.build_cache\d7\train\images\0005048_jpg.rf.41053f5436758326d6100227fa04b821.jpg,val,images/val/d7/d7_0000222_jpg.rf.2383c54f37e8b8189048d05980e47eb9_ce8b9b4108.jpg,D:\lct\datasets\.build_cache\d7\train\images\0000222_jpg.rf.2383c54f37e8b8189048d05980e47eb9.jpg,16,23,,0.7753562927246094,0.08746170997619629,0.8605846762657166,False,,0.7603239685297012,visually_not_leakage,screened out by combined pHash/dHash and pixel/color metrics; not individually reviewed,130,false
28f8265fdaef,d7,train,images/train/d7/d7_0001521_jpg.rf.79cdaa0ec200f0c0dac9018e7045525d_c5e4176334.jpg,D:\lct\datasets\.build_cache\d7\train\images\0001521_jpg.rf.79cdaa0ec200f0c0dac9018e7045525d.jpg,test,images/test/d7/d7_0000648_jpg.rf.655b507589142009faa0f8e2b1d05abb_9316e51887.jpg,D:\lct\datasets\.build_cache\d7\test\images\0000648_jpg.rf.655b507589142009faa0f8e2b1d05abb.jpg,16,16,,0.6996340751647949,0.10499674826860428,0.949418842792511,False,,0.7597664564847946,visually_not_leakage,screened out by combined pHash/dHash and pixel/color metrics; not individually reviewed,131,false
d46109f56c8c,d7,train,images/train/d7/d7_0003754_jpg.rf.351b234ea66906ba4454970b5e9edcb9_e3612bce14.jpg,D:\lct\datasets\.build_cache\d7\train\images\0003754_jpg.rf.351b234ea66906ba4454970b5e9edcb9.jpg,val,images/val/d7/d7_0006513_jpg.rf.12ca3676a91cebe2b7e2d0b7eb6d54bd_60f0e074aa.jpg,D:\lct\datasets\.build_cache\d7\valid\images\0006513_jpg.rf.12ca3676a91cebe2b7e2d0b7eb6d54bd.jpg,16,29,,0.8280671834945679,0.1263422966003418,0.8097051382064819,False,,0.7597138941287994,visually_not_leakage,screened out by combined pHash/dHash and pixel/color metrics; not individually reviewed,132,false
1d1b85ff0cb4,d7,train,images/train/d7/d7_0002110_jpg.rf.21774fd04c3cdc6f589758734e2c0e3c_27ed8cd90c.jpg,D:\lct\datasets\.build_cache\d7\train\images\0002110_jpg.rf.21774fd04c3cdc6f589758734e2c0e3c.jpg,val,images/val/d7/d7_0003242_jpg.rf.f113ef3da100b48afef1e4b142669514_3b6baf5c3d.jpg,D:\lct\datasets\.build_cache\d7\valid\images\0003242_jpg.rf.f113ef3da100b48afef1e4b142669514.jpg,14,21,,0.922974169254303,0.12143650650978088,0.3676753640174866,False,,0.7594972223043442,visually_not_leakage,screened out by combined pHash/dHash and pixel/color metrics; not individually reviewed,133,false
ceda477526bd,d7,train,images/train/d7/d7_0003780_jpg.rf.dd0a96707fc497856aff28201122f46b_b0ffd79343.jpg,D:\lct\datasets\.build_cache\d7\train\images\0003780_jpg.rf.dd0a96707fc497856aff28201122f46b.jpg,val,images/val/d7/d7_0002310_jpg.rf.4bfa8b3a61e45fb35a8dc5624f2790e1_dde7483096.jpg,D:\lct\datasets\.build_cache\d7\valid\images\0002310_jpg.rf.4bfa8b3a61e45fb35a8dc5624f2790e1.jpg,16,25,,0.7506850361824036,0.10611309111118317,0.9514017701148987,False,,0.7593905299901962,visually_not_leakage,screened out by combined pHash/dHash and pixel/color metrics; not individually reviewed,134,false
9769410a9f62,d7,train,images/train/d7/d7_0001282_jpg.rf.9512f85d2343c9a9eb461ff2ad844bd8_b8352f50b5.jpg,D:\lct\datasets\.build_cache\d7\train\images\0001282_jpg.rf.9512f85d2343c9a9eb461ff2ad844bd8.jpg,val,images/val/d7/d7_0001660_jpg.rf.e9ef1b9a8651adff9ba5401fb89089b8_fe51f4edd0.jpg,D:\lct\datasets\.build_cache\d7\valid\images\0001660_jpg.rf.e9ef1b9a8651adff9ba5401fb89089b8.jpg,16,38,,0.8868048787117004,0.11656805872917175,0.7888393402099609,False,,0.7589853525161743,visually_not_leakage,screened out by combined pHash/dHash and pixel/color metrics; not individually reviewed,135,false
7308ea9bd7d7,d7,train,images/train/d7/d7_0002209_jpg.rf.ff0d2e6283e20bef91bfef09417150d8_508c1a4be0.jpg,D:\lct\datasets\.build_cache\d7\train\images\0002209_jpg.rf.ff0d2e6283e20bef91bfef09417150d8.jpg,test,images/test/d7/d7_0006039_jpg.rf.9beaee09dd935c2c30ad22e473c90c85_c773a9c702.jpg,D:\lct\datasets\.build_cache\d7\test\images\0006039_jpg.rf.9beaee09dd935c2c30ad22e473c90c85.jpg,14,18,,0.8609845638275146,0.1259775161743164,0.4813537001609802,False,,0.7587843805551528,visually_not_leakage,screened out by combined pHash/dHash and pixel/color metrics; not individually reviewed,136,false
15d337ccf3cf,d7,train,images/train/d7/d7_0001394_jpg.rf.e73b8c8b9ebaedb6fe26901309ab3f54_cd4f273adf.jpg,D:\lct\datasets\.build_cache\d7\train\images\0001394_jpg.rf.e73b8c8b9ebaedb6fe26901309ab3f54.jpg,val,images/val/d7/d7_0004171_jpg.rf.b0d3280e37f1a6ba686de2a127a955ea_399670bb0d.jpg,D:\lct\datasets\.build_cache\d7\valid\images\0004171_jpg.rf.b0d3280e37f1a6ba686de2a127a955ea.jpg,16,26,,0.9183704257011414,0.10083772987127304,0.5134615302085876,False,,0.7584298998117447,visually_not_leakage,screened out by combined pHash/dHash and pixel/color metrics; not individually reviewed,137,false
8145370214e3,d7,train,images/train/d7/d7_0005250_jpg.rf.e346660abb6c675bd9c1fc70596ba3d8_93913334ad.jpg,D:\lct\datasets\.build_cache\d7\train\images\0005250_jpg.rf.e346660abb6c675bd9c1fc70596ba3d8.jpg,val,images/val/d7/d7_0005233_jpg.rf.a08827c777418304e29a9ba3faa37aec_9ff9eae8bb.jpg,D:\lct\datasets\.build_cache\d7\valid\images\0005233_jpg.rf.a08827c777418304e29a9ba3faa37aec.jpg,14,22,,0.7486092448234558,0.102294921875,0.8403410315513611,False,,0.7583073526620865,visually_not_leakage,screened out by combined pHash/dHash and pixel/color metrics; not individually reviewed,138,false
cc1fa19ce611,d7,train,images/train/d7/d7_0002429_jpg.rf.34d35027910a46f1de37a696833eae08_d0e5112a48.jpg,D:\lct\datasets\.build_cache\d7\train\images\0002429_jpg.rf.34d35027910a46f1de37a696833eae08.jpg,val,images/val/d7/d7_0004746_jpg.rf.558592c655737170c2c905548dfc9dec_f6ad8f4d10.jpg,D:\lct\datasets\.build_cache\d7\valid\images\0004746_jpg.rf.558592c655737170c2c905548dfc9dec.jpg,16,22,,0.7696318030357361,0.1373104453086853,0.845616340637207,False,,0.7581326723098755,visually_not_leakage,screened out by combined pHash/dHash and pixel/color metrics; not individually reviewed,139,false
3cc3e2910e1a,d7,train,images/train/d7/d7_0000758_jpg.rf.ddfbb6d8e3534111593357024eecd558_c83872b5c9.jpg,D:\lct\datasets\.build_cache\d7\train\images\0000758_jpg.rf.ddfbb6d8e3534111593357024eecd558.jpg,val,images/val/d7/d7_0004086_jpg.rf.a3168872496a7a10248cf6157240266d_7a64cbbd87.jpg,D:\lct\datasets\.build_cache\d7\valid\images\0004086_jpg.rf.a3168872496a7a10248cf6157240266d.jpg,16,22,,0.7920677661895752,0.11940200626850128,0.7847381234169006,False,,0.7579753249883653,visually_not_leakage,screened out by combined pHash/dHash and pixel/color metrics; not individually reviewed,140,false
8ba61836bedd,d7,train,images/train/d7/d7_0003435_jpg.rf.984b750688bc4cede17cd8c7505fa0e7_14fb58fdf9.jpg,D:\lct\datasets\.build_cache\d7\train\images\0003435_jpg.rf.984b750688bc4cede17cd8c7505fa0e7.jpg,val,images/val/d7/d7_0004226_jpg.rf.cdd3d5a8c9be20888097da74ef6d723a_019830a072.jpg,D:\lct\datasets\.build_cache\d7\valid\images\0004226_jpg.rf.cdd3d5a8c9be20888097da74ef6d723a.jpg,16,27,,0.7887885570526123,0.10463771969079971,0.8693218231201172,False,,0.7576324462890625,visually_not_leakage,screened out by combined pHash/dHash and pixel/color metrics; not individually reviewed,141,false
e390096e8603,d7,train,images/train/d7/d7_0000152_jpg.rf.2cac2406bee2a8a90f7a307a4537e767_bfd0f83a21.jpg,D:\lct\datasets\.build_cache\d7\train\images\0000152_jpg.rf.2cac2406bee2a8a90f7a307a4537e767.jpg,test,images/test/d7/d7_0001402_jpg.rf.b3a71c10c8ddd2478770d35eade3470a_f7ed65755b.jpg,D:\lct\datasets\.build_cache\d7\test\images\0001402_jpg.rf.b3a71c10c8ddd2478770d35eade3470a.jpg,16,19,,0.7525051832199097,0.10832567512989044,0.8409290313720703,False,,0.7576101779937744,visually_not_leakage,screened out by combined pHash/dHash and pixel/color metrics; not individually reviewed,142,false
76c826a5a2af,d7,train,images/train/d7/d7_0006045_jpg.rf.c41e18c4e6a6d18fa2a0d8c1ff5a8333_f893b46cd8.jpg,D:\lct\datasets\.build_cache\d7\train\images\0006045_jpg.rf.c41e18c4e6a6d18fa2a0d8c1ff5a8333.jpg,test,images/test/d7/d7_0002899_jpg.rf.4d9a864547c42d47826fbc30bbe16171_1f4b7ddfd4.jpg,D:\lct\datasets\.build_cache\d7\test\images\0002899_jpg.rf.4d9a864547c42d47826fbc30bbe16171.jpg,16,23,,0.7729813456535339,0.11146217584609985,0.848597526550293,False,,0.7575759172439575,visually_not_leakage,screened out by combined pHash/dHash and pixel/color metrics; not individually reviewed,143,false
c0a6ca268758,d7,train,images/train/d7/d7_0001899_jpg.rf.f96436267f3c0868870ec5b4649a86f0_07b916b9c8.jpg,D:\lct\datasets\.build_cache\d7\train\images\0001899_jpg.rf.f96436267f3c0868870ec5b4649a86f0.jpg,test,images/test/d7/d7_0003489_jpg.rf.992174296037b70cdfa674d5382d2e62_27aabf3167.jpg,D:\lct\datasets\.build_cache\d7\test\images\0003489_jpg.rf.992174296037b70cdfa674d5382d2e62.jpg,14,23,,0.8861548900604248,0.10227864980697632,0.4831143021583557,False,,0.7573978513479233,visually_not_leakage,screened out by combined pHash/dHash and pixel/color metrics; not individually reviewed,144,false
fcfa9ae9b265,d7,val,images/val/d7/d7_0003135_jpg.rf.7cdc06387d029335fc7792bbbe99fdf5_a906952f15.jpg,D:\lct\datasets\.build_cache\d7\valid\images\0003135_jpg.rf.7cdc06387d029335fc7792bbbe99fdf5.jpg,test,images/test/d7/d7_0002474_jpg.rf.8512cfe163f16ff6f3d039a04d084dd8_99669ba8e9.jpg,D:\lct\datasets\.build_cache\d7\test\images\0002474_jpg.rf.8512cfe163f16ff6f3d039a04d084dd8.jpg,14,21,,0.7059654593467712,0.11364986002445221,0.9277967810630798,False,,0.7567119508981706,visually_not_leakage,screened out by combined pHash/dHash and pixel/color metrics; not individually reviewed,145,false
6d3ee86ade57,d7,train,images/train/d7/d7_0003883_jpg.rf.8e508ea906f2b9c47299c8daaa0e2050_a41f9b2af1.jpg,D:\lct\datasets\.build_cache\d7\train\images\0003883_jpg.rf.8e508ea906f2b9c47299c8daaa0e2050.jpg,val,images/val/d7/d7_0005003_jpg.rf.078782b884fadc406ef4b43bb48e2c31_1621944e00.jpg,D:\lct\datasets\.build_cache\d7\valid\images\0005003_jpg.rf.078782b884fadc406ef4b43bb48e2c31.jpg,16,21,,0.8001680374145508,0.1237180233001709,0.7382280230522156,False,,0.7565826684236526,visually_not_leakage,screened out by combined pHash/dHash and pixel/color metrics; not individually reviewed,146,false
4a5034ecdaa5,d7,train,images/train/d7/d7_0003556_jpg.rf.22956305134eb2f848f7d19ee63967c4_76e9de684e.jpg,D:\lct\datasets\.build_cache\d7\train\images\0003556_jpg.rf.22956305134eb2f848f7d19ee63967c4.jpg,val,images/val/d7/d7_0005323_jpg.rf.7e08fd3074b1110428be255a04d1e766_efebbca6cf.jpg,D:\lct\datasets\.build_cache\d7\valid\images\0005323_jpg.rf.7e08fd3074b1110428be255a04d1e766.jpg,14,25,,0.8706765174865723,0.15723708271980286,0.5501025319099426,False,,0.7565672367811204,visually_not_leakage,screened out by combined pHash/dHash and pixel/color metrics; not individually reviewed,147,false
7113bb0c656a,d7,train,images/train/d7/d7_0004646_jpg.rf.b71697dad3dac04deefba9ae4ef34f24_a06d76c423.jpg,D:\lct\datasets\.build_cache\d7\train\images\0004646_jpg.rf.b71697dad3dac04deefba9ae4ef34f24.jpg,val,images/val/d7/d7_0004689_jpg.rf.aa2cb9c9978623b2fdde36d22593f741_b4341a64c0.jpg,D:\lct\datasets\.build_cache\d7\valid\images\0004689_jpg.rf.aa2cb9c9978623b2fdde36d22593f741.jpg,16,31,,0.8847581148147583,0.07884784787893295,0.6660308837890625,False,,0.7561516284942627,visually_not_leakage,screened out by combined pHash/dHash and pixel/color metrics; not individually reviewed,148,false
09c7637f9307,d7,train,images/train/d7/d7_0006217_jpg.rf.d7c1e2f3cd29ebd207a65a9fbe2acca9_ae073246a1.jpg,D:\lct\datasets\.build_cache\d7\train\images\0006217_jpg.rf.d7c1e2f3cd29ebd207a65a9fbe2acca9.jpg,val,images/val/d7/d7_0000997_jpg.rf.eb06176696bf5262ee6e0a1b7ec39b18_69392e1461.jpg,D:\lct\datasets\.build_cache\d7\valid\images\0000997_jpg.rf.eb06176696bf5262ee6e0a1b7ec39b18.jpg,16,22,,0.8069924712181091,0.11215629428625107,0.7310913801193237,False,,0.7558981955051423,visually_not_leakage,screened out by combined pHash/dHash and pixel/color metrics; not individually reviewed,149,false
ad7bb2015e91,d7,train,images/train/d7/d7_0006100_jpg.rf.effca3ab8e576df78b61083b1c9acb4c_d4808e1058.jpg,D:\lct\datasets\.build_cache\d7\valid\images\0006100_jpg.rf.effca3ab8e576df78b61083b1c9acb4c.jpg,val,images/val/d7/d7_0000278_jpg.rf.dc8994222e79d4c55771135d97db045e_3f41273f23.jpg,D:\lct\datasets\.build_cache\d7\valid\images\0000278_jpg.rf.dc8994222e79d4c55771135d97db045e.jpg,18,11,,0.6659653782844543,0.10240215808153152,0.9950365424156189,False,,0.7554853826761245,visually_not_leakage,screened out by combined pHash/dHash and pixel/color metrics; not individually reviewed,150,false
26a8dac81deb,d7,train,images/train/d7/d7_0005760_jpg.rf.1717fbbcdf21dd6b71e8f3b165366163_e93fa57c16.jpg,D:\lct\datasets\.build_cache\d7\train\images\0005760_jpg.rf.1717fbbcdf21dd6b71e8f3b165366163.jpg,val,images/val/d7/d7_0006157_jpg.rf.d3de9024bc92274fcf5f89bd1046a520_00f181d02a.jpg,D:\lct\datasets\.build_cache\d7\valid\images\0006157_jpg.rf.d3de9024bc92274fcf5f89bd1046a520.jpg,12,18,,0.6403542160987854,0.07982537150382996,0.9842914938926697,False,,0.7553479105234147,visually_not_leakage,screened out by combined pHash/dHash and pixel/color metrics; not individually reviewed,151,false
a2a63378fc8b,d7,train,images/train/d7/d7_0001235_jpg.rf.846ae829a3877da68192ae8141601bab_4707cd4939.jpg,D:\lct\datasets\.build_cache\d7\train\images\0001235_jpg.rf.846ae829a3877da68192ae8141601bab.jpg,val,images/val/d7/d7_0001889_jpg.rf.c56acf63a080cb538ebd5d2e7e2c9e0c_521badd9a1.jpg,D:\lct\datasets\.build_cache\d7\valid\images\0001889_jpg.rf.c56acf63a080cb538ebd5d2e7e2c9e0c.jpg,8,18,,0.5937507152557373,0.08085363358259201,0.9820569157600403,False,,0.755121323466301,visually_not_leakage,screened out by combined pHash/dHash and pixel/color metrics; not individually reviewed,152,false
6eac49131ddb,d7,train,images/train/d7/d7_0003303_jpg.rf.66bb951b98e2b3148ea8edbf48999881_645a8ea57c.jpg,D:\lct\datasets\.build_cache\d7\train\images\0003303_jpg.rf.66bb951b98e2b3148ea8edbf48999881.jpg,val,images/val/d7/d7_0003704_jpg.rf.5b33249ceb1e61c92866d44407feb3e9_74e5ce8759.jpg,D:\lct\datasets\.build_cache\d7\valid\images\0003704_jpg.rf.5b33249ceb1e61c92866d44407feb3e9.jpg,16,21,,0.835777759552002,0.12126130610704422,0.6328847408294678,False,,0.7550250649452209,visually_not_leakage,screened out by combined pHash/dHash and pixel/color metrics; not individually reviewed,153,false
31b3d8bee39a,d7,train,images/train/d7/d7_0003386_jpg.rf.4d765dc8555ee33ef4c0212be39c9cd7_26ddaff7bb.jpg,D:\lct\datasets\.build_cache\d7\train\images\0003386_jpg.rf.4d765dc8555ee33ef4c0212be39c9cd7.jpg,test,images/test/d7/d7_0004595_jpg.rf.0d883eb8892424d1ed8abe7eef02e48b_327ff4c5ed.jpg,D:\lct\datasets\.build_cache\d7\test\images\0004595_jpg.rf.0d883eb8892424d1ed8abe7eef02e48b.jpg,16,23,,0.7480395436286926,0.12809915840625763,0.8943749666213989,False,,0.7544658124446868,visually_not_leakage,screened out by combined pHash/dHash and pixel/color metrics; not individually reviewed,154,false
219b5ac44ed1,d7,train,images/train/d7/d7_0000924_jpg.rf.0403aa887ba862399fabd7b21e4b5b25_3640bdca02.jpg,D:\lct\datasets\.build_cache\d7\train\images\0000924_jpg.rf.0403aa887ba862399fabd7b21e4b5b25.jpg,test,images/test/d7/d7_0000811_jpg.rf.f0097c6d8524ee57f8a3be98e527490b_b302f4f091.jpg,D:\lct\datasets\.build_cache\d7\test\images\0000811_jpg.rf.f0097c6d8524ee57f8a3be98e527490b.jpg,16,22,,0.7199610471725464,0.1153147965669632,0.951801061630249,False,,0.7541920781135558,visually_not_leakage,screened out by combined pHash/dHash and pixel/color metrics; not individually reviewed,155,false
9e16f7fe79df,d7,val,images/val/d7/d7_0005897_jpg.rf.1974a1aad1a40617eb94796668304a8f_e5a34ccd31.jpg,D:\lct\datasets\.build_cache\d7\valid\images\0005897_jpg.rf.1974a1aad1a40617eb94796668304a8f.jpg,test,images/test/d7/d7_0002971_jpg.rf.e4925713529680b06fe821d9bfd40946_3aac69b13b.jpg,D:\lct\datasets\.build_cache\d7\test\images\0002971_jpg.rf.e4925713529680b06fe821d9bfd40946.jpg,14,18,,0.6770744919776917,0.11668294668197632,0.9402667284011841,False,,0.7540573060512542,visually_not_leakage,screened out by combined pHash/dHash and pixel/color metrics; not individually reviewed,156,false
2b46782e831b,d7,train,images/train/d7/d7_0004292_jpg.rf.8a5de75d89f5ae87bdfb9cf396f98735_d21350933b.jpg,D:\lct\datasets\.build_cache\d7\train\images\0004292_jpg.rf.8a5de75d89f5ae87bdfb9cf396f98735.jpg,val,images/val/d7/d7_0000278_jpg.rf.dc8994222e79d4c55771135d97db045e_3f41273f23.jpg,D:\lct\datasets\.build_cache\d7\valid\images\0000278_jpg.rf.dc8994222e79d4c55771135d97db045e.jpg,18,10,,0.6567698121070862,0.10405082255601883,0.9938297867774963,False,,0.7539698928594589,visually_not_leakage,screened out by combined pHash/dHash and pixel/color metrics; not individually reviewed,157,false
2c0c9e9fa0d6,d7,train,images/train/d7/d7_0003254_jpg.rf.730ac5636b17602632225ec84c389e7c_a4f80863ea.jpg,D:\lct\datasets\.build_cache\d7\train\images\0003254_jpg.rf.730ac5636b17602632225ec84c389e7c.jpg,test,images/test/d7/d7_0001975_jpg.rf.2bd0e9af3e3cbd8e061f775fab989922_ab6b5bf842.jpg,D:\lct\datasets\.build_cache\d7\train\images\0001975_jpg.rf.2bd0e9af3e3cbd8e061f775fab989922.jpg,16,20,,0.706100344657898,0.08804860711097717,0.9558125734329224,False,,0.7539370238780975,visually_not_leakage,screened out by combined pHash/dHash and pixel/color metrics; not individually reviewed,158,false
308ef4ed863c,d7,train,images/train/d7/d7_0000345_jpg.rf.43665388739a5bf04e058843ff206bcc_dc5740b61f.jpg,D:\lct\datasets\.build_cache\d7\train\images\0000345_jpg.rf.43665388739a5bf04e058843ff206bcc.jpg,test,images/test/d7/d7_0000277_jpg.rf.087424a36567747975bca3650ec0526c_1d85713050.jpg,D:\lct\datasets\.build_cache\d7\test\images\0000277_jpg.rf.087424a36567747975bca3650ec0526c.jpg,16,22,,0.8480551242828369,0.09321959316730499,0.6056212186813354,False,,0.7535027325153351,visually_not_leakage,screened out by combined pHash/dHash and pixel/color metrics; not individually reviewed,159,false
ce8dbdc04679,d7,train,images/train/d7/d7_0000656_jpg.rf.f572d484d5383ec166635f2446f11ee4_658f65cc71.jpg,D:\lct\datasets\.build_cache\d7\train\images\0000656_jpg.rf.f572d484d5383ec166635f2446f11ee4.jpg,test,images/test/d7/d7_0001576_jpg.rf.bb7478ad9009e7b526ad0eab5c99ee0b_27fbf5c1e3.jpg,D:\lct\datasets\.build_cache\d7\test\images\0001576_jpg.rf.bb7478ad9009e7b526ad0eab5c99ee0b.jpg,16,25,,0.7706426382064819,0.08089766651391983,0.8559273481369019,False,,0.753052407503128,visually_not_leakage,screened out by combined pHash/dHash and pixel/color metrics; not individually reviewed,160,false
1a38bc0cfaf2,d7,train,images/train/d7/d7_0001154_jpg.rf.d0901e37ecec8d4352830a795085daff_67ee065c00.jpg,D:\lct\datasets\.build_cache\d7\train\images\0001154_jpg.rf.d0901e37ecec8d4352830a795085daff.jpg,test,images/test/d7/d7_0003939_jpg.rf.a412a3484be37e642c14e41e31108bca_c1866ddc32.jpg,D:\lct\datasets\.build_cache\d7\test\images\0003939_jpg.rf.a412a3484be37e642c14e41e31108bca.jpg,14,28,,0.778086245059967,0.11266563832759857,0.8194904327392578,False,,0.7529080629348754,visually_not_leakage,screened out by combined pHash/dHash and pixel/color metrics; not individually reviewed,161,false
4b2661d3a698,d7,train,images/train/d7/d7_0000546_jpg.rf.db2f86098f9d056fd0da5d09641a0449_aa1192d6e6.jpg,D:\lct\datasets\.build_cache\d7\train\images\0000546_jpg.rf.db2f86098f9d056fd0da5d09641a0449.jpg,test,images/test/d7/d7_0001137_jpg.rf.c66f27991740a823aa5cd3bbb32165fe_5ff646c267.jpg,D:\lct\datasets\.build_cache\d7\test\images\0001137_jpg.rf.c66f27991740a823aa5cd3bbb32165fe.jpg,14,22,,0.8154909610748291,0.15087604522705078,0.6256121397018433,False,,0.7528507053852082,visually_not_leakage,screened out by combined pHash/dHash and pixel/color metrics; not individually reviewed,162,false
fbc152be133f,d7,train,images/train/d7/d7_0000439_jpg.rf.be30b78109080b6765dd7acabfc9f198_1ec3c2d67b.jpg,D:\lct\datasets\.build_cache\d7\train\images\0000439_jpg.rf.be30b78109080b6765dd7acabfc9f198.jpg,val,images/val/d7/d7_0001174_jpg.rf.8109de2786ec8998b410e21127953b04_b308fdd83b.jpg,D:\lct\datasets\.build_cache\d7\valid\images\0001174_jpg.rf.8109de2786ec8998b410e21127953b04.jpg,16,23,,0.7635443210601807,0.10998295992612839,0.8399710059165955,False,,0.7525071293115615,visually_not_leakage,screened out by combined pHash/dHash and pixel/color metrics; not individually reviewed,163,false
14653be3d5c8,d7,train,images/train/d7/d7_0003188_jpg.rf.c0089f4331320e50a0b563b8f3e47c05_561bc79103.jpg,D:\lct\datasets\.build_cache\d7\train\images\0003188_jpg.rf.c0089f4331320e50a0b563b8f3e47c05.jpg,val,images/val/d7/d7_0000637_jpg.rf.d600bf8fa2d5d223f6edb0d3235a789a_654ff2448f.jpg,D:\lct\datasets\.build_cache\d7\valid\images\0000637_jpg.rf.d600bf8fa2d5d223f6edb0d3235a789a.jpg,14,25,,0.7916601300239563,0.1317966878414154,0.7325067520141602,False,,0.7523213148117066,visually_not_leakage,screened out by combined pHash/dHash and pixel/color metrics; not individually reviewed,164,false
01fbe39a6462,d7,train,images/train/d7/d7_0005516_jpg.rf.d3a5a1730a2141a8c089951f650cfea1_78310ccf1b.jpg,D:\lct\datasets\.build_cache\d7\train\images\0005516_jpg.rf.d3a5a1730a2141a8c089951f650cfea1.jpg,val,images/val/d7/d7_0005841_jpg.rf.96cc8be9d63344c1cfe74123a9417808_4afc09692b.jpg,D:\lct\datasets\.build_cache\d7\valid\images\0005841_jpg.rf.96cc8be9d63344c1cfe74123a9417808.jpg,14,22,,0.7632788419723511,0.10312308371067047,0.7612483501434326,False,,0.7523112893104553,visually_not_leakage,screened out by combined pHash/dHash and pixel/color metrics; not individually reviewed,165,false
07345b813f0f,d7,train,images/train/d7/d7_0005857_jpg.rf.77c0ab3dd1506c65eefe562e01913c1f_75bf79a672.jpg,D:\lct\datasets\.build_cache\d7\train\images\0005857_jpg.rf.77c0ab3dd1506c65eefe562e01913c1f.jpg,test,images/test/d7/d7_0005966_jpg.rf.4412d444aabf9ef57e1f333099909b7c_0b7820b8e3.jpg,D:\lct\datasets\.build_cache\d7\test\images\0005966_jpg.rf.4412d444aabf9ef57e1f333099909b7c.jpg,32,12,,0.89593505859375,0.08811753243207932,0.813101053237915,False,,0.7522141814231873,visually_not_leakage,screened out by combined pHash/dHash and pixel/color metrics; not individually reviewed,166,false
df7358704546,d7,train,images/train/d7/d7_0006278_jpg.rf.ca18a8b34865f6bd6e3109ce9e82d69b_848325c9e1.jpg,D:\lct\datasets\.build_cache\d7\train\images\0006278_jpg.rf.ca18a8b34865f6bd6e3109ce9e82d69b.jpg,val,images/val/d7/d7_0006513_jpg.rf.12ca3676a91cebe2b7e2d0b7eb6d54bd_60f0e074aa.jpg,D:\lct\datasets\.build_cache\d7\valid\images\0006513_jpg.rf.12ca3676a91cebe2b7e2d0b7eb6d54bd.jpg,16,31,,0.8334052562713623,0.10956935584545135,0.7736559510231018,False,,0.7517542451620101,visually_not_leakage,screened out by combined pHash/dHash and pixel/color metrics; not individually reviewed,167,false
ecd73dc668eb,d7,train,images/train/d7/d7_0002939_jpg.rf.7a443d0ed424c1ff7031e41702c8e193_713ba6fda0.jpg,D:\lct\datasets\.build_cache\d7\train\images\0002939_jpg.rf.7a443d0ed424c1ff7031e41702c8e193.jpg,val,images/val/d7/d7_0006087_jpg.rf.e8691d741dc3d570a335f717d6fe1a85_eaca3c7952.jpg,D:\lct\datasets\.build_cache\d7\valid\images\0006087_jpg.rf.e8691d741dc3d570a335f717d6fe1a85.jpg,16,27,,0.7869677543640137,0.09752412885427475,0.8321378827095032,False,,0.751326534152031,visually_not_leakage,screened out by combined pHash/dHash and pixel/color metrics; not individually reviewed,168,false
4cb01014f14f,d7,train,images/train/d7/d7_0002115_jpg.rf.7431932549f64769063ae223db77824d_8e4c1316c4.jpg,D:\lct\datasets\.build_cache\d7\train\images\0002115_jpg.rf.7431932549f64769063ae223db77824d.jpg,test,images/test/d7/d7_0003521_jpg.rf.03b3fd4402d164ec91b5a92264a32639_e78e396dad.jpg,D:\lct\datasets\.build_cache\d7\test\images\0003521_jpg.rf.03b3fd4402d164ec91b5a92264a32639.jpg,16,21,,0.6978382468223572,0.0815228670835495,0.9756463170051575,False,,0.7512634962797164,visually_not_leakage,screened out by combined pHash/dHash and pixel/color metrics; not individually reviewed,169,false
951b1d8a4879,d7,train,images/train/d7/d7_0005803_jpg.rf.5419480631c4a2583d7abbc2fa58b270_5f690d1f88.jpg,D:\lct\datasets\.build_cache\d7\train\images\0005803_jpg.rf.5419480631c4a2583d7abbc2fa58b270.jpg,val,images/val/d7/d7_0006319_jpg.rf.a0ce816349a8b6358b1feafbde77b9c6_e326e50af0.jpg,D:\lct\datasets\.build_cache\d7\valid\images\0006319_jpg.rf.a0ce816349a8b6358b1feafbde77b9c6.jpg,16,27,,0.802473247051239,0.091798797249794,0.7893399596214294,False,,0.7511090427637102,visually_not_leakage,screened out by combined pHash/dHash and pixel/color metrics; not individually reviewed,170,false
502176d477a3,d7,train,images/train/d7/d7_0000073_jpg.rf.6244360075d38d41f0139bebe1c37246_9438208c45.jpg,D:\lct\datasets\.build_cache\d7\train\images\0000073_jpg.rf.6244360075d38d41f0139bebe1c37246.jpg,test,images/test/d7/d7_0006478_jpg.rf.b2d1e6b7caf23b65876e719c752b6c07_6e16a6f758.jpg,D:\lct\datasets\.build_cache\d7\train\images\0006478_jpg.rf.b2d1e6b7caf23b65876e719c752b6c07.jpg,14,20,,0.7610220909118652,0.110108382999897,0.72520512342453,False,,0.7506896048784256,visually_not_leakage,screened out by combined pHash/dHash and pixel/color metrics; not individually reviewed,171,false
db29dbaad2e4,d7,train,images/train/d7/d7_0001875_jpg.rf.0b9327646804881e88423d8ee3543773_387489cb76.jpg,D:\lct\datasets\.build_cache\d7\valid\images\0001875_jpg.rf.0b9327646804881e88423d8ee3543773.jpg,val,images/val/d7/d7_0002058_jpg.rf.77f9d180546f358f3f6f6bf7769f8fb2_68b7f78c02.jpg,D:\lct\datasets\.build_cache\d7\valid\images\0002058_jpg.rf.77f9d180546f358f3f6f6bf7769f8fb2.jpg,14,25,,0.8587723970413208,0.20474399626255035,0.541513979434967,False,,0.7505173057317734,visually_not_leakage,screened out by combined pHash/dHash and pixel/color metrics; not individually reviewed,172,false
3f263c286b61,d7,train,images/train/d7/d7_0006370_jpg.rf.779f6e186e1c7fe92124f5aac9a2ad47_aac5675219.jpg,D:\lct\datasets\.build_cache\d7\train\images\0006370_jpg.rf.779f6e186e1c7fe92124f5aac9a2ad47.jpg,val,images/val/d7/d7_0000637_jpg.rf.d600bf8fa2d5d223f6edb0d3235a789a_654ff2448f.jpg,D:\lct\datasets\.build_cache\d7\valid\images\0000637_jpg.rf.d600bf8fa2d5d223f6edb0d3235a789a.jpg,14,30,,0.7562322616577148,0.12611347436904907,0.8919719457626343,False,,0.7503511965274812,visually_not_leakage,screened out by combined pHash/dHash and pixel/color metrics; not individually reviewed,173,false
4ae77181e82b,d7,train,images/train/d7/d7_0001355_jpg.rf.084593fb358b2fca90d559cfb6c7b91d_d4a533dc9c.jpg,D:\lct\datasets\.build_cache\d7\train\images\0001355_jpg.rf.084593fb358b2fca90d559cfb6c7b91d.jpg,test,images/test/d7/d7_0002375_jpg.rf.358ff40256672590864b4d45c306c244_a9a3f99f8f.jpg,D:\lct\datasets\.build_cache\d7\test\images\0002375_jpg.rf.358ff40256672590864b4d45c306c244.jpg,16,26,,0.770685076713562,0.11036688089370728,0.8527030944824219,False,,0.750241994857788,visually_not_leakage,screened out by combined pHash/dHash and pixel/color metrics; not individually reviewed,174,false
3cbee6703e5e,d7,train,images/train/d7/d7_0006000_jpg.rf.78754db7ca115c47545b0127c54ea19f_22d06ddefe.jpg,D:\lct\datasets\.build_cache\d7\train\images\0006000_jpg.rf.78754db7ca115c47545b0127c54ea19f.jpg,val,images/val/d7/d7_0000665_jpg.rf.9490efbfa87e863854556070383081a2_223fc7daea.jpg,D:\lct\datasets\.build_cache\d7\valid\images\0000665_jpg.rf.9490efbfa87e863854556070383081a2.jpg,28,12,,0.8154951333999634,0.10963254421949387,0.888680636882782,False,,0.7501251488924026,visually_not_leakage,screened out by combined pHash/dHash and pixel/color metrics; not individually reviewed,175,false
e275eb8e32ea,d7,train,images/train/d7/d7_0000989_jpg.rf.79e16343ad92f12a94fde3205f249ff2_168d34f8f9.jpg,D:\lct\datasets\.build_cache\d7\valid\images\0000989_jpg.rf.79e16343ad92f12a94fde3205f249ff2.jpg,val,images/val/d7/d7_0006214_jpg.rf.cc121b843b49cfb664117ee52cbff581_99d9abf340.jpg,D:\lct\datasets\.build_cache\d7\valid\images\0006214_jpg.rf.cc121b843b49cfb664117ee52cbff581.jpg,16,17,,0.6639786958694458,0.07030675560235977,0.995576798915863,False,,0.7500842481851577,visually_not_leakage,screened out by combined pHash/dHash and pixel/color metrics; not individually reviewed,176,false
e753efbe6baa,d7,train,images/train/d7/d7_0002346_jpg.rf.c39592d493f59e7e8363700572032183_059a5da616.jpg,D:\lct\datasets\.build_cache\d7\train\images\0002346_jpg.rf.c39592d493f59e7e8363700572032183.jpg,test,images/test/d7/d7_0006412_jpg.rf.eff8ac196b43f5838da705d5b53aca70_084c107eb7.jpg,D:\lct\datasets\.build_cache\d7\test\images\0006412_jpg.rf.eff8ac196b43f5838da705d5b53aca70.jpg,16,26,,0.8559581637382507,0.1357412338256836,0.6235415935516357,False,,0.7499770045280456,visually_not_leakage,screened out by combined pHash/dHash and pixel/color metrics; not individually reviewed,177,false
4829970ed067,d7,train,images/train/d7/d7_0004079_jpg.rf.cc71ab46c0521defb583f2e6d27062a0_13454fe4b7.jpg,D:\lct\datasets\.build_cache\d7\train\images\0004079_jpg.rf.cc71ab46c0521defb583f2e6d27062a0.jpg,test,images/test/d7/d7_0002899_jpg.rf.4d9a864547c42d47826fbc30bbe16171_1f4b7ddfd4.jpg,D:\lct\datasets\.build_cache\d7\test\images\0002899_jpg.rf.4d9a864547c42d47826fbc30bbe16171.jpg,16,21,,0.7947919368743896,0.12761470675468445,0.7080911993980408,False,,0.749911704659462,visually_not_leakage,screened out by combined pHash/dHash and pixel/color metrics; not individually reviewed,178,false
5574e2b29f79,d7,val,images/val/d7/d7_0005928_jpg.rf.686408e3676c72d9f88e9983b22575ea_fdcde4667c.jpg,D:\lct\datasets\.build_cache\d7\valid\images\0005928_jpg.rf.686408e3676c72d9f88e9983b22575ea.jpg,test,images/test/d7/d7_0001402_jpg.rf.b3a71c10c8ddd2478770d35eade3470a_f7ed65755b.jpg,D:\lct\datasets\.build_cache\d7\test\images\0001402_jpg.rf.b3a71c10c8ddd2478770d35eade3470a.jpg,16,27,,0.7529404163360596,0.10949276387691498,0.9126784205436707,False,,0.7497966796159744,visually_not_leakage,screened out by combined pHash/dHash and pixel/color metrics; not individually reviewed,179,false
671a9d69e44a,d7,train,images/train/d7/d7_0001556_jpg.rf.453d68ebdf78c480367f37007728c32e_28ae5641ff.jpg,D:\lct\datasets\.build_cache\d7\train\images\0001556_jpg.rf.453d68ebdf78c480367f37007728c32e.jpg,test,images/test/d7/d7_0001574_jpg.rf.24638ccfd34b57d8d7544dd870b48edd_96ea8fc6e3.jpg,D:\lct\datasets\.build_cache\d7\test\images\0001574_jpg.rf.24638ccfd34b57d8d7544dd870b48edd.jpg,14,12,,0.6105302572250366,0.07403683662414551,0.9937244057655334,False,,0.7495207637548447,visually_not_leakage,screened out by combined pHash/dHash and pixel/color metrics; not individually reviewed,180,false
3dedf0310a5d,d7,train,images/train/d7/d7_0003779_jpg.rf.650cb183b101447895fc5b9ca376173d_f9672852e6.jpg,D:\lct\datasets\.build_cache\d7\train\images\0003779_jpg.rf.650cb183b101447895fc5b9ca376173d.jpg,val,images/val/d7/d7_0000665_jpg.rf.9490efbfa87e863854556070383081a2_223fc7daea.jpg,D:\lct\datasets\.build_cache\d7\valid\images\0000665_jpg.rf.9490efbfa87e863854556070383081a2.jpg,34,9,,0.9252341985702515,0.07211148738861084,0.7315230369567871,False,,0.7493533849716187,visually_not_leakage,screened out by combined pHash/dHash and pixel/color metrics; not individually reviewed,181,false
c5f467576d68,d7,train,images/train/d7/d7_0001899_jpg.rf.f96436267f3c0868870ec5b4649a86f0_07b916b9c8.jpg,D:\lct\datasets\.build_cache\d7\train\images\0001899_jpg.rf.f96436267f3c0868870ec5b4649a86f0.jpg,val,images/val/d7/d7_0004378_jpg.rf.e15ddff9f7d326b28343692b774fc48e_21ff3411ee.jpg,D:\lct\datasets\.build_cache\d7\valid\images\0004378_jpg.rf.e15ddff9f7d326b28343692b774fc48e.jpg,10,33,,0.881133496761322,0.10844247043132782,0.47191208600997925,False,,0.7490214616060257,visually_not_leakage,screened out by combined pHash/dHash and pixel/color metrics; not individually reviewed,182,false
11da40386a76,d7,train,images/train/d7/d7_0001282_jpg.rf.9512f85d2343c9a9eb461ff2ad844bd8_b8352f50b5.jpg,D:\lct\datasets\.build_cache\d7\train\images\0001282_jpg.rf.9512f85d2343c9a9eb461ff2ad844bd8.jpg,test,images/test/d7/d7_0006477_jpg.rf.fc11fccdac73cde4421c79b44ce9f369_1c17082371.jpg,D:\lct\datasets\.build_cache\d7\test\images\0006477_jpg.rf.fc11fccdac73cde4421c79b44ce9f369.jpg,26,12,,0.8678030967712402,0.09996362030506134,0.6784271001815796,False,,0.748885303735733,visually_not_leakage,screened out by combined pHash/dHash and pixel/color metrics; not individually reviewed,183,false
f2a577b0a14e,d7,train,images/train/d7/d7_0005338_jpg.rf.7e89c930bb3a161e1decb01e915e800d_2864daa2c3.jpg,D:\lct\datasets\.build_cache\d7\train\images\0005338_jpg.rf.7e89c930bb3a161e1decb01e915e800d.jpg,val,images/val/d7/d7_0003021_jpg.rf.421a2dcabea05f50a8a74b08a454d3a7_838dc9d816.jpg,D:\lct\datasets\.build_cache\d7\valid\images\0003021_jpg.rf.421a2dcabea05f50a8a74b08a454d3a7.jpg,16,27,,0.7598606944084167,0.11319604516029358,0.8875867128372192,False,,0.7488010346889497,visually_not_leakage,screened out by combined pHash/dHash and pixel/color metrics; not individually reviewed,184,false
1904fa162b63,d7,train,images/train/d7/d7_0005454_jpg.rf.3dade91131e9c4e3d9069c1d96b13e00_2678b25a60.jpg,D:\lct\datasets\.build_cache\d7\valid\images\0005454_jpg.rf.3dade91131e9c4e3d9069c1d96b13e00.jpg,val,images/val/d7/d7_0003596_jpg.rf.fb768dbf3b0c21cb209ad53652792edc_acb09d297e.jpg,D:\lct\datasets\.build_cache\d7\valid\images\0003596_jpg.rf.fb768dbf3b0c21cb209ad53652792edc.jpg,14,17,,0.635395348072052,0.08434244990348816,0.9938023686408997,False,,0.7477597445249557,visually_not_leakage,screened out by combined pHash/dHash and pixel/color metrics; not individually reviewed,185,false
acd0f09d6150,d7,train,images/train/d7/d7_0001197_jpg.rf.87586512115e367d1104bb42e890bb44_58d7595f9e.jpg,D:\lct\datasets\.build_cache\d7\train\images\0001197_jpg.rf.87586512115e367d1104bb42e890bb44.jpg,val,images/val/d7/d7_0005901_jpg.rf.ef8eb6e55af1abb2a487fc44c68bf7cc_f055580931.jpg,D:\lct\datasets\.build_cache\d7\valid\images\0005901_jpg.rf.ef8eb6e55af1abb2a487fc44c68bf7cc.jpg,16,29,,0.8565475940704346,0.1183268278837204,0.6505649089813232,False,,0.7472350239753722,visually_not_leakage,screened out by combined pHash/dHash and pixel/color metrics; not individually reviewed,186,false
d67e7c831749,d7,train,images/train/d7/d7_0002446_jpg.rf.7aa314879f08e92bb932abf3c16cfb39_f5be1851ee.jpg,D:\lct\datasets\.build_cache\d7\train\images\0002446_jpg.rf.7aa314879f08e92bb932abf3c16cfb39.jpg,test,images/test/d7/d7_0006419_jpg.rf.35bdfb187c81c436a616ef867cd6eac1_4686e9c511.jpg,D:\lct\datasets\.build_cache\d7\test\images\0006419_jpg.rf.35bdfb187c81c436a616ef867cd6eac1.jpg,16,24,,0.7507563233375549,0.11068474501371384,0.8544858694076538,False,,0.74722540974617,visually_not_leakage,screened out by combined pHash/dHash and pixel/color metrics; not individually reviewed,187,false
2389a31c475a,d7,train,images/train/d7/d7_0004646_jpg.rf.b71697dad3dac04deefba9ae4ef34f24_a06d76c423.jpg,D:\lct\datasets\.build_cache\d7\train\images\0004646_jpg.rf.b71697dad3dac04deefba9ae4ef34f24.jpg,val,images/val/d7/d7_0005901_jpg.rf.ef8eb6e55af1abb2a487fc44c68bf7cc_f055580931.jpg,D:\lct\datasets\.build_cache\d7\valid\images\0005901_jpg.rf.ef8eb6e55af1abb2a487fc44c68bf7cc.jpg,16,27,,0.8703672289848328,0.1201162338256836,0.5803984999656677,False,,0.7469254165887833,visually_not_leakage,screened out by combined pHash/dHash and pixel/color metrics; not individually reviewed,188,false
56f2ad52ff7e,d7,train,images/train/d7/d7_0005597_jpg.rf.b2b08c2768abfefe3b0b71152a7fd115_67b84cc83a.jpg,D:\lct\datasets\.build_cache\d7\train\images\0005597_jpg.rf.b2b08c2768abfefe3b0b71152a7fd115.jpg,test,images/test/d7/d7_0000648_jpg.rf.655b507589142009faa0f8e2b1d05abb_9316e51887.jpg,D:\lct\datasets\.build_cache\d7\test\images\0000648_jpg.rf.655b507589142009faa0f8e2b1d05abb.jpg,16,16,,0.6704484224319458,0.113037109375,0.9402445554733276,False,,0.7467160522937775,visually_not_leakage,screened out by combined pHash/dHash and pixel/color metrics; not individually reviewed,189,false
d7a680aa3e7e,d7,val,images/val/d7/d7_0000359_jpg.rf.34b6f4604213ed3e346be1e840fdf12c_b44d1ec66b.jpg,D:\lct\datasets\.build_cache\d7\valid\images\0000359_jpg.rf.34b6f4604213ed3e346be1e840fdf12c.jpg,test,images/test/d7/d7_0005019_jpg.rf.1bab44e49c176639ca26a38b28557c6d_f923e47024.jpg,D:\lct\datasets\.build_cache\d7\test\images\0005019_jpg.rf.1bab44e49c176639ca26a38b28557c6d.jpg,16,27,,0.860636830329895,0.10305319726467133,0.6043426990509033,False,,0.7466248869895935,visually_not_leakage,screened out by combined pHash/dHash and pixel/color metrics; not individually reviewed,190,false
bed4fad6c474,d7,val,images/val/d7/d7_0006359_jpg.rf.c96fcad93a1195b729eea807fae31aed_b8339347a6.jpg,D:\lct\datasets\.build_cache\d7\valid\images\0006359_jpg.rf.c96fcad93a1195b729eea807fae31aed.jpg,test,images/test/d7/d7_0000277_jpg.rf.087424a36567747975bca3650ec0526c_1d85713050.jpg,D:\lct\datasets\.build_cache\d7\test\images\0000277_jpg.rf.087424a36567747975bca3650ec0526c.jpg,16,20,,0.7792086601257324,0.11022326350212097,0.7116019129753113,False,,0.7465487509965897,visually_not_leakage,screened out by combined pHash/dHash and pixel/color metrics; not individually reviewed,191,false
0ffb6ba728f9,d7,train,images/train/d7/d7_0005728_jpg.rf.d79643b69136cdd18ed813b0d3766aff_959f044857.jpg,D:\lct\datasets\.build_cache\d7\train\images\0005728_jpg.rf.d79643b69136cdd18ed813b0d3766aff.jpg,val,images/val/d7/d7_0005370_jpg.rf.1ac17e4189d3611e48931e4c328edae6_36b1cb098d.jpg,D:\lct\datasets\.build_cache\d7\valid\images\0005370_jpg.rf.1ac17e4189d3611e48931e4c328edae6.jpg,16,19,,0.8531166911125183,0.14785155653953552,0.4973561763763428,False,,0.7463188529014588,visually_not_leakage,screened out by combined pHash/dHash and pixel/color metrics; not individually reviewed,192,false
f40c313f7e0c,d7,train,images/train/d7/d7_0002848_jpg.rf.0c4d8588ddf024f3a137379c503cbfef_2257e413f1.jpg,D:\lct\datasets\.build_cache\d7\train\images\0002848_jpg.rf.0c4d8588ddf024f3a137379c503cbfef.jpg,val,images/val/d7/d7_0004378_jpg.rf.e15ddff9f7d326b28343692b774fc48e_21ff3411ee.jpg,D:\lct\datasets\.build_cache\d7\valid\images\0004378_jpg.rf.e15ddff9f7d326b28343692b774fc48e.jpg,12,33,,0.8529587388038635,0.10999923944473267,0.5905539393424988,False,,0.7461728364229202,visually_not_leakage,screened out by combined pHash/dHash and pixel/color metrics; not individually reviewed,193,false
0783d5203454,d7,train,images/train/d7/d7_0002973_jpg.rf.159e76d3e566b1c47404e509da139ea6_6a740baf15.jpg,D:\lct\datasets\.build_cache\d7\valid\images\0002973_jpg.rf.159e76d3e566b1c47404e509da139ea6.jpg,val,images/val/d7/d7_0004443_jpg.rf.518aa38af2e5c40f9fa885f30226ef25_de5e8ca8f4.jpg,D:\lct\datasets\.build_cache\d7\train\images\0004443_jpg.rf.518aa38af2e5c40f9fa885f30226ef25.jpg,14,12,,0.6225629448890686,0.09111328423023224,0.9392825365066528,False,,0.7461675584316254,visually_not_leakage,screened out by combined pHash/dHash and pixel/color metrics; not individually reviewed,194,false
dc9f8972c048,d7,train,images/train/d7/d7_0001664_jpg.rf.5b4d1730a55e407b0d18ab461c75ec0b_b393ddc061.jpg,D:\lct\datasets\.build_cache\d7\train\images\0001664_jpg.rf.5b4d1730a55e407b0d18ab461c75ec0b.jpg,test,images/test/d7/d7_0006412_jpg.rf.eff8ac196b43f5838da705d5b53aca70_084c107eb7.jpg,D:\lct\datasets\.build_cache\d7\test\images\0006412_jpg.rf.eff8ac196b43f5838da705d5b53aca70.jpg,16,30,,0.8731196522712708,0.10534428060054779,0.6143987774848938,False,,0.7460951775312424,visually_not_leakage,screened out by combined pHash/dHash and pixel/color metrics; not individually reviewed,195,false
975eae9f161d,d7,train,images/train/d7/d7_0001458_jpg.rf.03218076b1316ec6b5c4473cf4760727_9f36fa131c.jpg,D:\lct\datasets\.build_cache\d7\train\images\0001458_jpg.rf.03218076b1316ec6b5c4473cf4760727.jpg,val,images/val/d7/d7_0005003_jpg.rf.078782b884fadc406ef4b43bb48e2c31_1621944e00.jpg,D:\lct\datasets\.build_cache\d7\valid\images\0005003_jpg.rf.078782b884fadc406ef4b43bb48e2c31.jpg,16,22,,0.8029136657714844,0.1189970076084137,0.6722973585128784,False,,0.7454475700855254,visually_not_leakage,screened out by combined pHash/dHash and pixel/color metrics; not individually reviewed,196,false
38531bf90fcf,d7,train,images/train/d7/d7_0005803_jpg.rf.5419480631c4a2583d7abbc2fa58b270_5f690d1f88.jpg,D:\lct\datasets\.build_cache\d7\train\images\0005803_jpg.rf.5419480631c4a2583d7abbc2fa58b270.jpg,test,images/test/d7/d7_0000764_jpg.rf.0546c14cf0bc2fe38322d727ae3aea2b_2b81de3ed4.jpg,D:\lct\datasets\.build_cache\d7\test\images\0000764_jpg.rf.0546c14cf0bc2fe38322d727ae3aea2b.jpg,14,26,,0.8458907604217529,0.1178586483001709,0.5574105381965637,False,,0.7454053848981859,visually_not_leakage,screened out by combined pHash/dHash and pixel/color metrics; not individually reviewed,197,false
a9048832c44b,d7,train,images/train/d7/d7_0004137_jpg.rf.1568aecef3b0de57e615e39fc091ca85_ce88a0453f.jpg,D:\lct\datasets\.build_cache\d7\train\images\0004137_jpg.rf.1568aecef3b0de57e615e39fc091ca85.jpg,test,images/test/d7/d7_0001565_jpg.rf.ab039224902cf08ffcee9ee327e6141b_8f8b5addac.jpg,D:\lct\datasets\.build_cache\d7\test\images\0001565_jpg.rf.ab039224902cf08ffcee9ee327e6141b.jpg,16,19,,0.7643015384674072,0.1131175309419632,0.7272011637687683,False,,0.7452695399522782,visually_not_leakage,screened out by combined pHash/dHash and pixel/color metrics; not individually reviewed,198,false
260bb4f4259b,d7,val,images/val/d7/d7_0003258_jpg.rf.25d7230d79fd282d88397f9e42d68ac6_b1f24e3f64.jpg,D:\lct\datasets\.build_cache\d7\valid\images\0003258_jpg.rf.25d7230d79fd282d88397f9e42d68ac6.jpg,test,images/test/d7/d7_0004679_jpg.rf.e7ebd6c651ef80c62b5fb5503c2b786e_7372d70a43.jpg,D:\lct\datasets\.build_cache\d7\test\images\0004679_jpg.rf.e7ebd6c651ef80c62b5fb5503c2b786e.jpg,16,31,,0.8366572856903076,0.10412167757749557,0.71934974193573,False,,0.7449091255664825,visually_not_leakage,screened out by combined pHash/dHash and pixel/color metrics; not individually reviewed,199,false
edfd431e3355,d7,train,images/train/d7/d7_0001939_jpg.rf.c8c53a845473b3524a3841636d6ddd3e_4203cf5839.jpg,D:\lct\datasets\.build_cache\d7\train\images\0001939_jpg.rf.c8c53a845473b3524a3841636d6ddd3e.jpg,val,images/val/d7/d7_0006250_jpg.rf.25ab5c72515577aa3e398bc9b994ddad_67a624acd4.jpg,D:\lct\datasets\.build_cache\d7\valid\images\0006250_jpg.rf.25ab5c72515577aa3e398bc9b994ddad.jpg,16,24,,0.9102193713188171,0.1591174602508545,0.41269177198410034,False,,0.7447415143251419,visually_not_leakage,screened out by combined pHash/dHash and pixel/color metrics; not individually reviewed,200,false
afefcbe6ef79,d7,train,images/train/d7/d7_0005149_jpg.rf.6200a0ddb114e6ec1168edabe15f2fe0_8914ce0620.jpg,D:\lct\datasets\.build_cache\d7\train\images\0005149_jpg.rf.6200a0ddb114e6ec1168edabe15f2fe0.jpg,val,images/val/d7/d7_0004378_jpg.rf.e15ddff9f7d326b28343692b774fc48e_21ff3411ee.jpg,D:\lct\datasets\.build_cache\d7\valid\images\0004378_jpg.rf.e15ddff9f7d326b28343692b774fc48e.jpg,16,28,,0.8187763094902039,0.10636201500892639,0.7187014222145081,False,,0.7446907371282577,visually_not_leakage,screened out by combined pHash/dHash and pixel/color metrics; not individually reviewed,201,false
2926f035d9fd,d7,train,images/train/d7/d7_0001579_jpg.rf.6f3e35e95644272bd5aa54e9a9c1388e_63e146f400.jpg,D:\lct\datasets\.build_cache\d7\train\images\0001579_jpg.rf.6f3e35e95644272bd5aa54e9a9c1388e.jpg,val,images/val/d7/d7_0004103_jpg.rf.8bbc0c9158ecad8e342da4e6ec92b518_e32075c8bc.jpg,D:\lct\datasets\.build_cache\d7\test\images\0004103_jpg.rf.8bbc0c9158ecad8e342da4e6ec92b518.jpg,16,26,,0.8370419144630432,0.15054956078529358,0.6384267807006836,False,,0.7446432828903198,visually_not_leakage,screened out by combined pHash/dHash and pixel/color metrics; not individually reviewed,202,false
2c8d6de3f3d5,d7,train,images/train/d7/d7_0004742_jpg.rf.f1a83029b146313eabdcfce83ae490bd_819ffba844.jpg,D:\lct\datasets\.build_cache\d7\train\images\0004742_jpg.rf.f1a83029b146313eabdcfce83ae490bd.jpg,test,images/test/d7/d7_0001514_jpg.rf.134aaf865265991173b127ba3efa66ec_16337aa350.jpg,D:\lct\datasets\.build_cache\d7\test\images\0001514_jpg.rf.134aaf865265991173b127ba3efa66ec.jpg,16,40,,0.9148335456848145,0.09864813089370728,0.6475493311882019,False,,0.7443158179521561,visually_not_leakage,screened out by combined pHash/dHash and pixel/color metrics; not individually reviewed,203,false
34c6d50c944b,d7,train,images/train/d7/d7_0000992_jpg.rf.855bd878e4db5febff956d69c3f5abcb_0a58e65fa6.jpg,D:\lct\datasets\.build_cache\d7\train\images\0000992_jpg.rf.855bd878e4db5febff956d69c3f5abcb.jpg,test,images/test/d7/d7_0006477_jpg.rf.fc11fccdac73cde4421c79b44ce9f369_1c17082371.jpg,D:\lct\datasets\.build_cache\d7\test\images\0006477_jpg.rf.fc11fccdac73cde4421c79b44ce9f369.jpg,16,27,,0.827603816986084,0.1447169929742813,0.6744589805603027,False,,0.743929123878479,visually_not_leakage,screened out by combined pHash/dHash and pixel/color metrics; not individually reviewed,204,false
67a27c76f266,d7,train,images/train/d7/d7_0005368_jpg.rf.9c511fb288cd38c9bedf11bc43e157c7_35cf5294da.jpg,D:\lct\datasets\.build_cache\d7\train\images\0005368_jpg.rf.9c511fb288cd38c9bedf11bc43e157c7.jpg,val,images/val/d7/d7_0000959_jpg.rf.90294afb998902ef56a7241bdb9fed4b_3f24eb5669.jpg,D:\lct\datasets\.build_cache\d7\valid\images\0000959_jpg.rf.90294afb998902ef56a7241bdb9fed4b.jpg,14,26,,0.8547949194908142,0.12379174679517746,0.5215176343917847,False,,0.7435831129550934,visually_not_leakage,screened out by combined pHash/dHash and pixel/color metrics; not individually reviewed,205,false
f2fa2da6a1b7,d7,train,images/train/d7/d7_0004672_jpg.rf.42bbb0bd0b533123bea5192fd12e96d1_887f60456a.jpg,D:\lct\datasets\.build_cache\d7\train\images\0004672_jpg.rf.42bbb0bd0b533123bea5192fd12e96d1.jpg,test,images/test/d7/d7_0005886_jpg.rf.77abccd225badc90d058df35b4e68c65_b343446e73.jpg,D:\lct\datasets\.build_cache\d7\test\images\0005886_jpg.rf.77abccd225badc90d058df35b4e68c65.jpg,16,29,,0.8048706650733948,0.1028243750333786,0.762848973274231,False,,0.7434068620204926,visually_not_leakage,screened out by combined pHash/dHash and pixel/color metrics; not individually reviewed,206,false
191a6440a8bb,d7,train,images/train/d7/d7_0002274_jpg.rf.2dfc52f1cb5333095bf6b01432ad4a05_6d6cc02369.jpg,D:\lct\datasets\.build_cache\d7\train\images\0002274_jpg.rf.2dfc52f1cb5333095bf6b01432ad4a05.jpg,test,images/test/d7/d7_0002410_jpg.rf.37d34df7c35e4289519b511220331415_2be44b8c34.jpg,D:\lct\datasets\.build_cache\d7\test\images\0002410_jpg.rf.37d34df7c35e4289519b511220331415.jpg,16,11,,0.6084321141242981,0.058123666793107986,0.9984913468360901,False,,0.7423652976751327,visually_not_leakage,screened out by combined pHash/dHash and pixel/color metrics; not individually reviewed,207,false
f04f4c47cd74,d7,train,images/train/d7/d7_0001635_jpg.rf.baa6c57101f94bf0fccb1973785e9ae6_b0834d733a.jpg,D:\lct\datasets\.build_cache\d7\train\images\0001635_jpg.rf.baa6c57101f94bf0fccb1973785e9ae6.jpg,val,images/val/d7/d7_0001138_jpg.rf.458ea3de3b54128a42b232e84c6436e5_d5d4e32dde.jpg,D:\lct\datasets\.build_cache\d7\valid\images\0001138_jpg.rf.458ea3de3b54128a42b232e84c6436e5.jpg,14,25,,0.6966700553894043,0.12928444147109985,0.9174668192863464,False,,0.7420692950487137,visually_not_leakage,screened out by combined pHash/dHash and pixel/color metrics; not individually reviewed,208,false
b66de36d8fdb,d7,train,images/train/d7/d7_0005600_jpg.rf.012ff70c8024b210bf3c04e08257b1b1_a9757c4eb9.jpg,D:\lct\datasets\.build_cache\d7\train\images\0005600_jpg.rf.012ff70c8024b210bf3c04e08257b1b1.jpg,val,images/val/d7/d7_0003619_jpg.rf.2116db0225ca1c5a7dda69bd1cc4404f_392006874a.jpg,D:\lct\datasets\.build_cache\d7\valid\images\0003619_jpg.rf.2116db0225ca1c5a7dda69bd1cc4404f.jpg,14,31,,0.8408188819885254,0.11229415982961655,0.6265615224838257,False,,0.742030531167984,visually_not_leakage,screened out by combined pHash/dHash and pixel/color metrics; not individually reviewed,209,false
c727da6ca317,d7,train,images/train/d7/d7_0001572_jpg.rf.14ee9fdc5fe07287bffd199bd9d9cdc6_94f024ffee.jpg,D:\lct\datasets\.build_cache\d7\train\images\0001572_jpg.rf.14ee9fdc5fe07287bffd199bd9d9cdc6.jpg,test,images/test/d7/d7_0005125_jpg.rf.d23a458bc28d664e7d7a104f65007574_94282211e2.jpg,D:\lct\datasets\.build_cache\d7\test\images\0005125_jpg.rf.d23a458bc28d664e7d7a104f65007574.jpg,16,29,,0.800014317035675,0.1550091952085495,0.7653049230575562,False,,0.7418327152729035,visually_not_leakage,screened out by combined pHash/dHash and pixel/color metrics; not individually reviewed,210,false
a410c4e0aebf,d7,train,images/train/d7/d7_0004367_jpg.rf.0f1f97ac00bff618ac5f949a7a34a8a6_b5eab0953b.jpg,D:\lct\datasets\.build_cache\d7\train\images\0004367_jpg.rf.0f1f97ac00bff618ac5f949a7a34a8a6.jpg,val,images/val/d7/d7_0002622_jpg.rf.5f280290807296e9d7c0552e84fef80a_3f5973470e.jpg,D:\lct\datasets\.build_cache\d7\train\images\0002622_jpg.rf.5f280290807296e9d7c0552e84fef80a.jpg,16,25,,0.8276522755622864,0.12198702245950699,0.6287271976470947,False,,0.7417762398719788,visually_not_leakage,screened out by combined pHash/dHash and pixel/color metrics; not individually reviewed,211,false
8dc4603722fe,d7,train,images/train/d7/d7_0005600_jpg.rf.012ff70c8024b210bf3c04e08257b1b1_a9757c4eb9.jpg,D:\lct\datasets\.build_cache\d7\train\images\0005600_jpg.rf.012ff70c8024b210bf3c04e08257b1b1.jpg,val,images/val/d7/d7_0005781_jpg.rf.f1eafc8c577c23048b03dcc58f3ce5c8_4860f8046c.jpg,D:\lct\datasets\.build_cache\d7\valid\images\0005781_jpg.rf.f1eafc8c577c23048b03dcc58f3ce5c8.jpg,14,31,,0.8406252264976501,0.11238032579421997,0.62491774559021,False,,0.7417065024375915,visually_not_leakage,screened out by combined pHash/dHash and pixel/color metrics; not individually reviewed,212,false
0d3237047e68,d7,train,images/train/d7/d7_0000331_jpg.rf.9c27c9e5c8fbe938bcaceaefc5f65fe0_1cb0c82902.jpg,D:\lct\datasets\.build_cache\d7\train\images\0000331_jpg.rf.9c27c9e5c8fbe938bcaceaefc5f65fe0.jpg,test,images/test/d7/d7_0005724_jpg.rf.a5cde5c84d3224fbec6a8e052053a2bf_5533a35518.jpg,D:\lct\datasets\.build_cache\d7\test\images\0005724_jpg.rf.a5cde5c84d3224fbec6a8e052053a2bf.jpg,16,25,,0.7714520692825317,0.11361826211214066,0.7745717763900757,False,,0.741172844171524,visually_not_leakage,screened out by combined pHash/dHash and pixel/color metrics; not individually reviewed,213,false
d9f623fc572f,d7,train,images/train/d7/d7_0000331_jpg.rf.9c27c9e5c8fbe938bcaceaefc5f65fe0_1cb0c82902.jpg,D:\lct\datasets\.build_cache\d7\train\images\0000331_jpg.rf.9c27c9e5c8fbe938bcaceaefc5f65fe0.jpg,test,images/test/d7/d7_0003366_jpg.rf.8677faf5a9b277fa414cd747a5ea92f6_c274654152.jpg,D:\lct\datasets\.build_cache\d7\valid\images\0003366_jpg.rf.8677faf5a9b277fa414cd747a5ea92f6.jpg,16,25,,0.7712855339050293,0.11369007080793381,0.7739701867103577,False,,0.7410159915685655,visually_not_leakage,screened out by combined pHash/dHash and pixel/color metrics; not individually reviewed,214,false
96ac4557c0b6,d7,train,images/train/d7/d7_0003041_jpg.rf.c2d85d55abbc43fb47da0e39111981c2_0bb0e78670.jpg,D:\lct\datasets\.build_cache\d7\train\images\0003041_jpg.rf.c2d85d55abbc43fb47da0e39111981c2.jpg,test,images/test/d7/d7_0005941_jpg.rf.d74304aaafc4a8b02af5bc1332828382_bfe4ccf89c.jpg,D:\lct\datasets\.build_cache\d7\test\images\0005941_jpg.rf.d74304aaafc4a8b02af5bc1332828382.jpg,16,28,,0.8985645771026611,0.09867876768112183,0.4809471368789673,False,,0.7409429013729095,visually_not_leakage,screened out by combined pHash/dHash and pixel/color metrics; not individually reviewed,215,false
3ce8419cb3fc,d7,train,images/train/d7/d7_0002902_jpg.rf.e2816ac5c819e61f84f1115d3c91d23e_f88613f1e4.jpg,D:\lct\datasets\.build_cache\d7\train\images\0002902_jpg.rf.e2816ac5c819e61f84f1115d3c91d23e.jpg,val,images/val/d7/d7_0004378_jpg.rf.e15ddff9f7d326b28343692b774fc48e_21ff3411ee.jpg,D:\lct\datasets\.build_cache\d7\valid\images\0004378_jpg.rf.e15ddff9f7d326b28343692b774fc48e.jpg,16,26,,0.8419302701950073,0.1236969605088234,0.595004141330719,False,,0.7400852292776108,visually_not_leakage,screened out by combined pHash/dHash and pixel/color metrics; not individually reviewed,216,false
e52485631c57,d7,train,images/train/d7/d7_0002848_jpg.rf.0c4d8588ddf024f3a137379c503cbfef_2257e413f1.jpg,D:\lct\datasets\.build_cache\d7\train\images\0002848_jpg.rf.0c4d8588ddf024f3a137379c503cbfef.jpg,val,images/val/d7/d7_0004511_jpg.rf.c7134e1424cacaa589b6bce4f35fe305_cb148a9c0c.jpg,D:\lct\datasets\.build_cache\d7\valid\images\0004511_jpg.rf.c7134e1424cacaa589b6bce4f35fe305.jpg,16,33,,0.8414337635040283,0.1274605691432953,0.7052868604660034,False,,0.7400227844715118,visually_not_leakage,screened out by combined pHash/dHash and pixel/color metrics; not individually reviewed,217,false
15ee333b23e6,d7,train,images/train/d7/d7_0002437_jpg.rf.275b1ef6b9c2eb5b1221291cf39c40dc_4bafced1ec.jpg,D:\lct\datasets\.build_cache\d7\train\images\0002437_jpg.rf.275b1ef6b9c2eb5b1221291cf39c40dc.jpg,val,images/val/d7/d7_0003242_jpg.rf.f113ef3da100b48afef1e4b142669514_3b6baf5c3d.jpg,D:\lct\datasets\.build_cache\d7\valid\images\0003242_jpg.rf.f113ef3da100b48afef1e4b142669514.jpg,16,22,,0.9143659472465515,0.1694968044757843,0.3363548815250397,False,,0.7396371111273766,visually_not_leakage,screened out by combined pHash/dHash and pixel/color metrics; not individually reviewed,218,false
d361c6d2ce9b,d7,train,images/train/d7/d7_0003092_jpg.rf.ff66a2fc15bf2f6f435562e3f436c3d2_4aca1f42c3.jpg,D:\lct\datasets\.build_cache\d7\train\images\0003092_jpg.rf.ff66a2fc15bf2f6f435562e3f436c3d2.jpg,val,images/val/d7/d7_0002722_jpg.rf.b9350e5d0b21091d471d1be153d050a7_b52d9f325c.jpg,D:\lct\datasets\.build_cache\d7\valid\images\0002722_jpg.rf.b9350e5d0b21091d471d1be153d050a7.jpg,16,22,,0.8209560513496399,0.12569986283779144,0.5844992995262146,False,,0.7394948154687883,visually_not_leakage,screened out by combined pHash/dHash and pixel/color metrics; not individually reviewed,219,false
60feb3e7bfe1,d7,val,images/val/d7/d7_0000665_jpg.rf.9490efbfa87e863854556070383081a2_223fc7daea.jpg,D:\lct\datasets\.build_cache\d7\valid\images\0000665_jpg.rf.9490efbfa87e863854556070383081a2.jpg,test,images/test/d7/d7_0005966_jpg.rf.4412d444aabf9ef57e1f333099909b7c_0b7820b8e3.jpg,D:\lct\datasets\.build_cache\d7\test\images\0005966_jpg.rf.4412d444aabf9ef57e1f333099909b7c.jpg,32,12,,0.9090978503227234,0.09170304238796234,0.6928359866142273,False,,0.7394395381212234,visually_not_leakage,screened out by combined pHash/dHash and pixel/color metrics; not individually reviewed,220,false
6468d8cd1915,d7,train,images/train/d7/d7_0001148_jpg.rf.74fb827ddb7087a332fe4ce2a0ac72dd_c5f147977a.jpg,D:\lct\datasets\.build_cache\d7\train\images\0001148_jpg.rf.74fb827ddb7087a332fe4ce2a0ac72dd.jpg,val,images/val/d7/d7_0004443_jpg.rf.518aa38af2e5c40f9fa885f30226ef25_de5e8ca8f4.jpg,D:\lct\datasets\.build_cache\d7\train\images\0004443_jpg.rf.518aa38af2e5c40f9fa885f30226ef25.jpg,12,13,,0.5815264582633972,0.0929361954331398,0.9551800489425659,False,,0.7391688406467438,visually_not_leakage,screened out by combined pHash/dHash and pixel/color metrics; not individually reviewed,221,false
c5be5ea2543c,d7,val,images/val/d7/d7_0004378_jpg.rf.e15ddff9f7d326b28343692b774fc48e_21ff3411ee.jpg,D:\lct\datasets\.build_cache\d7\valid\images\0004378_jpg.rf.e15ddff9f7d326b28343692b774fc48e.jpg,test,images/test/d7/d7_0003489_jpg.rf.992174296037b70cdfa674d5382d2e62_27aabf3167.jpg,D:\lct\datasets\.build_cache\d7\test\images\0003489_jpg.rf.992174296037b70cdfa674d5382d2e62.jpg,14,32,,0.838579535484314,0.10334329307079315,0.6271480917930603,False,,0.7388790279626846,visually_not_leakage,screened out by combined pHash/dHash and pixel/color metrics; not individually reviewed,222,false
ba15d652d26f,d7,train,images/train/d7/d7_0004391_jpg.rf.d8840aa6edd282ede2c5796ddddafe8b_6181399184.jpg,D:\lct\datasets\.build_cache\d7\test\images\0004391_jpg.rf.d8840aa6edd282ede2c5796ddddafe8b.jpg,val,images/val/d7/d7_0003704_jpg.rf.5b33249ceb1e61c92866d44407feb3e9_74e5ce8759.jpg,D:\lct\datasets\.build_cache\d7\valid\images\0003704_jpg.rf.5b33249ceb1e61c92866d44407feb3e9.jpg,16,24,,0.780971884727478,0.12145183235406876,0.7151045203208923,False,,0.738404431939125,visually_not_leakage,screened out by combined pHash/dHash and pixel/color metrics; not individually reviewed,223,false
6fec5cdadfb6,d7,train,images/train/d7/d7_0003111_jpg.rf.e1e645d1f34f3530f75de7da4480320e_6de7de543d.jpg,D:\lct\datasets\.build_cache\d7\train\images\0003111_jpg.rf.e1e645d1f34f3530f75de7da4480320e.jpg,test,images/test/d7/d7_0003489_jpg.rf.992174296037b70cdfa674d5382d2e62_27aabf3167.jpg,D:\lct\datasets\.build_cache\d7\test\images\0003489_jpg.rf.992174296037b70cdfa674d5382d2e62.jpg,16,30,,0.8088213801383972,0.09333735704421997,0.734485387802124,False,,0.7383888602256775,visually_not_leakage,screened out by combined pHash/dHash and pixel/color metrics; not individually reviewed,224,false
b472bdf803c2,d7,val,images/val/d7/d7_0004378_jpg.rf.e15ddff9f7d326b28343692b774fc48e_21ff3411ee.jpg,D:\lct\datasets\.build_cache\d7\valid\images\0004378_jpg.rf.e15ddff9f7d326b28343692b774fc48e.jpg,test,images/test/d7/d7_0000342_jpg.rf.6c8a2d7ffc17256d2de73273d86f6314_af05132559.jpg,D:\lct\datasets\.build_cache\d7\test\images\0000342_jpg.rf.6c8a2d7ffc17256d2de73273d86f6314.jpg,12,31,,0.7295422554016113,0.13420170545578003,0.8308498859405518,False,,0.7375381350517273,visually_not_leakage,screened out by combined pHash/dHash and pixel/color metrics; not individually reviewed,225,false
accc186bd770,d7,val,images/val/d7/d7_0004689_jpg.rf.aa2cb9c9978623b2fdde36d22593f741_b4341a64c0.jpg,D:\lct\datasets\.build_cache\d7\valid\images\0004689_jpg.rf.aa2cb9c9978623b2fdde36d22593f741.jpg,test,images/test/d7/d7_0002435_jpg.rf.63e745ceff6da65308c12990ff268d24_1ee3748ec6.jpg,D:\lct\datasets\.build_cache\d7\test\images\0002435_jpg.rf.63e745ceff6da65308c12990ff268d24.jpg,16,22,,0.8143938183784485,0.11047220230102539,0.5870267152786255,False,,0.7372490346431732,visually_not_leakage,screened out by combined pHash/dHash and pixel/color metrics; not individually reviewed,226,false
6e3aa9da005a,d7,train,images/train/d7/d7_0005760_jpg.rf.1717fbbcdf21dd6b71e8f3b165366163_e93fa57c16.jpg,D:\lct\datasets\.build_cache\d7\train\images\0005760_jpg.rf.1717fbbcdf21dd6b71e8f3b165366163.jpg,val,images/val/d7/d7_0003596_jpg.rf.fb768dbf3b0c21cb209ad53652792edc_acb09d297e.jpg,D:\lct\datasets\.build_cache\d7\valid\images\0003596_jpg.rf.fb768dbf3b0c21cb209ad53652792edc.jpg,12,18,,0.5975639820098877,0.08650141954421997,0.9771701097488403,False,,0.7371636092662811,visually_not_leakage,screened out by combined pHash/dHash and pixel/color metrics; not individually reviewed,227,false
6d428c033419,d7,train,images/train/d7/d7_0002363_jpg.rf.64ff082fc5ce0a722efd86558a1ddadb_caee61af68.jpg,D:\lct\datasets\.build_cache\d7\train\images\0002363_jpg.rf.64ff082fc5ce0a722efd86558a1ddadb.jpg,val,images/val/d7/d7_0003291_jpg.rf.847d28b669d4ec00c4bc53c28afb4d80_0f108aea86.jpg,D:\lct\datasets\.build_cache\d7\valid\images\0003291_jpg.rf.847d28b669d4ec00c4bc53c28afb4d80.jpg,16,21,,0.7481603026390076,0.14460209012031555,0.7460564374923706,False,,0.7369538366794586,visually_not_leakage,screened out by combined pHash/dHash and pixel/color metrics; not individually reviewed,228,false
a03d54d7fcc1,d7,train,images/train/d7/d7_0002450_jpg.rf.c1d83e7404f3076b394997a70e746b84_543aee39c5.jpg,D:\lct\datasets\.build_cache\d7\train\images\0002450_jpg.rf.c1d83e7404f3076b394997a70e746b84.jpg,test,images/test/d7/d7_0005019_jpg.rf.1bab44e49c176639ca26a38b28557c6d_f923e47024.jpg,D:\lct\datasets\.build_cache\d7\test\images\0005019_jpg.rf.1bab44e49c176639ca26a38b28557c6d.jpg,16,30,,0.8112584352493286,0.1079513281583786,0.7176830768585205,False,,0.7368433356285095,visually_not_leakage,screened out by combined pHash/dHash and pixel/color metrics; not individually reviewed,229,false
4445bc252bb4,d7,train,images/train/d7/d7_0006343_jpg.rf.90972b1a3e1de0ebc2f05ec7ff49ce04_0e09cc62a2.jpg,D:\lct\datasets\.build_cache\d7\train\images\0006343_jpg.rf.90972b1a3e1de0ebc2f05ec7ff49ce04.jpg,val,images/val/d7/d7_0005240_jpg.rf.5bb38f31be4f99fdccf01c186e8d5b10_903687d125.jpg,D:\lct\datasets\.build_cache\d7\valid\images\0005240_jpg.rf.5bb38f31be4f99fdccf01c186e8d5b10.jpg,16,16,,0.8549052476882935,0.1335276961326599,0.38093969225883484,False,,0.7366030529141425,visually_not_leakage,screened out by combined pHash/dHash and pixel/color metrics; not individually reviewed,230,false
4b3df67249c5,d7,train,images/train/d7/d7_0002781_jpg.rf.ac772461778507c1f15bc89546a4e1f9_715fbcea5c.jpg,D:\lct\datasets\.build_cache\d7\train\images\0002781_jpg.rf.ac772461778507c1f15bc89546a4e1f9.jpg,val,images/val/d7/d7_0000637_jpg.rf.d600bf8fa2d5d223f6edb0d3235a789a_654ff2448f.jpg,D:\lct\datasets\.build_cache\d7\valid\images\0000637_jpg.rf.d600bf8fa2d5d223f6edb0d3235a789a.jpg,16,30,,0.7439097762107849,0.12891677021980286,0.8937264680862427,False,,0.7363103806972504,visually_not_leakage,screened out by combined pHash/dHash and pixel/color metrics; not individually reviewed,231,false
f017574a45a4,d7,train,images/train/d7/d7_0005061_jpg.rf.0e97ee7e990c2b7c08b029d24bdd4060_3ec52d50a9.jpg,D:\lct\datasets\.build_cache\d7\train\images\0005061_jpg.rf.0e97ee7e990c2b7c08b029d24bdd4060.jpg,val,images/val/d7/d7_0003164_jpg.rf.b71913fc7656eaa5b67aae8710f6963b_5afbdb42aa.jpg,D:\lct\datasets\.build_cache\d7\valid\images\0003164_jpg.rf.b71913fc7656eaa5b67aae8710f6963b.jpg,16,19,,0.8939666748046875,0.15991976857185364,0.3213774859905243,False,,0.7362620428204537,visually_not_leakage,screened out by combined pHash/dHash and pixel/color metrics; not individually reviewed,232,false
067ea194e450,d7,train,images/train/d7/d7_0003345_jpg.rf.50f574b2a75b366d3a219efc03c0b9ab_3634efe334.jpg,D:\lct\datasets\.build_cache\d7\train\images\0003345_jpg.rf.50f574b2a75b366d3a219efc03c0b9ab.jpg,test,images/test/d7/d7_0004802_jpg.rf.002f3c8052808d00b00264768be47e84_95c3dcf40e.jpg,D:\lct\datasets\.build_cache\d7\test\images\0004802_jpg.rf.002f3c8052808d00b00264768be47e84.jpg,16,28,,0.722960352897644,0.12116365134716034,0.9178129434585571,False,,0.7362310826778412,visually_not_leakage,screened out by combined pHash/dHash and pixel/color metrics; not individually reviewed,233,false
525fb34c76e2,d7,train,images/train/d7/d7_0001939_jpg.rf.c8c53a845473b3524a3841636d6ddd3e_4203cf5839.jpg,D:\lct\datasets\.build_cache\d7\train\images\0001939_jpg.rf.c8c53a845473b3524a3841636d6ddd3e.jpg,val,images/val/d7/d7_0003164_jpg.rf.b71913fc7656eaa5b67aae8710f6963b_5afbdb42aa.jpg,D:\lct\datasets\.build_cache\d7\valid\images\0003164_jpg.rf.b71913fc7656eaa5b67aae8710f6963b.jpg,16,20,,0.9292100667953491,0.1825338900089264,0.24264082312583923,False,,0.7362051501870155,visually_not_leakage,screened out by combined pHash/dHash and pixel/color metrics; not individually reviewed,234,false
c25796ff3711,d7,train,images/train/d7/d7_0004897_jpg.rf.f429538b975a76128aff8f53c23fdad5_18ce7fb644.jpg,D:\lct\datasets\.build_cache\d7\train\images\0004897_jpg.rf.f429538b975a76128aff8f53c23fdad5.jpg,test,images/test/d7/d7_0001126_jpg.rf.31b414aafee2552242a69dcea259ca9e_695c804441.jpg,D:\lct\datasets\.build_cache\d7\test\images\0001126_jpg.rf.31b414aafee2552242a69dcea259ca9e.jpg,22,11,,0.9622285962104797,0.14649967849254608,0.19996784627437592,False,,0.7359803654253483,visually_not_leakage,screened out by combined pHash/dHash and pixel/color metrics; not individually reviewed,235,false
d2398bdb2e34,d7,train,images/train/d7/d7_0006528_jpg.rf.e0813867847292aaa05fbda1c0597a0d_89fafa8cd8.jpg,D:\lct\datasets\.build_cache\d7\train\images\0006528_jpg.rf.e0813867847292aaa05fbda1c0597a0d.jpg,val,images/val/d7/d7_0002535_jpg.rf.9af7f4a38b4c131ea6db7164aad19467_bef13d4ea8.jpg,D:\lct\datasets\.build_cache\d7\valid\images\0002535_jpg.rf.9af7f4a38b4c131ea6db7164aad19467.jpg,14,25,,0.7804466485977173,0.15334616601467133,0.653214156627655,False,,0.7359420329332352,visually_not_leakage,screened out by combined pHash/dHash and pixel/color metrics; not individually reviewed,236,false
5bde48a7bd9d,d7,train,images/train/d7/d7_0004646_jpg.rf.b71697dad3dac04deefba9ae4ef34f24_a06d76c423.jpg,D:\lct\datasets\.build_cache\d7\train\images\0004646_jpg.rf.b71697dad3dac04deefba9ae4ef34f24.jpg,test,images/test/d7/d7_0001514_jpg.rf.134aaf865265991173b127ba3efa66ec_16337aa350.jpg,D:\lct\datasets\.build_cache\d7\test\images\0001514_jpg.rf.134aaf865265991173b127ba3efa66ec.jpg,16,31,,0.872422993183136,0.10005936771631241,0.5594097971916199,False,,0.7352244168519974,visually_not_leakage,screened out by combined pHash/dHash and pixel/color metrics; not individually reviewed,237,false
e832baba24a9,d7,train,images/train/d7/d7_0001646_jpg.rf.5015f4a1f7d52a405f003c2e1514dd6a_bcf15c5bbd.jpg,D:\lct\datasets\.build_cache\d7\train\images\0001646_jpg.rf.5015f4a1f7d52a405f003c2e1514dd6a.jpg,val,images/val/d7/d7_0004689_jpg.rf.aa2cb9c9978623b2fdde36d22593f741_b4341a64c0.jpg,D:\lct\datasets\.build_cache\d7\valid\images\0004689_jpg.rf.aa2cb9c9978623b2fdde36d22593f741.jpg,16,30,,0.814755380153656,0.09100127220153809,0.6933788061141968,False,,0.734596472978592,visually_not_leakage,screened out by combined pHash/dHash and pixel/color metrics; not individually reviewed,238,false
20956341d209,d7,train,images/train/d7/d7_0001239_jpg.rf.8884dff5cf12e0fa6358fe6a69317267_ccd8b835bb.jpg,D:\lct\datasets\.build_cache\d7\train\images\0001239_jpg.rf.8884dff5cf12e0fa6358fe6a69317267.jpg,val,images/val/d7/d7_0003462_jpg.rf.e8125a86438dc8711ebdcc19c7fbe604_4fab74f32d.jpg,D:\lct\datasets\.build_cache\d7\valid\images\0003462_jpg.rf.e8125a86438dc8711ebdcc19c7fbe604.jpg,14,24,,0.6980682015419006,0.12932369112968445,0.8479647040367126,False,,0.7345469862222671,visually_not_leakage,screened out by combined pHash/dHash and pixel/color metrics; not individually reviewed,239,false
d291863d83a5,d7,train,images/train/d7/d7_0001635_jpg.rf.baa6c57101f94bf0fccb1973785e9ae6_b0834d733a.jpg,D:\lct\datasets\.build_cache\d7\train\images\0001635_jpg.rf.baa6c57101f94bf0fccb1973785e9ae6.jpg,test,images/test/d7/d7_0000937_jpg.rf.836d4aeae01472281a13f7f716d07a67_aa885e4acf.jpg,D:\lct\datasets\.build_cache\d7\test\images\0000937_jpg.rf.836d4aeae01472281a13f7f716d07a67.jpg,12,22,,0.7109473347663879,0.13984757661819458,0.7193660140037537,False,,0.7344713360071181,visually_not_leakage,screened out by combined pHash/dHash and pixel/color metrics; not individually reviewed,240,false
7e173de19082,d7,train,images/train/d7/d7_0000108_jpg.rf.fa7995f419efa6c5d1d83a58bdacab08_aaaf0e5310.jpg,D:\lct\datasets\.build_cache\d7\train\images\0000108_jpg.rf.fa7995f419efa6c5d1d83a58bdacab08.jpg,val,images/val/d7/d7_0000222_jpg.rf.2383c54f37e8b8189048d05980e47eb9_ce8b9b4108.jpg,D:\lct\datasets\.build_cache\d7\train\images\0000222_jpg.rf.2383c54f37e8b8189048d05980e47eb9.jpg,16,28,,0.7239369750022888,0.10457547754049301,0.9026373624801636,False,,0.7343453943729401,visually_not_leakage,screened out by combined pHash/dHash and pixel/color metrics; not individually reviewed,241,false
0b55f7c22c8f,d7,train,images/train/d7/d7_0000880_jpg.rf.1abfa16cb49dd087087f410c17321f11_4e80aa9bfa.jpg,D:\lct\datasets\.build_cache\d7\train\images\0000880_jpg.rf.1abfa16cb49dd087087f410c17321f11.jpg,val,images/val/d7/d7_0004226_jpg.rf.cdd3d5a8c9be20888097da74ef6d723a_019830a072.jpg,D:\lct\datasets\.build_cache\d7\valid\images\0004226_jpg.rf.cdd3d5a8c9be20888097da74ef6d723a.jpg,16,25,,0.8223998546600342,0.11243106424808502,0.5919745564460754,False,,0.734162375330925,visually_not_leakage,screened out by combined pHash/dHash and pixel/color metrics; not individually reviewed,242,false
7837b75a91c0,d7,train,images/train/d7/d7_0003006_jpg.rf.149a5301df847d8571f4066588aa8152_129896f7d1.jpg,D:\lct\datasets\.build_cache\d7\train\images\0003006_jpg.rf.149a5301df847d8571f4066588aa8152.jpg,val,images/val/d7/d7_0004171_jpg.rf.b0d3280e37f1a6ba686de2a127a955ea_399670bb0d.jpg,D:\lct\datasets\.build_cache\d7\valid\images\0004171_jpg.rf.b0d3280e37f1a6ba686de2a127a955ea.jpg,16,19,,0.8168449401855469,0.1564740389585495,0.5112111568450928,False,,0.7338883996009826,visually_not_leakage,screened out by combined pHash/dHash and pixel/color metrics; not individually reviewed,243,false
ff3e71c85ad0,d7,train,images/train/d7/d7_0005554_jpg.rf.4fb356b2d5a450e72cf7505e77dd4634_b26c0131f5.jpg,D:\lct\datasets\.build_cache\d7\train\images\0005554_jpg.rf.4fb356b2d5a450e72cf7505e77dd4634.jpg,test,images/test/d7/d7_0006096_jpg.rf.10a338079f46d2b3b6c751ed803f15dc_5d55ad26f5.jpg,D:\lct\datasets\.build_cache\d7\test\images\0006096_jpg.rf.10a338079f46d2b3b6c751ed803f15dc.jpg,10,16,,0.5451868772506714,0.06361539661884308,0.9977326393127441,False,,0.7333596467971802,visually_not_leakage,screened out by combined pHash/dHash and pixel/color metrics; not individually reviewed,244,false
83931844a202,d7,train,images/train/d7/d7_0004442_jpg.rf.c192962716ebc59c549fe61755dd0253_5a33c7ef77.jpg,D:\lct\datasets\.build_cache\d7\train\images\0004442_jpg.rf.c192962716ebc59c549fe61755dd0253.jpg,test,images/test/d7/d7_0001039_jpg.rf.427700267cc0cc2d31384ca994a21265_964702359d.jpg,D:\lct\datasets\.build_cache\d7\test\images\0001039_jpg.rf.427700267cc0cc2d31384ca994a21265.jpg,14,27,,0.6627599596977234,0.0694986954331398,0.9798331260681152,False,,0.7331727027893067,visually_not_leakage,screened out by combined pHash/dHash and pixel/color metrics; not individually reviewed,245,false
aed5be9e3cdb,d7,train,images/train/d7/d7_0002740_jpg.rf.bbb4d2b49464a156db1fb5a88867796f_094de59c02.jpg,D:\lct\datasets\.build_cache\d7\train\images\0002740_jpg.rf.bbb4d2b49464a156db1fb5a88867796f.jpg,test,images/test/d7/d7_0002113_jpg.rf.59dc01b44375c0b1edaffbfe90987249_773bddb259.jpg,D:\lct\datasets\.build_cache\d7\train\images\0002113_jpg.rf.59dc01b44375c0b1edaffbfe90987249.jpg,16,27,,0.7246004343032837,0.10373679548501968,0.8754612803459167,False,,0.7328781157732009,visually_not_leakage,screened out by combined pHash/dHash and pixel/color metrics; not individually reviewed,246,false
0bfd329f5793,d7,train,images/train/d7/d7_0002248_jpg.rf.a9c428a2170015151d3a7e6264d5a471_b8882c91ae.jpg,D:\lct\datasets\.build_cache\d7\train\images\0002248_jpg.rf.a9c428a2170015151d3a7e6264d5a471.jpg,val,images/val/d7/d7_0004870_jpg.rf.2558cb4b6afc80f40dc5bbf5969bbbf2_035a38a0ca.jpg,D:\lct\datasets\.build_cache\d7\valid\images\0004870_jpg.rf.2558cb4b6afc80f40dc5bbf5969bbbf2.jpg,16,26,,0.7171757817268372,0.11880840361118317,0.8791295289993286,False,,0.7328022420406342,visually_not_leakage,screened out by combined pHash/dHash and pixel/color metrics; not individually reviewed,247,false
59853f77fed4,d7,train,images/train/d7/d7_0004885_jpg.rf.4bbd6d86e37047199b5d05839bbe528f_cb97f0b89e.jpg,D:\lct\datasets\.build_cache\d7\train\images\0004885_jpg.rf.4bbd6d86e37047199b5d05839bbe528f.jpg,val,images/val/d7/d7_0004378_jpg.rf.e15ddff9f7d326b28343692b774fc48e_21ff3411ee.jpg,D:\lct\datasets\.build_cache\d7\valid\images\0004378_jpg.rf.e15ddff9f7d326b28343692b774fc48e.jpg,16,28,,0.8315901756286621,0.11259574443101883,0.604961633682251,False,,0.7327553153038024,visually_not_leakage,screened out by combined pHash/dHash and pixel/color metrics; not individually reviewed,248,false
54d5224c2474,d7,train,images/train/d7/d7_0002040_jpg.rf.6dbfe05d925c1575b33b459804a5b003_5f8002a40e.jpg,D:\lct\datasets\.build_cache\d7\train\images\0002040_jpg.rf.6dbfe05d925c1575b33b459804a5b003.jpg,val,images/val/d7/d7_0005590_jpg.rf.cea5afc8b2f983b45e1eb93b67dbc64f_dbc282a599.jpg,D:\lct\datasets\.build_cache\d7\valid\images\0005590_jpg.rf.cea5afc8b2f983b45e1eb93b67dbc64f.jpg,16,24,,0.7624955177307129,0.10787569731473923,0.7261350154876709,False,,0.7326684594154358,visually_not_leakage,screened out by combined pHash/dHash and pixel/color metrics; not individually reviewed,249,false
1013414519a6,d7,train,images/train/d7/d7_0001099_jpg.rf.60246537c7c8097b3ace940aa625fd83_5ed5e4bb8a.jpg,D:\lct\datasets\.build_cache\d7\train\images\0001099_jpg.rf.60246537c7c8097b3ace940aa625fd83.jpg,val,images/val/d7/d7_0006214_jpg.rf.cc121b843b49cfb664117ee52cbff581_99d9abf340.jpg,D:\lct\datasets\.build_cache\d7\valid\images\0006214_jpg.rf.cc121b843b49cfb664117ee52cbff581.jpg,16,18,,0.6264810562133789,0.07577455043792725,0.9950377941131592,False,,0.7326605916023253,visually_not_leakage,screened out by combined pHash/dHash and pixel/color metrics; not individually reviewed,250,false
c7c8ba81ce74,d7,train,images/train/d7/d7_0004327_jpg.rf.1fc127f26293278cca2da9c968bb883a_7e2bc7095f.jpg,D:\lct\datasets\.build_cache\d7\train\images\0004327_jpg.rf.1fc127f26293278cca2da9c968bb883a.jpg,val,images/val/d7/d7_0006515_jpg.rf.b65f2910fec9f40fda6e7e781d91676f_3ceae9cb46.jpg,D:\lct\datasets\.build_cache\d7\valid\images\0006515_jpg.rf.b65f2910fec9f40fda6e7e781d91676f.jpg,14,19,,0.7308319807052612,0.1298607885837555,0.669776201248169,False,,0.7326429724693299,visually_not_leakage,screened out by combined pHash/dHash and pixel/color metrics; not individually reviewed,251,false
a937c2af109b,d7,train,images/train/d7/d7_0000948_jpg.rf.c26bb6a28a760dd31fe5c6f01a247c7c_7656cd95e1.jpg,D:\lct\datasets\.build_cache\d7\train\images\0000948_jpg.rf.c26bb6a28a760dd31fe5c6f01a247c7c.jpg,val,images/val/d7/d7_0005898_jpg.rf.dcbd9e610ec60bf2ca89538a3ae0f5ab_1293771f70.jpg,D:\lct\datasets\.build_cache\d7\valid\images\0005898_jpg.rf.dcbd9e610ec60bf2ca89538a3ae0f5ab.jpg,16,29,,0.8903626799583435,0.10603362321853638,0.4599124789237976,False,,0.7321631938219071,visually_not_leakage,screened out by combined pHash/dHash and pixel/color metrics; not individually reviewed,252,false
1af2a8d13f44,d7,train,images/train/d7/d7_0005061_jpg.rf.0e97ee7e990c2b7c08b029d24bdd4060_3ec52d50a9.jpg,D:\lct\datasets\.build_cache\d7\train\images\0005061_jpg.rf.0e97ee7e990c2b7c08b029d24bdd4060.jpg,val,images/val/d7/d7_0005003_jpg.rf.078782b884fadc406ef4b43bb48e2c31_1621944e00.jpg,D:\lct\datasets\.build_cache\d7\valid\images\0005003_jpg.rf.078782b884fadc406ef4b43bb48e2c31.jpg,16,20,,0.8400623202323914,0.15603169798851013,0.4509328305721283,False,,0.7317898526787758,visually_not_leakage,screened out by combined pHash/dHash and pixel/color metrics; not individually reviewed,253,false
b9b1975ae9e3,d7,train,images/train/d7/d7_0006191_jpg.rf.90e62341df9e025db4ac3a4fe3cdfd5c_b8b518b5ee.jpg,D:\lct\datasets\.build_cache\d7\train\images\0006191_jpg.rf.90e62341df9e025db4ac3a4fe3cdfd5c.jpg,val,images/val/d7/d7_0006468_jpg.rf.5a21781e38850ee00829206c1fc2952d_985587ab41.jpg,D:\lct\datasets\.build_cache\d7\valid\images\0006468_jpg.rf.5a21781e38850ee00829206c1fc2952d.jpg,16,24,,0.7356063723564148,0.11190353333950043,0.7911686301231384,False,,0.7316678434610366,visually_not_leakage,screened out by combined pHash/dHash and pixel/color metrics; not individually reviewed,254,false
bfc32ddc7175,d7,train,images/train/d7/d7_0006044_jpg.rf.794c01f91f06ae374319de9e27ced972_2f5a906d25.jpg,D:\lct\datasets\.build_cache\d7\train\images\0006044_jpg.rf.794c01f91f06ae374319de9e27ced972.jpg,test,images/test/d7/d7_0001402_jpg.rf.b3a71c10c8ddd2478770d35eade3470a_f7ed65755b.jpg,D:\lct\datasets\.build_cache\d7\test\images\0001402_jpg.rf.b3a71c10c8ddd2478770d35eade3470a.jpg,16,26,,0.7523446083068848,0.10346010327339172,0.7760664224624634,False,,0.7314103066921234,visually_not_leakage,screened out by combined pHash/dHash and pixel/color metrics; not individually reviewed,255,false
b21c96458245,d7,train,images/train/d7/d7_0003417_jpg.rf.ec0421421f19019a470d335104874554_bd35abaa36.jpg,D:\lct\datasets\.build_cache\d7\train\images\0003417_jpg.rf.ec0421421f19019a470d335104874554.jpg,test,images/test/d7/d7_0002750_jpg.rf.9188317090d00fd232a96f42534b26b4_04aebda2ea.jpg,D:\lct\datasets\.build_cache\d7\test\images\0002750_jpg.rf.9188317090d00fd232a96f42534b26b4.jpg,14,18,,0.7453668713569641,0.1160481870174408,0.6039018034934998,False,,0.7309195190668106,visually_not_leakage,screened out by combined pHash/dHash and pixel/color metrics; not individually reviewed,256,false
b46309d617d3,d7,train,images/train/d7/d7_0001646_jpg.rf.5015f4a1f7d52a405f003c2e1514dd6a_bcf15c5bbd.jpg,D:\lct\datasets\.build_cache\d7\train\images\0001646_jpg.rf.5015f4a1f7d52a405f003c2e1514dd6a.jpg,val,images/val/d7/d7_0004103_jpg.rf.8bbc0c9158ecad8e342da4e6ec92b518_e32075c8bc.jpg,D:\lct\datasets\.build_cache\d7\test\images\0004103_jpg.rf.8bbc0c9158ecad8e342da4e6ec92b518.jpg,16,28,,0.8435642123222351,0.14139285683631897,0.5595467686653137,False,,0.7307327002286912,visually_not_leakage,screened out by combined pHash/dHash and pixel/color metrics; not individually reviewed,257,false
1f026657276b,d7,train,images/train/d7/d7_0004427_jpg.rf.7242640c0a2b68076b3f6e12ffdbed05_0d58ca32ac.jpg,D:\lct\datasets\.build_cache\d7\train\images\0004427_jpg.rf.7242640c0a2b68076b3f6e12ffdbed05.jpg,val,images/val/d7/d7_0000997_jpg.rf.eb06176696bf5262ee6e0a1b7ec39b18_69392e1461.jpg,D:\lct\datasets\.build_cache\d7\valid\images\0000997_jpg.rf.eb06176696bf5262ee6e0a1b7ec39b18.jpg,16,27,,0.7836739420890808,0.1377355307340622,0.7011083960533142,False,,0.7303545862436296,visually_not_leakage,screened out by combined pHash/dHash and pixel/color metrics; not individually reviewed,258,false
66a4c3d96745,d7,train,images/train/d7/d7_0004858_jpg.rf.d020b11f3d9c1fb948905c64e18dc52c_34231ae700.jpg,D:\lct\datasets\.build_cache\d7\train\images\0004858_jpg.rf.d020b11f3d9c1fb948905c64e18dc52c.jpg,val,images/val/d7/d7_0001248_jpg.rf.c2f8a35ff0d46d33ad01b0f0a7895ee8_cd3401d240.jpg,D:\lct\datasets\.build_cache\d7\valid\images\0001248_jpg.rf.c2f8a35ff0d46d33ad01b0f0a7895ee8.jpg,16,22,,0.6776869297027588,0.16200214624404907,0.9030548930168152,False,,0.7299705058336259,visually_not_leakage,screened out by combined pHash/dHash and pixel/color metrics; not individually reviewed,259,false
3be7abf65e32,d7,train,images/train/d7/d7_0004128_jpg.rf.e6891e70e5898c63ad9cfb45ed563c99_8f9f8f313a.jpg,D:\lct\datasets\.build_cache\d7\train\images\0004128_jpg.rf.e6891e70e5898c63ad9cfb45ed563c99.jpg,val,images/val/d7/d7_0005418_jpg.rf.186bb69d9483478ee91515c1be79123e_efcefdb6f3.jpg,D:\lct\datasets\.build_cache\d7\valid\images\0005418_jpg.rf.186bb69d9483478ee91515c1be79123e.jpg,14,28,,0.8075904846191406,0.14305587112903595,0.5867903232574463,False,,0.7298047423362731,visually_not_leakage,screened out by combined pHash/dHash and pixel/color metrics; not individually reviewed,260,false
0f4187ec5231,d7,train,images/train/d7/d7_0001223_jpg.rf.c3869e94a2d94c8e8ee810ffe070eafb_75744b186d.jpg,D:\lct\datasets\.build_cache\d7\train\images\0001223_jpg.rf.c3869e94a2d94c8e8ee810ffe070eafb.jpg,test,images/test/d7/d7_0006202_jpg.rf.e0742e8ac85c5781714488e4cb044b3e_7ae9cbfd4c.jpg,D:\lct\datasets\.build_cache\d7\test\images\0006202_jpg.rf.e0742e8ac85c5781714488e4cb044b3e.jpg,14,22,,0.7205850481987,0.1259985864162445,0.7240738868713379,False,,0.7296576023101807,visually_not_leakage,screened out by combined pHash/dHash and pixel/color metrics; not individually reviewed,261,false
f10089cb5508,d7,train,images/train/d7/d7_0000992_jpg.rf.855bd878e4db5febff956d69c3f5abcb_0a58e65fa6.jpg,D:\lct\datasets\.build_cache\d7\train\images\0000992_jpg.rf.855bd878e4db5febff956d69c3f5abcb.jpg,val,images/val/d7/d7_0002535_jpg.rf.9af7f4a38b4c131ea6db7164aad19467_bef13d4ea8.jpg,D:\lct\datasets\.build_cache\d7\valid\images\0002535_jpg.rf.9af7f4a38b4c131ea6db7164aad19467.jpg,16,22,,0.714290976524353,0.14932981133460999,0.8004792332649231,False,,0.7292257755994797,visually_not_leakage,screened out by combined pHash/dHash and pixel/color metrics; not individually reviewed,262,false
dc295e5d75d4,d7,train,images/train/d7/d7_0002973_jpg.rf.159e76d3e566b1c47404e509da139ea6_6a740baf15.jpg,D:\lct\datasets\.build_cache\d7\valid\images\0002973_jpg.rf.159e76d3e566b1c47404e509da139ea6.jpg,val,images/val/d7/d7_0003958_jpg.rf.f7347eaceb0daf98bbc953bd64287790_e96df817a6.jpg,D:\lct\datasets\.build_cache\d7\valid\images\0003958_jpg.rf.f7347eaceb0daf98bbc953bd64287790.jpg,16,21,,0.6369465589523315,0.0778588354587555,0.9903165102005005,False,,0.7291073501110076,visually_not_leakage,screened out by combined pHash/dHash and pixel/color metrics; not individually reviewed,263,false
4393004edf27,d7,train,images/train/d7/d7_0006396_jpg.rf.627b589ad27ec35b8c2f2b3a9c70f583_f80fd532a9.jpg,D:\lct\datasets\.build_cache\d7\train\images\0006396_jpg.rf.627b589ad27ec35b8c2f2b3a9c70f583.jpg,test,images/test/d7/d7_0006412_jpg.rf.eff8ac196b43f5838da705d5b53aca70_084c107eb7.jpg,D:\lct\datasets\.build_cache\d7\test\images\0006412_jpg.rf.eff8ac196b43f5838da705d5b53aca70.jpg,16,29,,0.8654704689979553,0.1355985701084137,0.5038072466850281,False,,0.7287905246019363,visually_not_leakage,screened out by combined pHash/dHash and pixel/color metrics; not individually reviewed,264,false
0281e18a65c0,d7,train,images/train/d7/d7_0005457_jpg.rf.d951c1513c7444b840388a033a1d1561_97c16d984a.jpg,D:\lct\datasets\.build_cache\d7\train\images\0005457_jpg.rf.d951c1513c7444b840388a033a1d1561.jpg,test,images/test/d7/d7_0004011_jpg.rf.43e79480791038cdab623a73e2861692_38c82f2a2e.jpg,D:\lct\datasets\.build_cache\d7\test\images\0004011_jpg.rf.43e79480791038cdab623a73e2861692.jpg,14,21,,0.6308022737503052,0.09970607608556747,0.9420671463012695,False,,0.7287872314453124,visually_not_leakage,screened out by combined pHash/dHash and pixel/color metrics; not individually reviewed,265,false
92e3d2c1ca86,d7,train,images/train/d7/d7_0005957_jpg.rf.3f8c528b479ab1fd52374c651c756caa_58882b3cf0.jpg,D:\lct\datasets\.build_cache\d7\train\images\0005957_jpg.rf.3f8c528b479ab1fd52374c651c756caa.jpg,test,images/test/d7/d7_0003481_jpg.rf.b997061633ff37a63ce5a58a3c3784fd_1245201708.jpg,D:\lct\datasets\.build_cache\d7\test\images\0003481_jpg.rf.b997061633ff37a63ce5a58a3c3784fd.jpg,14,31,,0.7976202964782715,0.12448298931121826,0.6521708369255066,False,,0.7285924941301346,visually_not_leakage,screened out by combined pHash/dHash and pixel/color metrics; not individually reviewed,266,false
10af4aeb3e07,d7,train,images/train/d7/d7_0006396_jpg.rf.627b589ad27ec35b8c2f2b3a9c70f583_f80fd532a9.jpg,D:\lct\datasets\.build_cache\d7\train\images\0006396_jpg.rf.627b589ad27ec35b8c2f2b3a9c70f583.jpg,test,images/test/d7/d7_0001592_jpg.rf.81433cf1ca3e00b735522e229b8e6f63_780412ef3f.jpg,D:\lct\datasets\.build_cache\d7\test\images\0001592_jpg.rf.81433cf1ca3e00b735522e229b8e6f63.jpg,16,29,,0.8421696424484253,0.12324506044387817,0.5633860230445862,False,,0.728407010436058,visually_not_leakage,screened out by combined pHash/dHash and pixel/color metrics; not individually reviewed,267,false
02ec975c6479,d7,train,images/train/d7/d7_0004281_jpg.rf.1a85bb6f81934ffb15098c967370fd3b_22f0b2ad07.jpg,D:\lct\datasets\.build_cache\d7\train\images\0004281_jpg.rf.1a85bb6f81934ffb15098c967370fd3b.jpg,val,images/val/d7/d7_0004418_jpg.rf.a9c4a94c1e8f55ffc28a73913c794fe7_0c82db819f.jpg,D:\lct\datasets\.build_cache\d7\valid\images\0004418_jpg.rf.a9c4a94c1e8f55ffc28a73913c794fe7.jpg,16,32,,0.8017924427986145,0.12636718153953552,0.7156058549880981,False,,0.7280578553676605,visually_not_leakage,screened out by combined pHash/dHash and pixel/color metrics; not individually reviewed,268,false
088336f3b699,d7,train,images/train/d7/d7_0001939_jpg.rf.c8c53a845473b3524a3841636d6ddd3e_4203cf5839.jpg,D:\lct\datasets\.build_cache\d7\train\images\0001939_jpg.rf.c8c53a845473b3524a3841636d6ddd3e.jpg,val,images/val/d7/d7_0005003_jpg.rf.078782b884fadc406ef4b43bb48e2c31_1621944e00.jpg,D:\lct\datasets\.build_cache\d7\valid\images\0005003_jpg.rf.078782b884fadc406ef4b43bb48e2c31.jpg,14,19,,0.8491242527961731,0.1855487823486328,0.32139506936073303,False,,0.7277027115225793,visually_not_leakage,screened out by combined pHash/dHash and pixel/color metrics; not individually reviewed,269,false
2810594fc8a2,d7,train,images/train/d7/d7_0003943_jpg.rf.ab209f358035083aec83e0704686d16e_7e7cecd421.jpg,D:\lct\datasets\.build_cache\d7\train\images\0003943_jpg.rf.ab209f358035083aec83e0704686d16e.jpg,test,images/test/d7/d7_0001564_jpg.rf.1677c7f43d4cafbeab961d11f9de29f0_8f9d446da7.jpg,D:\lct\datasets\.build_cache\d7\test\images\0001564_jpg.rf.1677c7f43d4cafbeab961d11f9de29f0.jpg,16,25,,0.929790198802948,0.16401366889476776,0.26032352447509766,False,,0.7273708581924438,visually_not_leakage,screened out by combined pHash/dHash and pixel/color metrics; not individually reviewed,270,false
9a08013b9584,d7,train,images/train/d7/d7_0001355_jpg.rf.084593fb358b2fca90d559cfb6c7b91d_d4a533dc9c.jpg,D:\lct\datasets\.build_cache\d7\train\images\0001355_jpg.rf.084593fb358b2fca90d559cfb6c7b91d.jpg,val,images/val/d7/d7_0004575_jpg.rf.373523c06291a6b38f2fc568901b64a5_d8c455cc4e.jpg,D:\lct\datasets\.build_cache\d7\valid\images\0004575_jpg.rf.373523c06291a6b38f2fc568901b64a5.jpg,14,32,,0.7745645642280579,0.1447552889585495,0.7190849781036377,False,,0.7270635724067688,visually_not_leakage,screened out by combined pHash/dHash and pixel/color metrics; not individually reviewed,271,false
230772758822,d7,train,images/train/d7/d7_0005339_jpg.rf.fab251f5355f8c4055c78ab10446b1ef_15dbccec03.jpg,D:\lct\datasets\.build_cache\d7\train\images\0005339_jpg.rf.fab251f5355f8c4055c78ab10446b1ef.jpg,test,images/test/d7/d7_0004311_jpg.rf.2d179d1177aa3315ca2164fcd02fddfa_55f5124ae4.jpg,D:\lct\datasets\.build_cache\d7\test\images\0004311_jpg.rf.2d179d1177aa3315ca2164fcd02fddfa.jpg,16,18,,0.7687391638755798,0.1558047980070114,0.5779078006744385,False,,0.7269943356513976,visually_not_leakage,screened out by combined pHash/dHash and pixel/color metrics; not individually reviewed,272,false
af8bcc2bc977,d7,train,images/train/d7/d7_0001223_jpg.rf.c3869e94a2d94c8e8ee810ffe070eafb_75744b186d.jpg,D:\lct\datasets\.build_cache\d7\train\images\0001223_jpg.rf.c3869e94a2d94c8e8ee810ffe070eafb.jpg,test,images/test/d7/d7_0001569_jpg.rf.76a03cc3dc885167dded899d0bf7fa89_adce2a00e9.jpg,D:\lct\datasets\.build_cache\d7\train\images\0001569_jpg.rf.76a03cc3dc885167dded899d0bf7fa89.jpg,14,24,,0.7251486778259277,0.1242474764585495,0.7253060936927795,False,,0.7269803851842881,visually_not_leakage,screened out by combined pHash/dHash and pixel/color metrics; not individually reviewed,273,false
2652b6fb65c4,d7,train,images/train/d7/d7_0004493_jpg.rf.2b7b09fb59d3bf2b7f8a7ec140f3fad9_df5745450f.jpg,D:\lct\datasets\.build_cache\d7\train\images\0004493_jpg.rf.2b7b09fb59d3bf2b7f8a7ec140f3fad9.jpg,test,images/test/d7/d7_0003055_jpg.rf.c6eb0859611c7ce340257a0708dd5fc3_bdf855598d.jpg,D:\lct\datasets\.build_cache\d7\test\images\0003055_jpg.rf.c6eb0859611c7ce340257a0708dd5fc3.jpg,14,21,,0.7358431816101074,0.11039943993091583,0.6497398018836975,False,,0.7269544929265976,visually_not_leakage,screened out by combined pHash/dHash and pixel/color metrics; not individually reviewed,274,false
19403dfefe2d,d7,train,images/train/d7/d7_0006229_jpg.rf.7559c781500ba87cde567f40f4465405_84a03a1ecd.jpg,D:\lct\datasets\.build_cache\d7\train\images\0006229_jpg.rf.7559c781500ba87cde567f40f4465405.jpg,val,images/val/d7/d7_0004463_jpg.rf.8b99cf86c7539be7c9def87c9bbbf076_0ef2784ac1.jpg,D:\lct\datasets\.build_cache\d7\valid\images\0004463_jpg.rf.8b99cf86c7539be7c9def87c9bbbf076.jpg,16,29,,0.8067911863327026,0.1274433135986328,0.6456570029258728,False,,0.726596274971962,visually_not_leakage,screened out by combined pHash/dHash and pixel/color metrics; not individually reviewed,275,false
3a1e3214463c,d7,train,images/train/d7/d7_0002062_jpg.rf.afb94c94209820d2bd706ff900571655_61bbfab7e2.jpg,D:\lct\datasets\.build_cache\d7\train\images\0002062_jpg.rf.afb94c94209820d2bd706ff900571655.jpg,val,images/val/d7/d7_0004500_jpg.rf.2455fb6e4dccfae00b6c54a856c51a9b_d62fcc5c5f.jpg,D:\lct\datasets\.build_cache\d7\valid\images\0004500_jpg.rf.2455fb6e4dccfae00b6c54a856c51a9b.jpg,16,29,,0.8044163584709167,0.12059397250413895,0.6519607901573181,False,,0.7265919119119645,visually_not_leakage,screened out by combined pHash/dHash and pixel/color metrics; not individually reviewed,276,false
38be36e3bd2b,d7,train,images/train/d7/d7_0004389_jpg.rf.8d6ede0b8e17bf083a098eb111840233_33ad33d38d.jpg,D:\lct\datasets\.build_cache\d7\train\images\0004389_jpg.rf.8d6ede0b8e17bf083a098eb111840233.jpg,val,images/val/d7/d7_0002562_jpg.rf.6e6e6d56464299c47cc1be16ceadc1ff_6aeb83745e.jpg,D:\lct\datasets\.build_cache\d7\valid\images\0002562_jpg.rf.6e6e6d56464299c47cc1be16ceadc1ff.jpg,16,26,,0.7408195734024048,0.1238798275589943,0.7728275060653687,False,,0.7263144552707671,visually_not_leakage,screened out by combined pHash/dHash and pixel/color metrics; not individually reviewed,277,false
678e2b8cb6f6,d7,train,images/train/d7/d7_0001664_jpg.rf.5b4d1730a55e407b0d18ab461c75ec0b_b393ddc061.jpg,D:\lct\datasets\.build_cache\d7\train\images\0001664_jpg.rf.5b4d1730a55e407b0d18ab461c75ec0b.jpg,test,images/test/d7/d7_0003481_jpg.rf.b997061633ff37a63ce5a58a3c3784fd_1245201708.jpg,D:\lct\datasets\.build_cache\d7\test\images\0003481_jpg.rf.b997061633ff37a63ce5a58a3c3784fd.jpg,16,23,,0.8109079003334045,0.1451813280582428,0.5349225401878357,False,,0.7256952911615372,visually_not_leakage,screened out by combined pHash/dHash and pixel/color metrics; not individually reviewed,278,false
3c9b1cc0816f,d7,train,images/train/d7/d7_0001635_jpg.rf.baa6c57101f94bf0fccb1973785e9ae6_b0834d733a.jpg,D:\lct\datasets\.build_cache\d7\train\images\0001635_jpg.rf.baa6c57101f94bf0fccb1973785e9ae6.jpg,val,images/val/d7/d7_0002779_jpg.rf.aa97ae4a1f0efac4c42b10eb051d9ad8_56a597a1d0.jpg,D:\lct\datasets\.build_cache\d7\valid\images\0002779_jpg.rf.aa97ae4a1f0efac4c42b10eb051d9ad8.jpg,16,30,,0.7047396302223206,0.1087852343916893,0.9268410205841064,False,,0.7256095051765443,visually_not_leakage,screened out by combined pHash/dHash and pixel/color metrics; not individually reviewed,279,false
2fd0910d9de7,d7,train,images/train/d7/d7_0005297_jpg.rf.553c0e57ec36494dd707e522a3fc80df_c990324af6.jpg,D:\lct\datasets\.build_cache\d7\train\images\0005297_jpg.rf.553c0e57ec36494dd707e522a3fc80df.jpg,val,images/val/d7/d7_0004226_jpg.rf.cdd3d5a8c9be20888097da74ef6d723a_019830a072.jpg,D:\lct\datasets\.build_cache\d7\valid\images\0004226_jpg.rf.cdd3d5a8c9be20888097da74ef6d723a.jpg,16,26,,0.7733466029167175,0.11214672029018402,0.6810618042945862,False,,0.7255604118108749,visually_not_leakage,screened out by combined pHash/dHash and pixel/color metrics; not individually reviewed,280,false
4906bf8102bc,d7,train,images/train/d7/d7_0005321_jpg.rf.7e0f89a5fdeab3b6daf7698923825301_6067030f8d.jpg,D:\lct\datasets\.build_cache\d7\train\images\0005321_jpg.rf.7e0f89a5fdeab3b6daf7698923825301.jpg,val,images/val/d7/d7_0006472_jpg.rf.d7a1fab085c2abf128082a6eaf09f953_bfaf9f7af3.jpg,D:\lct\datasets\.build_cache\d7\valid\images\0006472_jpg.rf.d7a1fab085c2abf128082a6eaf09f953.jpg,16,31,,0.8244425058364868,0.10573682934045792,0.6225696206092834,False,,0.7255061954259872,visually_not_leakage,screened out by combined pHash/dHash and pixel/color metrics; not individually reviewed,281,false
6b0a3cdb500a,d7,train,images/train/d7/d7_0001936_jpg.rf.782e2a4644331779762da9d62519510c_d3df3611cf.jpg,D:\lct\datasets\.build_cache\d7\valid\images\0001936_jpg.rf.782e2a4644331779762da9d62519510c.jpg,test,images/test/d7/d7_0001514_jpg.rf.134aaf865265991173b127ba3efa66ec_16337aa350.jpg,D:\lct\datasets\.build_cache\d7\test\images\0001514_jpg.rf.134aaf865265991173b127ba3efa66ec.jpg,14,38,,0.8517714738845825,0.11785577237606049,0.5947898030281067,False,,0.725239560008049,visually_not_leakage,screened out by combined pHash/dHash and pixel/color metrics; not individually reviewed,282,false
76997756a9b4,d7,train,images/train/d7/d7_0005957_jpg.rf.3f8c528b479ab1fd52374c651c756caa_58882b3cf0.jpg,D:\lct\datasets\.build_cache\d7\train\images\0005957_jpg.rf.3f8c528b479ab1fd52374c651c756caa.jpg,val,images/val/d7/d7_0002779_jpg.rf.aa97ae4a1f0efac4c42b10eb051d9ad8_56a597a1d0.jpg,D:\lct\datasets\.build_cache\d7\valid\images\0002779_jpg.rf.aa97ae4a1f0efac4c42b10eb051d9ad8.jpg,14,28,,0.7271919846534729,0.10921032726764679,0.7699478268623352,False,,0.7251189678907394,visually_not_leakage,screened out by combined pHash/dHash and pixel/color metrics; not individually reviewed,283,false
ca879ba45dd7,d7,train,images/train/d7/d7_0005975_jpg.rf.b7e0ba5e2a8c449e1330bbd84d38f3c0_409dff8b57.jpg,D:\lct\datasets\.build_cache\d7\train\images\0005975_jpg.rf.b7e0ba5e2a8c449e1330bbd84d38f3c0.jpg,test,images/test/d7/d7_0005715_jpg.rf.74158b97cab1005a3511b895c970cdb5_74d9ee44f6.jpg,D:\lct\datasets\.build_cache\d7\test\images\0005715_jpg.rf.74158b97cab1005a3511b895c970cdb5.jpg,16,18,,0.8509477376937866,0.140913188457489,0.34533724188804626,False,,0.7249921813607216,visually_not_leakage,screened out by combined pHash/dHash and pixel/color metrics; not individually reviewed,284,false
c5d28b6518b5,d7,train,images/train/d7/d7_0000377_jpg.rf.8b072bc565b04b0e1b3938d1295cd19c_44f78cd865.jpg,D:\lct\datasets\.build_cache\d7\train\images\0000377_jpg.rf.8b072bc565b04b0e1b3938d1295cd19c.jpg,val,images/val/d7/d7_0000665_jpg.rf.9490efbfa87e863854556070383081a2_223fc7daea.jpg,D:\lct\datasets\.build_cache\d7\valid\images\0000665_jpg.rf.9490efbfa87e863854556070383081a2.jpg,30,11,,0.7742621302604675,0.11308594048023224,0.8775896430015564,False,,0.7249370485544205,visually_not_leakage,screened out by combined pHash/dHash and pixel/color metrics; not individually reviewed,285,false
567bf90256c7,d7,train,images/train/d7/d7_0000439_jpg.rf.be30b78109080b6765dd7acabfc9f198_1ec3c2d67b.jpg,D:\lct\datasets\.build_cache\d7\train\images\0000439_jpg.rf.be30b78109080b6765dd7acabfc9f198.jpg,val,images/val/d7/d7_0002730_jpg.rf.d75ac20af3cf22146417133853614db3_7a8a204c4f.jpg,D:\lct\datasets\.build_cache\d7\valid\images\0002730_jpg.rf.d75ac20af3cf22146417133853614db3.jpg,16,21,,0.7553488612174988,0.1286448836326599,0.640528678894043,False,,0.724000096321106,visually_not_leakage,screened out by combined pHash/dHash and pixel/color metrics; not individually reviewed,286,false
f585fd8bb485,d7,train,images/train/d7/d7_0001940_jpg.rf.64f9d4920914767a54bb7b403f18a736_0cd24722f5.jpg,D:\lct\datasets\.build_cache\d7\train\images\0001940_jpg.rf.64f9d4920914767a54bb7b403f18a736.jpg,val,images/val/d7/d7_0004971_jpg.rf.058cecd5599c8846cdc6e8c81fcd3ced_9a886b96f0.jpg,D:\lct\datasets\.build_cache\d7\valid\images\0004971_jpg.rf.058cecd5599c8846cdc6e8c81fcd3ced.jpg,16,26,,0.8050073385238647,0.11986634135246277,0.5844914317131042,False,,0.7237391501665115,visually_not_leakage,screened out by combined pHash/dHash and pixel/color metrics; not individually reviewed,287,false
5e86393ccc84,d7,train,images/train/d7/d7_0002288_jpg.rf.6d880dabbe1c20d68ed249ba94eee357_78f41dcfbd.jpg,D:\lct\datasets\.build_cache\d7\train\images\0002288_jpg.rf.6d880dabbe1c20d68ed249ba94eee357.jpg,test,images/test/d7/d7_0005437_jpg.rf.0edd09e2a7707202fa7e0b3a689af226_d4bf174473.jpg,D:\lct\datasets\.build_cache\d7\test\images\0005437_jpg.rf.0edd09e2a7707202fa7e0b3a689af226.jpg,16,32,,0.7788457274436951,0.10558363795280457,0.7470986843109131,False,,0.723603093624115,visually_not_leakage,screened out by combined pHash/dHash and pixel/color metrics; not individually reviewed,288,false
5297b75a57f4,d7,train,images/train/d7/d7_0006013_jpg.rf.bf68bf93add46c31f6552d25092b05ff_18972adb87.jpg,D:\lct\datasets\.build_cache\d7\train\images\0006013_jpg.rf.bf68bf93add46c31f6552d25092b05ff.jpg,test,images/test/d7/d7_0001592_jpg.rf.81433cf1ca3e00b735522e229b8e6f63_780412ef3f.jpg,D:\lct\datasets\.build_cache\d7\test\images\0001592_jpg.rf.81433cf1ca3e00b735522e229b8e6f63.jpg,16,25,,0.8058204650878906,0.12942038476467133,0.5653714537620544,False,,0.7235401540994645,visually_not_leakage,screened out by combined pHash/dHash and pixel/color metrics; not individually reviewed,289,false
9f766f9c5e56,d7,train,images/train/d7/d7_0003745_jpg.rf.dd9a7802ae4f45ef4e8dc6a6aa40b8f5_56c7dbdd9c.jpg,D:\lct\datasets\.build_cache\d7\train\images\0003745_jpg.rf.dd9a7802ae4f45ef4e8dc6a6aa40b8f5.jpg,val,images/val/d7/d7_0002123_jpg.rf.99a1b8aa0e7d6b2636761787f9451a12_cf4c5f4cf8.jpg,D:\lct\datasets\.build_cache\d7\valid\images\0002123_jpg.rf.99a1b8aa0e7d6b2636761787f9451a12.jpg,16,15,,0.6185809969902039,0.09869983792304993,0.9076840877532959,False,,0.723428761959076,visually_not_leakage,screened out by combined pHash/dHash and pixel/color metrics; not individually reviewed,290,false
879920a5a05f,d7,train,images/train/d7/d7_0005513_jpg.rf.d6f7c78563b9440f37d31f35de8c7bef_16e1ae9ab9.jpg,D:\lct\datasets\.build_cache\d7\train\images\0005513_jpg.rf.d6f7c78563b9440f37d31f35de8c7bef.jpg,test,images/test/d7/d7_0005091_jpg.rf.f297a3fd0aece468dea52d10ba260600_fff358f3ca.jpg,D:\lct\datasets\.build_cache\d7\train\images\0005091_jpg.rf.f297a3fd0aece468dea52d10ba260600.jpg,20,11,,0.8215579390525818,0.13203316926956177,0.4288686513900757,False,,0.7234222233295441,visually_not_leakage,screened out by combined pHash/dHash and pixel/color metrics; not individually reviewed,291,false
cc5dc325f1f6,d7,train,images/train/d7/d7_0004462_jpg.rf.424609845de6883aabe2c1d2bc11c184_8de1df4269.jpg,D:\lct\datasets\.build_cache\d7\train\images\0004462_jpg.rf.424609845de6883aabe2c1d2bc11c184.jpg,val,images/val/d7/d7_0004788_jpg.rf.4b60e054c95945a916f5da359ef1011c_4ad539b1d1.jpg,D:\lct\datasets\.build_cache\d7\valid\images\0004788_jpg.rf.4b60e054c95945a916f5da359ef1011c.jpg,16,35,,0.7736888527870178,0.15097369253635406,0.8028995394706726,False,,0.722879222035408,visually_not_leakage,screened out by combined pHash/dHash and pixel/color metrics; not individually reviewed,292,false
0021c81a69ff,d7,train,images/train/d7/d7_0003319_jpg.rf.e2f25463085fe04b6fcf16108bfdd706_77148da7e7.jpg,D:\lct\datasets\.build_cache\d7\train\images\0003319_jpg.rf.e2f25463085fe04b6fcf16108bfdd706.jpg,val,images/val/d7/d7_0002622_jpg.rf.5f280290807296e9d7c0552e84fef80a_3f5973470e.jpg,D:\lct\datasets\.build_cache\d7\train\images\0002622_jpg.rf.5f280290807296e9d7c0552e84fef80a.jpg,16,22,,0.6963695883750916,0.1147470623254776,0.8055465817451477,False,,0.7228173226118088,visually_not_leakage,screened out by combined pHash/dHash and pixel/color metrics; not individually reviewed,293,false
4def330781b5,d7,train,images/train/d7/d7_0003435_jpg.rf.984b750688bc4cede17cd8c7505fa0e7_14fb58fdf9.jpg,D:\lct\datasets\.build_cache\d7\train\images\0003435_jpg.rf.984b750688bc4cede17cd8c7505fa0e7.jpg,val,images/val/d7/d7_0005898_jpg.rf.dcbd9e610ec60bf2ca89538a3ae0f5ab_1293771f70.jpg,D:\lct\datasets\.build_cache\d7\valid\images\0005898_jpg.rf.dcbd9e610ec60bf2ca89538a3ae0f5ab.jpg,14,21,,0.8505033254623413,0.17660078406333923,0.31519615650177,False,,0.722637003660202,visually_not_leakage,screened out by combined pHash/dHash and pixel/color metrics; not individually reviewed,294,false
ff14d75c2874,d7,train,images/train/d7/d7_0004674_jpg.rf.7440d1bd53db2d63e55af292101b2cd8_53a8599c84.jpg,D:\lct\datasets\.build_cache\d7\train\images\0004674_jpg.rf.7440d1bd53db2d63e55af292101b2cd8.jpg,val,images/val/d7/d7_0002947_jpg.rf.3366891f84d6bfca420c6c83278e1ab2_af440d4dee.jpg,D:\lct\datasets\.build_cache\d7\valid\images\0002947_jpg.rf.3366891f84d6bfca420c6c83278e1ab2.jpg,16,26,,0.8796220421791077,0.10202588886022568,0.37776169180870056,False,,0.7225755706429482,visually_not_leakage,screened out by combined pHash/dHash and pixel/color metrics; not individually reviewed,295,false
8eabb03f4135,d7,train,images/train/d7/d7_0001512_jpg.rf.a7eb4892cbb014831878176810803460_30bf471dbb.jpg,D:\lct\datasets\.build_cache\d7\train\images\0001512_jpg.rf.a7eb4892cbb014831878176810803460.jpg,test,images/test/d7/d7_0003489_jpg.rf.992174296037b70cdfa674d5382d2e62_27aabf3167.jpg,D:\lct\datasets\.build_cache\d7\test\images\0003489_jpg.rf.992174296037b70cdfa674d5382d2e62.jpg,16,31,,0.8788235187530518,0.10775697231292725,0.45753780007362366,False,,0.7225038275122642,visually_not_leakage,screened out by combined pHash/dHash and pixel/color metrics; not individually reviewed,296,false
b6cdf7d17182,d7,train,images/train/d7/d7_0002368_jpg.rf.34e6f6906dec031b16dff8c239e42e5b_9df053e065.jpg,D:\lct\datasets\.build_cache\d7\train\images\0002368_jpg.rf.34e6f6906dec031b16dff8c239e42e5b.jpg,val,images/val/d7/d7_0003596_jpg.rf.fb768dbf3b0c21cb209ad53652792edc_acb09d297e.jpg,D:\lct\datasets\.build_cache\d7\valid\images\0003596_jpg.rf.fb768dbf3b0c21cb209ad53652792edc.jpg,12,21,,0.5732030272483826,0.08941961824893951,0.9783759117126465,False,,0.7205688476562501,visually_not_leakage,screened out by combined pHash/dHash and pixel/color metrics; not individually reviewed,297,false
195315d16a2c,d7,train,images/train/d7/d7_0003924_jpg.rf.23a8dfba288ed8d2b049394c87485baf_b99b74c4a5.jpg,D:\lct\datasets\.build_cache\d7\train\images\0003924_jpg.rf.23a8dfba288ed8d2b049394c87485baf.jpg,val,images/val/d7/d7_0004090_jpg.rf.3aeba4130d20da4092046657e03685ee_f33b030141.jpg,D:\lct\datasets\.build_cache\d7\valid\images\0004090_jpg.rf.3aeba4130d20da4092046657e03685ee.jpg,14,29,,0.7279767394065857,0.1084204614162445,0.7530192136764526,False,,0.7205498278141022,visually_not_leakage,screened out by combined pHash/dHash and pixel/color metrics; not individually reviewed,298,false
9a9b5bc78dd3,d7,train,images/train/d7/d7_0005446_jpg.rf.94b55e87cd41c3277e0c92bd76067fd7_a27ef8a0b1.jpg,D:\lct\datasets\.build_cache\d7\train\images\0005446_jpg.rf.94b55e87cd41c3277e0c92bd76067fd7.jpg,val,images/val/d7/d7_0003463_jpg.rf.bded328be6326a3f23a1c6384958a686_4ed8718543.jpg,D:\lct\datasets\.build_cache\d7\valid\images\0003463_jpg.rf.bded328be6326a3f23a1c6384958a686.jpg,16,23,,0.8015000224113464,0.14512868225574493,0.5242778062820435,False,,0.7203354299068452,visually_not_leakage,screened out by combined pHash/dHash and pixel/color metrics; not individually reviewed,299,false
a74e83accc09,d7,train,images/train/d7/d7_0001427_jpg.rf.9946f500580c358c4d367b7838cb20fe_baf0656b7f.jpg,D:\lct\datasets\.build_cache\d7\train\images\0001427_jpg.rf.9946f500580c358c4d367b7838cb20fe.jpg,val,images/val/d7/d7_0004578_jpg.rf.7d1b0d0717ac0979f24c771a8e5e1d05_cd64e97813.jpg,D:\lct\datasets\.build_cache\d7\valid\images\0004578_jpg.rf.7d1b0d0717ac0979f24c771a8e5e1d05.jpg,16,26,,0.8545799255371094,0.11603668332099915,0.42871278524398804,False,,0.720201388001442,visually_not_leakage,screened out by combined pHash/dHash and pixel/color metrics; not individually reviewed,300,false
fd4b3b67d727,d7,train,images/train/d7/d7_0000917_jpg.rf.caab6c76e58f67860a541550fe97cbb5_a68eb8a79d.jpg,D:\lct\datasets\.build_cache\d7\train\images\0000917_jpg.rf.caab6c76e58f67860a541550fe97cbb5.jpg,test,images/test/d7/d7_0000277_jpg.rf.087424a36567747975bca3650ec0526c_1d85713050.jpg,D:\lct\datasets\.build_cache\d7\test\images\0000277_jpg.rf.087424a36567747975bca3650ec0526c.jpg,26,11,,0.8850027322769165,0.09776443988084793,0.42560192942619324,False,,0.7201851323246956,visually_not_leakage,screened out by combined pHash/dHash and pixel/color metrics; not individually reviewed,301,false
6904f1db2581,d7,train,images/train/d7/d7_0005047_jpg.rf.282f5a16a53812702b28d7f59e77543a_5a1c277f9c.jpg,D:\lct\datasets\.build_cache\d7\train\images\0005047_jpg.rf.282f5a16a53812702b28d7f59e77543a.jpg,val,images/val/d7/d7_0001943_jpg.rf.da78c27a8e51ecd0ba66d71013c08535_0ec36e7be3.jpg,D:\lct\datasets\.build_cache\d7\valid\images\0001943_jpg.rf.da78c27a8e51ecd0ba66d71013c08535.jpg,16,28,,0.7758080363273621,0.14408892393112183,0.6688238382339478,False,,0.7200217902660371,visually_not_leakage,screened out by combined pHash/dHash and pixel/color metrics; not individually reviewed,302,false
77cf60ca1dde,d7,train,images/train/d7/d7_0004805_jpg.rf.c55d5cae864bd773b4bdb47e022fa3b4_e9766801cb.jpg,D:\lct\datasets\.build_cache\d7\train\images\0004805_jpg.rf.c55d5cae864bd773b4bdb47e022fa3b4.jpg,test,images/test/d7/d7_0005125_jpg.rf.d23a458bc28d664e7d7a104f65007574_94282211e2.jpg,D:\lct\datasets\.build_cache\d7\test\images\0005125_jpg.rf.d23a458bc28d664e7d7a104f65007574.jpg,16,29,,0.8027523159980774,0.16124387085437775,0.6109411120414734,False,,0.7197733432054519,visually_not_leakage,screened out by combined pHash/dHash and pixel/color metrics; not individually reviewed,303,false
b57d5335c7d9,d7,train,images/train/d7/d7_0001383_jpg.rf.ebf143413fa1dfd0c9cfe41e91b31497_ef378b35e3.jpg,D:\lct\datasets\.build_cache\d7\train\images\0001383_jpg.rf.ebf143413fa1dfd0c9cfe41e91b31497.jpg,val,images/val/d7/d7_0005644_jpg.rf.07412205bb64507f41f5c80081672a1a_957b4f37d7.jpg,D:\lct\datasets\.build_cache\d7\valid\images\0005644_jpg.rf.07412205bb64507f41f5c80081672a1a.jpg,16,22,,0.925874650478363,0.1709166318178177,0.17310698330402374,False,,0.7197534076869488,visually_not_leakage,screened out by combined pHash/dHash and pixel/color metrics; not individually reviewed,304,false
d1922151af03,d7,train,images/train/d7/d7_0000924_jpg.rf.0403aa887ba862399fabd7b21e4b5b25_3640bdca02.jpg,D:\lct\datasets\.build_cache\d7\train\images\0000924_jpg.rf.0403aa887ba862399fabd7b21e4b5b25.jpg,test,images/test/d7/d7_0006423_jpg.rf.7a1503cd1beecc435c05955a5a4afcff_31b392120c.jpg,D:\lct\datasets\.build_cache\d7\test\images\0006423_jpg.rf.7a1503cd1beecc435c05955a5a4afcff.jpg,16,16,,0.6268495321273804,0.14260876178741455,0.8763592839241028,False,,0.7196937054395675,visually_not_leakage,screened out by combined pHash/dHash and pixel/color metrics; not individually reviewed,305,false
c6cb3ed50333,d7,train,images/train/d7/d7_0005633_jpg.rf.a25319eff0ddbdd35c3355b2864c6577_58f14b1fc0.jpg,D:\lct\datasets\.build_cache\d7\train\images\0005633_jpg.rf.a25319eff0ddbdd35c3355b2864c6577.jpg,test,images/test/d7/d7_0001514_jpg.rf.134aaf865265991173b127ba3efa66ec_16337aa350.jpg,D:\lct\datasets\.build_cache\d7\test\images\0001514_jpg.rf.134aaf865265991173b127ba3efa66ec.jpg,16,31,,0.800929844379425,0.12707088887691498,0.6462674140930176,False,,0.7196557998657226,visually_not_leakage,screened out by combined pHash/dHash and pixel/color metrics; not individually reviewed,306,false
9388577c0d4e,d7,train,images/train/d7/d7_0000812_jpg.rf.4d2db8db7e23147f45bbc92154669567_f2a7f125d5.jpg,D:\lct\datasets\.build_cache\d7\train\images\0000812_jpg.rf.4d2db8db7e23147f45bbc92154669567.jpg,val,images/val/d7/d7_0003164_jpg.rf.b71913fc7656eaa5b67aae8710f6963b_5afbdb42aa.jpg,D:\lct\datasets\.build_cache\d7\valid\images\0003164_jpg.rf.b71913fc7656eaa5b67aae8710f6963b.jpg,16,24,,0.8651897311210632,0.12315601855516434,0.36357393860816956,False,,0.7193619832396507,visually_not_leakage,screened out by combined pHash/dHash and pixel/color metrics; not individually reviewed,307,false
ac9d0f0b9436,d7,train,images/train/d7/d7_0001458_jpg.rf.03218076b1316ec6b5c4473cf4760727_9f36fa131c.jpg,D:\lct\datasets\.build_cache\d7\train\images\0001458_jpg.rf.03218076b1316ec6b5c4473cf4760727.jpg,val,images/val/d7/d7_0005389_jpg.rf.ad7b1c3916a393d5e3787a4b0f020c7f_a4a40e1535.jpg,D:\lct\datasets\.build_cache\d7\valid\images\0005389_jpg.rf.ad7b1c3916a393d5e3787a4b0f020c7f.jpg,16,31,,0.8701812624931335,0.13748659193515778,0.45714646577835083,False,,0.718988224864006,visually_not_leakage,screened out by combined pHash/dHash and pixel/color metrics; not individually reviewed,308,false
07919fb0070a,d7,train,images/train/d7/d7_0006431_jpg.rf.9f2c986cb0f03e0dff52a567f8e16cbc_4e926405d4.jpg,D:\lct\datasets\.build_cache\d7\train\images\0006431_jpg.rf.9f2c986cb0f03e0dff52a567f8e16cbc.jpg,test,images/test/d7/d7_0001569_jpg.rf.76a03cc3dc885167dded899d0bf7fa89_adce2a00e9.jpg,D:\lct\datasets\.build_cache\d7\train\images\0001569_jpg.rf.76a03cc3dc885167dded899d0bf7fa89.jpg,14,32,,0.7893807888031006,0.1423943042755127,0.6251497268676758,False,,0.7188997745513916,visually_not_leakage,screened out by combined pHash/dHash and pixel/color metrics; not individually reviewed,309,false
32a7c332e832,d7,train,images/train/d7/d7_0004097_jpg.rf.36b51b99317fe7b013ea5a21eb9e6f16_bda9fa285b.jpg,D:\lct\datasets\.build_cache\d7\train\images\0004097_jpg.rf.36b51b99317fe7b013ea5a21eb9e6f16.jpg,val,images/val/d7/d7_0001138_jpg.rf.458ea3de3b54128a42b232e84c6436e5_d5d4e32dde.jpg,D:\lct\datasets\.build_cache\d7\valid\images\0001138_jpg.rf.458ea3de3b54128a42b232e84c6436e5.jpg,16,27,,0.7300364375114441,0.11768631637096405,0.7675508856773376,False,,0.7188659578561782,visually_not_leakage,screened out by combined pHash/dHash and pixel/color metrics; not individually reviewed,310,false
ae3b3a47b61c,d7,train,images/train/d7/d7_0000924_jpg.rf.0403aa887ba862399fabd7b21e4b5b25_3640bdca02.jpg,D:\lct\datasets\.build_cache\d7\train\images\0000924_jpg.rf.0403aa887ba862399fabd7b21e4b5b25.jpg,val,images/val/d7/d7_0004148_jpg.rf.13716870ab01db729781676a84fd2ec3_e4fd24e882.jpg,D:\lct\datasets\.build_cache\d7\valid\images\0004148_jpg.rf.13716870ab01db729781676a84fd2ec3.jpg,16,21,,0.6200810670852661,0.12729108333587646,0.9645515084266663,False,,0.7184964030981064,visually_not_leakage,screened out by combined pHash/dHash and pixel/color metrics; not individually reviewed,311,false
396605287b60,d7,train,images/train/d7/d7_0002913_jpg.rf.3fb1f4df5891c1bae66ade23ac99d1dd_202696f6ff.jpg,D:\lct\datasets\.build_cache\d7\train\images\0002913_jpg.rf.3fb1f4df5891c1bae66ade23ac99d1dd.jpg,test,images/test/d7/d7_0000214_jpg.rf.fb78e6e91530a34c85c8302f02b08b93_90d8a2885a.jpg,D:\lct\datasets\.build_cache\d7\test\images\0000214_jpg.rf.fb78e6e91530a34c85c8302f02b08b93.jpg,16,25,,0.6530748605728149,0.11760206520557404,0.9343121647834778,False,,0.7177830189466476,visually_not_leakage,screened out by combined pHash/dHash and pixel/color metrics; not individually reviewed,312,false
0dd80366e6ca,d7,train,images/train/d7/d7_0004677_jpg.rf.531a51833afa2e537344dbc373cd9434_8028d905ff.jpg,D:\lct\datasets\.build_cache\d7\train\images\0004677_jpg.rf.531a51833afa2e537344dbc373cd9434.jpg,val,images/val/d7/d7_0001789_jpg.rf.37f1c442db686d9aa630554dcaa21cab_840323ecef.jpg,D:\lct\datasets\.build_cache\d7\valid\images\0001789_jpg.rf.37f1c442db686d9aa630554dcaa21cab.jpg,16,24,,0.7024680376052856,0.12391525506973267,0.7861121892929077,False,,0.7176540434360504,visually_not_leakage,screened out by combined pHash/dHash and pixel/color metrics; not individually reviewed,313,false
3ff58881a4de,d7,train,images/train/d7/d7_0001123_jpg.rf.9f088ec4e9f3786f899f082d647e445f_93b1db9ab0.jpg,D:\lct\datasets\.build_cache\d7\train\images\0001123_jpg.rf.9f088ec4e9f3786f899f082d647e445f.jpg,val,images/val/d7/d7_0003782_jpg.rf.8b1ba4116e0838a4baf1669568140d33_4aafd1e9ec.jpg,D:\lct\datasets\.build_cache\d7\valid\images\0003782_jpg.rf.8b1ba4116e0838a4baf1669568140d33.jpg,16,30,,0.7257210612297058,0.14642980694770813,0.8155291080474854,False,,0.7173052906990052,visually_not_leakage,screened out by combined pHash/dHash and pixel/color metrics; not individually reviewed,314,false
6cb749ccc1ca,d7,train,images/train/d7/d7_0006088_jpg.rf.c02ae551042a40430663e87db3e8b0fb_597fc1a2cd.jpg,D:\lct\datasets\.build_cache\d7\train\images\0006088_jpg.rf.c02ae551042a40430663e87db3e8b0fb.jpg,val,images/val/d7/d7_0002395_jpg.rf.748e9d2f9f158c9b90716bdf99ad6e0d_6af527cb89.jpg,D:\lct\datasets\.build_cache\d7\valid\images\0002395_jpg.rf.748e9d2f9f158c9b90716bdf99ad6e0d.jpg,26,12,,0.9045014977455139,0.10445006191730499,0.36833491921424866,False,,0.717050836980343,visually_not_leakage,screened out by combined pHash/dHash and pixel/color metrics; not individually reviewed,315,false
1bf7dd97bf0f,d7,train,images/train/d7/d7_0000967_jpg.rf.bfdc50193363ef72143acf41778d5ba7_b3ce291c04.jpg,D:\lct\datasets\.build_cache\d7\train\images\0000967_jpg.rf.bfdc50193363ef72143acf41778d5ba7.jpg,test,images/test/d7/d7_0006423_jpg.rf.7a1503cd1beecc435c05955a5a4afcff_31b392120c.jpg,D:\lct\datasets\.build_cache\d7\test\images\0006423_jpg.rf.7a1503cd1beecc435c05955a5a4afcff.jpg,16,20,,0.6425272226333618,0.13949047029018402,0.8791800737380981,False,,0.7170129001140594,visually_not_leakage,screened out by combined pHash/dHash and pixel/color metrics; not individually reviewed,316,false
19ac12ee4ec1,d7,train,images/train/d7/d7_0002596_jpg.rf.2120ff2a6dc8069e262019d60222ba0c_c6dcf651c9.jpg,D:\lct\datasets\.build_cache\d7\train\images\0002596_jpg.rf.2120ff2a6dc8069e262019d60222ba0c.jpg,test,images/test/d7/d7_0001982_jpg.rf.73c55136727b0c7bc89cb6befce33538_c99e2ef104.jpg,D:\lct\datasets\.build_cache\d7\test\images\0001982_jpg.rf.73c55136727b0c7bc89cb6befce33538.jpg,16,24,,0.731320858001709,0.11970263719558716,0.704709529876709,False,,0.71698477268219,visually_not_leakage,screened out by combined pHash/dHash and pixel/color metrics; not individually reviewed,317,false
a5a838df91fc,d7,val,images/val/d7/d7_0003291_jpg.rf.847d28b669d4ec00c4bc53c28afb4d80_0f108aea86.jpg,D:\lct\datasets\.build_cache\d7\valid\images\0003291_jpg.rf.847d28b669d4ec00c4bc53c28afb4d80.jpg,test,images/test/d7/d7_0006294_jpg.rf.9c08c77e87033e81033c7bf9508225ae_fe77e4dbf0.jpg,D:\lct\datasets\.build_cache\d7\test\images\0006294_jpg.rf.9c08c77e87033e81033c7bf9508225ae.jpg,16,24,,0.7165359854698181,0.1451018750667572,0.7416454553604126,False,,0.7166112124919891,visually_not_leakage,screened out by combined pHash/dHash and pixel/color metrics; not individually reviewed,318,false
7aef4c3cf3d5,d7,train,images/train/d7/d7_0005733_jpg.rf.d06fba22fb6ff23ac49b6015f82eb3a6_8a01d4e705.jpg,D:\lct\datasets\.build_cache\d7\train\images\0005733_jpg.rf.d06fba22fb6ff23ac49b6015f82eb3a6.jpg,test,images/test/d7/d7_0001402_jpg.rf.b3a71c10c8ddd2478770d35eade3470a_f7ed65755b.jpg,D:\lct\datasets\.build_cache\d7\test\images\0001402_jpg.rf.b3a71c10c8ddd2478770d35eade3470a.jpg,16,29,,0.782614529132843,0.13247454166412354,0.6344413757324219,False,,0.7152432680130005,visually_not_leakage,screened out by combined pHash/dHash and pixel/color metrics; not individually reviewed,319,false
07b301ec2588,d7,train,images/train/d7/d7_0006211_jpg.rf.0e68dd80c9f6658e63e84678f6b27a8a_e0ca678ec9.jpg,D:\lct\datasets\.build_cache\d7\train\images\0006211_jpg.rf.0e68dd80c9f6658e63e84678f6b27a8a.jpg,val,images/val/d7/d7_0006223_jpg.rf.e794dd8f8b9aca20a2a80a1114112f9b_4012ab5e3d.jpg,D:\lct\datasets\.build_cache\d7\valid\images\0006223_jpg.rf.e794dd8f8b9aca20a2a80a1114112f9b.jpg,16,23,,0.8452949523925781,0.14964863657951355,0.3696386516094208,False,,0.7146575286984443,visually_not_leakage,screened out by combined pHash/dHash and pixel/color metrics; not individually reviewed,320,false
03bdbdb383d6,d7,val,images/val/d7/d7_0001174_jpg.rf.8109de2786ec8998b410e21127953b04_b308fdd83b.jpg,D:\lct\datasets\.build_cache\d7\valid\images\0001174_jpg.rf.8109de2786ec8998b410e21127953b04.jpg,test,images/test/d7/d7_0005382_jpg.rf.b9c13b9e59c8391a518f88040cdc1f40_06b2be75f4.jpg,D:\lct\datasets\.build_cache\d7\test\images\0005382_jpg.rf.b9c13b9e59c8391a518f88040cdc1f40.jpg,16,19,,0.7364769577980042,0.13549326360225677,0.5971869230270386,False,,0.7146375715732575,visually_not_leakage,screened out by combined pHash/dHash and pixel/color metrics; not individually reviewed,321,false
793c393ff03b,d7,val,images/val/d7/d7_0000997_jpg.rf.eb06176696bf5262ee6e0a1b7ec39b18_69392e1461.jpg,D:\lct\datasets\.build_cache\d7\valid\images\0000997_jpg.rf.eb06176696bf5262ee6e0a1b7ec39b18.jpg,test,images/test/d7/d7_0001367_jpg.rf.57a356adbff0415ed503f9d881726ed9_88301b8a7d.jpg,D:\lct\datasets\.build_cache\d7\test\images\0001367_jpg.rf.57a356adbff0415ed503f9d881726ed9.jpg,14,33,,0.8479871153831482,0.1471947729587555,0.45504245162010193,False,,0.7144824638962746,visually_not_leakage,screened out by combined pHash/dHash and pixel/color metrics; not individually reviewed,322,false
71284b018870,d7,train,images/train/d7/d7_0001390_jpg.rf.c7da688af823d066631f853cd277e93f_4cd25cabc7.jpg,D:\lct\datasets\.build_cache\d7\train\images\0001390_jpg.rf.c7da688af823d066631f853cd277e93f.jpg,val,images/val/d7/d7_0004689_jpg.rf.aa2cb9c9978623b2fdde36d22593f741_b4341a64c0.jpg,D:\lct\datasets\.build_cache\d7\valid\images\0004689_jpg.rf.aa2cb9c9978623b2fdde36d22593f741.jpg,16,20,,0.870537281036377,0.16651251912117004,0.2527256906032562,False,,0.7142487660050393,visually_not_leakage,screened out by combined pHash/dHash and pixel/color metrics; not individually reviewed,323,false
19c86bf53827,d7,train,images/train/d7/d7_0006431_jpg.rf.9f2c986cb0f03e0dff52a567f8e16cbc_4e926405d4.jpg,D:\lct\datasets\.build_cache\d7\train\images\0006431_jpg.rf.9f2c986cb0f03e0dff52a567f8e16cbc.jpg,test,images/test/d7/d7_0006202_jpg.rf.e0742e8ac85c5781714488e4cb044b3e_7ae9cbfd4c.jpg,D:\lct\datasets\.build_cache\d7\test\images\0006202_jpg.rf.e0742e8ac85c5781714488e4cb044b3e.jpg,14,34,,0.7893232107162476,0.14362075924873352,0.6248567700386047,False,,0.7141452997922898,visually_not_leakage,screened out by combined pHash/dHash and pixel/color metrics; not individually reviewed,324,false
09d693d9b895,d7,train,images/train/d7/d7_0003678_jpg.rf.a3fb36683ea2ca8d9bc7f0af95d27bee_c7910e88be.jpg,D:\lct\datasets\.build_cache\d7\train\images\0003678_jpg.rf.a3fb36683ea2ca8d9bc7f0af95d27bee.jpg,val,images/val/d7/d7_0005370_jpg.rf.1ac17e4189d3611e48931e4c328edae6_36b1cb098d.jpg,D:\lct\datasets\.build_cache\d7\valid\images\0005370_jpg.rf.1ac17e4189d3611e48931e4c328edae6.jpg,16,30,,0.7664690017700195,0.17661133408546448,0.6855784058570862,False,,0.7141118615865708,visually_not_leakage,screened out by combined pHash/dHash and pixel/color metrics; not individually reviewed,325,false
e6f5affe6f0f,d7,train,images/train/d7/d7_0002589_jpg.rf.b6653a5814ac69c4e91df57b07a9024f_f2b9fe05e8.jpg,D:\lct\datasets\.build_cache\d7\train\images\0002589_jpg.rf.b6653a5814ac69c4e91df57b07a9024f.jpg,val,images/val/d7/d7_0000539_jpg.rf.347ec0d05f8bf9e265f58c55bb4c6dfb_20ec00705d.jpg,D:\lct\datasets\.build_cache\d7\valid\images\0000539_jpg.rf.347ec0d05f8bf9e265f58c55bb4c6dfb.jpg,16,25,,0.6920592784881592,0.12790480256080627,0.8028677701950073,False,,0.7136601269245147,visually_not_leakage,screened out by combined pHash/dHash and pixel/color metrics; not individually reviewed,326,false
3b904567bd85,d7,train,images/train/d7/d7_0004427_jpg.rf.7242640c0a2b68076b3f6e12ffdbed05_0d58ca32ac.jpg,D:\lct\datasets\.build_cache\d7\train\images\0004427_jpg.rf.7242640c0a2b68076b3f6e12ffdbed05.jpg,test,images/test/d7/d7_0003481_jpg.rf.b997061633ff37a63ce5a58a3c3784fd_1245201708.jpg,D:\lct\datasets\.build_cache\d7\test\images\0003481_jpg.rf.b997061633ff37a63ce5a58a3c3784fd.jpg,14,26,,0.7096499800682068,0.1400132179260254,0.7075528502464294,False,,0.7134304195642471,visually_not_leakage,screened out by combined pHash/dHash and pixel/color metrics; not individually reviewed,327,false
790046246113,d7,train,images/train/d7/d7_0003880_jpg.rf.c508880fc5cc9b2699843ddabec5d34d_66cebaa5ce.jpg,D:\lct\datasets\.build_cache\d7\train\images\0003880_jpg.rf.c508880fc5cc9b2699843ddabec5d34d.jpg,val,images/val/d7/d7_0005106_jpg.rf.6a7cc79667838901eb283a9981bdb432_d65a858e7c.jpg,D:\lct\datasets\.build_cache\d7\valid\images\0005106_jpg.rf.6a7cc79667838901eb283a9981bdb432.jpg,16,24,,0.7499347925186157,0.16737323999404907,0.6306375861167908,False,,0.7133195549249649,visually_not_leakage,screened out by combined pHash/dHash and pixel/color metrics; not individually reviewed,328,false
290635ee938a,d7,train,images/train/d7/d7_0001523_jpg.rf.0b6a9fca57bb3fbbba181101134c51bc_ada03cc8dc.jpg,D:\lct\datasets\.build_cache\d7\train\images\0001523_jpg.rf.0b6a9fca57bb3fbbba181101134c51bc.jpg,test,images/test/d7/d7_0003481_jpg.rf.b997061633ff37a63ce5a58a3c3784fd_1245201708.jpg,D:\lct\datasets\.build_cache\d7\test\images\0003481_jpg.rf.b997061633ff37a63ce5a58a3c3784fd.jpg,16,31,,0.7016186118125916,0.1272403597831726,0.8685710430145264,False,,0.7132768511772155,visually_not_leakage,screened out by combined pHash/dHash and pixel/color metrics; not individually reviewed,329,false
75e98658ad0b,d7,train,images/train/d7/d7_0002297_jpg.rf.8ce6b0f89b0cfb7dc6c51d7d6c92e404_036fc1b3ee.jpg,D:\lct\datasets\.build_cache\d7\train\images\0002297_jpg.rf.8ce6b0f89b0cfb7dc6c51d7d6c92e404.jpg,val,images/val/d7/d7_0000803_jpg.rf.39ba0b1f8f0753f649da4aab4ece5f02_c898d3d559.jpg,D:\lct\datasets\.build_cache\d7\valid\images\0000803_jpg.rf.39ba0b1f8f0753f649da4aab4ece5f02.jpg,16,32,,0.7665050625801086,0.09872280806303024,0.7092790603637695,False,,0.7129938840866088,visually_not_leakage,screened out by combined pHash/dHash and pixel/color metrics; not individually reviewed,330,false
9cc4a12bcbb6,d7,val,images/val/d7/d7_0002395_jpg.rf.748e9d2f9f158c9b90716bdf99ad6e0d_6af527cb89.jpg,D:\lct\datasets\.build_cache\d7\valid\images\0002395_jpg.rf.748e9d2f9f158c9b90716bdf99ad6e0d.jpg,test,images/test/d7/d7_0006478_jpg.rf.b2d1e6b7caf23b65876e719c752b6c07_6e16a6f758.jpg,D:\lct\datasets\.build_cache\d7\train\images\0006478_jpg.rf.b2d1e6b7caf23b65876e719c752b6c07.jpg,16,19,,0.7311522364616394,0.1431889533996582,0.5991977453231812,False,,0.7128093063831329,visually_not_leakage,screened out by combined pHash/dHash and pixel/color metrics; not individually reviewed,331,false
f43a66a9a7e5,d7,train,images/train/d7/d7_0004945_jpg.rf.9fee8b7e77b31359fe53636e8095388f_d046088d26.jpg,D:\lct\datasets\.build_cache\d7\train\images\0004945_jpg.rf.9fee8b7e77b31359fe53636e8095388f.jpg,val,images/val/d7/d7_0002123_jpg.rf.99a1b8aa0e7d6b2636761787f9451a12_cf4c5f4cf8.jpg,D:\lct\datasets\.build_cache\d7\valid\images\0002123_jpg.rf.99a1b8aa0e7d6b2636761787f9451a12.jpg,16,22,,0.702033519744873,0.12752565741539001,0.7218756079673767,False,,0.7125322490930557,visually_not_leakage,screened out by combined pHash/dHash and pixel/color metrics; not individually reviewed,332,false
9cce12e622fb,d7,train,images/train/d7/d7_0005002_jpg.rf.e7b002a8d6c24542877a63042962d2d5_ad8b3f54a5.jpg,D:\lct\datasets\.build_cache\d7\train\images\0005002_jpg.rf.e7b002a8d6c24542877a63042962d2d5.jpg,val,images/val/d7/d7_0004171_jpg.rf.b0d3280e37f1a6ba686de2a127a955ea_399670bb0d.jpg,D:\lct\datasets\.build_cache\d7\valid\images\0004171_jpg.rf.b0d3280e37f1a6ba686de2a127a955ea.jpg,16,29,,0.810317873954773,0.15290383994579315,0.5416766405105591,False,,0.7124098956584931,visually_not_leakage,screened out by combined pHash/dHash and pixel/color metrics; not individually reviewed,333,false
3a124495e7ae,d7,train,images/train/d7/d7_0001009_jpg.rf.c9f7576b1bf60d72de9bb3725a677a2b_9251717d78.jpg,D:\lct\datasets\.build_cache\d7\train\images\0001009_jpg.rf.c9f7576b1bf60d72de9bb3725a677a2b.jpg,test,images/test/d7/d7_0001137_jpg.rf.c66f27991740a823aa5cd3bbb32165fe_5ff646c267.jpg,D:\lct\datasets\.build_cache\d7\test\images\0001137_jpg.rf.c66f27991740a823aa5cd3bbb32165fe.jpg,16,31,,0.8589094281196594,0.1413985937833786,0.4420515298843384,False,,0.7122152507305145,visually_not_leakage,screened out by combined pHash/dHash and pixel/color metrics; not individually reviewed,334,false
72a529bd5ec1,d7,train,images/train/d7/d7_0005297_jpg.rf.553c0e57ec36494dd707e522a3fc80df_c990324af6.jpg,D:\lct\datasets\.build_cache\d7\train\images\0005297_jpg.rf.553c0e57ec36494dd707e522a3fc80df.jpg,val,images/val/d7/d7_0002161_jpg.rf.ccfa48c55435a1e2732f46116ba3391c_4968a5bac2.jpg,D:\lct\datasets\.build_cache\d7\valid\images\0002161_jpg.rf.ccfa48c55435a1e2732f46116ba3391c.jpg,14,20,,0.8358408212661743,0.18510359525680542,0.2691686153411865,False,,0.7122116208076478,visually_not_leakage,screened out by combined pHash/dHash and pixel/color metrics; not individually reviewed,335,false
12fbdaaaf6e6,d7,train,images/train/d7/d7_0000377_jpg.rf.8b072bc565b04b0e1b3938d1295cd19c_44f78cd865.jpg,D:\lct\datasets\.build_cache\d7\train\images\0000377_jpg.rf.8b072bc565b04b0e1b3938d1295cd19c.jpg,test,images/test/d7/d7_0005966_jpg.rf.4412d444aabf9ef57e1f333099909b7c_0b7820b8e3.jpg,D:\lct\datasets\.build_cache\d7\test\images\0005966_jpg.rf.4412d444aabf9ef57e1f333099909b7c.jpg,26,11,,0.7385734915733337,0.1488855630159378,0.7605339884757996,False,,0.7118532449007033,visually_not_leakage,screened out by combined pHash/dHash and pixel/color metrics; not individually reviewed,336,false
dba05c4dfd47,d7,train,images/train/d7/d7_0000358_jpg.rf.430049208a1db3a043a94c235f89063b_395b3d2daa.jpg,D:\lct\datasets\.build_cache\d7\train\images\0000358_jpg.rf.430049208a1db3a043a94c235f89063b.jpg,val,images/val/d7/d7_0002294_jpg.rf.caf56334aa30e31a6ac616ae03686484_2a11e8bc84.jpg,D:\lct\datasets\.build_cache\d7\valid\images\0002294_jpg.rf.caf56334aa30e31a6ac616ae03686484.jpg,14,30,,0.7980406880378723,0.13113607466220856,0.522992730140686,False,,0.7117276847362519,visually_not_leakage,screened out by combined pHash/dHash and pixel/color metrics; not individually reviewed,337,false
22a430a784ee,d7,train,images/train/d7/d7_0000546_jpg.rf.db2f86098f9d056fd0da5d09641a0449_aa1192d6e6.jpg,D:\lct\datasets\.build_cache\d7\train\images\0000546_jpg.rf.db2f86098f9d056fd0da5d09641a0449.jpg,test,images/test/d7/d7_0004595_jpg.rf.0d883eb8892424d1ed8abe7eef02e48b_327ff4c5ed.jpg,D:\lct\datasets\.build_cache\d7\test\images\0004595_jpg.rf.0d883eb8892424d1ed8abe7eef02e48b.jpg,16,34,,0.7042949199676514,0.13664695620536804,0.8978165984153748,False,,0.7117029577493668,visually_not_leakage,screened out by combined pHash/dHash and pixel/color metrics; not individually reviewed,338,false
5b399f37ef81,d7,train,images/train/d7/d7_0005417_jpg.rf.6493acf198cd44065526596ccc3fe6a3_2360213eff.jpg,D:\lct\datasets\.build_cache\d7\train\images\0005417_jpg.rf.6493acf198cd44065526596ccc3fe6a3.jpg,val,images/val/d7/d7_0005436_jpg.rf.b7443042924def229df831ebbdbc2eeb_a4b04b6390.jpg,D:\lct\datasets\.build_cache\d7\valid\images\0005436_jpg.rf.b7443042924def229df831ebbdbc2eeb.jpg,16,14,,0.5509544014930725,0.09327703714370728,0.9932225942611694,False,,0.7115526497364044,visually_not_leakage,screened out by combined pHash/dHash and pixel/color metrics; not individually reviewed,339,false
0e993cfd8f3b,d7,train,images/train/d7/d7_0004197_jpg.rf.c7e0c57f567f952bbadbe4dc7ab406aa_7195547200.jpg,D:\lct\datasets\.build_cache\d7\train\images\0004197_jpg.rf.c7e0c57f567f952bbadbe4dc7ab406aa.jpg,test,images/test/d7/d7_0000564_jpg.rf.b004fb7b1bb03356f6151ba74fd663dd_b7cf72e62a.jpg,D:\lct\datasets\.build_cache\d7\test\images\0000564_jpg.rf.b004fb7b1bb03356f6151ba74fd663dd.jpg,16,28,,0.67608243227005,0.1208093985915184,0.8741738200187683,False,,0.7109340459108352,visually_not_leakage,screened out by combined pHash/dHash and pixel/color metrics; not individually reviewed,340,false
c0b5b0eb19f2,d7,train,images/train/d7/d7_0005540_jpg.rf.f81d44b602ed10f0daa215c270d2926f_aa2cbcffea.jpg,D:\lct\datasets\.build_cache\d7\train\images\0005540_jpg.rf.f81d44b602ed10f0daa215c270d2926f.jpg,val,images/val/d7/d7_0002164_jpg.rf.409b3ad011eabc830ed5d9fd74cf9e01_673c97fb26.jpg,D:\lct\datasets\.build_cache\d7\valid\images\0002164_jpg.rf.409b3ad011eabc830ed5d9fd74cf9e01.jpg,16,21,,0.6074682474136353,0.13788680732250214,0.9442349672317505,False,,0.7104037940502167,visually_not_leakage,screened out by combined pHash/dHash and pixel/color metrics; not individually reviewed,341,false
135092f503a5,d7,train,images/train/d7/d7_0004493_jpg.rf.2b7b09fb59d3bf2b7f8a7ec140f3fad9_df5745450f.jpg,D:\lct\datasets\.build_cache\d7\train\images\0004493_jpg.rf.2b7b09fb59d3bf2b7f8a7ec140f3fad9.jpg,test,images/test/d7/d7_0003271_jpg.rf.1aa8c79bb58980e656b768148a32efbf_771c1b52cc.jpg,D:\lct\datasets\.build_cache\d7\test\images\0003271_jpg.rf.1aa8c79bb58980e656b768148a32efbf.jpg,16,30,,0.7583146095275879,0.11113473027944565,0.6823408007621765,False,,0.7103644639253616,visually_not_leakage,screened out by combined pHash/dHash and pixel/color metrics; not individually reviewed,342,false
29a20a072a61,d7,train,images/train/d7/d7_0001461_jpg.rf.b76deef97a88bf3635c2e0254d5cd79e_e9508bb129.jpg,D:\lct\datasets\.build_cache\d7\train\images\0001461_jpg.rf.b76deef97a88bf3635c2e0254d5cd79e.jpg,test,images/test/d7/d7_0005183_jpg.rf.3cd60e851e7116fd92fdde2eeeaf3486_8c1347e700.jpg,D:\lct\datasets\.build_cache\d7\test\images\0005183_jpg.rf.3cd60e851e7116fd92fdde2eeeaf3486.jpg,16,28,,0.6837529540061951,0.1531996726989746,0.8489525318145752,False,,0.7102190613746643,visually_not_leakage,screened out by combined pHash/dHash and pixel/color metrics; not individually reviewed,343,false
50cd6838fd48,d7,val,images/val/d7/d7_0003007_jpg.rf.a0b337335043b2afd46e9040659a68ef_ea946ecb8c.jpg,D:\lct\datasets\.build_cache\d7\valid\images\0003007_jpg.rf.a0b337335043b2afd46e9040659a68ef.jpg,test,images/test/d7/d7_0005950_jpg.rf.a2120193275ec63a63dded863f1cc7e0_a791e98c29.jpg,D:\lct\datasets\.build_cache\d7\test\images\0005950_jpg.rf.a2120193275ec63a63dded863f1cc7e0.jpg,14,11,,0.5187612771987915,0.10887235403060913,0.9606725573539734,False,,0.7101991444826127,visually_not_leakage,screened out by combined pHash/dHash and pixel/color metrics; not individually reviewed,344,false
8b80b08c7bee,d7,train,images/train/d7/d7_0004548_jpg.rf.a9619556f3f746971ada2963c533efb1_4808a444d4.jpg,D:\lct\datasets\.build_cache\d7\train\images\0004548_jpg.rf.a9619556f3f746971ada2963c533efb1.jpg,val,images/val/d7/d7_0004549_jpg.rf.c74a1eadb841743fe841f970460e0b8b_d8407e4f5e.jpg,D:\lct\datasets\.build_cache\d7\valid\images\0004549_jpg.rf.c74a1eadb841743fe841f970460e0b8b.jpg,16,33,,0.749991774559021,0.12421874701976776,0.7498166561126709,False,,0.7101254582405091,visually_not_leakage,screened out by combined pHash/dHash and pixel/color metrics; not individually reviewed,345,false
8220fe8779b8,d7,train,images/train/d7/d7_0003108_jpg.rf.74800b264dd46b206db4491c76e01a7e_62f363a97a.jpg,D:\lct\datasets\.build_cache\d7\train\images\0003108_jpg.rf.74800b264dd46b206db4491c76e01a7e.jpg,val,images/val/d7/d7_0006472_jpg.rf.d7a1fab085c2abf128082a6eaf09f953_bfaf9f7af3.jpg,D:\lct\datasets\.build_cache\d7\valid\images\0006472_jpg.rf.d7a1fab085c2abf128082a6eaf09f953.jpg,16,24,,0.7271886467933655,0.12936484813690186,0.668789267539978,False,,0.7099438488483429,visually_not_leakage,screened out by combined pHash/dHash and pixel/color metrics; not individually reviewed,346,false
ea9281aaebe9,d7,train,images/train/d7/d7_0004183_jpg.rf.0f815fe1c5c6ad73dd90a4a254bbfbfb_61e20452f9.jpg,D:\lct\datasets\.build_cache\d7\train\images\0004183_jpg.rf.0f815fe1c5c6ad73dd90a4a254bbfbfb.jpg,test,images/test/d7/d7_0004311_jpg.rf.2d179d1177aa3315ca2164fcd02fddfa_55f5124ae4.jpg,D:\lct\datasets\.build_cache\d7\test\images\0004311_jpg.rf.2d179d1177aa3315ca2164fcd02fddfa.jpg,16,32,,0.817469596862793,0.1282561719417572,0.5530173778533936,False,,0.7099404454231263,visually_not_leakage,screened out by combined pHash/dHash and pixel/color metrics; not individually reviewed,347,false
e892a269c9d1,d7,train,images/train/d7/d7_0000140_jpg.rf.a36251f0851a1d53b004c5e483f01591_d25cf9066f.jpg,D:\lct\datasets\.build_cache\d7\train\images\0000140_jpg.rf.a36251f0851a1d53b004c5e483f01591.jpg,test,images/test/d7/d7_0003489_jpg.rf.992174296037b70cdfa674d5382d2e62_27aabf3167.jpg,D:\lct\datasets\.build_cache\d7\test\images\0003489_jpg.rf.992174296037b70cdfa674d5382d2e62.jpg,16,25,,0.7497988343238831,0.1617235392332077,0.6230146884918213,False,,0.7097779870033265,visually_not_leakage,screened out by combined pHash/dHash and pixel/color metrics; not individually reviewed,348,false
e47222f2d8d2,d7,train,images/train/d7/d7_0002056_jpg.rf.7250dfc49001da253dab50f73b0f8a15_8309ecfe3c.jpg,D:\lct\datasets\.build_cache\d7\train\images\0002056_jpg.rf.7250dfc49001da253dab50f73b0f8a15.jpg,val,images/val/d7/d7_0002123_jpg.rf.99a1b8aa0e7d6b2636761787f9451a12_cf4c5f4cf8.jpg,D:\lct\datasets\.build_cache\d7\valid\images\0002123_jpg.rf.99a1b8aa0e7d6b2636761787f9451a12.jpg,12,27,,0.800785481929779,0.16440333425998688,0.39281290769577026,False,,0.7097048789262772,visually_not_leakage,screened out by combined pHash/dHash and pixel/color metrics; not individually reviewed,349,false
f54cca0eb3b0,d7,train,images/train/d7/d7_0005721_jpg.rf.be5a4dfe9fc2b982f6a1fffea7a23bbd_f561c9334b.jpg,D:\lct\datasets\.build_cache\d7\train\images\0005721_jpg.rf.be5a4dfe9fc2b982f6a1fffea7a23bbd.jpg,val,images/val/d7/d7_0002310_jpg.rf.4bfa8b3a61e45fb35a8dc5624f2790e1_dde7483096.jpg,D:\lct\datasets\.build_cache\d7\valid\images\0002310_jpg.rf.4bfa8b3a61e45fb35a8dc5624f2790e1.jpg,16,34,,0.7108612656593323,0.11458908021450043,0.8669800758361816,False,,0.7097040176391602,visually_not_leakage,screened out by combined pHash/dHash and pixel/color metrics; not individually reviewed,350,false
ef700de19fec,d7,train,images/train/d7/d7_0000920_jpg.rf.8a687e670e448d22089567793363653c_314b687c68.jpg,D:\lct\datasets\.build_cache\d7\train\images\0000920_jpg.rf.8a687e670e448d22089567793363653c.jpg,val,images/val/d7/d7_0006087_jpg.rf.e8691d741dc3d570a335f717d6fe1a85_eaca3c7952.jpg,D:\lct\datasets\.build_cache\d7\valid\images\0006087_jpg.rf.e8691d741dc3d570a335f717d6fe1a85.jpg,16,32,,0.7076808214187622,0.10112304985523224,0.8441187739372253,False,,0.7096901446580887,visually_not_leakage,screened out by combined pHash/dHash and pixel/color metrics; not individually reviewed,351,false
4b0799ea71e9,d7,train,images/train/d7/d7_0004567_jpg.rf.a821e3798ccf76934ceb7f2fb0ea32fc_a5c949a307.jpg,D:\lct\datasets\.build_cache\d7\train\images\0004567_jpg.rf.a821e3798ccf76934ceb7f2fb0ea32fc.jpg,val,images/val/d7/d7_0001258_jpg.rf.921f6691999b86b6c08698e469215d5a_bb86349390.jpg,D:\lct\datasets\.build_cache\d7\valid\images\0001258_jpg.rf.921f6691999b86b6c08698e469215d5a.jpg,16,24,,0.6826590299606323,0.11445025354623795,0.7855526208877563,False,,0.7096465051174164,visually_not_leakage,screened out by combined pHash/dHash and pixel/color metrics; not individually reviewed,352,false
7260be70faee,d7,train,images/train/d7/d7_0003585_jpg.rf.97f703ff8560f53cae7bf0ecf93710af_505591452a.jpg,D:\lct\datasets\.build_cache\d7\train\images\0003585_jpg.rf.97f703ff8560f53cae7bf0ecf93710af.jpg,test,images/test/d7/d7_0001072_jpg.rf.e91665283c8cf3bda70e2f09a7c8ceab_7ca33e9827.jpg,D:\lct\datasets\.build_cache\d7\test\images\0001072_jpg.rf.e91665283c8cf3bda70e2f09a7c8ceab.jpg,16,29,,0.7533721327781677,0.13051854074001312,0.6745065450668335,False,,0.7095560848712922,visually_not_leakage,screened out by combined pHash/dHash and pixel/color metrics; not individually reviewed,353,false
2eccdd66d0d3,d7,train,images/train/d7/d7_0000609_jpg.rf.0eb8d9715370066e6bf962a32dcf82c0_16e1864ded.jpg,D:\lct\datasets\.build_cache\d7\train\images\0000609_jpg.rf.0eb8d9715370066e6bf962a32dcf82c0.jpg,test,images/test/d7/d7_0006202_jpg.rf.e0742e8ac85c5781714488e4cb044b3e_7ae9cbfd4c.jpg,D:\lct\datasets\.build_cache\d7\test\images\0006202_jpg.rf.e0742e8ac85c5781714488e4cb044b3e.jpg,16,31,,0.7855886816978455,0.14027650654315948,0.6130818128585815,False,,0.7085414946079255,visually_not_leakage,screened out by combined pHash/dHash and pixel/color metrics; not individually reviewed,354,false
2aa821f86ccf,d7,train,images/train/d7/d7_0000924_jpg.rf.0403aa887ba862399fabd7b21e4b5b25_3640bdca02.jpg,D:\lct\datasets\.build_cache\d7\train\images\0000924_jpg.rf.0403aa887ba862399fabd7b21e4b5b25.jpg,val,images/val/d7/d7_0003120_jpg.rf.d66762259d293606816763fbfbe0a890_8b2f9a7f46.jpg,D:\lct\datasets\.build_cache\d7\valid\images\0003120_jpg.rf.d66762259d293606816763fbfbe0a890.jpg,12,21,,0.5540108680725098,0.1377556324005127,0.9491782784461975,False,,0.7085123389959335,visually_not_leakage,screened out by combined pHash/dHash and pixel/color metrics; not individually reviewed,355,false
a74156577bf8,d7,train,images/train/d7/d7_0005522_jpg.rf.cadf05b5a8f1b9e24a0d504f48aec050_f6387696ce.jpg,D:\lct\datasets\.build_cache\d7\valid\images\0005522_jpg.rf.cadf05b5a8f1b9e24a0d504f48aec050.jpg,val,images/val/d7/d7_0004148_jpg.rf.13716870ab01db729781676a84fd2ec3_e4fd24e882.jpg,D:\lct\datasets\.build_cache\d7\valid\images\0004148_jpg.rf.13716870ab01db729781676a84fd2ec3.jpg,16,23,,0.6028257012367249,0.12973441183567047,0.972481369972229,False,,0.7080962359905243,visually_not_leakage,screened out by combined pHash/dHash and pixel/color metrics; not individually reviewed,356,false
e4f42a55e1a6,d7,train,images/train/d7/d7_0004987_jpg.rf.0d69cc274774ab0e15c5839cbc624bc8_0eb487da98.jpg,D:\lct\datasets\.build_cache\d7\train\images\0004987_jpg.rf.0d69cc274774ab0e15c5839cbc624bc8.jpg,val,images/val/d7/d7_0006102_jpg.rf.c2b790f3dfb1ac62e6e226b170687634_03b1d932eb.jpg,D:\lct\datasets\.build_cache\d7\valid\images\0006102_jpg.rf.c2b790f3dfb1ac62e6e226b170687634.jpg,16,30,,0.748049795627594,0.1366402506828308,0.6936852335929871,False,,0.7079602032899857,visually_not_leakage,screened out by combined pHash/dHash and pixel/color metrics; not individually reviewed,357,false
e111c2cb6558,d7,train,images/train/d7/d7_0004301_jpg.rf.4883d5c9d14130d99fe5cd42744c4129_65c6e3e104.jpg,D:\lct\datasets\.build_cache\d7\train\images\0004301_jpg.rf.4883d5c9d14130d99fe5cd42744c4129.jpg,val,images/val/d7/d7_0002294_jpg.rf.caf56334aa30e31a6ac616ae03686484_2a11e8bc84.jpg,D:\lct\datasets\.build_cache\d7\valid\images\0002294_jpg.rf.caf56334aa30e31a6ac616ae03686484.jpg,16,30,,0.7240180373191833,0.14598460495471954,0.7574315667152405,False,,0.7079094499349594,visually_not_leakage,screened out by combined pHash/dHash and pixel/color metrics; not individually reviewed,358,false
2ff4e91fc233,d7,train,images/train/d7/d7_0005998_jpg.rf.b46a6074c73ee3a459585098e2848f47_5809578c5f.jpg,D:\lct\datasets\.build_cache\d7\train\images\0005998_jpg.rf.b46a6074c73ee3a459585098e2848f47.jpg,val,images/val/d7/d7_0000504_jpg.rf.4e49b194ecd5b87044c19acec6c7d956_8c810dbf98.jpg,D:\lct\datasets\.build_cache\d7\valid\images\0000504_jpg.rf.4e49b194ecd5b87044c19acec6c7d956.jpg,16,28,,0.8128195405006409,0.13648419082164764,0.4892844557762146,False,,0.7078954845666886,visually_not_leakage,screened out by combined pHash/dHash and pixel/color metrics; not individually reviewed,359,false
12800849f7bb,d7,train,images/train/d7/d7_0001427_jpg.rf.9946f500580c358c4d367b7838cb20fe_baf0656b7f.jpg,D:\lct\datasets\.build_cache\d7\train\images\0001427_jpg.rf.9946f500580c358c4d367b7838cb20fe.jpg,val,images/val/d7/d7_0005185_jpg.rf.31eb28e10c2ece7ebdeccce5ac2a3be5_c4056609a4.jpg,D:\lct\datasets\.build_cache\d7\valid\images\0005185_jpg.rf.31eb28e10c2ece7ebdeccce5ac2a3be5.jpg,16,27,,0.789400041103363,0.13012120127677917,0.5341065526008606,False,,0.7075947493314744,visually_not_leakage,screened out by combined pHash/dHash and pixel/color metrics; not individually reviewed,360,false
4db61d964666,d7,train,images/train/d7/d7_0005803_jpg.rf.5419480631c4a2583d7abbc2fa58b270_5f690d1f88.jpg,D:\lct\datasets\.build_cache\d7\train\images\0005803_jpg.rf.5419480631c4a2583d7abbc2fa58b270.jpg,val,images/val/d7/d7_0000862_jpg.rf.eb404f9cb50388d4ad3d62ec3d03b90b_c59983a775.jpg,D:\lct\datasets\.build_cache\d7\valid\images\0000862_jpg.rf.eb404f9cb50388d4ad3d62ec3d03b90b.jpg,16,30,,0.8109352588653564,0.14138901233673096,0.5228423476219177,False,,0.7074879556894302,visually_not_leakage,screened out by combined pHash/dHash and pixel/color metrics; not individually reviewed,361,false
5308d84da4a1,d7,train,images/train/d7/d7_0004487_jpg.rf.7649e609cc7297e294b0a7e2a7c78e8c_0ad69e9b82.jpg,D:\lct\datasets\.build_cache\d7\train\images\0004487_jpg.rf.7649e609cc7297e294b0a7e2a7c78e8c.jpg,val,images/val/d7/d7_0002535_jpg.rf.9af7f4a38b4c131ea6db7164aad19467_bef13d4ea8.jpg,D:\lct\datasets\.build_cache\d7\valid\images\0002535_jpg.rf.9af7f4a38b4c131ea6db7164aad19467.jpg,16,25,,0.7382075786590576,0.1511441171169281,0.6377660036087036,False,,0.7073541820049285,visually_not_leakage,screened out by combined pHash/dHash and pixel/color metrics; not individually reviewed,362,false
76146c3decbd,d7,train,images/train/d7/d7_0000979_jpg.rf.dae4d3dcb843ea370223a894820905bc_12388fbf6d.jpg,D:\lct\datasets\.build_cache\d7\train\images\0000979_jpg.rf.dae4d3dcb843ea370223a894820905bc.jpg,test,images/test/d7/d7_0006338_jpg.rf.759ec13e382986feae0e1dc2fdb84188_bdd7c69c54.jpg,D:\lct\datasets\.build_cache\d7\test\images\0006338_jpg.rf.759ec13e382986feae0e1dc2fdb84188.jpg,16,24,,0.7230764627456665,0.13861730694770813,0.6623137593269348,False,,0.7073276489973068,visually_not_leakage,screened out by combined pHash/dHash and pixel/color metrics; not individually reviewed,363,false
0cff78a2bf99,d7,train,images/train/d7/d7_0004176_jpg.rf.4663ca301997604b3848836a20791f58_ea64726cf9.jpg,D:\lct\datasets\.build_cache\d7\train\images\0004176_jpg.rf.4663ca301997604b3848836a20791f58.jpg,val,images/val/d7/d7_0004788_jpg.rf.4b60e054c95945a916f5da359ef1011c_4ad539b1d1.jpg,D:\lct\datasets\.build_cache\d7\valid\images\0004788_jpg.rf.4b60e054c95945a916f5da359ef1011c.jpg,16,25,,0.7797755599021912,0.12904125452041626,0.5265631079673767,False,,0.7073009401559829,visually_not_leakage,screened out by combined pHash/dHash and pixel/color metrics; not individually reviewed,364,false
0a7c7103d3f2,d7,train,images/train/d7/d7_0005340_jpg.rf.fee6818cf83d913f8a15e64955b83c2b_a0e5e05fa9.jpg,D:\lct\datasets\.build_cache\d7\train\images\0005340_jpg.rf.fee6818cf83d913f8a15e64955b83c2b.jpg,val,images/val/d7/d7_0001146_jpg.rf.3219187a3bcf8da973d4e00716e0e3f7_1342ef260e.jpg,D:\lct\datasets\.build_cache\d7\valid\images\0001146_jpg.rf.3219187a3bcf8da973d4e00716e0e3f7.jpg,16,35,,0.767015814781189,0.16093750298023224,0.7163716554641724,False,,0.7072308242321015,visually_not_leakage,screened out by combined pHash/dHash and pixel/color metrics; not individually reviewed,365,false
d46e5c2f8e4a,d7,train,images/train/d7/d7_0001718_jpg.rf.0e60b0abe4c5e0cfdd806b58fa5ca977_a0f14c9cc6.jpg,D:\lct\datasets\.build_cache\d7\train\images\0001718_jpg.rf.0e60b0abe4c5e0cfdd806b58fa5ca977.jpg,test,images/test/d7/d7_0002113_jpg.rf.59dc01b44375c0b1edaffbfe90987249_773bddb259.jpg,D:\lct\datasets\.build_cache\d7\train\images\0002113_jpg.rf.59dc01b44375c0b1edaffbfe90987249.jpg,16,26,,0.6666821241378784,0.12063610553741455,0.842637836933136,False,,0.7071310251951217,visually_not_leakage,screened out by combined pHash/dHash and pixel/color metrics; not individually reviewed,366,false
f6c36184e5e9,d7,train,images/train/d7/d7_0003326_jpg.rf.821871de16c27ab59e4f304f29f429e2_9aeea9a390.jpg,D:\lct\datasets\.build_cache\d7\train\images\0003326_jpg.rf.821871de16c27ab59e4f304f29f429e2.jpg,val,images/val/d7/d7_0003462_jpg.rf.e8125a86438dc8711ebdcc19c7fbe604_4fab74f32d.jpg,D:\lct\datasets\.build_cache\d7\valid\images\0003462_jpg.rf.e8125a86438dc8711ebdcc19c7fbe604.jpg,14,16,,0.6769822835922241,0.1327933669090271,0.5964008569717407,False,,0.7071280419826508,visually_not_leakage,screened out by combined pHash/dHash and pixel/color metrics; not individually reviewed,367,false
73fcfc65b178,d7,train,images/train/d7/d7_0002209_jpg.rf.ff0d2e6283e20bef91bfef09417150d8_508c1a4be0.jpg,D:\lct\datasets\.build_cache\d7\train\images\0002209_jpg.rf.ff0d2e6283e20bef91bfef09417150d8.jpg,test,images/test/d7/d7_0000958_jpg.rf.250aca4e897fff2642fd502ca391aa2d_f90695bd54.jpg,D:\lct\datasets\.build_cache\d7\test\images\0000958_jpg.rf.250aca4e897fff2642fd502ca391aa2d.jpg,24,12,,0.743415117263794,0.09146943688392639,0.6658745408058167,False,,0.7066222280263902,visually_not_leakage,screened out by combined pHash/dHash and pixel/color metrics; not individually reviewed,368,false
be6d781aacbb,d7,train,images/train/d7/d7_0005524_jpg.rf.82662c9b69d41db07e8b14947c9232ec_e6043b5f12.jpg,D:\lct\datasets\.build_cache\d7\valid\images\0005524_jpg.rf.82662c9b69d41db07e8b14947c9232ec.jpg,test,images/test/d7/d7_0004595_jpg.rf.0d883eb8892424d1ed8abe7eef02e48b_327ff4c5ed.jpg,D:\lct\datasets\.build_cache\d7\test\images\0004595_jpg.rf.0d883eb8892424d1ed8abe7eef02e48b.jpg,16,28,,0.6908756494522095,0.13235965371131897,0.8054140210151672,False,,0.7065373629331588,visually_not_leakage,screened out by combined pHash/dHash and pixel/color metrics; not individually reviewed,369,false
bfc45b8cbe77,d7,train,images/train/d7/d7_0003889_jpg.rf.b42713f6417fbae55741683ca51f2648_d8356935ab.jpg,D:\lct\datasets\.build_cache\d7\train\images\0003889_jpg.rf.b42713f6417fbae55741683ca51f2648.jpg,val,images/val/d7/d7_0001174_jpg.rf.8109de2786ec8998b410e21127953b04_b308fdd83b.jpg,D:\lct\datasets\.build_cache\d7\valid\images\0001174_jpg.rf.8109de2786ec8998b410e21127953b04.jpg,16,27,,0.7182923555374146,0.11551586538553238,0.7160195112228394,False,,0.7064386188983917,visually_not_leakage,screened out by combined pHash/dHash and pixel/color metrics; not individually reviewed,370,false
b155342fdde4,d7,train,images/train/d7/d7_0003589_jpg.rf.667281e9507b82b764dfd5fb903494b6_571f6096da.jpg,D:\lct\datasets\.build_cache\d7\train\images\0003589_jpg.rf.667281e9507b82b764dfd5fb903494b6.jpg,val,images/val/d7/d7_0003492_jpg.rf.7592813848b1b4fa1543ddb2c6b793df_6dfd130c4c.jpg,D:\lct\datasets\.build_cache\d7\valid\images\0003492_jpg.rf.7592813848b1b4fa1543ddb2c6b793df.jpg,16,26,,0.6736586689949036,0.1513049602508545,0.8178145885467529,False,,0.7061981558799744,visually_not_leakage,screened out by combined pHash/dHash and pixel/color metrics; not individually reviewed,371,false
232e760c0ea8,d7,val,images/val/d7/d7_0000363_jpg.rf.4b4511e612b9b2d1e07c669ef41ec8fa_3f7f0f813b.jpg,D:\lct\datasets\.build_cache\d7\valid\images\0000363_jpg.rf.4b4511e612b9b2d1e07c669ef41ec8fa.jpg,test,images/test/d7/d7_0006096_jpg.rf.10a338079f46d2b3b6c751ed803f15dc_5d55ad26f5.jpg,D:\lct\datasets\.build_cache\d7\test\images\0006096_jpg.rf.10a338079f46d2b3b6c751ed803f15dc.jpg,12,19,,0.5215004086494446,0.06210555136203766,0.9885736107826233,False,,0.7061049550771713,visually_not_leakage,screened out by combined pHash/dHash and pixel/color metrics; not individually reviewed,372,false
52145d9fa868,d7,train,images/train/d7/d7_0005230_jpg.rf.77f931139c30b1495b5fbc48b2a14606_0648cc0447.jpg,D:\lct\datasets\.build_cache\d7\train\images\0005230_jpg.rf.77f931139c30b1495b5fbc48b2a14606.jpg,test,images/test/d7/d7_0005403_jpg.rf.fc425f8fb3b82b09a9c3d1f32f421f45_99979fd8e8.jpg,D:\lct\datasets\.build_cache\d7\test\images\0005403_jpg.rf.fc425f8fb3b82b09a9c3d1f32f421f45.jpg,16,20,,0.7436080574989319,0.16201841831207275,0.5364996790885925,False,,0.7060431748628616,visually_not_leakage,screened out by combined pHash/dHash and pixel/color metrics; not individually reviewed,373,false
b348f39edfa7,d7,train,images/train/d7/d7_0000967_jpg.rf.bfdc50193363ef72143acf41778d5ba7_b3ce291c04.jpg,D:\lct\datasets\.build_cache\d7\train\images\0000967_jpg.rf.bfdc50193363ef72143acf41778d5ba7.jpg,val,images/val/d7/d7_0003120_jpg.rf.d66762259d293606816763fbfbe0a890_8b2f9a7f46.jpg,D:\lct\datasets\.build_cache\d7\valid\images\0003120_jpg.rf.d66762259d293606816763fbfbe0a890.jpg,14,21,,0.5731883645057678,0.13642960786819458,0.9437474012374878,False,,0.7059937059879303,visually_not_leakage,screened out by combined pHash/dHash and pixel/color metrics; not individually reviewed,374,false
64f364b1e92b,d7,train,images/train/d7/d7_0002639_jpg.rf.c920b572f4a538b22c75c826bf882b36_4e5f47364a.jpg,D:\lct\datasets\.build_cache\d7\train\images\0002639_jpg.rf.c920b572f4a538b22c75c826bf882b36.jpg,test,images/test/d7/d7_0006177_jpg.rf.f0b97c3e776714e70c7b91d865ffe9fc_f6ea3d4474.jpg,D:\lct\datasets\.build_cache\d7\test\images\0006177_jpg.rf.f0b97c3e776714e70c7b91d865ffe9fc.jpg,16,27,,0.7543402910232544,0.11672219634056091,0.6162353754043579,False,,0.7058901727199555,visually_not_leakage,screened out by combined pHash/dHash and pixel/color metrics; not individually reviewed,375,false
d2fc71c2d442,d7,train,images/train/d7/d7_0005428_jpg.rf.2863cdadd7babd974ff48afb985cdea8_94fae30ed5.jpg,D:\lct\datasets\.build_cache\d7\train\images\0005428_jpg.rf.2863cdadd7babd974ff48afb985cdea8.jpg,val,images/val/d7/d7_0002779_jpg.rf.aa97ae4a1f0efac4c42b10eb051d9ad8_56a597a1d0.jpg,D:\lct\datasets\.build_cache\d7\valid\images\0002779_jpg.rf.aa97ae4a1f0efac4c42b10eb051d9ad8.jpg,16,28,,0.6690468788146973,0.12082184106111526,0.8578439354896545,False,,0.7056703418493271,visually_not_leakage,screened out by combined pHash/dHash and pixel/color metrics; not individually reviewed,376,false
4f4f8b79a2a8,d7,train,images/train/d7/d7_0002564_jpg.rf.efb7edfbbf4b78931c974a1feed1dc47_3c191ad580.jpg,D:\lct\datasets\.build_cache\d7\train\images\0002564_jpg.rf.efb7edfbbf4b78931c974a1feed1dc47.jpg,val,images/val/d7/d7_0003463_jpg.rf.bded328be6326a3f23a1c6384958a686_4ed8718543.jpg,D:\lct\datasets\.build_cache\d7\valid\images\0003463_jpg.rf.bded328be6326a3f23a1c6384958a686.jpg,16,35,,0.848883867263794,0.13312940299510956,0.4861520230770111,False,,0.7054451003670692,visually_not_leakage,screened out by combined pHash/dHash and pixel/color metrics; not individually reviewed,377,false
1a18ed697d9c,d7,train,images/train/d7/d7_0000358_jpg.rf.430049208a1db3a043a94c235f89063b_395b3d2daa.jpg,D:\lct\datasets\.build_cache\d7\train\images\0000358_jpg.rf.430049208a1db3a043a94c235f89063b.jpg,val,images/val/d7/d7_0002717_jpg.rf.fe9efafdd280e4e0e3946cc611178b2d_3a3e6c2cfa.jpg,D:\lct\datasets\.build_cache\d7\train\images\0002717_jpg.rf.fe9efafdd280e4e0e3946cc611178b2d.jpg,16,24,,0.7738521099090576,0.13267368078231812,0.5131535530090332,False,,0.7052638769149779,visually_not_leakage,screened out by combined pHash/dHash and pixel/color metrics; not individually reviewed,378,false
4aab52ff5b24,d7,train,images/train/d7/d7_0004427_jpg.rf.7242640c0a2b68076b3f6e12ffdbed05_0d58ca32ac.jpg,D:\lct\datasets\.build_cache\d7\train\images\0004427_jpg.rf.7242640c0a2b68076b3f6e12ffdbed05.jpg,val,images/val/d7/d7_0006221_jpg.rf.66b0747c8f71b57f9b6511a66f3ea813_ed61f306e5.jpg,D:\lct\datasets\.build_cache\d7\valid\images\0006221_jpg.rf.66b0747c8f71b57f9b6511a66f3ea813.jpg,16,24,,0.7612168192863464,0.14656957983970642,0.5467648506164551,False,,0.7052514553070068,visually_not_leakage,screened out by combined pHash/dHash and pixel/color metrics; not individually reviewed,379,false
cbcc7b8f3e82,d7,train,images/train/d7/d7_0006031_jpg.rf.77dc70a8eeadd16e47018ca60ea93076_e29b00ba14.jpg,D:\lct\datasets\.build_cache\d7\train\images\0006031_jpg.rf.77dc70a8eeadd16e47018ca60ea93076.jpg,test,images/test/d7/d7_0006202_jpg.rf.e0742e8ac85c5781714488e4cb044b3e_7ae9cbfd4c.jpg,D:\lct\datasets\.build_cache\d7\test\images\0006202_jpg.rf.e0742e8ac85c5781714488e4cb044b3e.jpg,14,33,,0.8365861177444458,0.14265088737010956,0.4194265902042389,False,,0.7045796856284141,visually_not_leakage,screened out by combined pHash/dHash and pixel/color metrics; not individually reviewed,380,false
b748a88418ab,d7,train,images/train/d7/d7_0000718_jpg.rf.0fe90ab43b50183cebeb810752764fe1_ae1043657a.jpg,D:\lct\datasets\.build_cache\d7\train\images\0000718_jpg.rf.0fe90ab43b50183cebeb810752764fe1.jpg,test,images/test/d7/d7_0005125_jpg.rf.d23a458bc28d664e7d7a104f65007574_94282211e2.jpg,D:\lct\datasets\.build_cache\d7\test\images\0005125_jpg.rf.d23a458bc28d664e7d7a104f65007574.jpg,16,33,,0.7744733691215515,0.1857709288597107,0.6467019319534302,False,,0.7044508874416351,visually_not_leakage,screened out by combined pHash/dHash and pixel/color metrics; not individually reviewed,381,false
6bd38ddaa7c2,d7,train,images/train/d7/d7_0002072_jpg.rf.6584c21a5935e430306dfd9e512c825b_700947fd3f.jpg,D:\lct\datasets\.build_cache\d7\train\images\0002072_jpg.rf.6584c21a5935e430306dfd9e512c825b.jpg,test,images/test/d7/d7_0004484_jpg.rf.5fefc5e525b1b7caa5bc1c2c88c2ec4f_785980e4f9.jpg,D:\lct\datasets\.build_cache\d7\test\images\0004484_jpg.rf.5fefc5e525b1b7caa5bc1c2c88c2ec4f.jpg,16,18,,0.7009530663490295,0.1555759757757187,0.6071946024894714,False,,0.7042729169130325,visually_not_leakage,screened out by combined pHash/dHash and pixel/color metrics; not individually reviewed,382,false
6d8ddc9ac269,d7,val,images/val/d7/d7_0004090_jpg.rf.3aeba4130d20da4092046657e03685ee_f33b030141.jpg,D:\lct\datasets\.build_cache\d7\valid\images\0004090_jpg.rf.3aeba4130d20da4092046657e03685ee.jpg,test,images/test/d7/d7_0005183_jpg.rf.3cd60e851e7116fd92fdde2eeeaf3486_8c1347e700.jpg,D:\lct\datasets\.build_cache\d7\test\images\0005183_jpg.rf.3cd60e851e7116fd92fdde2eeeaf3486.jpg,14,26,,0.7313960194587708,0.16602808237075806,0.5859996676445007,False,,0.7038958579301834,visually_not_leakage,screened out by combined pHash/dHash and pixel/color metrics; not individually reviewed,383,false
1558dedfddb1,d7,val,images/val/d7/d7_0000456_jpg.rf.a94221ad8f43ea7c1691a2e0742f8cab_397e86f08b.jpg,D:\lct\datasets\.build_cache\d7\valid\images\0000456_jpg.rf.a94221ad8f43ea7c1691a2e0742f8cab.jpg,test,images/test/d7/d7_0000214_jpg.rf.fb78e6e91530a34c85c8302f02b08b93_90d8a2885a.jpg,D:\lct\datasets\.build_cache\d7\test\images\0000214_jpg.rf.fb78e6e91530a34c85c8302f02b08b93.jpg,14,27,,0.6898583769798279,0.13647940754890442,0.7093842625617981,False,,0.7034447401762008,visually_not_leakage,screened out by combined pHash/dHash and pixel/color metrics; not individually reviewed,384,false
b64b7b47cc6d,d7,train,images/train/d7/d7_0004800_jpg.rf.91c907ea1b57e8934832480ec77d370f_f62cd55066.jpg,D:\lct\datasets\.build_cache\d7\train\images\0004800_jpg.rf.91c907ea1b57e8934832480ec77d370f.jpg,val,images/val/d7/d7_0004606_jpg.rf.a7b8db25fe6c751fa55a3a74f27e3040_d43fced783.jpg,D:\lct\datasets\.build_cache\d7\valid\images\0004606_jpg.rf.a7b8db25fe6c751fa55a3a74f27e3040.jpg,24,10,,0.7899311780929565,0.13652822375297546,0.486786425113678,False,,0.7030529350042344,visually_not_leakage,screened out by combined pHash/dHash and pixel/color metrics; not individually reviewed,385,false
7811625df533,d7,train,images/train/d7/d7_0001939_jpg.rf.c8c53a845473b3524a3841636d6ddd3e_4203cf5839.jpg,D:\lct\datasets\.build_cache\d7\train\images\0001939_jpg.rf.c8c53a845473b3524a3841636d6ddd3e.jpg,val,images/val/d7/d7_0003462_jpg.rf.e8125a86438dc8711ebdcc19c7fbe604_4fab74f32d.jpg,D:\lct\datasets\.build_cache\d7\valid\images\0003462_jpg.rf.e8125a86438dc8711ebdcc19c7fbe604.jpg,16,25,,0.8362486958503723,0.2218022495508194,0.3439580500125885,False,,0.7024994358420372,visually_not_leakage,screened out by combined pHash/dHash and pixel/color metrics; not individually reviewed,386,false
e50c4ae06537,d7,train,images/train/d7/d7_0001594_jpg.rf.dabaf8af02ee292eb7cdda5462ca3f67_02f312093e.jpg,D:\lct\datasets\.build_cache\d7\train\images\0001594_jpg.rf.dabaf8af02ee292eb7cdda5462ca3f67.jpg,test,images/test/d7/d7_0001631_jpg.rf.95eb1e432efcb42308bb73d7a2dffd9a_26898ee48e.jpg,D:\lct\datasets\.build_cache\d7\test\images\0001631_jpg.rf.95eb1e432efcb42308bb73d7a2dffd9a.jpg,16,23,,0.6937648057937622,0.1418265700340271,0.6926516890525818,False,,0.7024974256753922,visually_not_leakage,screened out by combined pHash/dHash and pixel/color metrics; not individually reviewed,387,false
b1487a424ef5,d7,train,images/train/d7/d7_0005522_jpg.rf.cadf05b5a8f1b9e24a0d504f48aec050_f6387696ce.jpg,D:\lct\datasets\.build_cache\d7\valid\images\0005522_jpg.rf.cadf05b5a8f1b9e24a0d504f48aec050.jpg,test,images/test/d7/d7_0006423_jpg.rf.7a1503cd1beecc435c05955a5a4afcff_31b392120c.jpg,D:\lct\datasets\.build_cache\d7\test\images\0006423_jpg.rf.7a1503cd1beecc435c05955a5a4afcff.jpg,16,20,,0.6093019843101501,0.14881855249404907,0.8689004182815552,False,,0.7021808564662934,visually_not_leakage,screened out by combined pHash/dHash and pixel/color metrics; not individually reviewed,388,false
262dbafd0940,d7,train,images/train/d7/d7_0000609_jpg.rf.0eb8d9715370066e6bf962a32dcf82c0_16e1864ded.jpg,D:\lct\datasets\.build_cache\d7\train\images\0000609_jpg.rf.0eb8d9715370066e6bf962a32dcf82c0.jpg,test,images/test/d7/d7_0001569_jpg.rf.76a03cc3dc885167dded899d0bf7fa89_adce2a00e9.jpg,D:\lct\datasets\.build_cache\d7\train\images\0001569_jpg.rf.76a03cc3dc885167dded899d0bf7fa89.jpg,16,33,,0.7809287905693054,0.1394866406917572,0.6110764741897583,False,,0.7016892373561859,visually_not_leakage,screened out by combined pHash/dHash and pixel/color metrics; not individually reviewed,389,false
b026f2d3406e,d7,train,images/train/d7/d7_0006044_jpg.rf.794c01f91f06ae374319de9e27ced972_2f5a906d25.jpg,D:\lct\datasets\.build_cache\d7\train\images\0006044_jpg.rf.794c01f91f06ae374319de9e27ced972.jpg,test,images/test/d7/d7_0003481_jpg.rf.b997061633ff37a63ce5a58a3c3784fd_1245201708.jpg,D:\lct\datasets\.build_cache\d7\test\images\0003481_jpg.rf.b997061633ff37a63ce5a58a3c3784fd.jpg,14,28,,0.7524302005767822,0.12918198108673096,0.54616379737854,False,,0.7016466498374938,visually_not_leakage,screened out by combined pHash/dHash and pixel/color metrics; not individually reviewed,390,false
009841a2639f,d7,train,images/train/d7/d7_0006031_jpg.rf.77dc70a8eeadd16e47018ca60ea93076_e29b00ba14.jpg,D:\lct\datasets\.build_cache\d7\train\images\0006031_jpg.rf.77dc70a8eeadd16e47018ca60ea93076.jpg,test,images/test/d7/d7_0001569_jpg.rf.76a03cc3dc885167dded899d0bf7fa89_adce2a00e9.jpg,D:\lct\datasets\.build_cache\d7\train\images\0001569_jpg.rf.76a03cc3dc885167dded899d0bf7fa89.jpg,14,33,,0.8315443992614746,0.14252546429634094,0.4121933877468109,False,,0.7014780178666115,visually_not_leakage,screened out by combined pHash/dHash and pixel/color metrics; not individually reviewed,391,false
ed944cee62a9,d7,train,images/train/d7/d7_0000948_jpg.rf.c26bb6a28a760dd31fe5c6f01a247c7c_7656cd95e1.jpg,D:\lct\datasets\.build_cache\d7\train\images\0000948_jpg.rf.c26bb6a28a760dd31fe5c6f01a247c7c.jpg,test,images/test/d7/d7_0001976_jpg.rf.30f58c5cc1e6cdcdcfa03d5e4f68e915_df1268543d.jpg,D:\lct\datasets\.build_cache\d7\test\images\0001976_jpg.rf.30f58c5cc1e6cdcdcfa03d5e4f68e915.jpg,16,37,,0.7788906097412109,0.10818110406398773,0.6740754842758179,False,,0.700948816537857,visually_not_leakage,screened out by combined pHash/dHash and pixel/color metrics; not individually reviewed,392,false
02f706349099,d7,train,images/train/d7/d7_0000302_jpg.rf.caa3f571cde4b2102766a6b863eb508a_d34cc50edf.jpg,D:\lct\datasets\.build_cache\d7\train\images\0000302_jpg.rf.caa3f571cde4b2102766a6b863eb508a.jpg,val,images/val/d7/d7_0004195_jpg.rf.3791f2de23184a81d9a1b336731ea6a8_f739e718a7.jpg,D:\lct\datasets\.build_cache\d7\valid\images\0004195_jpg.rf.3791f2de23184a81d9a1b336731ea6a8.jpg,16,28,,0.7111632227897644,0.15970148146152496,0.7131757736206055,False,,0.7008166551589966,visually_not_leakage,screened out by combined pHash/dHash and pixel/color metrics; not individually reviewed,393,false
56d12da2c6c2,d7,train,images/train/d7/d7_0002497_jpg.rf.5a2f9b2af7b171bf44f13ab87b0fc407_3cb711b81c.jpg,D:\lct\datasets\.build_cache\d7\train\images\0002497_jpg.rf.5a2f9b2af7b171bf44f13ab87b0fc407.jpg,val,images/val/d7/d7_0006087_jpg.rf.e8691d741dc3d570a335f717d6fe1a85_eaca3c7952.jpg,D:\lct\datasets\.build_cache\d7\valid\images\0006087_jpg.rf.e8691d741dc3d570a335f717d6fe1a85.jpg,16,32,,0.8245599269866943,0.1280953288078308,0.47236761450767517,False,,0.7006791129708291,visually_not_leakage,screened out by combined pHash/dHash and pixel/color metrics; not individually reviewed,394,false
d071b44451e8,d7,train,images/train/d7/d7_0006325_jpg.rf.705f625a68e293cae29a6f57fe6fc684_d1a9bda2cb.jpg,D:\lct\datasets\.build_cache\d7\train\images\0006325_jpg.rf.705f625a68e293cae29a6f57fe6fc684.jpg,val,images/val/d7/d7_0005932_jpg.rf.e52afcd568cb4248d963cb30e7e95d19_1a999d9be8.jpg,D:\lct\datasets\.build_cache\d7\valid\images\0005932_jpg.rf.e52afcd568cb4248d963cb30e7e95d19.jpg,14,20,,0.6414825320243835,0.1774529069662094,0.7092215418815613,False,,0.7004762440919876,visually_not_leakage,screened out by combined pHash/dHash and pixel/color metrics; not individually reviewed,395,false
6aa2435efeb8,d7,train,images/train/d7/d7_0005250_jpg.rf.e346660abb6c675bd9c1fc70596ba3d8_93913334ad.jpg,D:\lct\datasets\.build_cache\d7\train\images\0005250_jpg.rf.e346660abb6c675bd9c1fc70596ba3d8.jpg,val,images/val/d7/d7_0006041_jpg.rf.240ad1cd05aa5725b363e2773273bf2a_ef016cc2bb.jpg,D:\lct\datasets\.build_cache\d7\valid\images\0006041_jpg.rf.240ad1cd05aa5725b363e2773273bf2a.jpg,14,26,,0.6629276275634766,0.17630304396152496,0.7449121475219727,False,,0.7003453731536866,visually_not_leakage,screened out by combined pHash/dHash and pixel/color metrics; not individually reviewed,396,false
66a79e964dac,d7,val,images/val/d7/d7_0005284_jpg.rf.ed5cc69b3d6c1f91fd38c463e6413ce2_6d673d2bab.jpg,D:\lct\datasets\.build_cache\d7\valid\images\0005284_jpg.rf.ed5cc69b3d6c1f91fd38c463e6413ce2.jpg,test,images/test/d7/d7_0002113_jpg.rf.59dc01b44375c0b1edaffbfe90987249_773bddb259.jpg,D:\lct\datasets\.build_cache\d7\train\images\0002113_jpg.rf.59dc01b44375c0b1edaffbfe90987249.jpg,16,30,,0.7212372422218323,0.11077378690242767,0.7142831683158875,False,,0.7003248721361159,visually_not_leakage,screened out by combined pHash/dHash and pixel/color metrics; not individually reviewed,397,false
825a49e14494,d7,train,images/train/d7/d7_0003487_jpg.rf.24690ea4c3d3d6f65dea5b0434614622_fbe0ab25a3.jpg,D:\lct\datasets\.build_cache\d7\train\images\0003487_jpg.rf.24690ea4c3d3d6f65dea5b0434614622.jpg,val,images/val/d7/d7_0001801_jpg.rf.15aac1c4cdf6601e8d8cba8ad88ffdb8_7bca80d566.jpg,D:\lct\datasets\.build_cache\d7\valid\images\0001801_jpg.rf.15aac1c4cdf6601e8d8cba8ad88ffdb8.jpg,16,28,,0.7864047884941101,0.14712966978549957,0.5081548690795898,False,,0.7001601457595824,visually_not_leakage,screened out by combined pHash/dHash and pixel/color metrics; not individually reviewed,398,false
bf480c2462f0,d7,train,images/train/d7/d7_0004189_jpg.rf.defe6ae30889ac702255a5281194a59f_53b225640b.jpg,D:\lct\datasets\.build_cache\d7\train\images\0004189_jpg.rf.defe6ae30889ac702255a5281194a59f.jpg,val,images/val/d7/d7_0001138_jpg.rf.458ea3de3b54128a42b232e84c6436e5_d5d4e32dde.jpg,D:\lct\datasets\.build_cache\d7\valid\images\0001138_jpg.rf.458ea3de3b54128a42b232e84c6436e5.jpg,16,33,,0.753165602684021,0.1257745325565338,0.6747214198112488,False,,0.7001307040452958,visually_not_leakage,screened out by combined pHash/dHash and pixel/color metrics; not individually reviewed,399,false
ebe2f36137e2,d7,train,images/train/d7/d7_0003034_jpg.rf.efb218b6c33b78eb8e3afa051cd5cda0_de35ca5e0f.jpg,D:\lct\datasets\.build_cache\d7\train\images\0003034_jpg.rf.efb218b6c33b78eb8e3afa051cd5cda0.jpg,val,images/val/d7/d7_0005644_jpg.rf.07412205bb64507f41f5c80081672a1a_957b4f37d7.jpg,D:\lct\datasets\.build_cache\d7\valid\images\0005644_jpg.rf.07412205bb64507f41f5c80081672a1a.jpg,16,25,,0.8185984492301941,0.1412568986415863,0.37473568320274353,False,,0.7000559821724891,visually_not_leakage,screened out by combined pHash/dHash and pixel/color metrics; not individually reviewed,400,false
1ce3438d6061,d7,val,images/val/d7/d7_0004418_jpg.rf.a9c4a94c1e8f55ffc28a73913c794fe7_0c82db819f.jpg,D:\lct\datasets\.build_cache\d7\valid\images\0004418_jpg.rf.a9c4a94c1e8f55ffc28a73913c794fe7.jpg,test,images/test/d7/d7_0006294_jpg.rf.9c08c77e87033e81033c7bf9508225ae_fe77e4dbf0.jpg,D:\lct\datasets\.build_cache\d7\test\images\0006294_jpg.rf.9c08c77e87033e81033c7bf9508225ae.jpg,16,28,,0.6953418254852295,0.12731024622917175,0.749608039855957,False,,0.6999529361724853,visually_not_leakage,screened out by combined pHash/dHash and pixel/color metrics; not individually reviewed,401,false
33a6861a4bf4,d7,train,images/train/d7/d7_0000150_jpg.rf.326740354174aeca5de014ced2c7f7ee_3a755e0c1d.jpg,D:\lct\datasets\.build_cache\d7\train\images\0000150_jpg.rf.326740354174aeca5de014ced2c7f7ee.jpg,val,images/val/d7/d7_0004041_jpg.rf.01b054c1a9c5e7b8f3e6c68ef8ae9e81_ffbee94cb6.jpg,D:\lct\datasets\.build_cache\d7\test\images\0004041_jpg.rf.01b054c1a9c5e7b8f3e6c68ef8ae9e81.jpg,16,27,,0.7069166302680969,0.13064108788967133,0.6994557976722717,False,,0.6994037717580796,visually_not_leakage,screened out by combined pHash/dHash and pixel/color metrics; not individually reviewed,402,false
9ef377f00885,d7,train,images/train/d7/d7_0005522_jpg.rf.cadf05b5a8f1b9e24a0d504f48aec050_f6387696ce.jpg,D:\lct\datasets\.build_cache\d7\valid\images\0005522_jpg.rf.cadf05b5a8f1b9e24a0d504f48aec050.jpg,val,images/val/d7/d7_0003120_jpg.rf.d66762259d293606816763fbfbe0a890_8b2f9a7f46.jpg,D:\lct\datasets\.build_cache\d7\valid\images\0003120_jpg.rf.d66762259d293606816763fbfbe0a890.jpg,12,23,,0.5392017364501953,0.14051681756973267,0.9586207866668701,False,,0.6993175625801086,visually_not_leakage,screened out by combined pHash/dHash and pixel/color metrics; not individually reviewed,403,false
6c33229ac4a8,d7,train,images/train/d7/d7_0005509_jpg.rf.b4d37bb7edece31fb6f933af6808a77f_bef7d5bb45.jpg,D:\lct\datasets\.build_cache\d7\train\images\0005509_jpg.rf.b4d37bb7edece31fb6f933af6808a77f.jpg,test,images/test/d7/d7_0000266_jpg.rf.c437f093b6f52ff9575e594a68769f36_5063d96bfa.jpg,D:\lct\datasets\.build_cache\d7\test\images\0000266_jpg.rf.c437f093b6f52ff9575e594a68769f36.jpg,16,23,,0.7112555503845215,0.16268670558929443,0.6246218085289001,False,,0.6992892414331435,visually_not_leakage,screened out by combined pHash/dHash and pixel/color metrics; not individually reviewed,404,false
ca28668c0009,d7,train,images/train/d7/d7_0004828_jpg.rf.86b82c864c375def8ad2457777e015ab_125bb3cae9.jpg,D:\lct\datasets\.build_cache\d7\train\images\0004828_jpg.rf.86b82c864c375def8ad2457777e015ab.jpg,val,images/val/d7/d7_0002161_jpg.rf.ccfa48c55435a1e2732f46116ba3391c_4968a5bac2.jpg,D:\lct\datasets\.build_cache\d7\valid\images\0002161_jpg.rf.ccfa48c55435a1e2732f46116ba3391c.jpg,16,21,,0.8505369424819946,0.17179745435714722,0.2161877602338791,False,,0.6984241910278797,visually_not_leakage,screened out by combined pHash/dHash and pixel/color metrics; not individually reviewed,405,false
6901f6bf0532,d7,val,images/val/d7/d7_0002294_jpg.rf.caf56334aa30e31a6ac616ae03686484_2a11e8bc84.jpg,D:\lct\datasets\.build_cache\d7\valid\images\0002294_jpg.rf.caf56334aa30e31a6ac616ae03686484.jpg,test,images/test/d7/d7_0001564_jpg.rf.1677c7f43d4cafbeab961d11f9de29f0_8f9d446da7.jpg,D:\lct\datasets\.build_cache\d7\test\images\0001564_jpg.rf.1677c7f43d4cafbeab961d11f9de29f0.jpg,16,36,,0.7355145215988159,0.14218655228614807,0.7557392120361328,False,,0.6981916904449463,visually_not_leakage,screened out by combined pHash/dHash and pixel/color metrics; not individually reviewed,406,false
7bef5eef022a,d7,train,images/train/d7/d7_0002902_jpg.rf.e2816ac5c819e61f84f1115d3c91d23e_f88613f1e4.jpg,D:\lct\datasets\.build_cache\d7\train\images\0002902_jpg.rf.e2816ac5c819e61f84f1115d3c91d23e.jpg,test,images/test/d7/d7_0000342_jpg.rf.6c8a2d7ffc17256d2de73273d86f6314_af05132559.jpg,D:\lct\datasets\.build_cache\d7\test\images\0000342_jpg.rf.6c8a2d7ffc17256d2de73273d86f6314.jpg,16,27,,0.8038396835327148,0.1399509757757187,0.43164992332458496,False,,0.6980021119117737,visually_not_leakage,screened out by combined pHash/dHash and pixel/color metrics; not individually reviewed,407,false
9678fd4dfc5c,d7,train,images/train/d7/d7_0005675_jpg.rf.372230f2cbd5e8fe579a81add0cd96f1_5ca0ef65a6.jpg,D:\lct\datasets\.build_cache\d7\train\images\0005675_jpg.rf.372230f2cbd5e8fe579a81add0cd96f1.jpg,test,images/test/d7/d7_0003521_jpg.rf.03b3fd4402d164ec91b5a92264a32639_e78e396dad.jpg,D:\lct\datasets\.build_cache\d7\test\images\0003521_jpg.rf.03b3fd4402d164ec91b5a92264a32639.jpg,14,26,,0.6355122327804565,0.1329963207244873,0.7988561987876892,False,,0.6974708229303359,visually_not_leakage,screened out by combined pHash/dHash and pixel/color metrics; not individually reviewed,408,false
bb28523fd6c8,d7,train,images/train/d7/d7_0001209_jpg.rf.9ede09d8c6ea88a6d778815efd5a1df7_ac6c768884.jpg,D:\lct\datasets\.build_cache\d7\train\images\0001209_jpg.rf.9ede09d8c6ea88a6d778815efd5a1df7.jpg,val,images/val/d7/d7_0001248_jpg.rf.c2f8a35ff0d46d33ad01b0f0a7895ee8_cd3401d240.jpg,D:\lct\datasets\.build_cache\d7\valid\images\0001248_jpg.rf.c2f8a35ff0d46d33ad01b0f0a7895ee8.jpg,16,25,,0.6995782852172852,0.17993834614753723,0.6726183891296387,False,,0.6971303224563599,visually_not_leakage,screened out by combined pHash/dHash and pixel/color metrics; not individually reviewed,409,false
3554177fb666,d7,train,images/train/d7/d7_0003373_jpg.rf.cbb448ecb7682eda97919a1929418ed3_921c8f3cbb.jpg,D:\lct\datasets\.build_cache\d7\train\images\0003373_jpg.rf.cbb448ecb7682eda97919a1929418ed3.jpg,test,images/test/d7/d7_0000346_jpg.rf.01912af57f653154c7ff223d030d96f5_dc54cf05b8.jpg,D:\lct\datasets\.build_cache\d7\test\images\0000346_jpg.rf.01912af57f653154c7ff223d030d96f5.jpg,16,24,,0.652047872543335,0.12569507956504822,0.7798307538032532,False,,0.696543762087822,visually_not_leakage,screened out by combined pHash/dHash and pixel/color metrics; not individually reviewed,410,false
ed55905e5fff,d7,val,images/val/d7/d7_0001599_jpg.rf.7c8ee5ba0f32e90a92c7d4b50a0459d1_9938869dec.jpg,D:\lct\datasets\.build_cache\d7\valid\images\0001599_jpg.rf.7c8ee5ba0f32e90a92c7d4b50a0459d1.jpg,test,images/test/d7/d7_0005955_jpg.rf.5d4a27d35f5861383c7f20ae59dc24c4_f485bd2452.jpg,D:\lct\datasets\.build_cache\d7\train\images\0005955_jpg.rf.5d4a27d35f5861383c7f20ae59dc24c4.jpg,16,24,,0.7332589030265808,0.11184513568878174,0.5623058080673218,False,,0.6963994324207307,visually_not_leakage,screened out by combined pHash/dHash and pixel/color metrics; not individually reviewed,411,false
6bc128ae6f67,d7,train,images/train/d7/d7_0005149_jpg.rf.6200a0ddb114e6ec1168edabe15f2fe0_8914ce0620.jpg,D:\lct\datasets\.build_cache\d7\train\images\0005149_jpg.rf.6200a0ddb114e6ec1168edabe15f2fe0.jpg,test,images/test/d7/d7_0001631_jpg.rf.95eb1e432efcb42308bb73d7a2dffd9a_26898ee48e.jpg,D:\lct\datasets\.build_cache\d7\test\images\0001631_jpg.rf.95eb1e432efcb42308bb73d7a2dffd9a.jpg,16,21,,0.6772284507751465,0.11218023300170898,0.661543071269989,False,,0.695904091000557,visually_not_leakage,screened out by combined pHash/dHash and pixel/color metrics; not individually reviewed,412,false
7231922b40ee,d7,train,images/train/d7/d7_0005940_jpg.rf.53b826db06881d319f647633fa38eb6e_dfc2f4de8c.jpg,D:\lct\datasets\.build_cache\d7\train\images\0005940_jpg.rf.53b826db06881d319f647633fa38eb6e.jpg,val,images/val/d7/d7_0006319_jpg.rf.a0ce816349a8b6358b1feafbde77b9c6_e326e50af0.jpg,D:\lct\datasets\.build_cache\d7\valid\images\0006319_jpg.rf.a0ce816349a8b6358b1feafbde77b9c6.jpg,16,25,,0.7784742712974548,0.16138078272342682,0.45336708426475525,False,,0.6958010211586952,visually_not_leakage,screened out by combined pHash/dHash and pixel/color metrics; not individually reviewed,413,false
2b7b97b0a7be,d7,train,images/train/d7/d7_0002387_jpg.rf.dfc1c4f6d9b7059368c773327388b34d_3fe26d5f87.jpg,D:\lct\datasets\.build_cache\d7\train\images\0002387_jpg.rf.dfc1c4f6d9b7059368c773327388b34d.jpg,test,images/test/d7/d7_0003055_jpg.rf.c6eb0859611c7ce340257a0708dd5fc3_bdf855598d.jpg,D:\lct\datasets\.build_cache\d7\test\images\0003055_jpg.rf.c6eb0859611c7ce340257a0708dd5fc3.jpg,16,24,,0.6919313669204712,0.13071194291114807,0.6649930477142334,False,,0.6952715039253234,visually_not_leakage,screened out by combined pHash/dHash and pixel/color metrics; not individually reviewed,414,false
6e45edf2d0e3,d7,train,images/train/d7/d7_0005060_jpg.rf.5d8e0b089b5699201234516bb4e49681_a4cf7d2f5b.jpg,D:\lct\datasets\.build_cache\d7\train\images\0005060_jpg.rf.5d8e0b089b5699201234516bb4e49681.jpg,val,images/val/d7/d7_0002077_jpg.rf.0c963a3529b7ea69291a19f12d73a1c3_5a242b4b78.jpg,D:\lct\datasets\.build_cache\d7\valid\images\0002077_jpg.rf.0c963a3529b7ea69291a19f12d73a1c3.jpg,16,27,,0.7138510346412659,0.14265090227127075,0.6517081260681152,False,,0.6950153827667236,visually_not_leakage,screened out by combined pHash/dHash and pixel/color metrics; not individually reviewed,415,false
25044b455e70,d7,train,images/train/d7/d7_0000546_jpg.rf.db2f86098f9d056fd0da5d09641a0449_aa1192d6e6.jpg,D:\lct\datasets\.build_cache\d7\train\images\0000546_jpg.rf.db2f86098f9d056fd0da5d09641a0449.jpg,val,images/val/d7/d7_0004689_jpg.rf.aa2cb9c9978623b2fdde36d22593f741_b4341a64c0.jpg,D:\lct\datasets\.build_cache\d7\valid\images\0004689_jpg.rf.aa2cb9c9978623b2fdde36d22593f741.jpg,16,29,,0.7003377676010132,0.14397883415222168,0.7183806300163269,False,,0.6949234515428544,visually_not_leakage,screened out by combined pHash/dHash and pixel/color metrics; not individually reviewed,416,false
f2a4571eb99e,d7,train,images/train/d7/d7_0002790_jpg.rf.127ab6e43956764bb751a0d85d31b996_b577ea85b8.jpg,D:\lct\datasets\.build_cache\d7\train\images\0002790_jpg.rf.127ab6e43956764bb751a0d85d31b996.jpg,val,images/val/d7/d7_0000637_jpg.rf.d600bf8fa2d5d223f6edb0d3235a789a_654ff2448f.jpg,D:\lct\datasets\.build_cache\d7\valid\images\0000637_jpg.rf.d600bf8fa2d5d223f6edb0d3235a789a.jpg,16,31,,0.7275662422180176,0.13676758110523224,0.6764314770698547,False,,0.6948349684476853,visually_not_leakage,screened out by combined pHash/dHash and pixel/color metrics; not individually reviewed,417,false
2e66f0072049,d7,train,images/train/d7/d7_0004493_jpg.rf.2b7b09fb59d3bf2b7f8a7ec140f3fad9_df5745450f.jpg,D:\lct\datasets\.build_cache\d7\train\images\0004493_jpg.rf.2b7b09fb59d3bf2b7f8a7ec140f3fad9.jpg,val,images/val/d7/d7_0002974_jpg.rf.7cc71626a88398f41b5de30d0b47df20_cd47737a15.jpg,D:\lct\datasets\.build_cache\d7\valid\images\0002974_jpg.rf.7cc71626a88398f41b5de30d0b47df20.jpg,16,30,,0.7970072031021118,0.167276531457901,0.4716317653656006,False,,0.6942351460456848,visually_not_leakage,screened out by combined pHash/dHash and pixel/color metrics; not individually reviewed,418,false
bea503d9670d,d7,train,images/train/d7/d7_0002924_jpg.rf.7dd0e66b6199fc38b561345331a39087_201d1ee4c4.jpg,D:\lct\datasets\.build_cache\d7\train\images\0002924_jpg.rf.7dd0e66b6199fc38b561345331a39087.jpg,val,images/val/d7/d7_0001174_jpg.rf.8109de2786ec8998b410e21127953b04_b308fdd83b.jpg,D:\lct\datasets\.build_cache\d7\valid\images\0001174_jpg.rf.8109de2786ec8998b410e21127953b04.jpg,16,25,,0.7669088244438171,0.16114430129528046,0.4727522134780884,False,,0.6940826117992401,visually_not_leakage,screened out by combined pHash/dHash and pixel/color metrics; not individually reviewed,419,false
83b12ef560f5,d7,train,images/train/d7/d7_0001513_jpg.rf.bd9bd5867a43b472c2b33f6b27b00b35_0abc03006f.jpg,D:\lct\datasets\.build_cache\d7\train\images\0001513_jpg.rf.bd9bd5867a43b472c2b33f6b27b00b35.jpg,val,images/val/d7/d7_0005898_jpg.rf.dcbd9e610ec60bf2ca89538a3ae0f5ab_1293771f70.jpg,D:\lct\datasets\.build_cache\d7\valid\images\0005898_jpg.rf.dcbd9e610ec60bf2ca89538a3ae0f5ab.jpg,16,24,,0.8839250802993774,0.23803424835205078,0.14294439554214478,False,,0.6937616914510727,visually_not_leakage,screened out by combined pHash/dHash and pixel/color metrics; not individually reviewed,420,false
e60d09dff1c8,d7,train,images/train/d7/d7_0004814_jpg.rf.5130a43a665c7fc487bd5bb52f8b9ae5_794ed76ff9.jpg,D:\lct\datasets\.build_cache\d7\train\images\0004814_jpg.rf.5130a43a665c7fc487bd5bb52f8b9ae5.jpg,test,images/test/d7/d7_0001137_jpg.rf.c66f27991740a823aa5cd3bbb32165fe_5ff646c267.jpg,D:\lct\datasets\.build_cache\d7\test\images\0001137_jpg.rf.c66f27991740a823aa5cd3bbb32165fe.jpg,16,26,,0.7953928112983704,0.1230248510837555,0.4077662527561188,False,,0.6933845624327659,visually_not_leakage,screened out by combined pHash/dHash and pixel/color metrics; not individually reviewed,421,false
aaf324b1ee50,d7,train,images/train/d7/d7_0000203_jpg.rf.191c73424ceae5e02de2cc56b83fda9d_104d87c9d1.jpg,D:\lct\datasets\.build_cache\d7\train\images\0000203_jpg.rf.191c73424ceae5e02de2cc56b83fda9d.jpg,test,images/test/d7/d7_0002557_jpg.rf.463bf11ae4a1cbe7920db9854548465b_a6edff62db.jpg,D:\lct\datasets\.build_cache\d7\train\images\0002557_jpg.rf.463bf11ae4a1cbe7920db9854548465b.jpg,16,31,,0.7462499737739563,0.16556468605995178,0.6154242753982544,False,,0.6931573808193207,visually_not_leakage,screened out by combined pHash/dHash and pixel/color metrics; not individually reviewed,422,false
55a826d118d2,d7,train,images/train/d7/d7_0003315_jpg.rf.b2902c79365296c9801dd1bc1c55cbe3_000c44249b.jpg,D:\lct\datasets\.build_cache\d7\train\images\0003315_jpg.rf.b2902c79365296c9801dd1bc1c55cbe3.jpg,val,images/val/d7/d7_0000637_jpg.rf.d600bf8fa2d5d223f6edb0d3235a789a_654ff2448f.jpg,D:\lct\datasets\.build_cache\d7\valid\images\0000637_jpg.rf.d600bf8fa2d5d223f6edb0d3235a789a.jpg,16,29,,0.6741040349006653,0.13106714189052582,0.7762318849563599,False,,0.69310764670372,visually_not_leakage,screened out by combined pHash/dHash and pixel/color metrics; not individually reviewed,423,false
e1fc8e9b71f2,d7,train,images/train/d7/d7_0004866_jpg.rf.92839259c805af2befc985be72ce9311_bdd2622e31.jpg,D:\lct\datasets\.build_cache\d7\train\images\0004866_jpg.rf.92839259c805af2befc985be72ce9311.jpg,val,images/val/d7/d7_0004443_jpg.rf.518aa38af2e5c40f9fa885f30226ef25_de5e8ca8f4.jpg,D:\lct\datasets\.build_cache\d7\train\images\0004443_jpg.rf.518aa38af2e5c40f9fa885f30226ef25.jpg,14,24,,0.5544727444648743,0.09982766956090927,0.9542120695114136,False,,0.6930459082126617,visually_not_leakage,screened out by combined pHash/dHash and pixel/color metrics; not individually reviewed,424,false
66a029b76efa,d7,train,images/train/d7/d7_0005428_jpg.rf.2863cdadd7babd974ff48afb985cdea8_94fae30ed5.jpg,D:\lct\datasets\.build_cache\d7\train\images\0005428_jpg.rf.2863cdadd7babd974ff48afb985cdea8.jpg,test,images/test/d7/d7_0000937_jpg.rf.836d4aeae01472281a13f7f716d07a67_aa885e4acf.jpg,D:\lct\datasets\.build_cache\d7\test\images\0000937_jpg.rf.836d4aeae01472281a13f7f716d07a67.jpg,16,20,,0.6312346458435059,0.16051051020622253,0.7494574785232544,False,,0.6930374801158905,visually_not_leakage,screened out by combined pHash/dHash and pixel/color metrics; not individually reviewed,425,false
6ea626ec25da,d7,train,images/train/d7/d7_0001494_jpg.rf.6fa02a0f9cd2ed7d3524b537abf4d2ec_90e5974979.jpg,D:\lct\datasets\.build_cache\d7\train\images\0001494_jpg.rf.6fa02a0f9cd2ed7d3524b537abf4d2ec.jpg,val,images/val/d7/d7_0002164_jpg.rf.409b3ad011eabc830ed5d9fd74cf9e01_673c97fb26.jpg,D:\lct\datasets\.build_cache\d7\valid\images\0002164_jpg.rf.409b3ad011eabc830ed5d9fd74cf9e01.jpg,14,22,,0.6093082427978516,0.14159390330314636,0.7764124870300293,False,,0.6929976701736451,visually_not_leakage,screened out by combined pHash/dHash and pixel/color metrics; not individually reviewed,426,false
ef2278b58346,d7,train,images/train/d7/d7_0005621_jpg.rf.3cfc3ffa4f4af5ad4b449f5900e137ab_cb8e7ad568.jpg,D:\lct\datasets\.build_cache\d7\train\images\0005621_jpg.rf.3cfc3ffa4f4af5ad4b449f5900e137ab.jpg,val,images/val/d7/d7_0006246_jpg.rf.9824a0d62c9d63fae3a1ede32a5ec6ba_af2ea1fe26.jpg,D:\lct\datasets\.build_cache\d7\valid\images\0006246_jpg.rf.9824a0d62c9d63fae3a1ede32a5ec6ba.jpg,12,26,,0.8226656317710876,0.16316060721874237,0.20664912462234497,False,,0.6928761214017869,visually_not_leakage,screened out by combined pHash/dHash and pixel/color metrics; not individually reviewed,427,false
b44cbf05e1fd,d7,train,images/train/d7/d7_0004480_jpg.rf.b5776259b7d8f04259d9a49bf581f659_4cbd3ba7ab.jpg,D:\lct\datasets\.build_cache\d7\train\images\0004480_jpg.rf.b5776259b7d8f04259d9a49bf581f659.jpg,val,images/val/d7/d7_0000371_jpg.rf.e3404d07c99fb3b30e8b1fce394b9415_3bb6bca5bf.jpg,D:\lct\datasets\.build_cache\d7\valid\images\0000371_jpg.rf.e3404d07c99fb3b30e8b1fce394b9415.jpg,16,28,,0.742779552936554,0.16684475541114807,0.5754069089889526,False,,0.6927978575229644,visually_not_leakage,screened out by combined pHash/dHash and pixel/color metrics; not individually reviewed,428,false
edc2f3d54d40,d7,train,images/train/d7/d7_0004075_jpg.rf.e9bc95050b3acd0b28e3603efdcd4e9b_8da304e8b2.jpg,D:\lct\datasets\.build_cache\d7\train\images\0004075_jpg.rf.e9bc95050b3acd0b28e3603efdcd4e9b.jpg,val,images/val/d7/d7_0005221_jpg.rf.98970adabc5f7b9620ea1a1ea9e2001f_8bdcc9227f.jpg,D:\lct\datasets\.build_cache\d7\valid\images\0005221_jpg.rf.98970adabc5f7b9620ea1a1ea9e2001f.jpg,16,12,,0.5192795395851135,0.12274433672428131,0.9203345775604248,False,,0.6926370024681092,visually_not_leakage,screened out by combined pHash/dHash and pixel/color metrics; not individually reviewed,429,false
f5106d1a2629,d7,train,images/train/d7/d7_0004181_jpg.rf.1578d99e6c02fe76a9c4fcee294b6992_bc4392a571.jpg,D:\lct\datasets\.build_cache\d7\train\images\0004181_jpg.rf.1578d99e6c02fe76a9c4fcee294b6992.jpg,test,images/test/d7/d7_0006177_jpg.rf.f0b97c3e776714e70c7b91d865ffe9fc_f6ea3d4474.jpg,D:\lct\datasets\.build_cache\d7\test\images\0006177_jpg.rf.f0b97c3e776714e70c7b91d865ffe9fc.jpg,16,25,,0.7125955820083618,0.12036803364753723,0.604659914970398,False,,0.6921434700489044,visually_not_leakage,screened out by combined pHash/dHash and pixel/color metrics; not individually reviewed,430,false
21c1f684b9b3,d7,train,images/train/d7/d7_0003154_jpg.rf.939b4236cdfc091948b0e131dcf393aa_ed594e7982.jpg,D:\lct\datasets\.build_cache\d7\valid\images\0003154_jpg.rf.939b4236cdfc091948b0e131dcf393aa.jpg,val,images/val/d7/d7_0000637_jpg.rf.d600bf8fa2d5d223f6edb0d3235a789a_654ff2448f.jpg,D:\lct\datasets\.build_cache\d7\valid\images\0000637_jpg.rf.d600bf8fa2d5d223f6edb0d3235a789a.jpg,16,27,,0.7282559871673584,0.14083659648895264,0.5927891135215759,False,,0.6919395118951798,visually_not_leakage,screened out by combined pHash/dHash and pixel/color metrics; not individually reviewed,431,false
dae1ff48e0b1,d7,train,images/train/d7/d7_0003573_jpg.rf.a5575e2531d9f4aae147f796ed62721f_413a55ed81.jpg,D:\lct\datasets\.build_cache\d7\train\images\0003573_jpg.rf.a5575e2531d9f4aae147f796ed62721f.jpg,val,images/val/d7/d7_0000665_jpg.rf.9490efbfa87e863854556070383081a2_223fc7daea.jpg,D:\lct\datasets\.build_cache\d7\valid\images\0000665_jpg.rf.9490efbfa87e863854556070383081a2.jpg,28,12,,0.8384540677070618,0.18695427477359772,0.4390118420124054,False,,0.6918584033846854,visually_not_leakage,screened out by combined pHash/dHash and pixel/color metrics; not individually reviewed,432,false
8ea0610e99f9,d7,train,images/train/d7/d7_0002035_jpg.rf.c5d8c7c3eb60350886ebb9a749954776_fbec2fa155.jpg,D:\lct\datasets\.build_cache\d7\train\images\0002035_jpg.rf.c5d8c7c3eb60350886ebb9a749954776.jpg,test,images/test/d7/d7_0003481_jpg.rf.b997061633ff37a63ce5a58a3c3784fd_1245201708.jpg,D:\lct\datasets\.build_cache\d7\test\images\0003481_jpg.rf.b997061633ff37a63ce5a58a3c3784fd.jpg,16,32,,0.7600400447845459,0.13502797484397888,0.5854924917221069,False,,0.6918398916721343,visually_not_leakage,screened out by combined pHash/dHash and pixel/color metrics; not individually reviewed,433,false
7287c773baaa,d7,train,images/train/d7/d7_0002931_jpg.rf.9322b371d6faa34496b9ad47bc9c3b48_40f0366a80.jpg,D:\lct\datasets\.build_cache\d7\train\images\0002931_jpg.rf.9322b371d6faa34496b9ad47bc9c3b48.jpg,val,images/val/d7/d7_0004937_jpg.rf.81bb3d358f19a4e84333ae68816e9074_eea4bbb5bf.jpg,D:\lct\datasets\.build_cache\d7\valid\images\0004937_jpg.rf.81bb3d358f19a4e84333ae68816e9074.jpg,14,30,,0.8233575820922852,0.15642711520195007,0.322207510471344,False,,0.6917366594076158,visually_not_leakage,screened out by combined pHash/dHash and pixel/color metrics; not individually reviewed,434,false
7b56e3fd5968,d7,train,images/train/d7/d7_0005156_jpg.rf.f4f9d5de8e611b10d7dbf6a2b8ee072d_640f53b231.jpg,D:\lct\datasets\.build_cache\d7\train\images\0005156_jpg.rf.f4f9d5de8e611b10d7dbf6a2b8ee072d.jpg,val,images/val/d7/d7_0004788_jpg.rf.4b60e054c95945a916f5da359ef1011c_4ad539b1d1.jpg,D:\lct\datasets\.build_cache\d7\valid\images\0004788_jpg.rf.4b60e054c95945a916f5da359ef1011c.jpg,16,27,,0.7455857396125793,0.12938687205314636,0.544990062713623,False,,0.6917015552520752,visually_not_leakage,screened out by combined pHash/dHash and pixel/color metrics; not individually reviewed,435,false
6d5860d9bc6a,d7,train,images/train/d7/d7_0005734_jpg.rf.16843494a1287270f8287307a00b0c12_def3a4bd52.jpg,D:\lct\datasets\.build_cache\d7\train\images\0005734_jpg.rf.16843494a1287270f8287307a00b0c12.jpg,val,images/val/d7/d7_0002123_jpg.rf.99a1b8aa0e7d6b2636761787f9451a12_cf4c5f4cf8.jpg,D:\lct\datasets\.build_cache\d7\valid\images\0002123_jpg.rf.99a1b8aa0e7d6b2636761787f9451a12.jpg,14,29,,0.7899447083473206,0.16755130887031555,0.3947807848453522,False,,0.691601251065731,visually_not_leakage,screened out by combined pHash/dHash and pixel/color metrics; not individually reviewed,436,false
ee1e3104c8a8,d7,val,images/val/d7/d7_0004241_jpg.rf.81a1f8cc18d2f3d860374da6d895183f_1c383b224d.jpg,D:\lct\datasets\.build_cache\d7\valid\images\0004241_jpg.rf.81a1f8cc18d2f3d860374da6d895183f.jpg,test,images/test/d7/d7_0005183_jpg.rf.3cd60e851e7116fd92fdde2eeeaf3486_8c1347e700.jpg,D:\lct\datasets\.build_cache\d7\test\images\0005183_jpg.rf.3cd60e851e7116fd92fdde2eeeaf3486.jpg,16,22,,0.6124407649040222,0.1844305396080017,0.8189162015914917,False,,0.6912512362003326,visually_not_leakage,screened out by combined pHash/dHash and pixel/color metrics; not individually reviewed,437,false
b3a7a550f73d,d7,train,images/train/d7/d7_0005093_jpg.rf.e747d769ffd889e211f8e0f7e6d81268_b341397375.jpg,D:\lct\datasets\.build_cache\d7\train\images\0005093_jpg.rf.e747d769ffd889e211f8e0f7e6d81268.jpg,val,images/val/d7/d7_0004680_jpg.rf.fe7f7427c48db91b3d382c57292d0e2b_1727619465.jpg,D:\lct\datasets\.build_cache\d7\valid\images\0004680_jpg.rf.fe7f7427c48db91b3d382c57292d0e2b.jpg,18,10,,0.5003471374511719,0.10308287292718887,0.9903008341789246,False,,0.6908714801073075,visually_not_leakage,screened out by combined pHash/dHash and pixel/color metrics; not individually reviewed,438,false
fd4e3239e79c,d7,train,images/train/d7/d7_0004897_jpg.rf.f429538b975a76128aff8f53c23fdad5_18ce7fb644.jpg,D:\lct\datasets\.build_cache\d7\train\images\0004897_jpg.rf.f429538b975a76128aff8f53c23fdad5.jpg,val,images/val/d7/d7_0004171_jpg.rf.b0d3280e37f1a6ba686de2a127a955ea_399670bb0d.jpg,D:\lct\datasets\.build_cache\d7\valid\images\0004171_jpg.rf.b0d3280e37f1a6ba686de2a127a955ea.jpg,28,12,,0.6897945404052734,0.14476868510246277,0.8283660411834717,False,,0.6907977223396301,visually_not_leakage,screened out by combined pHash/dHash and pixel/color metrics; not individually reviewed,439,false
0ab32cf311e0,d7,train,images/train/d7/d7_0002335_jpg.rf.b7c9b7670b06a3a4dfe5c2f1b8b7c7b0_00366712c9.jpg,D:\lct\datasets\.build_cache\d7\train\images\0002335_jpg.rf.b7c9b7670b06a3a4dfe5c2f1b8b7c7b0.jpg,test,images/test/d7/d7_0005403_jpg.rf.fc425f8fb3b82b09a9c3d1f32f421f45_99979fd8e8.jpg,D:\lct\datasets\.build_cache\d7\test\images\0005403_jpg.rf.fc425f8fb3b82b09a9c3d1f32f421f45.jpg,16,21,,0.7133433222770691,0.16949105262756348,0.5298536419868469,False,,0.6905966252088546,visually_not_leakage,screened out by combined pHash/dHash and pixel/color metrics; not individually reviewed,440,false
68e7e738c75e,d7,train,images/train/d7/d7_0003898_jpg.rf.3d4d8558c252796080f407762d243da0_3c60abd1e5.jpg,D:\lct\datasets\.build_cache\d7\train\images\0003898_jpg.rf.3d4d8558c252796080f407762d243da0.jpg,test,images/test/d7/d7_0006177_jpg.rf.f0b97c3e776714e70c7b91d865ffe9fc_f6ea3d4474.jpg,D:\lct\datasets\.build_cache\d7\test\images\0006177_jpg.rf.f0b97c3e776714e70c7b91d865ffe9fc.jpg,14,23,,0.7403625845909119,0.11813342571258545,0.426353394985199,False,,0.6905667930841446,visually_not_leakage,screened out by combined pHash/dHash and pixel/color metrics; not individually reviewed,441,false
16f9d8dc0f6b,d7,train,images/train/d7/d7_0005569_jpg.rf.ee354df127bbb43d2044372d756352be_28302eae72.jpg,D:\lct\datasets\.build_cache\d7\train\images\0005569_jpg.rf.ee354df127bbb43d2044372d756352be.jpg,val,images/val/d7/d7_0002974_jpg.rf.7cc71626a88398f41b5de30d0b47df20_cd47737a15.jpg,D:\lct\datasets\.build_cache\d7\valid\images\0002974_jpg.rf.7cc71626a88398f41b5de30d0b47df20.jpg,16,25,,0.7715991139411926,0.1941099762916565,0.4367005228996277,False,,0.6905509740114212,visually_not_leakage,screened out by combined pHash/dHash and pixel/color metrics; not individually reviewed,442,false
e6136c19d6a5,d7,val,images/val/d7/d7_0005824_jpg.rf.6608fc39e634c00d94af93c0ca5ceeca_07a4ad732f.jpg,D:\lct\datasets\.build_cache\d7\valid\images\0005824_jpg.rf.6608fc39e634c00d94af93c0ca5ceeca.jpg,test,images/test/d7/d7_0001638_jpg.rf.a869e82b172ed23ce04ff3b6391efd33_6a7403fb1e.jpg,D:\lct\datasets\.build_cache\d7\test\images\0001638_jpg.rf.a869e82b172ed23ce04ff3b6391efd33.jpg,16,28,,0.6151613593101501,0.12467256188392639,0.896914005279541,False,,0.6899766445159912,visually_not_leakage,screened out by combined pHash/dHash and pixel/color metrics; not individually reviewed,443,false
7c6977e27c65,d7,val,images/val/d7/d7_0001967_jpg.rf.c3d954a3548fce161b5270aca6be13b9_597988b677.jpg,D:\lct\datasets\.build_cache\d7\valid\images\0001967_jpg.rf.c3d954a3548fce161b5270aca6be13b9.jpg,test,images/test/d7/d7_0005855_jpg.rf.41c23bfe73606d3b484a0f14ccc686c9_fdb214a3b7.jpg,D:\lct\datasets\.build_cache\d7\test\images\0005855_jpg.rf.41c23bfe73606d3b484a0f14ccc686c9.jpg,14,25,,0.6680324077606201,0.15633808076381683,0.6465144157409668,False,,0.6899713754653931,visually_not_leakage,screened out by combined pHash/dHash and pixel/color metrics; not individually reviewed,444,false
049145900228,d7,val,images/val/d7/d7_0000106_jpg.rf.00b9deefa28a820330afedae0d9b895a_ea7bd8a1bb.jpg,D:\lct\datasets\.build_cache\d7\valid\images\0000106_jpg.rf.00b9deefa28a820330afedae0d9b895a.jpg,test,images/test/d7/d7_0001576_jpg.rf.bb7478ad9009e7b526ad0eab5c99ee0b_27fbf5c1e3.jpg,D:\lct\datasets\.build_cache\d7\test\images\0001576_jpg.rf.bb7478ad9009e7b526ad0eab5c99ee0b.jpg,16,29,,0.6859244704246521,0.11691367626190186,0.7219112515449524,False,,0.6896877259016038,visually_not_leakage,screened out by combined pHash/dHash and pixel/color metrics; not individually reviewed,445,false
ecd7950ddbe8,d7,train,images/train/d7/d7_0005239_jpg.rf.d9401388326d4e483825b80e52054531_f8280ea3b5.jpg,D:\lct\datasets\.build_cache\d7\train\images\0005239_jpg.rf.d9401388326d4e483825b80e52054531.jpg,test,images/test/d7/d7_0002680_jpg.rf.742c5dfc4ec4e3c8d7e5ca0d72e1dafb_37f4e4a26e.jpg,D:\lct\datasets\.build_cache\d7\test\images\0002680_jpg.rf.742c5dfc4ec4e3c8d7e5ca0d72e1dafb.jpg,14,15,,0.4920899569988251,0.08328546583652496,0.9548825025558472,False,,0.6892871081829072,visually_not_leakage,screened out by combined pHash/dHash and pixel/color metrics; not individually reviewed,446,false
7f1ed822d40f,d7,train,images/train/d7/d7_0001580_jpg.rf.4c7edd4832ab6ab9b510c5abc6f992d6_d45ac89b99.jpg,D:\lct\datasets\.build_cache\d7\train\images\0001580_jpg.rf.4c7edd4832ab6ab9b510c5abc6f992d6.jpg,val,images/val/d7/d7_0003732_jpg.rf.f73fa4abafae4380bb30792eabd4acf9_9bc5bfe8ab.jpg,D:\lct\datasets\.build_cache\d7\valid\images\0003732_jpg.rf.f73fa4abafae4380bb30792eabd4acf9.jpg,12,30,,0.861582338809967,0.328701376914978,0.13622897863388062,False,,0.6885047823190689,visually_not_leakage,screened out by combined pHash/dHash and pixel/color metrics; not individually reviewed,447,false
13ccf54cb5f5,d7,train,images/train/d7/d7_0003487_jpg.rf.24690ea4c3d3d6f65dea5b0434614622_fbe0ab25a3.jpg,D:\lct\datasets\.build_cache\d7\train\images\0003487_jpg.rf.24690ea4c3d3d6f65dea5b0434614622.jpg,val,images/val/d7/d7_0002310_jpg.rf.4bfa8b3a61e45fb35a8dc5624f2790e1_dde7483096.jpg,D:\lct\datasets\.build_cache\d7\valid\images\0002310_jpg.rf.4bfa8b3a61e45fb35a8dc5624f2790e1.jpg,16,32,,0.7372915744781494,0.14604397118091583,0.6200135946273804,False,,0.6879186689853669,visually_not_leakage,screened out by combined pHash/dHash and pixel/color metrics; not individually reviewed,448,false
2642bcc500e8,d7,train,images/train/d7/d7_0000591_jpg.rf.c7e74deb78beb3c4b958d41c1ff4e5f4_ab8ef80a29.jpg,D:\lct\datasets\.build_cache\d7\train\images\0000591_jpg.rf.c7e74deb78beb3c4b958d41c1ff4e5f4.jpg,val,images/val/d7/d7_0003596_jpg.rf.fb768dbf3b0c21cb209ad53652792edc_acb09d297e.jpg,D:\lct\datasets\.build_cache\d7\valid\images\0003596_jpg.rf.fb768dbf3b0c21cb209ad53652792edc.jpg,16,19,,0.5211652517318726,0.09951363503932953,0.9929949641227722,False,,0.6878840953111649,visually_not_leakage,screened out by combined pHash/dHash and pixel/color metrics; not individually reviewed,449,false
02409ac8366c,d7,train,images/train/d7/d7_0003796_jpg.rf.916d7402212ed19b0ef481cbe6b6f3d0_dcb13b71ba.jpg,D:\lct\datasets\.build_cache\d7\train\images\0003796_jpg.rf.916d7402212ed19b0ef481cbe6b6f3d0.jpg,test,images/test/d7/d7_0000764_jpg.rf.0546c14cf0bc2fe38322d727ae3aea2b_2b81de3ed4.jpg,D:\lct\datasets\.build_cache\d7\test\images\0000764_jpg.rf.0546c14cf0bc2fe38322d727ae3aea2b.jpg,26,12,,0.6997724175453186,0.17989811301231384,0.7153730988502502,False,,0.687214931845665,visually_not_leakage,screened out by combined pHash/dHash and pixel/color metrics; not individually reviewed,450,false
b704806175ed,d7,train,images/train/d7/d7_0001864_jpg.rf.0bb7297ad17eba48860a8688bd9bbb54_1fa171276b.jpg,D:\lct\datasets\.build_cache\d7\train\images\0001864_jpg.rf.0bb7297ad17eba48860a8688bd9bbb54.jpg,val,images/val/d7/d7_0004103_jpg.rf.8bbc0c9158ecad8e342da4e6ec92b518_e32075c8bc.jpg,D:\lct\datasets\.build_cache\d7\test\images\0004103_jpg.rf.8bbc0c9158ecad8e342da4e6ec92b518.jpg,16,36,,0.6908074617385864,0.17859125137329102,0.8008485436439514,False,,0.6870752662420273,visually_not_leakage,screened out by combined pHash/dHash and pixel/color metrics; not individually reviewed,451,false
5f164516b378,d7,train,images/train/d7/d7_0001824_jpg.rf.b81f18e4100a566c1c56bf6e64276df0_9a3600c43f.jpg,D:\lct\datasets\.build_cache\d7\train\images\0001824_jpg.rf.b81f18e4100a566c1c56bf6e64276df0.jpg,test,images/test/d7/d7_0002012_jpg.rf.13205dc4aab5213280e7b69327a2cfdd_88537df76a.jpg,D:\lct\datasets\.build_cache\d7\test\images\0002012_jpg.rf.13205dc4aab5213280e7b69327a2cfdd.jpg,16,30,,0.6833154559135437,0.14331534504890442,0.7263205051422119,False,,0.6869617581367493,visually_not_leakage,screened out by combined pHash/dHash and pixel/color metrics; not individually reviewed,452,false
8d4bf8e13991,d7,train,images/train/d7/d7_0004630_jpg.rf.403c70e456bfce548494059a5842983a_87f7e67cf5.jpg,D:\lct\datasets\.build_cache\d7\train\images\0004630_jpg.rf.403c70e456bfce548494059a5842983a.jpg,val,images/val/d7/d7_0005389_jpg.rf.ad7b1c3916a393d5e3787a4b0f020c7f_a4a40e1535.jpg,D:\lct\datasets\.build_cache\d7\valid\images\0005389_jpg.rf.ad7b1c3916a393d5e3787a4b0f020c7f.jpg,16,20,,0.7162479162216187,0.16910424828529358,0.4790531098842621,False,,0.6864821329712868,visually_not_leakage,screened out by combined pHash/dHash and pixel/color metrics; not individually reviewed,453,false
f5a6a6349a02,d7,train,images/train/d7/d7_0006389_jpg.rf.4b0c82a0c01cbe36c91d50b868e18bce_81614cc64b.jpg,D:\lct\datasets\.build_cache\d7\train\images\0006389_jpg.rf.4b0c82a0c01cbe36c91d50b868e18bce.jpg,val,images/val/d7/d7_0004221_jpg.rf.f8b67292c41fe21ec896052871bc06d8_32a06d6248.jpg,D:\lct\datasets\.build_cache\d7\valid\images\0004221_jpg.rf.f8b67292c41fe21ec896052871bc06d8.jpg,16,21,,0.639851987361908,0.16065314412117004,0.6975483894348145,False,,0.6863543033599853,visually_not_leakage,screened out by combined pHash/dHash and pixel/color metrics; not individually reviewed,454,false
69d8bc509c46,d7,train,images/train/d7/d7_0002325_jpg.rf.86af09e3cf78cb5daaf4771702d2dc54_6706c84876.jpg,D:\lct\datasets\.build_cache\d7\train\images\0002325_jpg.rf.86af09e3cf78cb5daaf4771702d2dc54.jpg,val,images/val/d7/d7_0001778_jpg.rf.c9f0e16890381adb34080eeb711c7a34_cd083b91ee.jpg,D:\lct\datasets\.build_cache\d7\valid\images\0001778_jpg.rf.c9f0e16890381adb34080eeb711c7a34.jpg,16,29,,0.6110345125198364,0.0833342969417572,0.8984758853912354,False,,0.6862164378166199,visually_not_leakage,screened out by combined pHash/dHash and pixel/color metrics; not individually reviewed,455,false
4c212218fd30,d7,train,images/train/d7/d7_0001288_jpg.rf.0e31411fbaa92eb0def1ddf0360ff467_d1b8d4722c.jpg,D:\lct\datasets\.build_cache\d7\train\images\0001288_jpg.rf.0e31411fbaa92eb0def1ddf0360ff467.jpg,val,images/val/d7/d7_0000477_jpg.rf.0dd514d1f572891d344e08d74d9efabe_aa81c95e3c.jpg,D:\lct\datasets\.build_cache\d7\valid\images\0000477_jpg.rf.0dd514d1f572891d344e08d74d9efabe.jpg,14,29,,0.553087592124939,0.11488300561904907,0.9902687668800354,False,,0.6861816018819809,visually_not_leakage,screened out by combined pHash/dHash and pixel/color metrics; not individually reviewed,456,false
c5e3a42b5834,d7,train,images/train/d7/d7_0000313_jpg.rf.e161cf4e8eb6fbc6a023b1337da7760a_eb1c01aaaf.jpg,D:\lct\datasets\.build_cache\d7\train\images\0000313_jpg.rf.e161cf4e8eb6fbc6a023b1337da7760a.jpg,val,images/val/d7/d7_0003181_jpg.rf.ef814fc55d4b89c12603eddba19d3f64_1dacc37b1f.jpg,D:\lct\datasets\.build_cache\d7\valid\images\0003181_jpg.rf.ef814fc55d4b89c12603eddba19d3f64.jpg,16,20,,0.7865686416625977,0.19943034648895264,0.2894304096698761,False,,0.6861670181155205,visually_not_leakage,screened out by combined pHash/dHash and pixel/color metrics; not individually reviewed,457,false
7aa56b7a0284,d7,train,images/train/d7/d7_0005957_jpg.rf.3f8c528b479ab1fd52374c651c756caa_58882b3cf0.jpg,D:\lct\datasets\.build_cache\d7\train\images\0005957_jpg.rf.3f8c528b479ab1fd52374c651c756caa.jpg,val,images/val/d7/d7_0005654_jpg.rf.350f94a2379044c99145844981dbf337_0d35002913.jpg,D:\lct\datasets\.build_cache\d7\valid\images\0005654_jpg.rf.350f94a2379044c99145844981dbf337.jpg,16,31,,0.6895862221717834,0.1410347819328308,0.7181727290153503,False,,0.6859041482210159,visually_not_leakage,screened out by combined pHash/dHash and pixel/color metrics; not individually reviewed,458,false
94855133c367,d7,train,images/train/d7/d7_0000083_jpg.rf.da02b808002a6fc896e20848ffcc61b0_fa64f766a7.jpg,D:\lct\datasets\.build_cache\d7\train\images\0000083_jpg.rf.da02b808002a6fc896e20848ffcc61b0.jpg,val,images/val/d7/d7_0004500_jpg.rf.2455fb6e4dccfae00b6c54a856c51a9b_d62fcc5c5f.jpg,D:\lct\datasets\.build_cache\d7\valid\images\0004500_jpg.rf.2455fb6e4dccfae00b6c54a856c51a9b.jpg,16,23,,0.7670148611068726,0.17198988795280457,0.3859207332134247,False,,0.6857878044247627,visually_not_leakage,screened out by combined pHash/dHash and pixel/color metrics; not individually reviewed,459,false
e68e26f352c1,d7,train,images/train/d7/d7_0004137_jpg.rf.1568aecef3b0de57e615e39fc091ca85_ce88a0453f.jpg,D:\lct\datasets\.build_cache\d7\train\images\0004137_jpg.rf.1568aecef3b0de57e615e39fc091ca85.jpg,test,images/test/d7/d7_0000958_jpg.rf.250aca4e897fff2642fd502ca391aa2d_f90695bd54.jpg,D:\lct\datasets\.build_cache\d7\test\images\0000958_jpg.rf.250aca4e897fff2642fd502ca391aa2d.jpg,16,26,,0.728519082069397,0.12022250890731812,0.5330944657325745,False,,0.6854343026876449,visually_not_leakage,screened out by combined pHash/dHash and pixel/color metrics; not individually reviewed,460,false
63d98b61c8bb,d7,val,images/val/d7/d7_0001146_jpg.rf.3219187a3bcf8da973d4e00716e0e3f7_1342ef260e.jpg,D:\lct\datasets\.build_cache\d7\valid\images\0001146_jpg.rf.3219187a3bcf8da973d4e00716e0e3f7.jpg,test,images/test/d7/d7_0006099_jpg.rf.fe4f31471ad8cb40087676861bc226ed_e9b21a97d4.jpg,D:\lct\datasets\.build_cache\d7\test\images\0006099_jpg.rf.fe4f31471ad8cb40087676861bc226ed.jpg,14,26,,0.7971927523612976,0.2215580940246582,0.2855548858642578,False,,0.6851478338241578,visually_not_leakage,screened out by combined pHash/dHash and pixel/color metrics; not individually reviewed,461,false
6afa91708a16,d7,train,images/train/d7/d7_0001427_jpg.rf.9946f500580c358c4d367b7838cb20fe_baf0656b7f.jpg,D:\lct\datasets\.build_cache\d7\train\images\0001427_jpg.rf.9946f500580c358c4d367b7838cb20fe.jpg,val,images/val/d7/d7_0001069_jpg.rf.c3f3ae7584e170bda9656b4f24486e59_0d37b0d405.jpg,D:\lct\datasets\.build_cache\d7\valid\images\0001069_jpg.rf.c3f3ae7584e170bda9656b4f24486e59.jpg,14,28,,0.7413263916969299,0.1688208431005478,0.46486809849739075,False,,0.6850107714533806,visually_not_leakage,screened out by combined pHash/dHash and pixel/color metrics; not individually reviewed,462,false
2581072aad0b,d7,train,images/train/d7/d7_0005067_jpg.rf.75899d3f219e0916cbc2e1ae07fc1a70_6335dcda53.jpg,D:\lct\datasets\.build_cache\d7\train\images\0005067_jpg.rf.75899d3f219e0916cbc2e1ae07fc1a70.jpg,val,images/val/d7/d7_0000477_jpg.rf.0dd514d1f572891d344e08d74d9efabe_aa81c95e3c.jpg,D:\lct\datasets\.build_cache\d7\valid\images\0000477_jpg.rf.0dd514d1f572891d344e08d74d9efabe.jpg,14,28,,0.543480634689331,0.11701995879411697,0.9907732009887695,False,,0.6847582340240479,visually_not_leakage,screened out by combined pHash/dHash and pixel/color metrics; not individually reviewed,463,false
7af46a4ef6b3,d7,train,images/train/d7/d7_0000437_jpg.rf.6169f3b556b1c3fa23d490bf9979f1bf_14fbf0bf5e.jpg,D:\lct\datasets\.build_cache\d7\train\images\0000437_jpg.rf.6169f3b556b1c3fa23d490bf9979f1bf.jpg,val,images/val/d7/d7_0003743_jpg.rf.8c74cfaeb2c1c108ddadd4db50f5b445_e086d8431c.jpg,D:\lct\datasets\.build_cache\d7\train\images\0003743_jpg.rf.8c74cfaeb2c1c108ddadd4db50f5b445.jpg,14,28,,0.7857024669647217,0.19913259148597717,0.3441140353679657,False,,0.6846480920910835,visually_not_leakage,screened out by combined pHash/dHash and pixel/color metrics; not individually reviewed,464,false
cc92419d8d02,d7,val,images/val/d7/d7_0001623_jpg.rf.38528122193f459e8b8fbdc897901af9_d72c1c8a34.jpg,D:\lct\datasets\.build_cache\d7\valid\images\0001623_jpg.rf.38528122193f459e8b8fbdc897901af9.jpg,test,images/test/d7/d7_0004709_jpg.rf.3dbde85705e32d3128cd36b38c10512b_2656d9bdb6.jpg,D:\lct\datasets\.build_cache\d7\test\images\0004709_jpg.rf.3dbde85705e32d3128cd36b38c10512b.jpg,16,30,,0.8797188401222229,0.17275869846343994,0.18066604435443878,False,,0.683674942702055,visually_not_leakage,screened out by combined pHash/dHash and pixel/color metrics; not individually reviewed,465,false
56605304c748,d7,train,images/train/d7/d7_0004156_jpg.rf.a95b0d7848a3bddefebe6b50c7ba0fb5_20fe7bde9c.jpg,D:\lct\datasets\.build_cache\d7\train\images\0004156_jpg.rf.a95b0d7848a3bddefebe6b50c7ba0fb5.jpg,test,images/test/d7/d7_0003420_jpg.rf.d924429e9f4e136d1eeee1f6d74bb28a_d080a79c61.jpg,D:\lct\datasets\.build_cache\d7\train\images\0003420_jpg.rf.d924429e9f4e136d1eeee1f6d74bb28a.jpg,14,30,,0.6057695150375366,0.12399950623512268,0.8455405831336975,False,,0.6832013934850694,visually_not_leakage,screened out by combined pHash/dHash and pixel/color metrics; not individually reviewed,466,false
6728af8d855d,d7,train,images/train/d7/d7_0004837_jpg.rf.8c9f7ed9acb7d765b921cde8ac15e347_2afbb50035.jpg,D:\lct\datasets\.build_cache\d7\train\images\0004837_jpg.rf.8c9f7ed9acb7d765b921cde8ac15e347.jpg,test,images/test/d7/d7_0001285_jpg.rf.a88c448927940c5923095cc9e8d8a38e_367e7b8465.jpg,D:\lct\datasets\.build_cache\d7\train\images\0001285_jpg.rf.a88c448927940c5923095cc9e8d8a38e.jpg,16,20,,0.5708826184272766,0.1364918351173401,0.84424889087677,False,,0.6831153810024262,visually_not_leakage,screened out by combined pHash/dHash and pixel/color metrics; not individually reviewed,467,false
1c6bff545fe9,d7,train,images/train/d7/d7_0006116_jpg.rf.f568d261ddc2211fc0f46cf8c02b4da5_f251120832.jpg,D:\lct\datasets\.build_cache\d7\train\images\0006116_jpg.rf.f568d261ddc2211fc0f46cf8c02b4da5.jpg,val,images/val/d7/d7_0001174_jpg.rf.8109de2786ec8998b410e21127953b04_b308fdd83b.jpg,D:\lct\datasets\.build_cache\d7\valid\images\0001174_jpg.rf.8109de2786ec8998b410e21127953b04.jpg,16,27,,0.7004043459892273,0.12962622940540314,0.607358455657959,False,,0.6829842567443848,visually_not_leakage,screened out by combined pHash/dHash and pixel/color metrics; not individually reviewed,468,false
738abbc25dc1,d7,train,images/train/d7/d7_0001528_jpg.rf.3f31940b1b57b2c0e7884b0c94022f24_e1c1e08479.jpg,D:\lct\datasets\.build_cache\d7\train\images\0001528_jpg.rf.3f31940b1b57b2c0e7884b0c94022f24.jpg,val,images/val/d7/d7_0004015_jpg.rf.5adf7a73b66a6815695b41dd37c43373_b186860c69.jpg,D:\lct\datasets\.build_cache\d7\valid\images\0004015_jpg.rf.5adf7a73b66a6815695b41dd37c43373.jpg,16,27,,0.6616251468658447,0.11951976269483566,0.7082552909851074,False,,0.682607102394104,visually_not_leakage,screened out by combined pHash/dHash and pixel/color metrics; not individually reviewed,469,false
f3ac978f6685,d7,train,images/train/d7/d7_0002922_jpg.rf.e9eb13838b69e99050d0f254fdb2ea48_2c09967a9c.jpg,D:\lct\datasets\.build_cache\d7\train\images\0002922_jpg.rf.e9eb13838b69e99050d0f254fdb2ea48.jpg,val,images/val/d7/d7_0000803_jpg.rf.39ba0b1f8f0753f649da4aab4ece5f02_c898d3d559.jpg,D:\lct\datasets\.build_cache\d7\valid\images\0000803_jpg.rf.39ba0b1f8f0753f649da4aab4ece5f02.jpg,16,25,,0.8154239058494568,0.1478687822818756,0.2665112614631653,False,,0.6825525015592575,visually_not_leakage,screened out by combined pHash/dHash and pixel/color metrics; not individually reviewed,470,false
463792cb7820,d7,train,images/train/d7/d7_0004925_jpg.rf.7f47a4f4ee688f5b1749e63a663fa8ca_71c26e2593.jpg,D:\lct\datasets\.build_cache\d7\train\images\0004925_jpg.rf.7f47a4f4ee688f5b1749e63a663fa8ca.jpg,val,images/val/d7/d7_0002868_jpg.rf.9ca8d9174690ba9955e647a75aaa4676_483f390d3b.jpg,D:\lct\datasets\.build_cache\d7\train\images\0002868_jpg.rf.9ca8d9174690ba9955e647a75aaa4676.jpg,16,25,,0.6224050521850586,0.1569604128599167,0.7795040607452393,False,,0.6822938799858093,visually_not_leakage,screened out by combined pHash/dHash and pixel/color metrics; not individually reviewed,471,false
de7cd2047e03,d7,train,images/train/d7/d7_0004121_jpg.rf.b958d818c03acfc0b55bdbea4bd73579_306f4d4ee7.jpg,D:\lct\datasets\.build_cache\d7\train\images\0004121_jpg.rf.b958d818c03acfc0b55bdbea4bd73579.jpg,val,images/val/d7/d7_0001138_jpg.rf.458ea3de3b54128a42b232e84c6436e5_d5d4e32dde.jpg,D:\lct\datasets\.build_cache\d7\valid\images\0001138_jpg.rf.458ea3de3b54128a42b232e84c6436e5.jpg,16,26,,0.7800935506820679,0.17271752655506134,0.36613327264785767,False,,0.6810199111700058,visually_not_leakage,screened out by combined pHash/dHash and pixel/color metrics; not individually reviewed,472,false
d5ac7e4d783a,d7,train,images/train/d7/d7_0003625_jpg.rf.44e526cfdbc213edc3fb06892926714f_0bc3b92de9.jpg,D:\lct\datasets\.build_cache\d7\train\images\0003625_jpg.rf.44e526cfdbc213edc3fb06892926714f.jpg,test,images/test/d7/d7_0000817_jpg.rf.1130c81eefaf48bd919eb9f46e233fd2_93428171a9.jpg,D:\lct\datasets\.build_cache\d7\test\images\0000817_jpg.rf.1130c81eefaf48bd919eb9f46e233fd2.jpg,14,22,,0.7561227083206177,0.21896445751190186,0.3019463121891022,False,,0.6805535301566125,visually_not_leakage,screened out by combined pHash/dHash and pixel/color metrics; not individually reviewed,473,false
19daf1f4095e,d7,train,images/train/d7/d7_0004814_jpg.rf.5130a43a665c7fc487bd5bb52f8b9ae5_794ed76ff9.jpg,D:\lct\datasets\.build_cache\d7\train\images\0004814_jpg.rf.5130a43a665c7fc487bd5bb52f8b9ae5.jpg,test,images/test/d7/d7_0000177_jpg.rf.1990b8a0fad144ad7809d96cf7a1c965_73fc625676.jpg,D:\lct\datasets\.build_cache\d7\test\images\0000177_jpg.rf.1990b8a0fad144ad7809d96cf7a1c965.jpg,16,34,,0.6927828788757324,0.16953890025615692,0.7199898958206177,False,,0.6804241359233857,visually_not_leakage,screened out by combined pHash/dHash and pixel/color metrics; not individually reviewed,474,false
054971bb0783,d7,train,images/train/d7/d7_0004327_jpg.rf.1fc127f26293278cca2da9c968bb883a_7e2bc7095f.jpg,D:\lct\datasets\.build_cache\d7\train\images\0004327_jpg.rf.1fc127f26293278cca2da9c968bb883a.jpg,val,images/val/d7/d7_0006223_jpg.rf.e794dd8f8b9aca20a2a80a1114112f9b_4012ab5e3d.jpg,D:\lct\datasets\.build_cache\d7\valid\images\0006223_jpg.rf.e794dd8f8b9aca20a2a80a1114112f9b.jpg,16,22,,0.735091507434845,0.16987401247024536,0.4160020649433136,False,,0.679874412715435,visually_not_leakage,screened out by combined pHash/dHash and pixel/color metrics; not individually reviewed,475,false
6df5954d7f4b,d7,val,images/val/d7/d7_0001758_jpg.rf.e0752b456e10cc149e9160bc5b18219f_463f435a62.jpg,D:\lct\datasets\.build_cache\d7\valid\images\0001758_jpg.rf.e0752b456e10cc149e9160bc5b18219f.jpg,test,images/test/d7/d7_0005382_jpg.rf.b9c13b9e59c8391a518f88040cdc1f40_06b2be75f4.jpg,D:\lct\datasets\.build_cache\d7\test\images\0005382_jpg.rf.b9c13b9e59c8391a518f88040cdc1f40.jpg,16,27,,0.7094373106956482,0.1364765167236328,0.5622771978378296,False,,0.6798352539539337,visually_not_leakage,screened out by combined pHash/dHash and pixel/color metrics; not individually reviewed,476,false
09c4ec5ccfb1,d7,train,images/train/d7/d7_0004533_jpg.rf.065dcb4f90d335c5d9964d81b4d3f5b9_82353d2054.jpg,D:\lct\datasets\.build_cache\d7\train\images\0004533_jpg.rf.065dcb4f90d335c5d9964d81b4d3f5b9.jpg,val,images/val/d7/d7_0004417_jpg.rf.e705bd45978d1ad7e183ab90195e0005_e83b45b029.jpg,D:\lct\datasets\.build_cache\d7\valid\images\0004417_jpg.rf.e705bd45978d1ad7e183ab90195e0005.jpg,16,21,,0.6853485107421875,0.17632123827934265,0.5327309966087341,False,,0.679830303788185,visually_not_leakage,screened out by combined pHash/dHash and pixel/color metrics; not individually reviewed,477,false
caeed3389bbc,d7,train,images/train/d7/d7_0003889_jpg.rf.b42713f6417fbae55741683ca51f2648_d8356935ab.jpg,D:\lct\datasets\.build_cache\d7\train\images\0003889_jpg.rf.b42713f6417fbae55741683ca51f2648.jpg,val,images/val/d7/d7_0004270_jpg.rf.6b050cdeed90a7c95cacbf87e768f3d3_b7ce6849ae.jpg,D:\lct\datasets\.build_cache\d7\valid\images\0004270_jpg.rf.6b050cdeed90a7c95cacbf87e768f3d3.jpg,16,28,,0.6438024640083313,0.12769609689712524,0.7502845525741577,False,,0.6794386684894561,visually_not_leakage,screened out by combined pHash/dHash and pixel/color metrics; not individually reviewed,478,false
ca0ce2fb4794,d7,train,images/train/d7/d7_0003206_jpg.rf.3d667eb11e6d0f2bccef3f6c093de573_b220f4e395.jpg,D:\lct\datasets\.build_cache\d7\train\images\0003206_jpg.rf.3d667eb11e6d0f2bccef3f6c093de573.jpg,test,images/test/d7/d7_0006067_jpg.rf.ac99ffcc359fc1c7918aed16a86baacc_c09b186be1.jpg,D:\lct\datasets\.build_cache\d7\train\images\0006067_jpg.rf.ac99ffcc359fc1c7918aed16a86baacc.jpg,16,27,,0.625505268573761,0.16499406099319458,0.78240567445755,False,,0.6792817085981369,visually_not_leakage,screened out by combined pHash/dHash and pixel/color metrics; not individually reviewed,479,false
ee06153cb420,d7,train,images/train/d7/d7_0004434_jpg.rf.bfdbb70911ba556492584f11584ab13f_29183c62f3.jpg,D:\lct\datasets\.build_cache\d7\train\images\0004434_jpg.rf.bfdbb70911ba556492584f11584ab13f.jpg,test,images/test/d7/d7_0006117_jpg.rf.2d676475a4d672d0f704c68fbb310129_2a3383b046.jpg,D:\lct\datasets\.build_cache\d7\test\images\0006117_jpg.rf.2d676475a4d672d0f704c68fbb310129.jpg,16,28,,0.7354610562324524,0.15499770641326904,0.5009037852287292,False,,0.6786949902772904,visually_not_leakage,screened out by combined pHash/dHash and pixel/color metrics; not individually reviewed,480,false
29315ddcc01a,d7,train,images/train/d7/d7_0001049_jpg.rf.7cea2ffbdbdb985cd37f7fd9fb925e83_99ce76fb43.jpg,D:\lct\datasets\.build_cache\d7\train\images\0001049_jpg.rf.7cea2ffbdbdb985cd37f7fd9fb925e83.jpg,val,images/val/d7/d7_0006215_jpg.rf.8566d05b7c2741f1218d1c87a90d15cf_b2352eca3c.jpg,D:\lct\datasets\.build_cache\d7\valid\images\0006215_jpg.rf.8566d05b7c2741f1218d1c87a90d15cf.jpg,16,29,,0.6314088106155396,0.1439395695924759,0.7920011878013611,False,,0.6783949524164199,visually_not_leakage,screened out by combined pHash/dHash and pixel/color metrics; not individually reviewed,481,false
67ec2e2838d3,d7,train,images/train/d7/d7_0004114_jpg.rf.707f8d85627be26bd53bcdff1fbf4fa4_a18b7d5b11.jpg,D:\lct\datasets\.build_cache\d7\train\images\0004114_jpg.rf.707f8d85627be26bd53bcdff1fbf4fa4.jpg,test,images/test/d7/d7_0005622_jpg.rf.b233fac7b9a9999fbfea2cc2951a6794_b0417b87db.jpg,D:\lct\datasets\.build_cache\d7\test\images\0005622_jpg.rf.b233fac7b9a9999fbfea2cc2951a6794.jpg,14,32,,0.7470519542694092,0.16152919828891754,0.4653302729129791,False,,0.6779953226447105,visually_not_leakage,screened out by combined pHash/dHash and pixel/color metrics; not individually reviewed,482,false
3d17eb72aa3a,d7,train,images/train/d7/d7_0002465_jpg.rf.12c65993fbd12d2d03438b822119a63b_6d08d856d5.jpg,D:\lct\datasets\.build_cache\d7\train\images\0002465_jpg.rf.12c65993fbd12d2d03438b822119a63b.jpg,test,images/test/d7/d7_0004991_jpg.rf.3c1782aa9920adadb427018f260b6980_a6dfafc8ff.jpg,D:\lct\datasets\.build_cache\d7\test\images\0004991_jpg.rf.3c1782aa9920adadb427018f260b6980.jpg,16,23,,0.746738612651825,0.1751091480255127,0.3865791857242584,False,,0.6777760729193687,visually_not_leakage,screened out by combined pHash/dHash and pixel/color metrics; not individually reviewed,483,false
a996b14086ad,d7,train,images/train/d7/d7_0004866_jpg.rf.92839259c805af2befc985be72ce9311_bdd2622e31.jpg,D:\lct\datasets\.build_cache\d7\train\images\0004866_jpg.rf.92839259c805af2befc985be72ce9311.jpg,val,images/val/d7/d7_0001060_jpg.rf.81be1ab79b45dca5968c5c210f1f38ed_aa61ec45d3.jpg,D:\lct\datasets\.build_cache\d7\valid\images\0001060_jpg.rf.81be1ab79b45dca5968c5c210f1f38ed.jpg,16,24,,0.5340390801429749,0.09834176301956177,0.9671526551246643,False,,0.6774385303258895,visually_not_leakage,screened out by combined pHash/dHash and pixel/color metrics; not individually reviewed,484,false
84fb90c7cb80,d7,train,images/train/d7/d7_0005397_jpg.rf.6bca44772021a4fde2ef4fa7ad0c7b53_985a9c0580.jpg,D:\lct\datasets\.build_cache\d7\train\images\0005397_jpg.rf.6bca44772021a4fde2ef4fa7ad0c7b53.jpg,test,images/test/d7/d7_0003163_jpg.rf.860ad50c86567fc503907ab8b92187f7_bdfa176b14.jpg,D:\lct\datasets\.build_cache\d7\test\images\0003163_jpg.rf.860ad50c86567fc503907ab8b92187f7.jpg,16,27,,0.6053619980812073,0.16564413905143738,0.8220069408416748,False,,0.6771645903587341,visually_not_leakage,screened out by combined pHash/dHash and pixel/color metrics; not individually reviewed,485,false
5465a94a424c,d7,train,images/train/d7/d7_0002271_jpg.rf.524b532944e28fa0043fa4d5d3d4ed4e_3d7e708690.jpg,D:\lct\datasets\.build_cache\d7\train\images\0002271_jpg.rf.524b532944e28fa0043fa4d5d3d4ed4e.jpg,test,images/test/d7/d7_0006249_jpg.rf.e2a02ab930f9a8503db0ed91a08634dc_bf9255f368.jpg,D:\lct\datasets\.build_cache\d7\test\images\0006249_jpg.rf.e2a02ab930f9a8503db0ed91a08634dc.jpg,16,22,,0.6017553806304932,0.16571691632270813,0.752470076084137,False,,0.6770101636648178,visually_not_leakage,screened out by combined pHash/dHash and pixel/color metrics; not individually reviewed,486,false
73d8af6f7ad1,d7,train,images/train/d7/d7_0005462_jpg.rf.168f7051e909989a60e6a1ba105e6054_dcb5f6894b.jpg,D:\lct\datasets\.build_cache\d7\train\images\0005462_jpg.rf.168f7051e909989a60e6a1ba105e6054.jpg,test,images/test/d7/d7_0002157_jpg.rf.50d6cdc1e234ffdba8238b82e227689c_e70a7ffc07.jpg,D:\lct\datasets\.build_cache\d7\test\images\0002157_jpg.rf.50d6cdc1e234ffdba8238b82e227689c.jpg,16,24,,0.6421007513999939,0.18710170686244965,0.6749542355537415,False,,0.6768334358930588,visually_not_leakage,screened out by combined pHash/dHash and pixel/color metrics; not individually reviewed,487,false
1e8b730711cd,d7,val,images/val/d7/d7_0002947_jpg.rf.3366891f84d6bfca420c6c83278e1ab2_af440d4dee.jpg,D:\lct\datasets\.build_cache\d7\valid\images\0002947_jpg.rf.3366891f84d6bfca420c6c83278e1ab2.jpg,test,images/test/d7/d7_0002971_jpg.rf.e4925713529680b06fe821d9bfd40946_3aac69b13b.jpg,D:\lct\datasets\.build_cache\d7\test\images\0002971_jpg.rf.e4925713529680b06fe821d9bfd40946.jpg,16,24,,0.72088623046875,0.15382008254528046,0.4596264958381653,False,,0.6760484665632247,visually_not_leakage,screened out by combined pHash/dHash and pixel/color metrics; not individually reviewed,488,false
611578626067,d7,val,images/val/d7/d7_0002161_jpg.rf.ccfa48c55435a1e2732f46116ba3391c_4968a5bac2.jpg,D:\lct\datasets\.build_cache\d7\valid\images\0002161_jpg.rf.ccfa48c55435a1e2732f46116ba3391c.jpg,test,images/test/d7/d7_0001402_jpg.rf.b3a71c10c8ddd2478770d35eade3470a_f7ed65755b.jpg,D:\lct\datasets\.build_cache\d7\test\images\0001402_jpg.rf.b3a71c10c8ddd2478770d35eade3470a.jpg,14,28,,0.7791726589202881,0.1764926165342331,0.30401524901390076,False,,0.6760213509202004,visually_not_leakage,screened out by combined pHash/dHash and pixel/color metrics; not individually reviewed,489,false
4db9f3de1995,d7,train,images/train/d7/d7_0003108_jpg.rf.74800b264dd46b206db4491c76e01a7e_62f363a97a.jpg,D:\lct\datasets\.build_cache\d7\train\images\0003108_jpg.rf.74800b264dd46b206db4491c76e01a7e.jpg,test,images/test/d7/d7_0002417_jpg.rf.e0552bf882aa028938ab3397cd3742c7_d4adf532eb.jpg,D:\lct\datasets\.build_cache\d7\test\images\0002417_jpg.rf.e0552bf882aa028938ab3397cd3742c7.jpg,14,30,,0.6551737189292908,0.17407608032226562,0.6648716926574707,False,,0.675862741470337,visually_not_leakage,screened out by combined pHash/dHash and pixel/color metrics; not individually reviewed,490,false
23fc323833ff,d7,train,images/train/d7/d7_0003378_jpg.rf.c722e407f58796d0d63f45c46cc4e96e_55d3e76e05.jpg,D:\lct\datasets\.build_cache\d7\train\images\0003378_jpg.rf.c722e407f58796d0d63f45c46cc4e96e.jpg,test,images/test/d7/d7_0002075_jpg.rf.c6d9032b98b516b215d5fcaca01a2ac1_7135928f3b.jpg,D:\lct\datasets\.build_cache\d7\test\images\0002075_jpg.rf.c6d9032b98b516b215d5fcaca01a2ac1.jpg,14,25,,0.6318537592887878,0.14217889308929443,0.6470402479171753,False,,0.6755787909030914,visually_not_leakage,screened out by combined pHash/dHash and pixel/color metrics; not individually reviewed,491,false
4d1419a98c26,d7,train,images/train/d7/d7_0006116_jpg.rf.f568d261ddc2211fc0f46cf8c02b4da5_f251120832.jpg,D:\lct\datasets\.build_cache\d7\train\images\0006116_jpg.rf.f568d261ddc2211fc0f46cf8c02b4da5.jpg,val,images/val/d7/d7_0005003_jpg.rf.078782b884fadc406ef4b43bb48e2c31_1621944e00.jpg,D:\lct\datasets\.build_cache\d7\valid\images\0005003_jpg.rf.078782b884fadc406ef4b43bb48e2c31.jpg,16,26,,0.7101539373397827,0.15956266224384308,0.5159156918525696,False,,0.6755114287137985,visually_not_leakage,screened out by combined pHash/dHash and pixel/color metrics; not individually reviewed,492,false
8fd79eda04c4,d7,train,images/train/d7/d7_0001523_jpg.rf.0b6a9fca57bb3fbbba181101134c51bc_ada03cc8dc.jpg,D:\lct\datasets\.build_cache\d7\train\images\0001523_jpg.rf.0b6a9fca57bb3fbbba181101134c51bc.jpg,val,images/val/d7/d7_0002319_jpg.rf.62c8d9fda09f22a4814b4718f4d61be8_d7e8724807.jpg,D:\lct\datasets\.build_cache\d7\valid\images\0002319_jpg.rf.62c8d9fda09f22a4814b4718f4d61be8.jpg,16,30,,0.6583041548728943,0.12623794376850128,0.7148704528808594,False,,0.6752397298812867,visually_not_leakage,screened out by combined pHash/dHash and pixel/color metrics; not individually reviewed,493,false
fcec14ad4e42,d7,train,images/train/d7/d7_0003017_jpg.rf.cb2635af0e2fe75c490f8149dd17bcab_528d77008d.jpg,D:\lct\datasets\.build_cache\d7\train\images\0003017_jpg.rf.cb2635af0e2fe75c490f8149dd17bcab.jpg,val,images/val/d7/d7_0004396_jpg.rf.3dbb9e492d8ccb4c65d8b84b768b1504_d6ee800bd8.jpg,D:\lct\datasets\.build_cache\d7\valid\images\0004396_jpg.rf.3dbb9e492d8ccb4c65d8b84b768b1504.jpg,16,20,,0.7234201431274414,0.16186237335205078,0.38423609733581543,False,,0.6751284718513489,visually_not_leakage,screened out by combined pHash/dHash and pixel/color metrics; not individually reviewed,494,false
56a2d56f31f7,d7,train,images/train/d7/d7_0001354_jpg.rf.f53853194455cc567cbc99e200788dd2_f2d1ef16d2.jpg,D:\lct\datasets\.build_cache\d7\train\images\0001354_jpg.rf.f53853194455cc567cbc99e200788dd2.jpg,val,images/val/d7/d7_0003743_jpg.rf.8c74cfaeb2c1c108ddadd4db50f5b445_e086d8431c.jpg,D:\lct\datasets\.build_cache\d7\train\images\0003743_jpg.rf.8c74cfaeb2c1c108ddadd4db50f5b445.jpg,16,26,,0.6980758905410767,0.1599331796169281,0.5454563498497009,False,,0.6751113086938857,visually_not_leakage,screened out by combined pHash/dHash and pixel/color metrics; not individually reviewed,495,false
0430afd50276,d7,train,images/train/d7/d7_0003701_jpg.rf.284d392bfc3d34b6a91c7ce228485228_ca9ba13e44.jpg,D:\lct\datasets\.build_cache\d7\train\images\0003701_jpg.rf.284d392bfc3d34b6a91c7ce228485228.jpg,val,images/val/d7/d7_0000107_jpg.rf.c7623e7fd6a4278d3be7397aa4ed8a6f_ec747c1b1e.jpg,D:\lct\datasets\.build_cache\d7\valid\images\0000107_jpg.rf.c7623e7fd6a4278d3be7397aa4ed8a6f.jpg,16,23,,0.6463675498962402,0.16860350966453552,0.6323870420455933,False,,0.674498826265335,visually_not_leakage,screened out by combined pHash/dHash and pixel/color metrics; not individually reviewed,496,false
36fb4a6d937c,d7,val,images/val/d7/d7_0002374_jpg.rf.3cad04ca4b3d8a70d91d929286736311_8594552d3e.jpg,D:\lct\datasets\.build_cache\d7\valid\images\0002374_jpg.rf.3cad04ca4b3d8a70d91d929286736311.jpg,test,images/test/d7/d7_0006096_jpg.rf.10a338079f46d2b3b6c751ed803f15dc_5d55ad26f5.jpg,D:\lct\datasets\.build_cache\d7\test\images\0006096_jpg.rf.10a338079f46d2b3b6c751ed803f15dc.jpg,14,20,,0.47542262077331543,0.06770163774490356,0.9767658114433289,False,,0.6741839200258256,visually_not_leakage,screened out by combined pHash/dHash and pixel/color metrics; not individually reviewed,497,false
60a59b4ee3c7,d7,train,images/train/d7/d7_0000795_jpg.rf.f0793e1e62969ad15439fafe135208d5_0e31817d41.jpg,D:\lct\datasets\.build_cache\d7\train\images\0000795_jpg.rf.f0793e1e62969ad15439fafe135208d5.jpg,val,images/val/d7/d7_0004528_jpg.rf.d3cb6c748c0442288373336f9a739570_339ce4bbbf.jpg,D:\lct\datasets\.build_cache\d7\valid\images\0004528_jpg.rf.d3cb6c748c0442288373336f9a739570.jpg,16,27,,0.6214489936828613,0.12588272988796234,0.7570489645004272,False,,0.6738556921482086,visually_not_leakage,screened out by combined pHash/dHash and pixel/color metrics; not individually reviewed,498,false
cfd58cd1cd8b,d7,train,images/train/d7/d7_0004156_jpg.rf.a95b0d7848a3bddefebe6b50c7ba0fb5_20fe7bde9c.jpg,D:\lct\datasets\.build_cache\d7\train\images\0004156_jpg.rf.a95b0d7848a3bddefebe6b50c7ba0fb5.jpg,test,images/test/d7/d7_0003521_jpg.rf.03b3fd4402d164ec91b5a92264a32639_e78e396dad.jpg,D:\lct\datasets\.build_cache\d7\test\images\0003521_jpg.rf.03b3fd4402d164ec91b5a92264a32639.jpg,16,30,,0.6134036183357239,0.12149682641029358,0.8251449465751648,False,,0.6738206893205643,visually_not_leakage,screened out by combined pHash/dHash and pixel/color metrics; not individually reviewed,499,false
44b6e626a872,d7,train,images/train/d7/d7_0006116_jpg.rf.f568d261ddc2211fc0f46cf8c02b4da5_f251120832.jpg,D:\lct\datasets\.build_cache\d7\train\images\0006116_jpg.rf.f568d261ddc2211fc0f46cf8c02b4da5.jpg,val,images/val/d7/d7_0002730_jpg.rf.d75ac20af3cf22146417133853614db3_7a8a204c4f.jpg,D:\lct\datasets\.build_cache\d7\valid\images\0002730_jpg.rf.d75ac20af3cf22146417133853614db3.jpg,16,29,,0.7388984560966492,0.14108264446258545,0.4747125506401062,False,,0.6737975150346756,visually_not_leakage,screened out by combined pHash/dHash and pixel/color metrics; not individually reviewed,500,false
c820e6db2a0f,d7,train,images/train/d7/d7_0000243_jpg.rf.5d1079fd8da39d7272340b4fbcf26942_b0c10f3442.jpg,D:\lct\datasets\.build_cache\d7\train\images\0000243_jpg.rf.5d1079fd8da39d7272340b4fbcf26942.jpg,val,images/val/d7/d7_0000106_jpg.rf.00b9deefa28a820330afedae0d9b895a_ea7bd8a1bb.jpg,D:\lct\datasets\.build_cache\d7\valid\images\0000106_jpg.rf.00b9deefa28a820330afedae0d9b895a.jpg,12,24,,0.6297258734703064,0.13575845956802368,0.5622990727424622,False,,0.6737352102994918,visually_not_leakage,screened out by combined pHash/dHash and pixel/color metrics; not individually reviewed,501,false
9b025404a1ed,d7,train,images/train/d7/d7_0005286_jpg.rf.23068ff0dea0d0dc4825fbc8743a8235_f166bb52de.jpg,D:\lct\datasets\.build_cache\d7\train\images\0005286_jpg.rf.23068ff0dea0d0dc4825fbc8743a8235.jpg,val,images/val/d7/d7_0002925_jpg.rf.fec589895fe5273287f5942c00a3f025_59b38714d3.jpg,D:\lct\datasets\.build_cache\d7\valid\images\0002925_jpg.rf.fec589895fe5273287f5942c00a3f025.jpg,16,30,,0.6630603075027466,0.13280005753040314,0.6909420490264893,False,,0.673552930355072,visually_not_leakage,screened out by combined pHash/dHash and pixel/color metrics; not individually reviewed,502,false
5ae663f42511,d7,train,images/train/d7/d7_0001331_jpg.rf.97cf9ddaa567ce76cd156372a39a5b1a_fb814b46bd.jpg,D:\lct\datasets\.build_cache\d7\train\images\0001331_jpg.rf.97cf9ddaa567ce76cd156372a39a5b1a.jpg,val,images/val/d7/d7_0004055_jpg.rf.0af3860db7fc5189f251a68e41a9ad0a_1200f682d3.jpg,D:\lct\datasets\.build_cache\d7\valid\images\0004055_jpg.rf.0af3860db7fc5189f251a68e41a9ad0a.jpg,10,20,,0.5521422624588013,0.19832739233970642,0.6428319811820984,False,,0.6735317021608352,visually_not_leakage,screened out by combined pHash/dHash and pixel/color metrics; not individually reviewed,503,false
097531fdc1e9,d7,val,images/val/d7/d7_0005678_jpg.rf.d7912dbdbe43a8a18a76a9d708fc5637_2ad14cc52a.jpg,D:\lct\datasets\.build_cache\d7\valid\images\0005678_jpg.rf.d7912dbdbe43a8a18a76a9d708fc5637.jpg,test,images/test/d7/d7_0000198_jpg.rf.c48999385ca1bc53ded8febce9492434_802f96a3a5.jpg,D:\lct\datasets\.build_cache\d7\test\images\0000198_jpg.rf.c48999385ca1bc53ded8febce9492434.jpg,16,39,,0.7599890828132629,0.12023207545280457,0.5703421235084534,False,,0.6731407016515731,visually_not_leakage,screened out by combined pHash/dHash and pixel/color metrics; not individually reviewed,504,false
aa48160a3fe4,d7,train,images/train/d7/d7_0006047_jpg.rf.dd8d4a85888172977df3276933124cc6_7b51addf00.jpg,D:\lct\datasets\.build_cache\d7\train\images\0006047_jpg.rf.dd8d4a85888172977df3276933124cc6.jpg,test,images/test/d7/d7_0002521_jpg.rf.de15e4c4c91f632a06703509f5704cbc_aab97dc103.jpg,D:\lct\datasets\.build_cache\d7\test\images\0002521_jpg.rf.de15e4c4c91f632a06703509f5704cbc.jpg,14,27,,0.53952956199646,0.1468931883573532,0.9022417068481445,False,,0.6722418308258057,visually_not_leakage,screened out by combined pHash/dHash and pixel/color metrics; not individually reviewed,505,false
a190df8cc377,d7,train,images/train/d7/d7_0000108_jpg.rf.fa7995f419efa6c5d1d83a58bdacab08_aaaf0e5310.jpg,D:\lct\datasets\.build_cache\d7\train\images\0000108_jpg.rf.fa7995f419efa6c5d1d83a58bdacab08.jpg,test,images/test/d7/d7_0003055_jpg.rf.c6eb0859611c7ce340257a0708dd5fc3_bdf855598d.jpg,D:\lct\datasets\.build_cache\d7\test\images\0003055_jpg.rf.c6eb0859611c7ce340257a0708dd5fc3.jpg,16,32,,0.6633461117744446,0.13858762383460999,0.7117390632629395,False,,0.6720993041992187,visually_not_leakage,screened out by combined pHash/dHash and pixel/color metrics; not individually reviewed,506,false
5a9e522ca909,d7,train,images/train/d7/d7_0004274_jpg.rf.64ba8f01e7348396a55609043cf8ed60_5fd67cf116.jpg,D:\lct\datasets\.build_cache\d7\train\images\0004274_jpg.rf.64ba8f01e7348396a55609043cf8ed60.jpg,val,images/val/d7/d7_0001540_jpg.rf.2f13338ef7871ddcad540b6435b72e99_74ffa21956.jpg,D:\lct\datasets\.build_cache\d7\train\images\0001540_jpg.rf.2f13338ef7871ddcad540b6435b72e99.jpg,16,31,,0.7117983102798462,0.17450788617134094,0.564521074295044,False,,0.6717412352561951,visually_not_leakage,screened out by combined pHash/dHash and pixel/color metrics; not individually reviewed,507,false
7350ff4646e1,d7,train,images/train/d7/d7_0002962_jpg.rf.954b1366b898b720e1d4592c600263d2_56eb90a1a5.jpg,D:\lct\datasets\.build_cache\d7\train\images\0002962_jpg.rf.954b1366b898b720e1d4592c600263d2.jpg,val,images/val/d7/d7_0005558_jpg.rf.243ee5cbbaafe82b682890971908d04c_aa7583fdfd.jpg,D:\lct\datasets\.build_cache\d7\valid\images\0005558_jpg.rf.243ee5cbbaafe82b682890971908d04c.jpg,16,24,,0.5905282497406006,0.17633751034736633,0.7780411839485168,False,,0.6716674774885177,visually_not_leakage,screened out by combined pHash/dHash and pixel/color metrics; not individually reviewed,508,false
ca1ab48458e2,d7,train,images/train/d7/d7_0002911_jpg.rf.71528bf2a52ef3c310bbbb4cf65393db_e25afbc4db.jpg,D:\lct\datasets\.build_cache\d7\train\images\0002911_jpg.rf.71528bf2a52ef3c310bbbb4cf65393db.jpg,val,images/val/d7/d7_0000828_jpg.rf.79d8267755fee68bc5e7dd28bf156960_045b1d8773.jpg,D:\lct\datasets\.build_cache\d7\valid\images\0000828_jpg.rf.79d8267755fee68bc5e7dd28bf156960.jpg,16,28,,0.7059288024902344,0.15182100236415863,0.5310111045837402,False,,0.6713981866836547,visually_not_leakage,screened out by combined pHash/dHash and pixel/color metrics; not individually reviewed,509,false
be2563a00424,d7,val,images/val/d7/d7_0005824_jpg.rf.6608fc39e634c00d94af93c0ca5ceeca_07a4ad732f.jpg,D:\lct\datasets\.build_cache\d7\valid\images\0005824_jpg.rf.6608fc39e634c00d94af93c0ca5ceeca.jpg,test,images/test/d7/d7_0002557_jpg.rf.463bf11ae4a1cbe7920db9854548465b_a6edff62db.jpg,D:\lct\datasets\.build_cache\d7\train\images\0002557_jpg.rf.463bf11ae4a1cbe7920db9854548465b.jpg,16,30,,0.584509015083313,0.13181200623512268,0.8855892419815063,False,,0.6713294923305511,visually_not_leakage,screened out by combined pHash/dHash and pixel/color metrics; not individually reviewed,510,false
23d2103a9b50,d7,train,images/train/d7/d7_0004314_jpg.rf.37f7f5472d673861f56065773b90d0ec_0f95e4f6e9.jpg,D:\lct\datasets\.build_cache\d7\train\images\0004314_jpg.rf.37f7f5472d673861f56065773b90d0ec.jpg,test,images/test/d7/d7_0002149_jpg.rf.26c1c88a1ef6d16a9063e0b20f89964d_7ba1a3e432.jpg,D:\lct\datasets\.build_cache\d7\test\images\0002149_jpg.rf.26c1c88a1ef6d16a9063e0b20f89964d.jpg,16,25,,0.6415404677391052,0.1595071256160736,0.6509300470352173,False,,0.6706619441509246,visually_not_leakage,screened out by combined pHash/dHash and pixel/color metrics; not individually reviewed,511,false
e5930fdf57ec,d7,train,images/train/d7/d7_0004559_jpg.rf.9d9ae40a64ce444ae822f6c74d9c66d3_ca7a5f967b.jpg,D:\lct\datasets\.build_cache\d7\train\images\0004559_jpg.rf.9d9ae40a64ce444ae822f6c74d9c66d3.jpg,test,images/test/d7/d7_0003084_jpg.rf.237c626ea68c40df4686c70d9940424b_45485e048d.jpg,D:\lct\datasets\.build_cache\d7\test\images\0003084_jpg.rf.237c626ea68c40df4686c70d9940424b.jpg,16,29,,0.6436415910720825,0.16451728343963623,0.7036862969398499,False,,0.6700408309698105,visually_not_leakage,screened out by combined pHash/dHash and pixel/color metrics; not individually reviewed,512,false
0bf9365964a5,d7,train,images/train/d7/d7_0002089_jpg.rf.57fdfe97ae686fc74f3b62615c6b7334_5a74ef61fd.jpg,D:\lct\datasets\.build_cache\d7\train\images\0002089_jpg.rf.57fdfe97ae686fc74f3b62615c6b7334.jpg,val,images/val/d7/d7_0003762_jpg.rf.cebf573ca100c7e140f62d4edb3d703e_d5d830005a.jpg,D:\lct\datasets\.build_cache\d7\valid\images\0003762_jpg.rf.cebf573ca100c7e140f62d4edb3d703e.jpg,16,22,,0.5806596279144287,0.15131165087223053,0.759200930595398,False,,0.6695814907550811,visually_not_leakage,screened out by combined pHash/dHash and pixel/color metrics; not individually reviewed,513,false
e046b335ea0b,d7,train,images/train/d7/d7_0001427_jpg.rf.9946f500580c358c4d367b7838cb20fe_baf0656b7f.jpg,D:\lct\datasets\.build_cache\d7\train\images\0001427_jpg.rf.9946f500580c358c4d367b7838cb20fe.jpg,val,images/val/d7/d7_0002668_jpg.rf.9da450bbaeb2dae7b42d8e79233d3f1e_46ae1ad435.jpg,D:\lct\datasets\.build_cache\d7\valid\images\0002668_jpg.rf.9da450bbaeb2dae7b42d8e79233d3f1e.jpg,16,34,,0.7339082956314087,0.14600759744644165,0.5369703769683838,False,,0.669421374797821,visually_not_leakage,screened out by combined pHash/dHash and pixel/color metrics; not individually reviewed,514,false
86e828cea57b,d7,train,images/train/d7/d7_0003874_jpg.rf.7c56eb4d19f08994a8b7482cefa7d3fa_8824649d38.jpg,D:\lct\datasets\.build_cache\d7\train\images\0003874_jpg.rf.7c56eb4d19f08994a8b7482cefa7d3fa.jpg,val,images/val/d7/d7_0004226_jpg.rf.cdd3d5a8c9be20888097da74ef6d723a_019830a072.jpg,D:\lct\datasets\.build_cache\d7\valid\images\0004226_jpg.rf.cdd3d5a8c9be20888097da74ef6d723a.jpg,16,26,,0.6048948168754578,0.15359318256378174,0.7551161646842957,False,,0.6692878514528275,visually_not_leakage,screened out by combined pHash/dHash and pixel/color metrics; not individually reviewed,515,false
67534e8daf96,d7,val,images/val/d7/d7_0001823_jpg.rf.190747221757633a9a9c70d1e1f78022_e8bb97ff19.jpg,D:\lct\datasets\.build_cache\d7\valid\images\0001823_jpg.rf.190747221757633a9a9c70d1e1f78022.jpg,test,images/test/d7/d7_0002113_jpg.rf.59dc01b44375c0b1edaffbfe90987249_773bddb259.jpg,D:\lct\datasets\.build_cache\d7\train\images\0002113_jpg.rf.59dc01b44375c0b1edaffbfe90987249.jpg,16,28,,0.658923327922821,0.1347474455833435,0.6332327723503113,False,,0.6679292470216751,visually_not_leakage,screened out by combined pHash/dHash and pixel/color metrics; not individually reviewed,516,false
fe54209316ef,d7,train,images/train/d7/d7_0005975_jpg.rf.b7e0ba5e2a8c449e1330bbd84d38f3c0_409dff8b57.jpg,D:\lct\datasets\.build_cache\d7\train\images\0005975_jpg.rf.b7e0ba5e2a8c449e1330bbd84d38f3c0.jpg,test,images/test/d7/d7_0001565_jpg.rf.ab039224902cf08ffcee9ee327e6141b_8f8b5addac.jpg,D:\lct\datasets\.build_cache\d7\test\images\0001565_jpg.rf.ab039224902cf08ffcee9ee327e6141b.jpg,14,26,,0.7334880828857422,0.15197321772575378,0.3376392424106598,False,,0.6674786195158958,visually_not_leakage,screened out by combined pHash/dHash and pixel/color metrics; not individually reviewed,517,false
ee832a63b48c,d7,train,images/train/d7/d7_0004996_jpg.rf.25afd5d8f39587fca33b1ef92addeeac_40aca1ab8e.jpg,D:\lct\datasets\.build_cache\d7\train\images\0004996_jpg.rf.25afd5d8f39587fca33b1ef92addeeac.jpg,test,images/test/d7/d7_0006117_jpg.rf.2d676475a4d672d0f704c68fbb310129_2a3383b046.jpg,D:\lct\datasets\.build_cache\d7\test\images\0006117_jpg.rf.2d676475a4d672d0f704c68fbb310129.jpg,14,27,,0.7364317774772644,0.1790986955165863,0.34453505277633667,False,,0.6673467189073562,visually_not_leakage,screened out by combined pHash/dHash and pixel/color metrics; not individually reviewed,518,false
537136a8115c,d7,train,images/train/d7/d7_0003932_jpg.rf.31917180c47eb04b4e90f3d5b39627f5_ac1503fb32.jpg,D:\lct\datasets\.build_cache\d7\train\images\0003932_jpg.rf.31917180c47eb04b4e90f3d5b39627f5.jpg,test,images/test/d7/d7_0001565_jpg.rf.ab039224902cf08ffcee9ee327e6141b_8f8b5addac.jpg,D:\lct\datasets\.build_cache\d7\test\images\0001565_jpg.rf.ab039224902cf08ffcee9ee327e6141b.jpg,16,23,,0.6414464712142944,0.13884229958057404,0.5977346897125244,False,,0.6673325419425964,visually_not_leakage,screened out by combined pHash/dHash and pixel/color metrics; not individually reviewed,519,false
970a4d1b43e0,d7,train,images/train/d7/d7_0003957_jpg.rf.df8203c6340f6f36927cd98fa952a22e_f2530ad95a.jpg,D:\lct\datasets\.build_cache\d7\valid\images\0003957_jpg.rf.df8203c6340f6f36927cd98fa952a22e.jpg,val,images/val/d7/d7_0004483_jpg.rf.331f99c9a05ad6f5ee3dbf17884beb50_2d083ebb24.jpg,D:\lct\datasets\.build_cache\d7\valid\images\0004483_jpg.rf.331f99c9a05ad6f5ee3dbf17884beb50.jpg,16,25,,0.5186619162559509,0.0738941878080368,0.9561333060264587,False,,0.6672910124063491,visually_not_leakage,screened out by combined pHash/dHash and pixel/color metrics; not individually reviewed,520,false
8344aa08dabd,d7,train,images/train/d7/d7_0001291_jpg.rf.f4a3bc808dd331dfd5cdb195ce0aa136_dbb5e82f0d.jpg,D:\lct\datasets\.build_cache\d7\train\images\0001291_jpg.rf.f4a3bc808dd331dfd5cdb195ce0aa136.jpg,val,images/val/d7/d7_0003147_jpg.rf.ff9a291b5992289ada68e1774c65b84c_ac16388cbb.jpg,D:\lct\datasets\.build_cache\d7\valid\images\0003147_jpg.rf.ff9a291b5992289ada68e1774c65b84c.jpg,16,32,,0.6419323086738586,0.10690296441316605,0.7367799878120422,False,,0.6672899216413498,visually_not_leakage,screened out by combined pHash/dHash and pixel/color metrics; not individually reviewed,521,false
d5855ed14494,d7,train,images/train/d7/d7_0004853_jpg.rf.4c286a1ca2108d36f595d3c71178eefd_fbbfb33abf.jpg,D:\lct\datasets\.build_cache\d7\train\images\0004853_jpg.rf.4c286a1ca2108d36f595d3c71178eefd.jpg,val,images/val/d7/d7_0002947_jpg.rf.3366891f84d6bfca420c6c83278e1ab2_af440d4dee.jpg,D:\lct\datasets\.build_cache\d7\valid\images\0002947_jpg.rf.3366891f84d6bfca420c6c83278e1ab2.jpg,16,24,,0.7252171039581299,0.17467352747917175,0.3871307671070099,False,,0.6669064566493034,visually_not_leakage,screened out by combined pHash/dHash and pixel/color metrics; not individually reviewed,522,false
a2d05d93aa4c,d7,train,images/train/d7/d7_0004156_jpg.rf.a95b0d7848a3bddefebe6b50c7ba0fb5_20fe7bde9c.jpg,D:\lct\datasets\.build_cache\d7\train\images\0004156_jpg.rf.a95b0d7848a3bddefebe6b50c7ba0fb5.jpg,test,images/test/d7/d7_0001982_jpg.rf.73c55136727b0c7bc89cb6befce33538_c99e2ef104.jpg,D:\lct\datasets\.build_cache\d7\test\images\0001982_jpg.rf.73c55136727b0c7bc89cb6befce33538.jpg,16,27,,0.5883747935295105,0.1299421787261963,0.795699417591095,False,,0.6664235800504684,visually_not_leakage,screened out by combined pHash/dHash and pixel/color metrics; not individually reviewed,523,false
8456bb24ef2f,d7,train,images/train/d7/d7_0004567_jpg.rf.a821e3798ccf76934ceb7f2fb0ea32fc_a5c949a307.jpg,D:\lct\datasets\.build_cache\d7\train\images\0004567_jpg.rf.a821e3798ccf76934ceb7f2fb0ea32fc.jpg,val,images/val/d7/d7_0001705_jpg.rf.0e2568d0af368a0f285f9852f5658637_35590f9a3d.jpg,D:\lct\datasets\.build_cache\d7\valid\images\0001705_jpg.rf.0e2568d0af368a0f285f9852f5658637.jpg,14,23,,0.5721117258071899,0.16296817362308502,0.7127808332443237,False,,0.6662305653095245,visually_not_leakage,screened out by combined pHash/dHash and pixel/color metrics; not individually reviewed,524,false
183bce0e4534,d7,val,images/val/d7/d7_0002164_jpg.rf.409b3ad011eabc830ed5d9fd74cf9e01_673c97fb26.jpg,D:\lct\datasets\.build_cache\d7\valid\images\0002164_jpg.rf.409b3ad011eabc830ed5d9fd74cf9e01.jpg,test,images/test/d7/d7_0004832_jpg.rf.39c46eee6f8cc3eda00171839680cead_9db545b0f0.jpg,D:\lct\datasets\.build_cache\d7\test\images\0004832_jpg.rf.39c46eee6f8cc3eda00171839680cead.jpg,16,27,,0.7581045627593994,0.15481004118919373,0.34042322635650635,False,,0.6660240590572357,visually_not_leakage,screened out by combined pHash/dHash and pixel/color metrics; not individually reviewed,525,false
d1b94e5e3148,d7,train,images/train/d7/d7_0003745_jpg.rf.dd9a7802ae4f45ef4e8dc6a6aa40b8f5_56c7dbdd9c.jpg,D:\lct\datasets\.build_cache\d7\train\images\0003745_jpg.rf.dd9a7802ae4f45ef4e8dc6a6aa40b8f5.jpg,val,images/val/d7/d7_0002765_jpg.rf.b28766e3f1bc192609747a64c30f410c_1be40c99a3.jpg,D:\lct\datasets\.build_cache\d7\valid\images\0002765_jpg.rf.b28766e3f1bc192609747a64c30f410c.jpg,16,24,,0.5992051959037781,0.17174765467643738,0.7170976400375366,False,,0.6659967243671417,visually_not_leakage,screened out by combined pHash/dHash and pixel/color metrics; not individually reviewed,526,false
befb74e09983,d7,train,images/train/d7/d7_0001840_jpg.rf.654392879456dd77c29dfa5ede1313ff_456ac76076.jpg,D:\lct\datasets\.build_cache\d7\train\images\0001840_jpg.rf.654392879456dd77c29dfa5ede1313ff.jpg,val,images/val/d7/d7_0006197_jpg.rf.d8c383798707f360b5d0399da8846108_f2881a678f.jpg,D:\lct\datasets\.build_cache\d7\valid\images\0006197_jpg.rf.d8c383798707f360b5d0399da8846108.jpg,16,24,,0.5974074602127075,0.15591779351234436,0.7205632925033569,False,,0.6657974779605865,visually_not_leakage,screened out by combined pHash/dHash and pixel/color metrics; not individually reviewed,527,false
e1f80100c41c,d7,train,images/train/d7/d7_0001864_jpg.rf.0bb7297ad17eba48860a8688bd9bbb54_1fa171276b.jpg,D:\lct\datasets\.build_cache\d7\train\images\0001864_jpg.rf.0bb7297ad17eba48860a8688bd9bbb54.jpg,val,images/val/d7/d7_0005928_jpg.rf.686408e3676c72d9f88e9983b22575ea_fdcde4667c.jpg,D:\lct\datasets\.build_cache\d7\valid\images\0005928_jpg.rf.686408e3676c72d9f88e9983b22575ea.jpg,16,32,,0.6266351342201233,0.15000766515731812,0.7658212780952454,False,,0.6655272454023361,visually_not_leakage,screened out by combined pHash/dHash and pixel/color metrics; not individually reviewed,528,false
be7e375fd756,d7,train,images/train/d7/d7_0004052_jpg.rf.c3e3f08880e8890c889f5935c5259279_a012436bef.jpg,D:\lct\datasets\.build_cache\d7\train\images\0004052_jpg.rf.c3e3f08880e8890c889f5935c5259279.jpg,test,images/test/d7/d7_0002157_jpg.rf.50d6cdc1e234ffdba8238b82e227689c_e70a7ffc07.jpg,D:\lct\datasets\.build_cache\d7\test\images\0002157_jpg.rf.50d6cdc1e234ffdba8238b82e227689c.jpg,16,24,,0.5619440674781799,0.15672200918197632,0.8124336004257202,False,,0.66539266705513,visually_not_leakage,screened out by combined pHash/dHash and pixel/color metrics; not individually reviewed,529,false
ea321e1404de,d7,train,images/train/d7/d7_0004496_jpg.rf.228b61b9e79603dca3860589354edefd_d2472c7a4b.jpg,D:\lct\datasets\.build_cache\d7\train\images\0004496_jpg.rf.228b61b9e79603dca3860589354edefd.jpg,val,images/val/d7/d7_0000222_jpg.rf.2383c54f37e8b8189048d05980e47eb9_ce8b9b4108.jpg,D:\lct\datasets\.build_cache\d7\train\images\0000222_jpg.rf.2383c54f37e8b8189048d05980e47eb9.jpg,16,26,,0.6122671365737915,0.1394674926996231,0.7093769311904907,False,,0.6653758943080902,visually_not_leakage,screened out by combined pHash/dHash and pixel/color metrics; not individually reviewed,530,false
9a0904a59e14,d7,train,images/train/d7/d7_0006225_jpg.rf.f8ba3a4f20cc014bada30351e3eafbe8_767a0ddd5c.jpg,D:\lct\datasets\.build_cache\d7\train\images\0006225_jpg.rf.f8ba3a4f20cc014bada30351e3eafbe8.jpg,val,images/val/d7/d7_0006072_jpg.rf.cfdee3786d36c44c2dcfd479ea9e9e5a_0574b07770.jpg,D:\lct\datasets\.build_cache\d7\valid\images\0006072_jpg.rf.cfdee3786d36c44c2dcfd479ea9e9e5a.jpg,16,23,,0.6090965867042542,0.16326403617858887,0.6686272621154785,False,,0.6650264739990234,visually_not_leakage,screened out by combined pHash/dHash and pixel/color metrics; not individually reviewed,531,false
808d435064ef,d7,train,images/train/d7/d7_0000420_jpg.rf.e22acdd9c1a69ad4952bda435f5cfdb4_a5aa6cac4a.jpg,D:\lct\datasets\.build_cache\d7\valid\images\0000420_jpg.rf.e22acdd9c1a69ad4952bda435f5cfdb4.jpg,test,images/test/d7/d7_0000341_jpg.rf.0fe1d4072f461e020bc2ce8ec18ae5dd_06449d1755.jpg,D:\lct\datasets\.build_cache\d7\train\images\0000341_jpg.rf.0fe1d4072f461e020bc2ce8ec18ae5dd.jpg,16,29,,0.5830188989639282,0.1430845856666565,0.83097904920578,False,,0.6648856669664382,visually_not_leakage,screened out by combined pHash/dHash and pixel/color metrics; not individually reviewed,532,false
f9de2d7e4127,d7,train,images/train/d7/d7_0004289_jpg.rf.58b0b39210559542152443d4a3ba5688_aa4690c367.jpg,D:\lct\datasets\.build_cache\d7\train\images\0004289_jpg.rf.58b0b39210559542152443d4a3ba5688.jpg,val,images/val/d7/d7_0004483_jpg.rf.331f99c9a05ad6f5ee3dbf17884beb50_2d083ebb24.jpg,D:\lct\datasets\.build_cache\d7\valid\images\0004483_jpg.rf.331f99c9a05ad6f5ee3dbf17884beb50.jpg,16,22,,0.4936023950576782,0.07510244101285934,0.9555067420005798,False,,0.6642044693231582,visually_not_leakage,screened out by combined pHash/dHash and pixel/color metrics; not individually reviewed,533,false
b719233b0271,d7,train,images/train/d7/d7_0004142_jpg.rf.dd616fca39d58988b3707c41efc9eff0_a7c68c1027.jpg,D:\lct\datasets\.build_cache\d7\test\images\0004142_jpg.rf.dd616fca39d58988b3707c41efc9eff0.jpg,val,images/val/d7/d7_0004483_jpg.rf.331f99c9a05ad6f5ee3dbf17884beb50_2d083ebb24.jpg,D:\lct\datasets\.build_cache\d7\valid\images\0004483_jpg.rf.331f99c9a05ad6f5ee3dbf17884beb50.jpg,16,24,,0.5037293434143066,0.07439203560352325,0.9572979211807251,False,,0.6638364255428314,visually_not_leakage,screened out by combined pHash/dHash and pixel/color metrics; not individually reviewed,534,false
07bdcb73ebc4,d7,train,images/train/d7/d7_0001635_jpg.rf.baa6c57101f94bf0fccb1973785e9ae6_b0834d733a.jpg,D:\lct\datasets\.build_cache\d7\train\images\0001635_jpg.rf.baa6c57101f94bf0fccb1973785e9ae6.jpg,val,images/val/d7/d7_0002164_jpg.rf.409b3ad011eabc830ed5d9fd74cf9e01_673c97fb26.jpg,D:\lct\datasets\.build_cache\d7\valid\images\0002164_jpg.rf.409b3ad011eabc830ed5d9fd74cf9e01.jpg,16,26,,0.5574988126754761,0.15501686930656433,0.844914436340332,False,,0.6637991905212401,visually_not_leakage,screened out by combined pHash/dHash and pixel/color metrics; not individually reviewed,535,false
1be9057318c0,d7,train,images/train/d7/d7_0003144_jpg.rf.d35e7afbea26a5ab4fb82509fe177b29_725f81644e.jpg,D:\lct\datasets\.build_cache\d7\train\images\0003144_jpg.rf.d35e7afbea26a5ab4fb82509fe177b29.jpg,test,images/test/d7/d7_0006067_jpg.rf.ac99ffcc359fc1c7918aed16a86baacc_c09b186be1.jpg,D:\lct\datasets\.build_cache\d7\train\images\0006067_jpg.rf.ac99ffcc359fc1c7918aed16a86baacc.jpg,16,30,,0.6419873237609863,0.17707088589668274,0.6814488768577576,False,,0.6636997610330582,visually_not_leakage,screened out by combined pHash/dHash and pixel/color metrics; not individually reviewed,536,false
d3738f5a8f0a,d7,train,images/train/d7/d7_0001365_jpg.rf.437be0790772ca1137b1ae2f6f74c93f_ca0d09f44a.jpg,D:\lct\datasets\.build_cache\d7\train\images\0001365_jpg.rf.437be0790772ca1137b1ae2f6f74c93f.jpg,val,images/val/d7/d7_0004483_jpg.rf.331f99c9a05ad6f5ee3dbf17884beb50_2d083ebb24.jpg,D:\lct\datasets\.build_cache\d7\valid\images\0004483_jpg.rf.331f99c9a05ad6f5ee3dbf17884beb50.jpg,16,24,,0.5035833120346069,0.07491670548915863,0.9558134078979492,False,,0.6635553359985351,visually_not_leakage,screened out by combined pHash/dHash and pixel/color metrics; not individually reviewed,537,false
4e19f1d8d192,d7,train,images/train/d7/d7_0002798_jpg.rf.e12f1ddd699345f0594a581f72d5babf_f283b444c4.jpg,D:\lct\datasets\.build_cache\d7\train\images\0002798_jpg.rf.e12f1ddd699345f0594a581f72d5babf.jpg,val,images/val/d7/d7_0006087_jpg.rf.e8691d741dc3d570a335f717d6fe1a85_eaca3c7952.jpg,D:\lct\datasets\.build_cache\d7\valid\images\0006087_jpg.rf.e8691d741dc3d570a335f717d6fe1a85.jpg,14,32,,0.644382655620575,0.12175054103136063,0.6423906087875366,False,,0.6634866535663605,visually_not_leakage,screened out by combined pHash/dHash and pixel/color metrics; not individually reviewed,538,false
cd4717dbd15f,d7,train,images/train/d7/d7_0002413_jpg.rf.9d9093315db1b28fa1f348326b908ad4_e253fbaeb5.jpg,D:\lct\datasets\.build_cache\d7\train\images\0002413_jpg.rf.9d9093315db1b28fa1f348326b908ad4.jpg,test,images/test/d7/d7_0003521_jpg.rf.03b3fd4402d164ec91b5a92264a32639_e78e396dad.jpg,D:\lct\datasets\.build_cache\d7\test\images\0003521_jpg.rf.03b3fd4402d164ec91b5a92264a32639.jpg,16,28,,0.6024328470230103,0.13184359669685364,0.7541835308074951,False,,0.6634756684303283,visually_not_leakage,screened out by combined pHash/dHash and pixel/color metrics; not individually reviewed,539,false
7fa7bb998e57,d7,train,images/train/d7/d7_0000358_jpg.rf.430049208a1db3a043a94c235f89063b_395b3d2daa.jpg,D:\lct\datasets\.build_cache\d7\train\images\0000358_jpg.rf.430049208a1db3a043a94c235f89063b.jpg,val,images/val/d7/d7_0003762_jpg.rf.cebf573ca100c7e140f62d4edb3d703e_d5d830005a.jpg,D:\lct\datasets\.build_cache\d7\valid\images\0003762_jpg.rf.cebf573ca100c7e140f62d4edb3d703e.jpg,16,31,,0.7116596698760986,0.15016084909439087,0.5083523988723755,False,,0.6632604777812957,visually_not_leakage,screened out by combined pHash/dHash and pixel/color metrics; not individually reviewed,540,false
5e52c1d3cfa5,d7,val,images/val/d7/d7_0004500_jpg.rf.2455fb6e4dccfae00b6c54a856c51a9b_d62fcc5c5f.jpg,D:\lct\datasets\.build_cache\d7\valid\images\0004500_jpg.rf.2455fb6e4dccfae00b6c54a856c51a9b.jpg,test,images/test/d7/d7_0002063_jpg.rf.5e742eba697c675c7bbad81bcbaea632_291afe57ef.jpg,D:\lct\datasets\.build_cache\d7\test\images\0002063_jpg.rf.5e742eba697c675c7bbad81bcbaea632.jpg,16,26,,0.7108747959136963,0.15087124705314636,0.432172030210495,False,,0.6632382228970527,visually_not_leakage,screened out by combined pHash/dHash and pixel/color metrics; not individually reviewed,541,false
262f6cba8deb,d7,train,images/train/d7/d7_0004024_jpg.rf.850e688248fb8f72f8b2e412123d717e_efb414efa1.jpg,D:\lct\datasets\.build_cache\d7\train\images\0004024_jpg.rf.850e688248fb8f72f8b2e412123d717e.jpg,val,images/val/d7/d7_0002910_jpg.rf.a14582b82aadd7bb2811ae5ed1d17bc8_ae987ad5c7.jpg,D:\lct\datasets\.build_cache\d7\valid\images\0002910_jpg.rf.a14582b82aadd7bb2811ae5ed1d17bc8.jpg,16,25,,0.6733731627464294,0.1468491554260254,0.5154481530189514,False,,0.6630727380514145,visually_not_leakage,screened out by combined pHash/dHash and pixel/color metrics; not individually reviewed,542,false
525b8aad79f7,d7,train,images/train/d7/d7_0006106_jpg.rf.18c612f314a535bb2434d6fe0dad446c_0f10ec9b4e.jpg,D:\lct\datasets\.build_cache\d7\train\images\0006106_jpg.rf.18c612f314a535bb2434d6fe0dad446c.jpg,test,images/test/d7/d7_0002808_jpg.rf.5f479293a7076a032a32adb3e9c98ec9_947892e4b3.jpg,D:\lct\datasets\.build_cache\d7\valid\images\0002808_jpg.rf.5f479293a7076a032a32adb3e9c98ec9.jpg,16,25,,0.5981652140617371,0.13856655359268188,0.7139995694160461,False,,0.6627722710371018,visually_not_leakage,screened out by combined pHash/dHash and pixel/color metrics; not individually reviewed,543,false
2d27a1868b87,d7,train,images/train/d7/d7_0002873_jpg.rf.3e8ef65128e5d2373d81cc62873ca680_2d40976519.jpg,D:\lct\datasets\.build_cache\d7\train\images\0002873_jpg.rf.3e8ef65128e5d2373d81cc62873ca680.jpg,val,images/val/d7/d7_0005762_jpg.rf.a8f80b182860e561cfcc90c85f962472_2ca04b3458.jpg,D:\lct\datasets\.build_cache\d7\valid\images\0005762_jpg.rf.a8f80b182860e561cfcc90c85f962472.jpg,14,30,,0.5438389182090759,0.15383732318878174,0.8741169571876526,False,,0.6627156108617783,visually_not_leakage,screened out by combined pHash/dHash and pixel/color metrics; not individually reviewed,544,false
209db95162dd,d7,train,images/train/d7/d7_0000854_jpg.rf.92c7df41034dd14d6a16aae7705beb7c_bfdaa57bda.jpg,D:\lct\datasets\.build_cache\d7\train\images\0000854_jpg.rf.92c7df41034dd14d6a16aae7705beb7c.jpg,val,images/val/d7/d7_0001194_jpg.rf.c9797a4768fd38cfdb73b1149ff83c64_e3176edf80.jpg,D:\lct\datasets\.build_cache\d7\valid\images\0001194_jpg.rf.c9797a4768fd38cfdb73b1149ff83c64.jpg,16,23,,0.6409093737602234,0.17133405804634094,0.565803050994873,False,,0.6623279571533203,visually_not_leakage,screened out by combined pHash/dHash and pixel/color metrics; not individually reviewed,545,false
42f9b77b5dea,d7,train,images/train/d7/d7_0000316_jpg.rf.007ac397fa6668377b2dc2eac1737d2d_dd039274e0.jpg,D:\lct\datasets\.build_cache\d7\train\images\0000316_jpg.rf.007ac397fa6668377b2dc2eac1737d2d.jpg,test,images/test/d7/d7_0003846_jpg.rf.da445a5742a34ac29362184aa4dc58fe_599cf7abe3.jpg,D:\lct\datasets\.build_cache\d7\test\images\0003846_jpg.rf.da445a5742a34ac29362184aa4dc58fe.jpg,16,31,,0.7138581275939941,0.18115809559822083,0.4931625425815582,False,,0.6618613824248314,visually_not_leakage,screened out by combined pHash/dHash and pixel/color metrics; not individually reviewed,546,false
0a2d3843115b,d7,train,images/train/d7/d7_0001015_jpg.rf.bb787b46a744508ae593de92b24261fb_10c22d9b99.jpg,D:\lct\datasets\.build_cache\d7\train\images\0001015_jpg.rf.bb787b46a744508ae593de92b24261fb.jpg,val,images/val/d7/d7_0005560_jpg.rf.8b7b33914910f47807cb56d16e88dabc_1ad2750697.jpg,D:\lct\datasets\.build_cache\d7\valid\images\0005560_jpg.rf.8b7b33914910f47807cb56d16e88dabc.jpg,16,24,,0.6181336045265198,0.11734738945960999,0.6381646394729614,False,,0.6617281377315521,visually_not_leakage,screened out by combined pHash/dHash and pixel/color metrics; not individually reviewed,547,false
e29d82a9b141,d7,train,images/train/d7/d7_0000331_jpg.rf.9c27c9e5c8fbe938bcaceaefc5f65fe0_1cb0c82902.jpg,D:\lct\datasets\.build_cache\d7\train\images\0000331_jpg.rf.9c27c9e5c8fbe938bcaceaefc5f65fe0.jpg,val,images/val/d7/d7_0002164_jpg.rf.409b3ad011eabc830ed5d9fd74cf9e01_673c97fb26.jpg,D:\lct\datasets\.build_cache\d7\valid\images\0002164_jpg.rf.409b3ad011eabc830ed5d9fd74cf9e01.jpg,16,32,,0.5866850018501282,0.13885283470153809,0.8413532972335815,False,,0.6608769953250885,visually_not_leakage,screened out by combined pHash/dHash and pixel/color metrics; not individually reviewed,548,false
4c1fe511d941,d7,train,images/train/d7/d7_0001528_jpg.rf.3f31940b1b57b2c0e7884b0c94022f24_e1c1e08479.jpg,D:\lct\datasets\.build_cache\d7\train\images\0001528_jpg.rf.3f31940b1b57b2c0e7884b0c94022f24.jpg,val,images/val/d7/d7_0001146_jpg.rf.3219187a3bcf8da973d4e00716e0e3f7_1342ef260e.jpg,D:\lct\datasets\.build_cache\d7\valid\images\0001146_jpg.rf.3219187a3bcf8da973d4e00716e0e3f7.jpg,14,30,,0.7939500212669373,0.23741671442985535,0.1935276985168457,False,,0.6606716632843018,visually_not_leakage,screened out by combined pHash/dHash and pixel/color metrics; not individually reviewed,549,false
7008e99c0b5d,d7,train,images/train/d7/d7_0001436_jpg.rf.494c585198e5f0db6f8ad48994de9caa_bf3a81e44d.jpg,D:\lct\datasets\.build_cache\d7\train\images\0001436_jpg.rf.494c585198e5f0db6f8ad48994de9caa.jpg,test,images/test/d7/d7_0001449_jpg.rf.94f6ac2621487a37806c0776bcd8f031_7e99b72790.jpg,D:\lct\datasets\.build_cache\d7\test\images\0001449_jpg.rf.94f6ac2621487a37806c0776bcd8f031.jpg,16,28,,0.6305236220359802,0.17637772858142853,0.659352719783783,False,,0.6604873567819595,visually_not_leakage,screened out by combined pHash/dHash and pixel/color metrics; not individually reviewed,550,false
61d56dacbf95,d7,train,images/train/d7/d7_0006046_jpg.rf.72cc94308b5a01bd22f3b914a45a056e_6aeb477031.jpg,D:\lct\datasets\.build_cache\d7\train\images\0006046_jpg.rf.72cc94308b5a01bd22f3b914a45a056e.jpg,test,images/test/d7/d7_0000958_jpg.rf.250aca4e897fff2642fd502ca391aa2d_f90695bd54.jpg,D:\lct\datasets\.build_cache\d7\test\images\0000958_jpg.rf.250aca4e897fff2642fd502ca391aa2d.jpg,16,30,,0.7052091956138611,0.1292700618505478,0.48697689175605774,False,,0.6598177120089531,visually_not_leakage,screened out by combined pHash/dHash and pixel/color metrics; not individually reviewed,551,false
f91cd8ac7cc5,d7,train,images/train/d7/d7_0001841_jpg.rf.5e62cf598efde7b5318b0f69c96b059e_753de39abe.jpg,D:\lct\datasets\.build_cache\d7\train\images\0001841_jpg.rf.5e62cf598efde7b5318b0f69c96b059e.jpg,test,images/test/d7/d7_0005125_jpg.rf.d23a458bc28d664e7d7a104f65007574_94282211e2.jpg,D:\lct\datasets\.build_cache\d7\test\images\0005125_jpg.rf.d23a458bc28d664e7d7a104f65007574.jpg,14,25,,0.6375888586044312,0.22308804094791412,0.5250917673110962,False,,0.6595805585384369,visually_not_leakage,screened out by combined pHash/dHash and pixel/color metrics; not individually reviewed,552,false
d5e9f33e3728,d7,train,images/train/d7/d7_0002997_jpg.rf.26385fc8fa632ae37a2af0ff8fa0231e_9474dc47bf.jpg,D:\lct\datasets\.build_cache\d7\train\images\0002997_jpg.rf.26385fc8fa632ae37a2af0ff8fa0231e.jpg,test,images/test/d7/d7_0000572_jpg.rf.2ea45c6ee091edb5f3d38099513d7057_67c92cc947.jpg,D:\lct\datasets\.build_cache\d7\test\images\0000572_jpg.rf.2ea45c6ee091edb5f3d38099513d7057.jpg,16,29,,0.7031424045562744,0.15277937054634094,0.469287246465683,False,,0.6586812987923621,visually_not_leakage,screened out by combined pHash/dHash and pixel/color metrics; not individually reviewed,553,false
69643e61f089,d7,train,images/train/d7/d7_0005943_jpg.rf.9e380fb7da50acac700ff8e7dcb84aef_f3b9c17aec.jpg,D:\lct\datasets\.build_cache\d7\train\images\0005943_jpg.rf.9e380fb7da50acac700ff8e7dcb84aef.jpg,val,images/val/d7/d7_0001138_jpg.rf.458ea3de3b54128a42b232e84c6436e5_d5d4e32dde.jpg,D:\lct\datasets\.build_cache\d7\valid\images\0001138_jpg.rf.458ea3de3b54128a42b232e84c6436e5.jpg,16,30,,0.7432465553283691,0.14055320620536804,0.37751102447509766,False,,0.6586127758026122,visually_not_leakage,screened out by combined pHash/dHash and pixel/color metrics; not individually reviewed,554,false
dd536f8d15d0,d7,train,images/train/d7/d7_0000270_jpg.rf.5cb426b163ebc6db9f25e79c5505ef0f_8e4605e661.jpg,D:\lct\datasets\.build_cache\d7\train\images\0000270_jpg.rf.5cb426b163ebc6db9f25e79c5505ef0f.jpg,val,images/val/d7/d7_0003613_jpg.rf.69d7b9a8aa6f2077c775384a5a9e5f17_89b2d8a5c3.jpg,D:\lct\datasets\.build_cache\d7\valid\images\0003613_jpg.rf.69d7b9a8aa6f2077c775384a5a9e5f17.jpg,16,28,,0.5576255321502686,0.15709730982780457,0.8381825089454651,False,,0.6581525892019271,visually_not_leakage,screened out by combined pHash/dHash and pixel/color metrics; not individually reviewed,555,false
9d5f0b20091f,d7,train,images/train/d7/d7_0001537_jpg.rf.457d3d984808889cdb21ab867e44733c_fac6fffe8d.jpg,D:\lct\datasets\.build_cache\d7\train\images\0001537_jpg.rf.457d3d984808889cdb21ab867e44733c.jpg,val,images/val/d7/d7_0005082_jpg.rf.8f1863efffd8e1560c10a6ac080651e5_1120884d63.jpg,D:\lct\datasets\.build_cache\d7\valid\images\0005082_jpg.rf.8f1863efffd8e1560c10a6ac080651e5.jpg,16,24,,0.5970727205276489,0.15943053364753723,0.6696186661720276,False,,0.6580218881368638,visually_not_leakage,screened out by combined pHash/dHash and pixel/color metrics; not individually reviewed,556,false
c401339cae29,d7,train,images/train/d7/d7_0006414_jpg.rf.657ab93ab2cb52a8d3a1f947b21b8c02_dea5cdc86d.jpg,D:\lct\datasets\.build_cache\d7\train\images\0006414_jpg.rf.657ab93ab2cb52a8d3a1f947b21b8c02.jpg,val,images/val/d7/d7_0003151_jpg.rf.d955dda59bf1753231b1aaf0865482dd_81ffdc0746.jpg,D:\lct\datasets\.build_cache\d7\valid\images\0003151_jpg.rf.d955dda59bf1753231b1aaf0865482dd.jpg,16,35,,0.7212159037590027,0.2167174071073532,0.5080302953720093,False,,0.6576596558094024,visually_not_leakage,screened out by combined pHash/dHash and pixel/color metrics; not individually reviewed,557,false
6dd2beedd76a,d7,val,images/val/d7/d7_0005233_jpg.rf.a08827c777418304e29a9ba3faa37aec_9ff9eae8bb.jpg,D:\lct\datasets\.build_cache\d7\valid\images\0005233_jpg.rf.a08827c777418304e29a9ba3faa37aec.jpg,test,images/test/d7/d7_0002521_jpg.rf.de15e4c4c91f632a06703509f5704cbc_aab97dc103.jpg,D:\lct\datasets\.build_cache\d7\test\images\0002521_jpg.rf.de15e4c4c91f632a06703509f5704cbc.jpg,16,27,,0.548201858997345,0.1495557576417923,0.8434431552886963,False,,0.6575159668922423,visually_not_leakage,screened out by combined pHash/dHash and pixel/color metrics; not individually reviewed,558,false
3845920d93e4,d7,train,images/train/d7/d7_0004098_jpg.rf.2fd5025704838c68e059ad9b227bd5f1_2b5548a6b6.jpg,D:\lct\datasets\.build_cache\d7\train\images\0004098_jpg.rf.2fd5025704838c68e059ad9b227bd5f1.jpg,val,images/val/d7/d7_0002310_jpg.rf.4bfa8b3a61e45fb35a8dc5624f2790e1_dde7483096.jpg,D:\lct\datasets\.build_cache\d7\valid\images\0002310_jpg.rf.4bfa8b3a61e45fb35a8dc5624f2790e1.jpg,16,30,,0.7050596475601196,0.15191292762756348,0.47188717126846313,False,,0.6574944347143172,visually_not_leakage,screened out by combined pHash/dHash and pixel/color metrics; not individually reviewed,559,false
2fc8a0c66525,d7,train,images/train/d7/d7_0001676_jpg.rf.6aac4090b1fd3848cab416bd9fb34ca4_97477b543b.jpg,D:\lct\datasets\.build_cache\d7\train\images\0001676_jpg.rf.6aac4090b1fd3848cab416bd9fb34ca4.jpg,test,images/test/d7/d7_0002412_jpg.rf.0b73e9b5f33a8a0b65669e792064b128_bc3f8d56c4.jpg,D:\lct\datasets\.build_cache\d7\train\images\0002412_jpg.rf.0b73e9b5f33a8a0b65669e792064b128.jpg,16,21,,0.6857414841651917,0.19772326946258545,0.38072189688682556,False,,0.6571861281991005,visually_not_leakage,screened out by combined pHash/dHash and pixel/color metrics; not individually reviewed,560,false
b190117bb8c7,d7,val,images/val/d7/d7_0002925_jpg.rf.fec589895fe5273287f5942c00a3f025_59b38714d3.jpg,D:\lct\datasets\.build_cache\d7\valid\images\0002925_jpg.rf.fec589895fe5273287f5942c00a3f025.jpg,test,images/test/d7/d7_0005955_jpg.rf.5d4a27d35f5861383c7f20ae59dc24c4_f485bd2452.jpg,D:\lct\datasets\.build_cache\d7\train\images\0005955_jpg.rf.5d4a27d35f5861383c7f20ae59dc24c4.jpg,16,31,,0.6300285458564758,0.13839901983737946,0.6849473118782043,False,,0.6570972651243209,visually_not_leakage,screened out by combined pHash/dHash and pixel/color metrics; not individually reviewed,561,false
ab96e5076097,d7,train,images/train/d7/d7_0005975_jpg.rf.b7e0ba5e2a8c449e1330bbd84d38f3c0_409dff8b57.jpg,D:\lct\datasets\.build_cache\d7\train\images\0005975_jpg.rf.b7e0ba5e2a8c449e1330bbd84d38f3c0.jpg,test,images/test/d7/d7_0003055_jpg.rf.c6eb0859611c7ce340257a0708dd5fc3_bdf855598d.jpg,D:\lct\datasets\.build_cache\d7\test\images\0003055_jpg.rf.c6eb0859611c7ce340257a0708dd5fc3.jpg,16,25,,0.6714120507240295,0.149456188082695,0.4808371365070343,False,,0.657096640765667,visually_not_leakage,screened out by combined pHash/dHash and pixel/color metrics; not individually reviewed,562,false
6566405a66b6,d7,train,images/train/d7/d7_0001635_jpg.rf.baa6c57101f94bf0fccb1973785e9ae6_b0834d733a.jpg,D:\lct\datasets\.build_cache\d7\train\images\0001635_jpg.rf.baa6c57101f94bf0fccb1973785e9ae6.jpg,test,images/test/d7/d7_0004832_jpg.rf.39c46eee6f8cc3eda00171839680cead_9db545b0f0.jpg,D:\lct\datasets\.build_cache\d7\test\images\0004832_jpg.rf.39c46eee6f8cc3eda00171839680cead.jpg,12,21,,0.6020479798316956,0.19925132393836975,0.47247642278671265,False,,0.6562219053506851,visually_not_leakage,screened out by combined pHash/dHash and pixel/color metrics; not individually reviewed,563,false
cc8c719f3229,d7,train,images/train/d7/d7_0005446_jpg.rf.94b55e87cd41c3277e0c92bd76067fd7_a27ef8a0b1.jpg,D:\lct\datasets\.build_cache\d7\train\images\0005446_jpg.rf.94b55e87cd41c3277e0c92bd76067fd7.jpg,val,images/val/d7/d7_0004689_jpg.rf.aa2cb9c9978623b2fdde36d22593f741_b4341a64c0.jpg,D:\lct\datasets\.build_cache\d7\valid\images\0004689_jpg.rf.aa2cb9c9978623b2fdde36d22593f741.jpg,16,37,,0.7421628832817078,0.13353630900382996,0.47362589836120605,False,,0.656190288066864,visually_not_leakage,screened out by combined pHash/dHash and pixel/color metrics; not individually reviewed,564,false
70b7ac6d5bf7,d7,val,images/val/d7/d7_0004266_jpg.rf.2d206e66877b6e0de9bdbc3f252ffab6_19d24353c9.jpg,D:\lct\datasets\.build_cache\d7\valid\images\0004266_jpg.rf.2d206e66877b6e0de9bdbc3f252ffab6.jpg,test,images/test/d7/d7_0005666_jpg.rf.8f6f25b42d8e47ad77eabcd24db35b61_c151cd25bd.jpg,D:\lct\datasets\.build_cache\d7\test\images\0005666_jpg.rf.8f6f25b42d8e47ad77eabcd24db35b61.jpg,12,24,,0.5708285570144653,0.1605411320924759,0.5932047963142395,False,,0.6548121422529221,visually_not_leakage,screened out by combined pHash/dHash and pixel/color metrics; not individually reviewed,565,false
9ef13ae6c86a,d7,val,images/val/d7/d7_0000229_jpg.rf.52d2a586c511af6191a5efbfc76fc7be_175538aa6b.jpg,D:\lct\datasets\.build_cache\d7\valid\images\0000229_jpg.rf.52d2a586c511af6191a5efbfc76fc7be.jpg,test,images/test/d7/d7_0006177_jpg.rf.f0b97c3e776714e70c7b91d865ffe9fc_f6ea3d4474.jpg,D:\lct\datasets\.build_cache\d7\test\images\0006177_jpg.rf.f0b97c3e776714e70c7b91d865ffe9fc.jpg,16,26,,0.6412853598594666,0.14701765775680542,0.5589212775230408,False,,0.6544148355722427,visually_not_leakage,screened out by combined pHash/dHash and pixel/color metrics; not individually reviewed,566,false
cce77db37071,d7,train,images/train/d7/d7_0000550_jpg.rf.96facddd1de4904e54715dd9a7c6919f_b04eac67ce.jpg,D:\lct\datasets\.build_cache\d7\train\images\0000550_jpg.rf.96facddd1de4904e54715dd9a7c6919f.jpg,val,images/val/d7/d7_0000250_jpg.rf.0776455f45fb11d610f4669b81e7f7fa_f11ac15451.jpg,D:\lct\datasets\.build_cache\d7\valid\images\0000250_jpg.rf.0776455f45fb11d610f4669b81e7f7fa.jpg,16,23,,0.4865603446960449,0.14674192667007446,0.9241327047348022,False,,0.6543377935886382,visually_not_leakage,screened out by combined pHash/dHash and pixel/color metrics; not individually reviewed,567,false
b31dc04f9b72,d7,train,images/train/d7/d7_0001157_jpg.rf.4bfa081b4e919a6c38ae10a8b6a4c907_53e0d087ad.jpg,D:\lct\datasets\.build_cache\d7\train\images\0001157_jpg.rf.4bfa081b4e919a6c38ae10a8b6a4c907.jpg,val,images/val/d7/d7_0004483_jpg.rf.331f99c9a05ad6f5ee3dbf17884beb50_2d083ebb24.jpg,D:\lct\datasets\.build_cache\d7\valid\images\0004483_jpg.rf.331f99c9a05ad6f5ee3dbf17884beb50.jpg,16,26,,0.49161291122436523,0.07437768578529358,0.9575201869010925,False,,0.65433569252491,visually_not_leakage,screened out by combined pHash/dHash and pixel/color metrics; not individually reviewed,568,false
116afeeadc5e,d7,train,images/train/d7/d7_0001993_jpg.rf.70f7a871200dff06c17e461a7508b8b4_8d3800afa4.jpg,D:\lct\datasets\.build_cache\d7\test\images\0001993_jpg.rf.70f7a871200dff06c17e461a7508b8b4.jpg,val,images/val/d7/d7_0004195_jpg.rf.3791f2de23184a81d9a1b336731ea6a8_f739e718a7.jpg,D:\lct\datasets\.build_cache\d7\valid\images\0004195_jpg.rf.3791f2de23184a81d9a1b336731ea6a8.jpg,16,33,,0.7132201790809631,0.1861768513917923,0.47304046154022217,False,,0.6539003908634187,visually_not_leakage,screened out by combined pHash/dHash and pixel/color metrics; not individually reviewed,569,false
ca3ba5bebe37,d7,val,images/val/d7/d7_0001248_jpg.rf.c2f8a35ff0d46d33ad01b0f0a7895ee8_cd3401d240.jpg,D:\lct\datasets\.build_cache\d7\valid\images\0001248_jpg.rf.c2f8a35ff0d46d33ad01b0f0a7895ee8.jpg,test,images/test/d7/d7_0003859_jpg.rf.1e34ae87b688e21fd6558ed5c0fbd644_8c671a03e7.jpg,D:\lct\datasets\.build_cache\d7\test\images\0003859_jpg.rf.1e34ae87b688e21fd6558ed5c0fbd644.jpg,16,26,,0.6080997586250305,0.18559569120407104,0.631718635559082,False,,0.6520601987838746,visually_not_leakage,screened out by combined pHash/dHash and pixel/color metrics; not individually reviewed,570,false
06e5931ed03b,d7,train,images/train/d7/d7_0000173_jpg.rf.ca327d25daefd22cf8b548c0c29ca220_d9eac4d34f.jpg,D:\lct\datasets\.build_cache\d7\train\images\0000173_jpg.rf.ca327d25daefd22cf8b548c0c29ca220.jpg,test,images/test/d7/d7_0006344_jpg.rf.e962f9aa58dca3305614d04a73b5a2ae_7f483b56c5.jpg,D:\lct\datasets\.build_cache\d7\test\images\0006344_jpg.rf.e962f9aa58dca3305614d04a73b5a2ae.jpg,16,31,,0.5510846376419067,0.11971220374107361,0.8594499230384827,False,,0.6516950935125352,visually_not_leakage,screened out by combined pHash/dHash and pixel/color metrics; not individually reviewed,571,false
bcec28b892c8,d7,train,images/train/d7/d7_0003175_jpg.rf.4d8057609e1a2c08e59cced7a2aa6e38_5137e6b3e2.jpg,D:\lct\datasets\.build_cache\d7\train\images\0003175_jpg.rf.4d8057609e1a2c08e59cced7a2aa6e38.jpg,val,images/val/d7/d7_0005233_jpg.rf.a08827c777418304e29a9ba3faa37aec_9ff9eae8bb.jpg,D:\lct\datasets\.build_cache\d7\valid\images\0005233_jpg.rf.a08827c777418304e29a9ba3faa37aec.jpg,16,24,,0.5826137065887451,0.14419233798980713,0.6648064851760864,False,,0.651516455411911,visually_not_leakage,screened out by combined pHash/dHash and pixel/color metrics; not individually reviewed,572,false
71dbd38bc753,d7,train,images/train/d7/d7_0001420_jpg.rf.6134faf5a9273d9e3d0f48f3d6cb0735_7a3b68e756.jpg,D:\lct\datasets\.build_cache\d7\train\images\0001420_jpg.rf.6134faf5a9273d9e3d0f48f3d6cb0735.jpg,val,images/val/d7/d7_0004576_jpg.rf.5603a1f156e20adbc159864269819ed6_9b04e04480.jpg,D:\lct\datasets\.build_cache\d7\valid\images\0004576_jpg.rf.5603a1f156e20adbc159864269819ed6.jpg,16,23,,0.5346712470054626,0.1493317186832428,0.775998055934906,False,,0.651361957192421,visually_not_leakage,screened out by combined pHash/dHash and pixel/color metrics; not individually reviewed,573,false
de7e1057186e,d7,train,images/train/d7/d7_0002369_jpg.rf.bea23d3a3bdd50191ca8757deabbe218_8aa1159265.jpg,D:\lct\datasets\.build_cache\d7\train\images\0002369_jpg.rf.bea23d3a3bdd50191ca8757deabbe218.jpg,test,images/test/d7/d7_0003481_jpg.rf.b997061633ff37a63ce5a58a3c3784fd_1245201708.jpg,D:\lct\datasets\.build_cache\d7\test\images\0003481_jpg.rf.b997061633ff37a63ce5a58a3c3784fd.jpg,16,34,,0.6893424391746521,0.14429476857185364,0.5253309011459351,False,,0.649849110841751,visually_not_leakage,screened out by combined pHash/dHash and pixel/color metrics; not individually reviewed,574,false
9cf938350868,d7,train,images/train/d7/d7_0000476_jpg.rf.42b9225908b4f180b7e3d963acc5b335_a42d331c26.jpg,D:\lct\datasets\.build_cache\d7\train\images\0000476_jpg.rf.42b9225908b4f180b7e3d963acc5b335.jpg,val,images/val/d7/d7_0001501_jpg.rf.475e6b94b4b775bb18962a703416fb13_c4841932fc.jpg,D:\lct\datasets\.build_cache\d7\valid\images\0001501_jpg.rf.475e6b94b4b775bb18962a703416fb13.jpg,16,34,,0.6741981506347656,0.17542412877082825,0.5558061599731445,False,,0.648362684249878,visually_not_leakage,screened out by combined pHash/dHash and pixel/color metrics; not individually reviewed,575,false
0215fb2136af,d7,train,images/train/d7/d7_0005620_jpg.rf.edcdde59f8241c6643a7cd2e78a6f887_a57c44f5b0.jpg,D:\lct\datasets\.build_cache\d7\train\images\0005620_jpg.rf.edcdde59f8241c6643a7cd2e78a6f887.jpg,val,images/val/d7/d7_0005525_jpg.rf.1dffde2a1ae650005b6ba33c9e9b556d_4756e55bf1.jpg,D:\lct\datasets\.build_cache\d7\valid\images\0005525_jpg.rf.1dffde2a1ae650005b6ba33c9e9b556d.jpg,16,24,,0.5245741009712219,0.1481311321258545,0.7960638999938965,False,,0.6479892253875733,visually_not_leakage,screened out by combined pHash/dHash and pixel/color metrics; not individually reviewed,576,false
cf6a225e16bf,d7,train,images/train/d7/d7_0004742_jpg.rf.f1a83029b146313eabdcfce83ae490bd_819ffba844.jpg,D:\lct\datasets\.build_cache\d7\train\images\0004742_jpg.rf.f1a83029b146313eabdcfce83ae490bd.jpg,val,images/val/d7/d7_0002668_jpg.rf.9da450bbaeb2dae7b42d8e79233d3f1e_46ae1ad435.jpg,D:\lct\datasets\.build_cache\d7\valid\images\0002668_jpg.rf.9da450bbaeb2dae7b42d8e79233d3f1e.jpg,16,32,,0.6578064560890198,0.20462623238563538,0.5644164681434631,False,,0.6477850526571274,visually_not_leakage,screened out by combined pHash/dHash and pixel/color metrics; not individually reviewed,577,false
d12ad1f25e8c,d7,train,images/train/d7/d7_0005443_jpg.rf.ca33bab38716bae10cee0ff0a541383c_40aff5d67c.jpg,D:\lct\datasets\.build_cache\d7\train\images\0005443_jpg.rf.ca33bab38716bae10cee0ff0a541383c.jpg,val,images/val/d7/d7_0005589_jpg.rf.68de7a7336b9b68fdfc89b976e9bf8ca_47687ec4ac.jpg,D:\lct\datasets\.build_cache\d7\valid\images\0005589_jpg.rf.68de7a7336b9b68fdfc89b976e9bf8ca.jpg,16,31,,0.6334955096244812,0.14090073108673096,0.612821102142334,False,,0.6476651191711427,visually_not_leakage,screened out by combined pHash/dHash and pixel/color metrics; not individually reviewed,578,false
15b57a0181c7,d7,train,images/train/d7/d7_0003457_jpg.rf.b3c2dd5ecd7fc55a0bd3c7d004adf6b5_2afd4159c6.jpg,D:\lct\datasets\.build_cache\d7\train\images\0003457_jpg.rf.b3c2dd5ecd7fc55a0bd3c7d004adf6b5.jpg,test,images/test/d7/d7_0001183_jpg.rf.4a5fcc39072e93b2665d7f827c7a3ff4_ec13f2b363.jpg,D:\lct\datasets\.build_cache\d7\test\images\0001183_jpg.rf.4a5fcc39072e93b2665d7f827c7a3ff4.jpg,16,26,,0.6592793464660645,0.14081935584545135,0.46376511454582214,False,,0.6473390057682991,visually_not_leakage,screened out by combined pHash/dHash and pixel/color metrics; not individually reviewed,579,false
6bd3d4b4b432,d7,train,images/train/d7/d7_0000633_jpg.rf.f206b00268b5423b614b1b9def98bd2c_4f3c71fbb1.jpg,D:\lct\datasets\.build_cache\d7\train\images\0000633_jpg.rf.f206b00268b5423b614b1b9def98bd2c.jpg,val,images/val/d7/d7_0005979_jpg.rf.1a97f2c41314a3ea8c68a0ef2e7c5c83_d4ba00180d.jpg,D:\lct\datasets\.build_cache\d7\valid\images\0005979_jpg.rf.1a97f2c41314a3ea8c68a0ef2e7c5c83.jpg,16,20,,0.44506368041038513,0.10257832705974579,0.9382408857345581,False,,0.6468866050243378,visually_not_leakage,screened out by combined pHash/dHash and pixel/color metrics; not individually reviewed,580,false
09385957c2c7,d7,train,images/train/d7/d7_0003188_jpg.rf.c0089f4331320e50a0b563b8f3e47c05_561bc79103.jpg,D:\lct\datasets\.build_cache\d7\train\images\0003188_jpg.rf.c0089f4331320e50a0b563b8f3e47c05.jpg,test,images/test/d7/d7_0003521_jpg.rf.03b3fd4402d164ec91b5a92264a32639_e78e396dad.jpg,D:\lct\datasets\.build_cache\d7\test\images\0003521_jpg.rf.03b3fd4402d164ec91b5a92264a32639.jpg,14,31,,0.6491525769233704,0.1802188754081726,0.5030682682991028,False,,0.6468400210142136,visually_not_leakage,screened out by combined pHash/dHash and pixel/color metrics; not individually reviewed,581,false
a8b8c1ce99c3,d7,train,images/train/d7/d7_0003011_jpg.rf.412ca03b8bdf3efb417fbd9ecbd0997f_eed3598693.jpg,D:\lct\datasets\.build_cache\d7\train\images\0003011_jpg.rf.412ca03b8bdf3efb417fbd9ecbd0997f.jpg,test,images/test/d7/d7_0001987_jpg.rf.212680303a594be74517b897e85ffb6f_10275daaab.jpg,D:\lct\datasets\.build_cache\d7\test\images\0001987_jpg.rf.212680303a594be74517b897e85ffb6f.jpg,14,22,,0.5713137984275818,0.16441386938095093,0.5698431730270386,False,,0.6468144953250885,visually_not_leakage,screened out by combined pHash/dHash and pixel/color metrics; not individually reviewed,582,false
d5b3d936a32c,d7,train,images/train/d7/d7_0004853_jpg.rf.4c286a1ca2108d36f595d3c71178eefd_fbbfb33abf.jpg,D:\lct\datasets\.build_cache\d7\train\images\0004853_jpg.rf.4c286a1ca2108d36f595d3c71178eefd.jpg,val,images/val/d7/d7_0004983_jpg.rf.454d8aa63c26e691681cceea8446e9be_b6366c5f72.jpg,D:\lct\datasets\.build_cache\d7\valid\images\0004983_jpg.rf.454d8aa63c26e691681cceea8446e9be.jpg,16,26,,0.7246757745742798,0.17668983340263367,0.27866724133491516,False,,0.6457328960299491,visually_not_leakage,screened out by combined pHash/dHash and pixel/color metrics; not individually reviewed,583,false
3e0cc988fe32,d7,train,images/train/d7/d7_0004350_jpg.rf.8fe54fa2bac92bf73f0ef25bc98c38fa_0c11a9a008.jpg,D:\lct\datasets\.build_cache\d7\train\images\0004350_jpg.rf.8fe54fa2bac92bf73f0ef25bc98c38fa.jpg,val,images/val/d7/d7_0002235_jpg.rf.9a10efa7d39fbd6cb9add9784ac954a7_a7a16a6f3a.jpg,D:\lct\datasets\.build_cache\d7\valid\images\0002235_jpg.rf.9a10efa7d39fbd6cb9add9784ac954a7.jpg,16,27,,0.6447274088859558,0.15787091851234436,0.5039456486701965,False,,0.6452015608549118,visually_not_leakage,screened out by combined pHash/dHash and pixel/color metrics; not individually reviewed,584,false
6945620e17c3,d7,train,images/train/d7/d7_0004868_jpg.rf.07fd12ad24b78cced93ec663ea111b95_d63139acec.jpg,D:\lct\datasets\.build_cache\d7\train\images\0004868_jpg.rf.07fd12ad24b78cced93ec663ea111b95.jpg,test,images/test/d7/d7_0004497_jpg.rf.0db2def1cb582b6d146089358a74eb72_bff522b210.jpg,D:\lct\datasets\.build_cache\d7\test\images\0004497_jpg.rf.0db2def1cb582b6d146089358a74eb72.jpg,16,28,,0.5898988842964172,0.1517760157585144,0.6620203256607056,False,,0.6446376025676727,visually_not_leakage,screened out by combined pHash/dHash and pixel/color metrics; not individually reviewed,585,false
2369bd4a092c,d7,train,images/train/d7/d7_0005086_jpg.rf.0ce8ea8a0fc83acce2b77e7f0c2dc5a7_08cc5fec50.jpg,D:\lct\datasets\.build_cache\d7\train\images\0005086_jpg.rf.0ce8ea8a0fc83acce2b77e7f0c2dc5a7.jpg,val,images/val/d7/d7_0002310_jpg.rf.4bfa8b3a61e45fb35a8dc5624f2790e1_dde7483096.jpg,D:\lct\datasets\.build_cache\d7\valid\images\0002310_jpg.rf.4bfa8b3a61e45fb35a8dc5624f2790e1.jpg,16,29,,0.698064386844635,0.16700559854507446,0.38779085874557495,False,,0.6444256335496902,visually_not_leakage,screened out by combined pHash/dHash and pixel/color metrics; not individually reviewed,586,false
393d0c133d66,d7,train,images/train/d7/d7_0005326_jpg.rf.2c26526c2572bbbb79a98de29d4e035d_2800d464ef.jpg,D:\lct\datasets\.build_cache\d7\valid\images\0005326_jpg.rf.2c26526c2572bbbb79a98de29d4e035d.jpg,val,images/val/d7/d7_0004483_jpg.rf.331f99c9a05ad6f5ee3dbf17884beb50_2d083ebb24.jpg,D:\lct\datasets\.build_cache\d7\valid\images\0004483_jpg.rf.331f99c9a05ad6f5ee3dbf17884beb50.jpg,16,27,,0.4711712598800659,0.07567210495471954,0.9602628350257874,False,,0.6442266792058944,visually_not_leakage,screened out by combined pHash/dHash and pixel/color metrics; not individually reviewed,587,false
77c6648b5735,d7,train,images/train/d7/d7_0001954_jpg.rf.16420e49f2ade976708f08e27006df2b_4259cf507b.jpg,D:\lct\datasets\.build_cache\d7\train\images\0001954_jpg.rf.16420e49f2ade976708f08e27006df2b.jpg,test,images/test/d7/d7_0003521_jpg.rf.03b3fd4402d164ec91b5a92264a32639_e78e396dad.jpg,D:\lct\datasets\.build_cache\d7\test\images\0003521_jpg.rf.03b3fd4402d164ec91b5a92264a32639.jpg,16,29,,0.5753689408302307,0.17439204454421997,0.7135568857192993,False,,0.6442123591899871,visually_not_leakage,screened out by combined pHash/dHash and pixel/color metrics; not individually reviewed,588,false
25d7a40517bb,d7,val,images/val/d7/d7_0002910_jpg.rf.a14582b82aadd7bb2811ae5ed1d17bc8_ae987ad5c7.jpg,D:\lct\datasets\.build_cache\d7\valid\images\0002910_jpg.rf.a14582b82aadd7bb2811ae5ed1d17bc8.jpg,test,images/test/d7/d7_0004504_jpg.rf.f757c8e2bc4c97d8ded78cdc53a5f22a_66b429dfca.jpg,D:\lct\datasets\.build_cache\d7\test\images\0004504_jpg.rf.f757c8e2bc4c97d8ded78cdc53a5f22a.jpg,16,20,,0.6459987759590149,0.17091183364391327,0.38348954916000366,False,,0.6440479427576066,visually_not_leakage,screened out by combined pHash/dHash and pixel/color metrics; not individually reviewed,589,false
70f12fe4b021,d7,train,images/train/d7/d7_0005540_jpg.rf.f81d44b602ed10f0daa215c270d2926f_aa2cbcffea.jpg,D:\lct\datasets\.build_cache\d7\train\images\0005540_jpg.rf.f81d44b602ed10f0daa215c270d2926f.jpg,val,images/val/d7/d7_0004226_jpg.rf.cdd3d5a8c9be20888097da74ef6d723a_019830a072.jpg,D:\lct\datasets\.build_cache\d7\valid\images\0004226_jpg.rf.cdd3d5a8c9be20888097da74ef6d723a.jpg,16,20,,0.4915543794631958,0.1729329377412796,0.7941370010375977,False,,0.6438673019409179,visually_not_leakage,screened out by combined pHash/dHash and pixel/color metrics; not individually reviewed,590,false
e5fa821ece3f,d7,train,images/train/d7/d7_0000728_jpg.rf.8802969050395aaf5c6c9567fec42e8e_e0fd373d8f.jpg,D:\lct\datasets\.build_cache\d7\train\images\0000728_jpg.rf.8802969050395aaf5c6c9567fec42e8e.jpg,test,images/test/d7/d7_0000177_jpg.rf.1990b8a0fad144ad7809d96cf7a1c965_73fc625676.jpg,D:\lct\datasets\.build_cache\d7\test\images\0000177_jpg.rf.1990b8a0fad144ad7809d96cf7a1c965.jpg,16,31,,0.606759786605835,0.1797104775905609,0.6554651260375977,False,,0.6433674335479735,visually_not_leakage,screened out by combined pHash/dHash and pixel/color metrics; not individually reviewed,591,false
b8649e14e84c,d7,train,images/train/d7/d7_0000163_jpg.rf.aba41d6cc29d820372848b5690e9112c_58408b1a43.jpg,D:\lct\datasets\.build_cache\d7\train\images\0000163_jpg.rf.aba41d6cc29d820372848b5690e9112c.jpg,test,images/test/d7/d7_0001569_jpg.rf.76a03cc3dc885167dded899d0bf7fa89_adce2a00e9.jpg,D:\lct\datasets\.build_cache\d7\train\images\0001569_jpg.rf.76a03cc3dc885167dded899d0bf7fa89.jpg,16,27,,0.7274467945098877,0.2140902578830719,0.27011483907699585,False,,0.6432146936655044,visually_not_leakage,screened out by combined pHash/dHash and pixel/color metrics; not individually reviewed,592,false
7a2fe60aa7c7,d7,train,images/train/d7/d7_0002498_jpg.rf.cb46d690923fbfcc83a82e0d15b267b0_4ed866edcd.jpg,D:\lct\datasets\.build_cache\d7\train\images\0002498_jpg.rf.cb46d690923fbfcc83a82e0d15b267b0.jpg,test,images/test/d7/d7_0006099_jpg.rf.fe4f31471ad8cb40087676861bc226ed_e9b21a97d4.jpg,D:\lct\datasets\.build_cache\d7\test\images\0006099_jpg.rf.fe4f31471ad8cb40087676861bc226ed.jpg,16,28,,0.5626274347305298,0.1595444679260254,0.7252086400985718,False,,0.6432072699069977,visually_not_leakage,screened out by combined pHash/dHash and pixel/color metrics; not individually reviewed,593,false
028bc36e4c0a,d7,val,images/val/d7/d7_0004290_jpg.rf.83eb50f820a8cb8dad4a65e2281e5423_e63790efe3.jpg,D:\lct\datasets\.build_cache\d7\valid\images\0004290_jpg.rf.83eb50f820a8cb8dad4a65e2281e5423.jpg,test,images/test/d7/d7_0006177_jpg.rf.f0b97c3e776714e70c7b91d865ffe9fc_f6ea3d4474.jpg,D:\lct\datasets\.build_cache\d7\test\images\0006177_jpg.rf.f0b97c3e776714e70c7b91d865ffe9fc.jpg,16,31,,0.636253833770752,0.14895929396152496,0.572955846786499,False,,0.6427886605262756,visually_not_leakage,screened out by combined pHash/dHash and pixel/color metrics; not individually reviewed,594,false
b087bdbaecb8,d7,train,images/train/d7/d7_0001690_jpg.rf.c598edfda2f85be59ada8b6e50fdd0bb_1fef9f8cf7.jpg,D:\lct\datasets\.build_cache\d7\train\images\0001690_jpg.rf.c598edfda2f85be59ada8b6e50fdd0bb.jpg,val,images/val/d7/d7_0004221_jpg.rf.f8b67292c41fe21ec896052871bc06d8_32a06d6248.jpg,D:\lct\datasets\.build_cache\d7\valid\images\0004221_jpg.rf.f8b67292c41fe21ec896052871bc06d8.jpg,16,24,,0.5757725238800049,0.15030446648597717,0.6227522492408752,False,,0.6424718469381332,visually_not_leakage,screened out by combined pHash/dHash and pixel/color metrics; not individually reviewed,595,false
33224a1c4cc3,d7,train,images/train/d7/d7_0004213_jpg.rf.9b7e052c76a736a03deb476bea9f6894_8f180518f8.jpg,D:\lct\datasets\.build_cache\d7\train\images\0004213_jpg.rf.9b7e052c76a736a03deb476bea9f6894.jpg,val,images/val/d7/d7_0002910_jpg.rf.a14582b82aadd7bb2811ae5ed1d17bc8_ae987ad5c7.jpg,D:\lct\datasets\.build_cache\d7\valid\images\0002910_jpg.rf.a14582b82aadd7bb2811ae5ed1d17bc8.jpg,14,30,,0.5146204829216003,0.1249789446592331,0.8114941120147705,False,,0.6416348099708558,visually_not_leakage,screened out by combined pHash/dHash and pixel/color metrics; not individually reviewed,596,false
b2716d741d30,d7,train,images/train/d7/d7_0002856_jpg.rf.b3bb2f717c8bc4da9bbf377b4fa35e28_1fb80c94e4.jpg,D:\lct\datasets\.build_cache\d7\train\images\0002856_jpg.rf.b3bb2f717c8bc4da9bbf377b4fa35e28.jpg,val,images/val/d7/d7_0001802_jpg.rf.c633bc14b74c5013cc810eb7c66f707f_b762f03fbf.jpg,D:\lct\datasets\.build_cache\d7\valid\images\0001802_jpg.rf.c633bc14b74c5013cc810eb7c66f707f.jpg,16,21,,0.5611928701400757,0.15754634141921997,0.6088789105415344,False,,0.6415902346372604,visually_not_leakage,screened out by combined pHash/dHash and pixel/color metrics; not individually reviewed,597,false
c1b1765d4714,d7,train,images/train/d7/d7_0001674_jpg.rf.c5286ba95edbfbd9aaf38825df4351ad_0c20580198.jpg,D:\lct\datasets\.build_cache\d7\train\images\0001674_jpg.rf.c5286ba95edbfbd9aaf38825df4351ad.jpg,test,images/test/d7/d7_0000572_jpg.rf.2ea45c6ee091edb5f3d38099513d7057_67c92cc947.jpg,D:\lct\datasets\.build_cache\d7\test\images\0000572_jpg.rf.2ea45c6ee091edb5f3d38099513d7057.jpg,16,20,,0.5785315036773682,0.1500842571258545,0.5466296076774597,False,,0.6415320426225661,visually_not_leakage,screened out by combined pHash/dHash and pixel/color metrics; not individually reviewed,598,false
7a2d7cf4250a,d7,train,images/train/d7/d7_0000420_jpg.rf.e22acdd9c1a69ad4952bda435f5cfdb4_a5aa6cac4a.jpg,D:\lct\datasets\.build_cache\d7\valid\images\0000420_jpg.rf.e22acdd9c1a69ad4952bda435f5cfdb4.jpg,val,images/val/d7/d7_0001230_jpg.rf.78c882aefb95f3329bffad1e4ac37ca0_b0012b11aa.jpg,D:\lct\datasets\.build_cache\d7\valid\images\0001230_jpg.rf.78c882aefb95f3329bffad1e4ac37ca0.jpg,16,32,,0.5460488200187683,0.14700043201446533,0.8157883286476135,False,,0.6407877773046493,visually_not_leakage,screened out by combined pHash/dHash and pixel/color metrics; not individually reviewed,599,false
1567e1b1a985,d7,train,images/train/d7/d7_0002089_jpg.rf.57fdfe97ae686fc74f3b62615c6b7334_5a74ef61fd.jpg,D:\lct\datasets\.build_cache\d7\train\images\0002089_jpg.rf.57fdfe97ae686fc74f3b62615c6b7334.jpg,val,images/val/d7/d7_0006494_jpg.rf.fc1f08fb56595525dc39019a70e8cb62_eedd820852.jpg,D:\lct\datasets\.build_cache\d7\valid\images\0006494_jpg.rf.fc1f08fb56595525dc39019a70e8cb62.jpg,16,19,,0.5600964426994324,0.19675245881080627,0.5701498985290527,False,,0.6400298118591308,visually_not_leakage,screened out by combined pHash/dHash and pixel/color metrics; not individually reviewed,600,false
97af71392802,d7,val,images/val/d7/d7_0000637_jpg.rf.d600bf8fa2d5d223f6edb0d3235a789a_654ff2448f.jpg,D:\lct\datasets\.build_cache\d7\valid\images\0000637_jpg.rf.d600bf8fa2d5d223f6edb0d3235a789a.jpg,test,images/test/d7/d7_0003521_jpg.rf.03b3fd4402d164ec91b5a92264a32639_e78e396dad.jpg,D:\lct\datasets\.build_cache\d7\test\images\0003521_jpg.rf.03b3fd4402d164ec91b5a92264a32639.jpg,16,36,,0.6166772246360779,0.14902344346046448,0.6825754642486572,False,,0.6396822094917297,visually_not_leakage,screened out by combined pHash/dHash and pixel/color metrics; not individually reviewed,601,false
4dbc58591702,d7,train,images/train/d7/d7_0001291_jpg.rf.f4a3bc808dd331dfd5cdb195ce0aa136_dbb5e82f0d.jpg,D:\lct\datasets\.build_cache\d7\train\images\0001291_jpg.rf.f4a3bc808dd331dfd5cdb195ce0aa136.jpg,test,images/test/d7/d7_0002500_jpg.rf.6d5fb8bd864302bb40de0d6d919c1477_a974e308f2.jpg,D:\lct\datasets\.build_cache\d7\test\images\0002500_jpg.rf.6d5fb8bd864302bb40de0d6d919c1477.jpg,16,28,,0.6259250640869141,0.1689041554927826,0.5286102890968323,False,,0.6390365689992904,visually_not_leakage,screened out by combined pHash/dHash and pixel/color metrics; not individually reviewed,602,false
23717f2052db,d7,train,images/train/d7/d7_0004049_jpg.rf.f188fe3856029884aa67e83fa134ec05_49e37f2738.jpg,D:\lct\datasets\.build_cache\d7\train\images\0004049_jpg.rf.f188fe3856029884aa67e83fa134ec05.jpg,val,images/val/d7/d7_0001758_jpg.rf.e0752b456e10cc149e9160bc5b18219f_463f435a62.jpg,D:\lct\datasets\.build_cache\d7\valid\images\0001758_jpg.rf.e0752b456e10cc149e9160bc5b18219f.jpg,16,28,,0.6439138650894165,0.1573280394077301,0.4773856997489929,False,,0.6385484009981155,visually_not_leakage,screened out by combined pHash/dHash and pixel/color metrics; not individually reviewed,603,false
39be6495cf12,d7,train,images/train/d7/d7_0004760_jpg.rf.e1467516ec1927a7ee859d1924fa521a_18de484a1e.jpg,D:\lct\datasets\.build_cache\d7\train\images\0004760_jpg.rf.e1467516ec1927a7ee859d1924fa521a.jpg,val,images/val/d7/d7_0006319_jpg.rf.a0ce816349a8b6358b1feafbde77b9c6_e326e50af0.jpg,D:\lct\datasets\.build_cache\d7\valid\images\0006319_jpg.rf.a0ce816349a8b6358b1feafbde77b9c6.jpg,16,28,,0.6199511885643005,0.14571557939052582,0.5399312376976013,False,,0.6383451610803603,visually_not_leakage,screened out by combined pHash/dHash and pixel/color metrics; not individually reviewed,604,false
b6ce70a6f7f7,d7,train,images/train/d7/d7_0002982_jpg.rf.47bc7001f252bf70e964a36473556a14_b5a0ed7a74.jpg,D:\lct\datasets\.build_cache\d7\train\images\0002982_jpg.rf.47bc7001f252bf70e964a36473556a14.jpg,val,images/val/d7/d7_0003492_jpg.rf.7592813848b1b4fa1543ddb2c6b793df_6dfd130c4c.jpg,D:\lct\datasets\.build_cache\d7\valid\images\0003492_jpg.rf.7592813848b1b4fa1543ddb2c6b793df.jpg,14,14,,0.44576311111450195,0.23729799687862396,0.7195848822593689,False,,0.6378054767847061,visually_not_leakage,screened out by combined pHash/dHash and pixel/color metrics; not individually reviewed,605,false
a8942c80d633,d7,train,images/train/d7/d7_0002364_jpg.rf.f3db93c9cb2b3c039a2fb42c08484608_43987b020f.jpg,D:\lct\datasets\.build_cache\d7\train\images\0002364_jpg.rf.f3db93c9cb2b3c039a2fb42c08484608.jpg,val,images/val/d7/d7_0003070_jpg.rf.b99f2d24f879f2aab498cc8afe8bbf78_6935d07ae8.jpg,D:\lct\datasets\.build_cache\d7\valid\images\0003070_jpg.rf.b99f2d24f879f2aab498cc8afe8bbf78.jpg,16,20,,0.4666893184185028,0.16409599781036377,0.818702220916748,False,,0.6376060605049133,visually_not_leakage,screened out by combined pHash/dHash and pixel/color metrics; not individually reviewed,606,false
7d57cac27c8b,d7,train,images/train/d7/d7_0002158_jpg.rf.3461fcbad4cc9fdf0bc854f052a79439_c0c7ce0a23.jpg,D:\lct\datasets\.build_cache\d7\train\images\0002158_jpg.rf.3461fcbad4cc9fdf0bc854f052a79439.jpg,test,images/test/d7/d7_0000175_jpg.rf.d56fd96e78a96e8cf7be68f20b473a25_c2fcd1109a.jpg,D:\lct\datasets\.build_cache\d7\test\images\0000175_jpg.rf.d56fd96e78a96e8cf7be68f20b473a25.jpg,14,21,,0.5415660738945007,0.18520699441432953,0.5710920691490173,False,,0.6374464899301528,visually_not_leakage,screened out by combined pHash/dHash and pixel/color metrics; not individually reviewed,607,false
74dbc8418ab9,d7,train,images/train/d7/d7_0002844_jpg.rf.b6418b6129970bf03918a1c8f60e32d5_08ab29e23d.jpg,D:\lct\datasets\.build_cache\d7\train\images\0002844_jpg.rf.b6418b6129970bf03918a1c8f60e32d5.jpg,val,images/val/d7/d7_0006223_jpg.rf.e794dd8f8b9aca20a2a80a1114112f9b_4012ab5e3d.jpg,D:\lct\datasets\.build_cache\d7\valid\images\0006223_jpg.rf.e794dd8f8b9aca20a2a80a1114112f9b.jpg,16,22,,0.5581232309341431,0.21969880163669586,0.6040762066841125,False,,0.6372982233762742,visually_not_leakage,screened out by combined pHash/dHash and pixel/color metrics; not individually reviewed,608,false
cce3e4aaca9e,d7,train,images/train/d7/d7_0004493_jpg.rf.2b7b09fb59d3bf2b7f8a7ec140f3fad9_df5745450f.jpg,D:\lct\datasets\.build_cache\d7\train\images\0004493_jpg.rf.2b7b09fb59d3bf2b7f8a7ec140f3fad9.jpg,test,images/test/d7/d7_0005496_jpg.rf.d052f1234bd4dfe4c148d23c2cf0cfa9_4aa95cd1e0.jpg,D:\lct\datasets\.build_cache\d7\test\images\0005496_jpg.rf.d052f1234bd4dfe4c148d23c2cf0cfa9.jpg,16,30,,0.5876778960227966,0.1469506323337555,0.650195837020874,False,,0.6372880339622498,visually_not_leakage,screened out by combined pHash/dHash and pixel/color metrics; not individually reviewed,609,false
76dbfc9af176,d7,val,images/val/d7/d7_0004511_jpg.rf.c7134e1424cacaa589b6bce4f35fe305_cb148a9c0c.jpg,D:\lct\datasets\.build_cache\d7\valid\images\0004511_jpg.rf.c7134e1424cacaa589b6bce4f35fe305.jpg,test,images/test/d7/d7_0001739_jpg.rf.5d7057d15fb0d48d0ac53290bb22a63e_44e8ab72ec.jpg,D:\lct\datasets\.build_cache\d7\test\images\0001739_jpg.rf.5d7057d15fb0d48d0ac53290bb22a63e.jpg,16,26,,0.6747111082077026,0.19906556606292725,0.3543998599052429,False,,0.6371069222688674,visually_not_leakage,screened out by combined pHash/dHash and pixel/color metrics; not individually reviewed,610,false
37e69df708b7,d7,train,images/train/d7/d7_0005529_jpg.rf.f073d759943bedf6f13835457d489f53_fe5b2bbc3a.jpg,D:\lct\datasets\.build_cache\d7\train\images\0005529_jpg.rf.f073d759943bedf6f13835457d489f53.jpg,val,images/val/d7/d7_0004508_jpg.rf.de9a7d742fd6e36e5e0a21d34e1d0f88_08577e00b2.jpg,D:\lct\datasets\.build_cache\d7\valid\images\0004508_jpg.rf.de9a7d742fd6e36e5e0a21d34e1d0f88.jpg,14,32,,0.6333056092262268,0.15201535820960999,0.4937645196914673,False,,0.6367619216442107,visually_not_leakage,screened out by combined pHash/dHash and pixel/color metrics; not individually reviewed,611,false
8925d1cf919c,d7,train,images/train/d7/d7_0000163_jpg.rf.aba41d6cc29d820372848b5690e9112c_58408b1a43.jpg,D:\lct\datasets\.build_cache\d7\train\images\0000163_jpg.rf.aba41d6cc29d820372848b5690e9112c.jpg,test,images/test/d7/d7_0006202_jpg.rf.e0742e8ac85c5781714488e4cb044b3e_7ae9cbfd4c.jpg,D:\lct\datasets\.build_cache\d7\test\images\0006202_jpg.rf.e0742e8ac85c5781714488e4cb044b3e.jpg,16,29,,0.7190172672271729,0.2169807106256485,0.27716904878616333,False,,0.6362135142087937,visually_not_leakage,screened out by combined pHash/dHash and pixel/color metrics; not individually reviewed,612,false
a6317e0a3a3a,d7,train,images/train/d7/d7_0002591_jpg.rf.5dca55b5f84af4e5d438678f4e08daa0_3dd470df34.jpg,D:\lct\datasets\.build_cache\d7\train\images\0002591_jpg.rf.5dca55b5f84af4e5d438678f4e08daa0.jpg,test,images/test/d7/d7_0002090_jpg.rf.3e73bd02a4ff1afca92a4b85a01c1ee6_831fd0049a.jpg,D:\lct\datasets\.build_cache\d7\test\images\0002090_jpg.rf.3e73bd02a4ff1afca92a4b85a01c1ee6.jpg,14,30,,0.5838258266448975,0.15246246755123138,0.5902645587921143,False,,0.6361325144767762,visually_not_leakage,screened out by combined pHash/dHash and pixel/color metrics; not individually reviewed,613,false
810d544c01c9,d7,train,images/train/d7/d7_0000191_jpg.rf.323bebb8a095c3efa90cb36805c00f38_a6eee07a85.jpg,D:\lct\datasets\.build_cache\d7\train\images\0000191_jpg.rf.323bebb8a095c3efa90cb36805c00f38.jpg,val,images/val/d7/d7_0005323_jpg.rf.7e08fd3074b1110428be255a04d1e766_efebbca6cf.jpg,D:\lct\datasets\.build_cache\d7\valid\images\0005323_jpg.rf.7e08fd3074b1110428be255a04d1e766.jpg,14,25,,0.6329265832901001,0.21142195165157318,0.3795141279697418,False,,0.6358790025115013,visually_not_leakage,screened out by combined pHash/dHash and pixel/color metrics; not individually reviewed,614,false
8aac6c0d702f,d7,train,images/train/d7/d7_0004765_jpg.rf.f457caaac3062c0f3592a9903f8556fc_2c4e326956.jpg,D:\lct\datasets\.build_cache\d7\train\images\0004765_jpg.rf.f457caaac3062c0f3592a9903f8556fc.jpg,val,images/val/d7/d7_0004008_jpg.rf.a1098f6a3fc627d52d7949ad48ab2964_a0738fc843.jpg,D:\lct\datasets\.build_cache\d7\valid\images\0004008_jpg.rf.a1098f6a3fc627d52d7949ad48ab2964.jpg,16,28,,0.5627850890159607,0.17570561170578003,0.6742722988128662,False,,0.6356298804283143,visually_not_leakage,screened out by combined pHash/dHash and pixel/color metrics; not individually reviewed,615,false
1304d0e17cb3,d7,train,images/train/d7/d7_0000451_jpg.rf.acdc861242dce01254a80a7ed218b078_46d4947134.jpg,D:\lct\datasets\.build_cache\d7\train\images\0000451_jpg.rf.acdc861242dce01254a80a7ed218b078.jpg,val,images/val/d7/d7_0002242_jpg.rf.2a5ba91c6c365736fa9794421a6ce9d4_bf6a39548d.jpg,D:\lct\datasets\.build_cache\d7\valid\images\0002242_jpg.rf.2a5ba91c6c365736fa9794421a6ce9d4.jpg,12,25,,0.5502613186836243,0.18586283922195435,0.5349277853965759,False,,0.6354999452829361,visually_not_leakage,screened out by combined pHash/dHash and pixel/color metrics; not individually reviewed,616,false
86163c7e9568,d7,train,images/train/d7/d7_0005557_jpg.rf.a1a03a32496fc505cf189d4007f936cc_de48ec5d71.jpg,D:\lct\datasets\.build_cache\d7\train\images\0005557_jpg.rf.a1a03a32496fc505cf189d4007f936cc.jpg,val,images/val/d7/d7_0004449_jpg.rf.1c8634101e7bd7d4d4d2fa65072e9ce2_ceda3098da.jpg,D:\lct\datasets\.build_cache\d7\valid\images\0004449_jpg.rf.1c8634101e7bd7d4d4d2fa65072e9ce2.jpg,16,27,,0.5290741324424744,0.1480296552181244,0.7449551820755005,False,,0.6350916802883148,visually_not_leakage,screened out by combined pHash/dHash and pixel/color metrics; not individually reviewed,617,false
ba42334d9609,d7,train,images/train/d7/d7_0005873_jpg.rf.05b8163b74d0b177ffb183aa5757f08b_6543616be9.jpg,D:\lct\datasets\.build_cache\d7\test\images\0005873_jpg.rf.05b8163b74d0b177ffb183aa5757f08b.jpg,test,images/test/d7/d7_0000214_jpg.rf.fb78e6e91530a34c85c8302f02b08b93_90d8a2885a.jpg,D:\lct\datasets\.build_cache\d7\test\images\0000214_jpg.rf.fb78e6e91530a34c85c8302f02b08b93.jpg,14,26,,0.568099856376648,0.1603410542011261,0.5599867701530457,False,,0.634675458073616,visually_not_leakage,screened out by combined pHash/dHash and pixel/color metrics; not individually reviewed,618,false
fe6e75db240c,d7,train,images/train/d7/d7_0002856_jpg.rf.b3bb2f717c8bc4da9bbf377b4fa35e28_1fb80c94e4.jpg,D:\lct\datasets\.build_cache\d7\train\images\0002856_jpg.rf.b3bb2f717c8bc4da9bbf377b4fa35e28.jpg,val,images/val/d7/d7_0004417_jpg.rf.e705bd45978d1ad7e183ab90195e0005_e83b45b029.jpg,D:\lct\datasets\.build_cache\d7\valid\images\0004417_jpg.rf.e705bd45978d1ad7e183ab90195e0005.jpg,16,26,,0.5068310499191284,0.16226351261138916,0.7834466099739075,False,,0.6343119114637374,visually_not_leakage,screened out by combined pHash/dHash and pixel/color metrics; not individually reviewed,619,false
7c139c846326,d7,train,images/train/d7/d7_0004205_jpg.rf.72d2166f126cb2e2f721c5c3f192499f_a5a4d9d171.jpg,D:\lct\datasets\.build_cache\d7\train\images\0004205_jpg.rf.72d2166f126cb2e2f721c5c3f192499f.jpg,val,images/val/d7/d7_0002884_jpg.rf.0bfd9284e9994301451bf6b60ae3ddad_0a35dfc38b.jpg,D:\lct\datasets\.build_cache\d7\valid\images\0002884_jpg.rf.0bfd9284e9994301451bf6b60ae3ddad.jpg,16,32,,0.6084191203117371,0.19922736287117004,0.606186032295227,False,,0.6342955529689789,visually_not_leakage,screened out by combined pHash/dHash and pixel/color metrics; not individually reviewed,620,false
b3b718c3d496,d7,train,images/train/d7/d7_0004801_jpg.rf.d1f09ae9bb5db0f61449b9500cb47a12_47a1140dd0.jpg,D:\lct\datasets\.build_cache\d7\train\images\0004801_jpg.rf.d1f09ae9bb5db0f61449b9500cb47a12.jpg,test,images/test/d7/d7_0001137_jpg.rf.c66f27991740a823aa5cd3bbb32165fe_5ff646c267.jpg,D:\lct\datasets\.build_cache\d7\test\images\0001137_jpg.rf.c66f27991740a823aa5cd3bbb32165fe.jpg,16,32,,0.6179034113883972,0.20435623824596405,0.5752571821212769,False,,0.6334499418735504,visually_not_leakage,screened out by combined pHash/dHash and pixel/color metrics; not individually reviewed,621,false
130b1eade4e3,d7,train,images/train/d7/d7_0001554_jpg.rf.5bd26ed6a27a174718ff8c4d3cc52f23_607c29b274.jpg,D:\lct\datasets\.build_cache\d7\train\images\0001554_jpg.rf.5bd26ed6a27a174718ff8c4d3cc52f23.jpg,val,images/val/d7/d7_0004290_jpg.rf.83eb50f820a8cb8dad4a65e2281e5423_e63790efe3.jpg,D:\lct\datasets\.build_cache\d7\valid\images\0004290_jpg.rf.83eb50f820a8cb8dad4a65e2281e5423.jpg,16,30,,0.6135241389274597,0.19235314428806305,0.5525889992713928,False,,0.6329855054616929,visually_not_leakage,screened out by combined pHash/dHash and pixel/color metrics; not individually reviewed,622,false
380433e3f4d3,d7,train,images/train/d7/d7_0004994_jpg.rf.80f6a445d2ec7f19578417d84984da56_a2a5a65ee4.jpg,D:\lct\datasets\.build_cache\d7\train\images\0004994_jpg.rf.80f6a445d2ec7f19578417d84984da56.jpg,val,images/val/d7/d7_0004270_jpg.rf.6b050cdeed90a7c95cacbf87e768f3d3_b7ce6849ae.jpg,D:\lct\datasets\.build_cache\d7\valid\images\0004270_jpg.rf.6b050cdeed90a7c95cacbf87e768f3d3.jpg,16,25,,0.5057246685028076,0.17789043486118317,0.7550363540649414,False,,0.6319515705108643,visually_not_leakage,screened out by combined pHash/dHash and pixel/color metrics; not individually reviewed,623,false
5ea78bbe48ff,d7,train,images/train/d7/d7_0002070_jpg.rf.553fb4ed7edb7581bb76ea1ee9aeece1_0cc21ae5ed.jpg,D:\lct\datasets\.build_cache\d7\train\images\0002070_jpg.rf.553fb4ed7edb7581bb76ea1ee9aeece1.jpg,test,images/test/d7/d7_0001614_jpg.rf.31bb0ed1a71b0ea2ff231345b5faf352_d2cea97ff6.jpg,D:\lct\datasets\.build_cache\d7\test\images\0001614_jpg.rf.31bb0ed1a71b0ea2ff231345b5faf352.jpg,22,11,,0.44714686274528503,0.11871648579835892,0.8788164258003235,False,,0.6317749589681625,visually_not_leakage,screened out by combined pHash/dHash and pixel/color metrics; not individually reviewed,624,false
cc35b084b39c,d7,train,images/train/d7/d7_0003548_jpg.rf.d8d624478427edba6339b2376b9ccdc3_4cc04e5b0f.jpg,D:\lct\datasets\.build_cache\d7\train\images\0003548_jpg.rf.d8d624478427edba6339b2376b9ccdc3.jpg,val,images/val/d7/d7_0002388_jpg.rf.2e61fd567091b6f2238c5550bcd7275b_d852f004cf.jpg,D:\lct\datasets\.build_cache\d7\valid\images\0002388_jpg.rf.2e61fd567091b6f2238c5550bcd7275b.jpg,16,26,,0.6620947122573853,0.22936101257801056,0.3523533046245575,False,,0.6317533805966378,visually_not_leakage,screened out by combined pHash/dHash and pixel/color metrics; not individually reviewed,625,false
c6a038aabbcc,d7,train,images/train/d7/d7_0004202_jpg.rf.036ffc0c1688e8d0dbcca908cd47a378_c40ddfbc49.jpg,D:\lct\datasets\.build_cache\d7\train\images\0004202_jpg.rf.036ffc0c1688e8d0dbcca908cd47a378.jpg,val,images/val/d7/d7_0002535_jpg.rf.9af7f4a38b4c131ea6db7164aad19467_bef13d4ea8.jpg,D:\lct\datasets\.build_cache\d7\valid\images\0002535_jpg.rf.9af7f4a38b4c131ea6db7164aad19467.jpg,16,28,,0.562896192073822,0.20356732606887817,0.6441543102264404,False,,0.6311566233634949,visually_not_leakage,screened out by combined pHash/dHash and pixel/color metrics; not individually reviewed,626,false
4a60127b5934,d7,train,images/train/d7/d7_0002370_jpg.rf.5a520992c40cb7b2b0bf0884f26a1fb0_98fbba5937.jpg,D:\lct\datasets\.build_cache\d7\train\images\0002370_jpg.rf.5a520992c40cb7b2b0bf0884f26a1fb0.jpg,val,images/val/d7/d7_0001026_jpg.rf.ec38743ac676d0e48942c9936fda0188_0cf5f8f00a.jpg,D:\lct\datasets\.build_cache\d7\test\images\0001026_jpg.rf.ec38743ac676d0e48942c9936fda0188.jpg,14,18,,0.45903968811035156,0.16511183977127075,0.7014286518096924,False,,0.6310176730155945,visually_not_leakage,screened out by combined pHash/dHash and pixel/color metrics; not individually reviewed,627,false
288be504708a,d7,train,images/train/d7/d7_0003138_jpg.rf.ebf19147afadfd6e509a64aacddf36ee_dce5a83d2f.jpg,D:\lct\datasets\.build_cache\d7\train\images\0003138_jpg.rf.ebf19147afadfd6e509a64aacddf36ee.jpg,test,images/test/d7/d7_0006118_jpg.rf.5c3c6d508fc41c379f987ace0bd06a7f_12dc87dfdc.jpg,D:\lct\datasets\.build_cache\d7\test\images\0006118_jpg.rf.5c3c6d508fc41c379f987ace0bd06a7f.jpg,16,26,,0.6620557308197021,0.1613348424434662,0.34185779094696045,False,,0.6301634609699249,visually_not_leakage,screened out by combined pHash/dHash and pixel/color metrics; not individually reviewed,628,false
48256363b0d9,d7,train,images/train/d7/d7_0004597_jpg.rf.914e6cbdd2ece4925ffd159cdfd02d95_42e5624f05.jpg,D:\lct\datasets\.build_cache\d7\train\images\0004597_jpg.rf.914e6cbdd2ece4925ffd159cdfd02d95.jpg,val,images/val/d7/d7_0005907_jpg.rf.e7daf7e30c0f690d2e00e4f1022d0dbd_2defa5938b.jpg,D:\lct\datasets\.build_cache\d7\valid\images\0005907_jpg.rf.e7daf7e30c0f690d2e00e4f1022d0dbd.jpg,16,38,,0.6220616102218628,0.1588943749666214,0.6301727890968323,False,,0.62928806245327,visually_not_leakage,screened out by combined pHash/dHash and pixel/color metrics; not individually reviewed,629,false
133f28240875,d7,train,images/train/d7/d7_0006402_jpg.rf.3e6a1ed46d8dc51c26573f1fcf18f7b9_06887a19ad.jpg,D:\lct\datasets\.build_cache\d7\train\images\0006402_jpg.rf.3e6a1ed46d8dc51c26573f1fcf18f7b9.jpg,val,images/val/d7/d7_0001248_jpg.rf.c2f8a35ff0d46d33ad01b0f0a7895ee8_cd3401d240.jpg,D:\lct\datasets\.build_cache\d7\valid\images\0001248_jpg.rf.c2f8a35ff0d46d33ad01b0f0a7895ee8.jpg,16,26,,0.5183063745498657,0.19906556606292725,0.7191892862319946,False,,0.6292634427547454,visually_not_leakage,screened out by combined pHash/dHash and pixel/color metrics; not individually reviewed,630,false
5467320dd451,d7,train,images/train/d7/d7_0004052_jpg.rf.c3e3f08880e8890c889f5935c5259279_a012436bef.jpg,D:\lct\datasets\.build_cache\d7\train\images\0004052_jpg.rf.c3e3f08880e8890c889f5935c5259279.jpg,test,images/test/d7/d7_0006099_jpg.rf.fe4f31471ad8cb40087676861bc226ed_e9b21a97d4.jpg,D:\lct\datasets\.build_cache\d7\test\images\0006099_jpg.rf.fe4f31471ad8cb40087676861bc226ed.jpg,16,27,,0.5387003421783447,0.16207395493984222,0.6779605150222778,False,,0.6288929641246795,visually_not_leakage,screened out by combined pHash/dHash and pixel/color metrics; not individually reviewed,631,false
6c9400108d47,d7,train,images/train/d7/d7_0004705_jpg.rf.c052206f6670af620be968222fdc9349_4c4f98e724.jpg,D:\lct\datasets\.build_cache\d7\train\images\0004705_jpg.rf.c052206f6670af620be968222fdc9349.jpg,test,images/test/d7/d7_0000764_jpg.rf.0546c14cf0bc2fe38322d727ae3aea2b_2b81de3ed4.jpg,D:\lct\datasets\.build_cache\d7\test\images\0000764_jpg.rf.0546c14cf0bc2fe38322d727ae3aea2b.jpg,16,21,,0.5769469738006592,0.1737850457429886,0.4818021357059479,False,,0.6288303598761559,visually_not_leakage,screened out by combined pHash/dHash and pixel/color metrics; not individually reviewed,632,false
ab768eb64f90,d7,val,images/val/d7/d7_0003298_jpg.rf.9d7b966aa63879ba2929be5f46ff6948_3938d877be.jpg,D:\lct\datasets\.build_cache\d7\valid\images\0003298_jpg.rf.9d7b966aa63879ba2929be5f46ff6948.jpg,test,images/test/d7/d7_0001592_jpg.rf.81433cf1ca3e00b735522e229b8e6f63_780412ef3f.jpg,D:\lct\datasets\.build_cache\d7\test\images\0001592_jpg.rf.81433cf1ca3e00b735522e229b8e6f63.jpg,16,24,,0.4717194736003876,0.14692001044750214,0.808591365814209,False,,0.6287264943122863,visually_not_leakage,screened out by combined pHash/dHash and pixel/color metrics; not individually reviewed,633,false
1939345d788d,d7,train,images/train/d7/d7_0001674_jpg.rf.c5286ba95edbfbd9aaf38825df4351ad_0c20580198.jpg,D:\lct\datasets\.build_cache\d7\train\images\0001674_jpg.rf.c5286ba95edbfbd9aaf38825df4351ad.jpg,val,images/val/d7/d7_0002577_jpg.rf.64962838c5dd791b20f2935d58cfa161_638030a14d.jpg,D:\lct\datasets\.build_cache\d7\valid\images\0002577_jpg.rf.64962838c5dd791b20f2935d58cfa161.jpg,16,24,,0.6150755882263184,0.2543150782585144,0.4250434637069702,False,,0.6285367548465729,visually_not_leakage,screened out by combined pHash/dHash and pixel/color metrics; not individually reviewed,634,false
a4c16377f844,d7,train,images/train/d7/d7_0005857_jpg.rf.77c0ab3dd1506c65eefe562e01913c1f_75bf79a672.jpg,D:\lct\datasets\.build_cache\d7\train\images\0005857_jpg.rf.77c0ab3dd1506c65eefe562e01913c1f.jpg,test,images/test/d7/d7_0002276_jpg.rf.10e2b2abb50aa3e7e9972a59e7cd4dbc_1d79f540ad.jpg,D:\lct\datasets\.build_cache\d7\test\images\0002276_jpg.rf.10e2b2abb50aa3e7e9972a59e7cd4dbc.jpg,16,28,,0.5719574093818665,0.20728784799575806,0.6017062067985535,False,,0.6284138947725295,visually_not_leakage,screened out by combined pHash/dHash and pixel/color metrics; not individually reviewed,635,false
4809916de6af,d7,val,images/val/d7/d7_0003467_jpg.rf.0ece921ed38acd26bbda02bbc6263e0f_2c9d6d896c.jpg,D:\lct\datasets\.build_cache\d7\valid\images\0003467_jpg.rf.0ece921ed38acd26bbda02bbc6263e0f.jpg,test,images/test/d7/d7_0004174_jpg.rf.e3a4cedf88805ad5b444ac3c6879bb84_177333b25f.jpg,D:\lct\datasets\.build_cache\d7\train\images\0004174_jpg.rf.e3a4cedf88805ad5b444ac3c6879bb84.jpg,16,31,,0.5472774505615234,0.19644033908843994,0.7133824825286865,False,,0.6282621026039124,visually_not_leakage,screened out by combined pHash/dHash and pixel/color metrics; not individually reviewed,636,false
5aa58a80a4f1,d7,train,images/train/d7/d7_0006093_jpg.rf.217c941d1f01f35fd6324257d329da2d_7db3913467.jpg,D:\lct\datasets\.build_cache\d7\train\images\0006093_jpg.rf.217c941d1f01f35fd6324257d329da2d.jpg,test,images/test/d7/d7_0002519_jpg.rf.dbb85ae24be703f30b641e2caa310e35_4b711c32b5.jpg,D:\lct\datasets\.build_cache\d7\test\images\0002519_jpg.rf.dbb85ae24be703f30b641e2caa310e35.jpg,16,20,,0.5369927287101746,0.14618854224681854,0.5651866793632507,False,,0.6277000933885574,visually_not_leakage,screened out by combined pHash/dHash and pixel/color metrics; not individually reviewed,637,false
353bd5cd84c9,d7,train,images/train/d7/d7_0002860_jpg.rf.0ca61aad37a062df1db9e6d94b3ccec0_787c3b04e7.jpg,D:\lct\datasets\.build_cache\d7\train\images\0002860_jpg.rf.0ca61aad37a062df1db9e6d94b3ccec0.jpg,val,images/val/d7/d7_0000545_jpg.rf.498a210ef6621ea0d86da4ce5bd3ed48_80c463f983.jpg,D:\lct\datasets\.build_cache\d7\valid\images\0000545_jpg.rf.498a210ef6621ea0d86da4ce5bd3ed48.jpg,16,30,,0.5335590839385986,0.1474829614162445,0.7292870879173279,False,,0.6275041967630387,visually_not_leakage,screened out by combined pHash/dHash and pixel/color metrics; not individually reviewed,638,false
c2bc821503bd,d7,train,images/train/d7/d7_0003132_jpg.rf.2008218e47cb580cb321e1cfdc5f3ae9_491fd272fe.jpg,D:\lct\datasets\.build_cache\d7\train\images\0003132_jpg.rf.2008218e47cb580cb321e1cfdc5f3ae9.jpg,test,images/test/d7/d7_0005331_jpg.rf.4ec2bd721871ee30a4c44dad98f34e82_3f34f12b19.jpg,D:\lct\datasets\.build_cache\d7\test\images\0005331_jpg.rf.4ec2bd721871ee30a4c44dad98f34e82.jpg,16,31,,0.5288705229759216,0.15902554988861084,0.7541144490242004,False,,0.6270091265439987,visually_not_leakage,screened out by combined pHash/dHash and pixel/color metrics; not individually reviewed,639,false
f29124e622a5,d7,train,images/train/d7/d7_0000767_jpg.rf.5f7f60f3a4e86be9f9223ac5193cbf11_6a362f7408.jpg,D:\lct\datasets\.build_cache\d7\train\images\0000767_jpg.rf.5f7f60f3a4e86be9f9223ac5193cbf11.jpg,val,images/val/d7/d7_0002633_jpg.rf.052808efa6017c3115bf1e1be13e31a2_ae5021fed6.jpg,D:\lct\datasets\.build_cache\d7\valid\images\0002633_jpg.rf.052808efa6017c3115bf1e1be13e31a2.jpg,16,23,,0.4972662031650543,0.19833698868751526,0.7093954086303711,False,,0.6264095425605773,visually_not_leakage,screened out by combined pHash/dHash and pixel/color metrics; not individually reviewed,640,false
1b6f0be33d15,d7,val,images/val/d7/d7_0003818_jpg.rf.80b0c8893c7322e80a5de258c57aad4f_dea9fb9514.jpg,D:\lct\datasets\.build_cache\d7\valid\images\0003818_jpg.rf.80b0c8893c7322e80a5de258c57aad4f.jpg,test,images/test/d7/d7_0004424_jpg.rf.8a90b19ef11f14ec70aebd1de7205cd2_e55963a6f8.jpg,D:\lct\datasets\.build_cache\d7\test\images\0004424_jpg.rf.8a90b19ef11f14ec70aebd1de7205cd2.jpg,16,37,,0.5968500971794128,0.14480221271514893,0.652053952217102,False,,0.6248293817043304,visually_not_leakage,screened out by combined pHash/dHash and pixel/color metrics; not individually reviewed,641,false
8f43dbe44f44,d7,train,images/train/d7/d7_0002963_jpg.rf.1082d267c1c3e4c042c8dff7fdc0ae26_ba45380dde.jpg,D:\lct\datasets\.build_cache\d7\train\images\0002963_jpg.rf.1082d267c1c3e4c042c8dff7fdc0ae26.jpg,val,images/val/d7/d7_0006230_jpg.rf.6f2ecad98fc6f21b0619fe1c8abce4bb_73992332fb.jpg,D:\lct\datasets\.build_cache\d7\valid\images\0006230_jpg.rf.6f2ecad98fc6f21b0619fe1c8abce4bb.jpg,16,28,,0.5502340197563171,0.17849455773830414,0.6342892646789551,False,,0.62461199760437,visually_not_leakage,screened out by combined pHash/dHash and pixel/color metrics; not individually reviewed,642,false
8d5a0f1b99cf,d7,train,images/train/d7/d7_0001929_jpg.rf.3d4678800efd74590f7d0ed46fa6172c_453995f3dc.jpg,D:\lct\datasets\.build_cache\d7\train\images\0001929_jpg.rf.3d4678800efd74590f7d0ed46fa6172c.jpg,val,images/val/d7/d7_0002047_jpg.rf.c19b9d4eae85c0ca860b795471cc6b44_36b0362150.jpg,D:\lct\datasets\.build_cache\d7\valid\images\0002047_jpg.rf.c19b9d4eae85c0ca860b795471cc6b44.jpg,16,32,,0.5218146443367004,0.12247912585735321,0.767538845539093,False,,0.6238566845655441,visually_not_leakage,screened out by combined pHash/dHash and pixel/color metrics; not individually reviewed,643,false
e5d51c946769,d7,train,images/train/d7/d7_0002798_jpg.rf.e12f1ddd699345f0594a581f72d5babf_f283b444c4.jpg,D:\lct\datasets\.build_cache\d7\train\images\0002798_jpg.rf.e12f1ddd699345f0594a581f72d5babf.jpg,test,images/test/d7/d7_0000177_jpg.rf.1990b8a0fad144ad7809d96cf7a1c965_73fc625676.jpg,D:\lct\datasets\.build_cache\d7\test\images\0000177_jpg.rf.1990b8a0fad144ad7809d96cf7a1c965.jpg,14,25,,0.527751088142395,0.1822524070739746,0.5786101222038269,False,,0.6236732035875321,visually_not_leakage,screened out by combined pHash/dHash and pixel/color metrics; not individually reviewed,644,false
1133540ce2df,d7,train,images/train/d7/d7_0005554_jpg.rf.4fb356b2d5a450e72cf7505e77dd4634_b26c0131f5.jpg,D:\lct\datasets\.build_cache\d7\train\images\0005554_jpg.rf.4fb356b2d5a450e72cf7505e77dd4634.jpg,val,images/val/d7/d7_0002374_jpg.rf.3cad04ca4b3d8a70d91d929286736311_8594552d3e.jpg,D:\lct\datasets\.build_cache\d7\valid\images\0002374_jpg.rf.3cad04ca4b3d8a70d91d929286736311.jpg,16,26,,0.4067423939704895,0.07428769767284393,0.9784698486328125,False,,0.6235299348831176,visually_not_leakage,screened out by combined pHash/dHash and pixel/color metrics; not individually reviewed,645,false
dac1f5abec4b,d7,train,images/train/d7/d7_0003745_jpg.rf.dd9a7802ae4f45ef4e8dc6a6aa40b8f5_56c7dbdd9c.jpg,D:\lct\datasets\.build_cache\d7\train\images\0003745_jpg.rf.dd9a7802ae4f45ef4e8dc6a6aa40b8f5.jpg,test,images/test/d7/d7_0004340_jpg.rf.33fe4fa2c51be284d0c6ff51e1e042ee_3c782024b5.jpg,D:\lct\datasets\.build_cache\d7\train\images\0004340_jpg.rf.33fe4fa2c51be284d0c6ff51e1e042ee.jpg,16,28,,0.6522164344787598,0.16201171278953552,0.3542520999908447,False,,0.6233993887901306,visually_not_leakage,screened out by combined pHash/dHash and pixel/color metrics; not individually reviewed,646,false
323d9649c766,d7,train,images/train/d7/d7_0004787_jpg.rf.3a7527bd54ea182682d82ca07a554809_10138ae144.jpg,D:\lct\datasets\.build_cache\d7\train\images\0004787_jpg.rf.3a7527bd54ea182682d82ca07a554809.jpg,test,images/test/d7/d7_0002412_jpg.rf.0b73e9b5f33a8a0b65669e792064b128_bc3f8d56c4.jpg,D:\lct\datasets\.build_cache\d7\train\images\0002412_jpg.rf.0b73e9b5f33a8a0b65669e792064b128.jpg,16,30,,0.5352309942245483,0.15833142399787903,0.6968945860862732,False,,0.6233140856027604,visually_not_leakage,screened out by combined pHash/dHash and pixel/color metrics; not individually reviewed,647,false
04155b8ced64,d7,train,images/train/d7/d7_0001667_jpg.rf.9ce5883b1ab5fc25f42deb94d9127516_6c2d33f960.jpg,D:\lct\datasets\.build_cache\d7\train\images\0001667_jpg.rf.9ce5883b1ab5fc25f42deb94d9127516.jpg,val,images/val/d7/d7_0002759_jpg.rf.5c07f188f6c06b6de24d5cb7d6ab0569_2250796774.jpg,D:\lct\datasets\.build_cache\d7\valid\images\0002759_jpg.rf.5c07f188f6c06b6de24d5cb7d6ab0569.jpg,16,34,,0.6494104862213135,0.17851564288139343,0.4500780403614044,False,,0.622588400542736,visually_not_leakage,screened out by combined pHash/dHash and pixel/color metrics; not individually reviewed,648,false
d9fb2cd73578,d7,train,images/train/d7/d7_0001450_jpg.rf.288b1aa52b85c3e1023ae07fdf1c1e11_906f48acb1.jpg,D:\lct\datasets\.build_cache\d7\train\images\0001450_jpg.rf.288b1aa52b85c3e1023ae07fdf1c1e11.jpg,val,images/val/d7/d7_0005601_jpg.rf.a4e767dbf2cba03ff85312f147093bb0_56cee54925.jpg,D:\lct\datasets\.build_cache\d7\valid\images\0005601_jpg.rf.a4e767dbf2cba03ff85312f147093bb0.jpg,30,11,,0.7712445855140686,0.1416398584842682,0.20291291177272797,False,,0.6225285209715367,visually_not_leakage,screened out by combined pHash/dHash and pixel/color metrics; not individually reviewed,649,false
53a79641a64a,d7,train,images/train/d7/d7_0004260_jpg.rf.04292b163d44f24d73c112cc88c33997_e1af713ce6.jpg,D:\lct\datasets\.build_cache\d7\train\images\0004260_jpg.rf.04292b163d44f24d73c112cc88c33997.jpg,val,images/val/d7/d7_0005323_jpg.rf.7e08fd3074b1110428be255a04d1e766_efebbca6cf.jpg,D:\lct\datasets\.build_cache\d7\valid\images\0005323_jpg.rf.7e08fd3074b1110428be255a04d1e766.jpg,16,33,,0.6380430459976196,0.22268307209014893,0.4588935375213623,False,,0.6217074990272522,visually_not_leakage,screened out by combined pHash/dHash and pixel/color metrics; not individually reviewed,650,false
dfa90cb68642,d7,train,images/train/d7/d7_0005198_jpg.rf.c732be7d50e21640905f40288a101194_1d490e47da.jpg,D:\lct\datasets\.build_cache\d7\train\images\0005198_jpg.rf.c732be7d50e21640905f40288a101194.jpg,test,images/test/d7/d7_0004087_jpg.rf.289e54fe2780bc1d61fd668e71c79bb6_61935b0220.jpg,D:\lct\datasets\.build_cache\d7\test\images\0004087_jpg.rf.289e54fe2780bc1d61fd668e71c79bb6.jpg,14,17,,0.5291416645050049,0.19327417016029358,0.43501535058021545,False,,0.6214402183890343,visually_not_leakage,screened out by combined pHash/dHash and pixel/color metrics; not individually reviewed,651,false
93ff0a37949e,d7,train,images/train/d7/d7_0002545_jpg.rf.c8b11fc914c04be3f2400b4d253e27da_1c011c2696.jpg,D:\lct\datasets\.build_cache\d7\train\images\0002545_jpg.rf.c8b11fc914c04be3f2400b4d253e27da.jpg,val,images/val/d7/d7_0003592_jpg.rf.c695079013f690e3c60d06bab57e01a9_ce6ca4afd2.jpg,D:\lct\datasets\.build_cache\d7\train\images\0003592_jpg.rf.c695079013f690e3c60d06bab57e01a9.jpg,16,27,,0.633033275604248,0.1723661720752716,0.374602347612381,False,,0.6211224123835564,visually_not_leakage,screened out by combined pHash/dHash and pixel/color metrics; not individually reviewed,652,false
d4268366131a,d7,train,images/train/d7/d7_0002545_jpg.rf.c8b11fc914c04be3f2400b4d253e27da_1c011c2696.jpg,D:\lct\datasets\.build_cache\d7\train\images\0002545_jpg.rf.c8b11fc914c04be3f2400b4d253e27da.jpg,val,images/val/d7/d7_0002766_jpg.rf.2b5856b4f7b07f1a2c7857a246ad2776_3a9c9937cc.jpg,D:\lct\datasets\.build_cache\d7\valid\images\0002766_jpg.rf.2b5856b4f7b07f1a2c7857a246ad2776.jpg,12,31,,0.624453067779541,0.17469938099384308,0.33063969016075134,False,,0.6204709306359292,visually_not_leakage,screened out by combined pHash/dHash and pixel/color metrics; not individually reviewed,653,false
b98b94294f45,d7,train,images/train/d7/d7_0004558_jpg.rf.4c42e729f5dc0b4e91a8f1f42b0a8f7d_f31bd586b7.jpg,D:\lct\datasets\.build_cache\d7\train\images\0004558_jpg.rf.4c42e729f5dc0b4e91a8f1f42b0a8f7d.jpg,val,images/val/d7/d7_0000617_jpg.rf.06880f3c934a6d523180bdd4a4e29c08_b4fb671669.jpg,D:\lct\datasets\.build_cache\d7\valid\images\0000617_jpg.rf.06880f3c934a6d523180bdd4a4e29c08.jpg,16,27,,0.5332092046737671,0.16523054242134094,0.6330944895744324,False,,0.6199666053056716,visually_not_leakage,screened out by combined pHash/dHash and pixel/color metrics; not individually reviewed,654,false
93ea49c4e893,d7,train,images/train/d7/d7_0001025_jpg.rf.cd81cb804dbe3909f23b2defc52dcd34_613afb1ea1.jpg,D:\lct\datasets\.build_cache\d7\train\images\0001025_jpg.rf.cd81cb804dbe3909f23b2defc52dcd34.jpg,test,images/test/d7/d7_0006099_jpg.rf.fe4f31471ad8cb40087676861bc226ed_e9b21a97d4.jpg,D:\lct\datasets\.build_cache\d7\test\images\0006099_jpg.rf.fe4f31471ad8cb40087676861bc226ed.jpg,16,31,,0.5432162284851074,0.13996055722236633,0.6583225131034851,False,,0.6183786183595658,visually_not_leakage,screened out by combined pHash/dHash and pixel/color metrics; not individually reviewed,655,false
de66f76aa78b,d7,train,images/train/d7/d7_0001690_jpg.rf.c598edfda2f85be59ada8b6e50fdd0bb_1fef9f8cf7.jpg,D:\lct\datasets\.build_cache\d7\train\images\0001690_jpg.rf.c598edfda2f85be59ada8b6e50fdd0bb.jpg,test,images/test/d7/d7_0003481_jpg.rf.b997061633ff37a63ce5a58a3c3784fd_1245201708.jpg,D:\lct\datasets\.build_cache\d7\test\images\0003481_jpg.rf.b997061633ff37a63ce5a58a3c3784fd.jpg,16,23,,0.5516273975372314,0.1787942349910736,0.5093675255775452,False,,0.6181498378515243,visually_not_leakage,screened out by combined pHash/dHash and pixel/color metrics; not individually reviewed,656,false
8ce72a6f77df,d7,train,images/train/d7/d7_0006446_jpg.rf.33c71d498dabd7701104552fdd0e87b4_eb64da0f70.jpg,D:\lct\datasets\.build_cache\d7\train\images\0006446_jpg.rf.33c71d498dabd7701104552fdd0e87b4.jpg,test,images/test/d7/d7_0004420_jpg.rf.624b6e1d20b5be19a4a05a6b99992254_19cbcd4d86.jpg,D:\lct\datasets\.build_cache\d7\test\images\0004420_jpg.rf.624b6e1d20b5be19a4a05a6b99992254.jpg,16,30,,0.49238064885139465,0.1995863914489746,0.7752203345298767,False,,0.6179228097200393,visually_not_leakage,screened out by combined pHash/dHash and pixel/color metrics; not individually reviewed,657,false
df2415e55ace,d7,val,images/val/d7/d7_0002535_jpg.rf.9af7f4a38b4c131ea6db7164aad19467_bef13d4ea8.jpg,D:\lct\datasets\.build_cache\d7\valid\images\0002535_jpg.rf.9af7f4a38b4c131ea6db7164aad19467.jpg,test,images/test/d7/d7_0002063_jpg.rf.5e742eba697c675c7bbad81bcbaea632_291afe57ef.jpg,D:\lct\datasets\.build_cache\d7\test\images\0002063_jpg.rf.5e742eba697c675c7bbad81bcbaea632.jpg,16,32,,0.5529429316520691,0.1723039299249649,0.6447330117225647,False,,0.6178871244192123,visually_not_leakage,screened out by combined pHash/dHash and pixel/color metrics; not individually reviewed,658,false
1f0ae20ec8d6,d7,train,images/train/d7/d7_0002001_jpg.rf.4ef7820c5b1edbd0b98ad1eb5a3ecfac_682942077b.jpg,D:\lct\datasets\.build_cache\d7\train\images\0002001_jpg.rf.4ef7820c5b1edbd0b98ad1eb5a3ecfac.jpg,val,images/val/d7/d7_0000539_jpg.rf.347ec0d05f8bf9e265f58c55bb4c6dfb_20ec00705d.jpg,D:\lct\datasets\.build_cache\d7\valid\images\0000539_jpg.rf.347ec0d05f8bf9e265f58c55bb4c6dfb.jpg,16,37,,0.7095237970352173,0.23250135779380798,0.3007846474647522,False,,0.6172084659337997,visually_not_leakage,screened out by combined pHash/dHash and pixel/color metrics; not individually reviewed,659,false
1a744b491864,d7,train,images/train/d7/d7_0002304_jpg.rf.93fb585390304082721b44eebf15c1bc_5a9020a3c9.jpg,D:\lct\datasets\.build_cache\d7\train\images\0002304_jpg.rf.93fb585390304082721b44eebf15c1bc.jpg,val,images/val/d7/d7_0003492_jpg.rf.7592813848b1b4fa1543ddb2c6b793df_6dfd130c4c.jpg,D:\lct\datasets\.build_cache\d7\valid\images\0003492_jpg.rf.7592813848b1b4fa1543ddb2c6b793df.jpg,14,30,,0.4552638530731201,0.2155158519744873,0.8029080033302307,False,,0.6166042417287827,visually_not_leakage,screened out by combined pHash/dHash and pixel/color metrics; not individually reviewed,660,false
087fe69832ed,d7,train,images/train/d7/d7_0003629_jpg.rf.f5cca3a34410808b761875a59e6030e1_5c23df1622.jpg,D:\lct\datasets\.build_cache\d7\train\images\0003629_jpg.rf.f5cca3a34410808b761875a59e6030e1.jpg,val,images/val/d7/d7_0004226_jpg.rf.cdd3d5a8c9be20888097da74ef6d723a_019830a072.jpg,D:\lct\datasets\.build_cache\d7\valid\images\0004226_jpg.rf.cdd3d5a8c9be20888097da74ef6d723a.jpg,16,15,,0.5905770659446716,0.177000030875206,0.26975005865097046,False,,0.6165370851755142,visually_not_leakage,screened out by combined pHash/dHash and pixel/color metrics; not individually reviewed,661,false
dc39f997ddc4,d7,train,images/train/d7/d7_0006431_jpg.rf.9f2c986cb0f03e0dff52a567f8e16cbc_4e926405d4.jpg,D:\lct\datasets\.build_cache\d7\train\images\0006431_jpg.rf.9f2c986cb0f03e0dff52a567f8e16cbc.jpg,test,images/test/d7/d7_0001947_jpg.rf.518acc5910f179a25abd5cfcc7bc7350_b6e245dff5.jpg,D:\lct\datasets\.build_cache\d7\test\images\0001947_jpg.rf.518acc5910f179a25abd5cfcc7bc7350.jpg,14,36,,0.5722118616104126,0.19174423813819885,0.582732617855072,False,,0.6162946373224258,visually_not_leakage,screened out by combined pHash/dHash and pixel/color metrics; not individually reviewed,662,false
5e5c2fdb1998,d7,train,images/train/d7/d7_0006466_jpg.rf.c3cfc7411d49415dafb9d0aeb4c69d02_d649498dab.jpg,D:\lct\datasets\.build_cache\d7\train\images\0006466_jpg.rf.c3cfc7411d49415dafb9d0aeb4c69d02.jpg,val,images/val/d7/d7_0004270_jpg.rf.6b050cdeed90a7c95cacbf87e768f3d3_b7ce6849ae.jpg,D:\lct\datasets\.build_cache\d7\valid\images\0004270_jpg.rf.6b050cdeed90a7c95cacbf87e768f3d3.jpg,16,29,,0.5591706037521362,0.16578009724617004,0.5647071003913879,False,,0.6154055565595626,visually_not_leakage,screened out by combined pHash/dHash and pixel/color metrics; not individually reviewed,663,false
95c146ab8e7e,d7,train,images/train/d7/d7_0004635_jpg.rf.b7a5baf7880a439cd2f5bd9793cca451_46aa733079.jpg,D:\lct\datasets\.build_cache\d7\train\images\0004635_jpg.rf.b7a5baf7880a439cd2f5bd9793cca451.jpg,test,images/test/d7/d7_0005125_jpg.rf.d23a458bc28d664e7d7a104f65007574_94282211e2.jpg,D:\lct\datasets\.build_cache\d7\test\images\0005125_jpg.rf.d23a458bc28d664e7d7a104f65007574.jpg,14,28,,0.6249289512634277,0.24916228652000427,0.30836060643196106,False,,0.6149756714701653,visually_not_leakage,screened out by combined pHash/dHash and pixel/color metrics; not individually reviewed,664,false
d2d2b8145523,d7,train,images/train/d7/d7_0004628_jpg.rf.333e984538e05ca72163ed6b51b950ed_563624648c.jpg,D:\lct\datasets\.build_cache\d7\train\images\0004628_jpg.rf.333e984538e05ca72163ed6b51b950ed.jpg,test,images/test/d7/d7_0004420_jpg.rf.624b6e1d20b5be19a4a05a6b99992254_19cbcd4d86.jpg,D:\lct\datasets\.build_cache\d7\test\images\0004420_jpg.rf.624b6e1d20b5be19a4a05a6b99992254.jpg,16,29,,0.4823339581489563,0.19996649026870728,0.7666058540344238,False,,0.6149557113647461,visually_not_leakage,screened out by combined pHash/dHash and pixel/color metrics; not individually reviewed,665,false
0e39a939d029,d7,train,images/train/d7/d7_0003700_jpg.rf.a6d43c90b70251d783f1c1db95cfec2d_3d4fe2e958.jpg,D:\lct\datasets\.build_cache\d7\train\images\0003700_jpg.rf.a6d43c90b70251d783f1c1db95cfec2d.jpg,val,images/val/d7/d7_0005901_jpg.rf.ef8eb6e55af1abb2a487fc44c68bf7cc_f055580931.jpg,D:\lct\datasets\.build_cache\d7\valid\images\0005901_jpg.rf.ef8eb6e55af1abb2a487fc44c68bf7cc.jpg,16,22,,0.6682490110397339,0.19469498097896576,0.1612488031387329,False,,0.6149244248867035,visually_not_leakage,screened out by combined pHash/dHash and pixel/color metrics; not individually reviewed,666,false
440fab75c0ea,d7,train,images/train/d7/d7_0005602_jpg.rf.5d364e5f2cc79e639b273c1eecb38ec6_97ffb19b34.jpg,D:\lct\datasets\.build_cache\d7\train\images\0005602_jpg.rf.5d364e5f2cc79e639b273c1eecb38ec6.jpg,test,images/test/d7/d7_0006099_jpg.rf.fe4f31471ad8cb40087676861bc226ed_e9b21a97d4.jpg,D:\lct\datasets\.build_cache\d7\test\images\0006099_jpg.rf.fe4f31471ad8cb40087676861bc226ed.jpg,16,29,,0.5226705074310303,0.14664235711097717,0.6583759188652039,False,,0.6148558408021927,visually_not_leakage,screened out by combined pHash/dHash and pixel/color metrics; not individually reviewed,667,false
60ff00ee2b38,d7,train,images/train/d7/d7_0001534_jpg.rf.c4ea08b4a42996457b69c6ebf271edfc_0fec5d9dbc.jpg,D:\lct\datasets\.build_cache\d7\train\images\0001534_jpg.rf.c4ea08b4a42996457b69c6ebf271edfc.jpg,val,images/val/d7/d7_0001060_jpg.rf.81be1ab79b45dca5968c5c210f1f38ed_aa61ec45d3.jpg,D:\lct\datasets\.build_cache\d7\valid\images\0001060_jpg.rf.81be1ab79b45dca5968c5c210f1f38ed.jpg,16,22,,0.3568916618824005,0.09272939711809158,0.9841750264167786,False,,0.613820418715477,visually_not_leakage,screened out by combined pHash/dHash and pixel/color metrics; not individually reviewed,668,false
ca7f3df1a9a5,d7,train,images/train/d7/d7_0000834_jpg.rf.8301b60ce5ff762b4b6f7df8fe044d04_e89f833cd6.jpg,D:\lct\datasets\.build_cache\d7\train\images\0000834_jpg.rf.8301b60ce5ff762b4b6f7df8fe044d04.jpg,val,images/val/d7/d7_0003462_jpg.rf.e8125a86438dc8711ebdcc19c7fbe604_4fab74f32d.jpg,D:\lct\datasets\.build_cache\d7\valid\images\0003462_jpg.rf.e8125a86438dc8711ebdcc19c7fbe604.jpg,16,34,,0.535994827747345,0.14992916584014893,0.6934279799461365,False,,0.6137246280908585,visually_not_leakage,screened out by combined pHash/dHash and pixel/color metrics; not individually reviewed,669,false
22d7f4199af2,d7,val,images/val/d7/d7_0002077_jpg.rf.0c963a3529b7ea69291a19f12d73a1c3_5a242b4b78.jpg,D:\lct\datasets\.build_cache\d7\valid\images\0002077_jpg.rf.0c963a3529b7ea69291a19f12d73a1c3.jpg,test,images/test/d7/d7_0000177_jpg.rf.1990b8a0fad144ad7809d96cf7a1c965_73fc625676.jpg,D:\lct\datasets\.build_cache\d7\test\images\0000177_jpg.rf.1990b8a0fad144ad7809d96cf7a1c965.jpg,16,34,,0.5764864087104797,0.23156976699829102,0.5837618708610535,False,,0.6134713441133499,visually_not_leakage,screened out by combined pHash/dHash and pixel/color metrics; not individually reviewed,670,false
1d04eedb28f4,d7,train,images/train/d7/d7_0005546_jpg.rf.d4645c69f859aaf2a0bdcd098f94522a_43e02bd8f8.jpg,D:\lct\datasets\.build_cache\d7\train\images\0005546_jpg.rf.d4645c69f859aaf2a0bdcd098f94522a.jpg,test,images/test/d7/d7_0005085_jpg.rf.65a53560dba02229ed29b36c755b24d8_0ec8c14c50.jpg,D:\lct\datasets\.build_cache\d7\test\images\0005085_jpg.rf.65a53560dba02229ed29b36c755b24d8.jpg,16,22,,0.5852210521697998,0.19763518869876862,0.37052857875823975,False,,0.6131052076816559,visually_not_leakage,screened out by combined pHash/dHash and pixel/color metrics; not individually reviewed,671,false
e08a1536fcd3,d7,train,images/train/d7/d7_0005168_jpg.rf.88115cb482b88b507ccaa578bfbdae8a_c13e4b6328.jpg,D:\lct\datasets\.build_cache\d7\train\images\0005168_jpg.rf.88115cb482b88b507ccaa578bfbdae8a.jpg,test,images/test/d7/d7_0001542_jpg.rf.7af0dd58f5322bf0c4f0dd3cc1c8956f_57eb8611de.jpg,D:\lct\datasets\.build_cache\d7\test\images\0001542_jpg.rf.7af0dd58f5322bf0c4f0dd3cc1c8956f.jpg,16,27,,0.5486481189727783,0.24761413037776947,0.5419086813926697,False,,0.6124642997980118,visually_not_leakage,screened out by combined pHash/dHash and pixel/color metrics; not individually reviewed,672,false
93610fd1e1cb,d7,train,images/train/d7/d7_0006339_jpg.rf.9f4a3165db3599a2462b53ddac85a3d7_99e52c8114.jpg,D:\lct\datasets\.build_cache\d7\train\images\0006339_jpg.rf.9f4a3165db3599a2462b53ddac85a3d7.jpg,test,images/test/d7/d7_0006010_jpg.rf.0ac48c1315fd28066a3ec8078d4edd6c_373c3d9c1c.jpg,D:\lct\datasets\.build_cache\d7\test\images\0006010_jpg.rf.0ac48c1315fd28066a3ec8078d4edd6c.jpg,16,21,,0.512201726436615,0.22010761499404907,0.5433787107467651,False,,0.6121687471866608,visually_not_leakage,screened out by combined pHash/dHash and pixel/color metrics; not individually reviewed,673,false
8f965c0c554a,d7,train,images/train/d7/d7_0002931_jpg.rf.9322b371d6faa34496b9ad47bc9c3b48_40f0366a80.jpg,D:\lct\datasets\.build_cache\d7\train\images\0002931_jpg.rf.9322b371d6faa34496b9ad47bc9c3b48.jpg,test,images/test/d7/d7_0003859_jpg.rf.1e34ae87b688e21fd6558ed5c0fbd644_8c671a03e7.jpg,D:\lct\datasets\.build_cache\d7\test\images\0003859_jpg.rf.1e34ae87b688e21fd6558ed5c0fbd644.jpg,16,25,,0.5946818590164185,0.1848537027835846,0.38452956080436707,False,,0.6119584277272224,visually_not_leakage,screened out by combined pHash/dHash and pixel/color metrics; not individually reviewed,674,false
ea05ce670a84,d7,train,images/train/d7/d7_0003779_jpg.rf.650cb183b101447895fc5b9ca376173d_f9672852e6.jpg,D:\lct\datasets\.build_cache\d7\train\images\0003779_jpg.rf.650cb183b101447895fc5b9ca376173d.jpg,val,images/val/d7/d7_0000748_jpg.rf.58eaec3aab1273f30f9a79470a85fc1b_dd6a82bedc.jpg,D:\lct\datasets\.build_cache\d7\valid\images\0000748_jpg.rf.58eaec3aab1273f30f9a79470a85fc1b.jpg,30,12,,0.7364641427993774,0.17020240426063538,0.24081040918827057,False,,0.6119572184979916,visually_not_leakage,screened out by combined pHash/dHash and pixel/color metrics; not individually reviewed,675,false
c83663ec4eab,d7,train,images/train/d7/d7_0003589_jpg.rf.667281e9507b82b764dfd5fb903494b6_571f6096da.jpg,D:\lct\datasets\.build_cache\d7\train\images\0003589_jpg.rf.667281e9507b82b764dfd5fb903494b6.jpg,val,images/val/d7/d7_0006072_jpg.rf.cfdee3786d36c44c2dcfd479ea9e9e5a_0574b07770.jpg,D:\lct\datasets\.build_cache\d7\valid\images\0006072_jpg.rf.cfdee3786d36c44c2dcfd479ea9e9e5a.jpg,16,21,,0.4879100024700165,0.19001129269599915,0.6061544418334961,False,,0.611868417263031,visually_not_leakage,screened out by combined pHash/dHash and pixel/color metrics; not individually reviewed,676,false
f23e282f1745,d7,train,images/train/d7/d7_0003192_jpg.rf.224fa80cc571055920956b5077dbb5c9_7a32a69e81.jpg,D:\lct\datasets\.build_cache\d7\train\images\0003192_jpg.rf.224fa80cc571055920956b5077dbb5c9.jpg,test,images/test/d7/d7_0001987_jpg.rf.212680303a594be74517b897e85ffb6f_10275daaab.jpg,D:\lct\datasets\.build_cache\d7\test\images\0001987_jpg.rf.212680303a594be74517b897e85ffb6f.jpg,16,22,,0.5617604851722717,0.1921817511320114,0.42182156443595886,False,,0.6114149287343025,visually_not_leakage,screened out by combined pHash/dHash and pixel/color metrics; not individually reviewed,677,false
7ba863042ab3,d7,train,images/train/d7/d7_0003054_jpg.rf.29d241942c8caa042b241c6b19fb8fc7_ff1a3046d2.jpg,D:\lct\datasets\.build_cache\d7\train\images\0003054_jpg.rf.29d241942c8caa042b241c6b19fb8fc7.jpg,val,images/val/d7/d7_0000272_jpg.rf.f8bf96479861e2658e8fb8c70ae3f74c_ec200394c9.jpg,D:\lct\datasets\.build_cache\d7\valid\images\0000272_jpg.rf.f8bf96479861e2658e8fb8c70ae3f74c.jpg,16,27,,0.4656646251678467,0.16899222135543823,0.7553293108940125,False,,0.6112839967012406,visually_not_leakage,screened out by combined pHash/dHash and pixel/color metrics; not individually reviewed,678,false
8cd17eeffd94,d7,train,images/train/d7/d7_0003160_jpg.rf.d4168e40fa27707473c218297a499c24_6548ed9b9a.jpg,D:\lct\datasets\.build_cache\d7\train\images\0003160_jpg.rf.d4168e40fa27707473c218297a499c24.jpg,val,images/val/d7/d7_0004008_jpg.rf.a1098f6a3fc627d52d7949ad48ab2964_a0738fc843.jpg,D:\lct\datasets\.build_cache\d7\valid\images\0004008_jpg.rf.a1098f6a3fc627d52d7949ad48ab2964.jpg,16,27,,0.47363296151161194,0.16871553659439087,0.7314558625221252,False,,0.6108903139829636,visually_not_leakage,screened out by combined pHash/dHash and pixel/color metrics; not individually reviewed,679,false
6088fca088e6,d7,train,images/train/d7/d7_0004539_jpg.rf.7cb50af65823a8997921118d4d9e645b_8d15c74f89.jpg,D:\lct\datasets\.build_cache\d7\train\images\0004539_jpg.rf.7cb50af65823a8997921118d4d9e645b.jpg,test,images/test/d7/d7_0005855_jpg.rf.41c23bfe73606d3b484a0f14ccc686c9_fdb214a3b7.jpg,D:\lct\datasets\.build_cache\d7\test\images\0005855_jpg.rf.41c23bfe73606d3b484a0f14ccc686c9.jpg,16,26,,0.43672582507133484,0.16214671730995178,0.812700629234314,False,,0.610657924413681,visually_not_leakage,screened out by combined pHash/dHash and pixel/color metrics; not individually reviewed,680,false
b5bedb64c18c,d7,train,images/train/d7/d7_0000146_jpg.rf.73ff7b62d4bc0947fc7d1adda20e37e7_09b88b2461.jpg,D:\lct\datasets\.build_cache\d7\train\images\0000146_jpg.rf.73ff7b62d4bc0947fc7d1adda20e37e7.jpg,val,images/val/d7/d7_0002868_jpg.rf.9ca8d9174690ba9955e647a75aaa4676_483f390d3b.jpg,D:\lct\datasets\.build_cache\d7\train\images\0002868_jpg.rf.9ca8d9174690ba9955e647a75aaa4676.jpg,16,18,,0.44665515422821045,0.1707155704498291,0.6588039994239807,False,,0.6102951616048813,visually_not_leakage,screened out by combined pHash/dHash and pixel/color metrics; not individually reviewed,681,false
5a3a9803d276,d7,train,images/train/d7/d7_0001496_jpg.rf.72a42fe572f931b8faad87d9de1c7614_9caf38d8a6.jpg,D:\lct\datasets\.build_cache\d7\train\images\0001496_jpg.rf.72a42fe572f931b8faad87d9de1c7614.jpg,test,images/test/d7/d7_0001739_jpg.rf.5d7057d15fb0d48d0ac53290bb22a63e_44e8ab72ec.jpg,D:\lct\datasets\.build_cache\d7\test\images\0001739_jpg.rf.5d7057d15fb0d48d0ac53290bb22a63e.jpg,16,27,,0.4872181713581085,0.23033854365348816,0.6912270784378052,False,,0.6102900803089142,visually_not_leakage,screened out by combined pHash/dHash and pixel/color metrics; not individually reviewed,682,false
64cf1d77bf11,d7,val,images/val/d7/d7_0005233_jpg.rf.a08827c777418304e29a9ba3faa37aec_9ff9eae8bb.jpg,D:\lct\datasets\.build_cache\d7\valid\images\0005233_jpg.rf.a08827c777418304e29a9ba3faa37aec.jpg,test,images/test/d7/d7_0006067_jpg.rf.ac99ffcc359fc1c7918aed16a86baacc_c09b186be1.jpg,D:\lct\datasets\.build_cache\d7\train\images\0006067_jpg.rf.ac99ffcc359fc1c7918aed16a86baacc.jpg,16,29,,0.562981903553009,0.20452666282653809,0.5201333165168762,False,,0.610244008898735,visually_not_leakage,screened out by combined pHash/dHash and pixel/color metrics; not individually reviewed,683,false
0fa0c7424e47,d7,train,images/train/d7/d7_0000181_jpg.rf.955d4f811b30cb4488fc86bab3446fcb_b98409ab2e.jpg,D:\lct\datasets\.build_cache\d7\train\images\0000181_jpg.rf.955d4f811b30cb4488fc86bab3446fcb.jpg,test,images/test/d7/d7_0005666_jpg.rf.8f6f25b42d8e47ad77eabcd24db35b61_c151cd25bd.jpg,D:\lct\datasets\.build_cache\d7\test\images\0005666_jpg.rf.8f6f25b42d8e47ad77eabcd24db35b61.jpg,16,35,,0.5565276741981506,0.18735352158546448,0.6243531107902527,False,,0.6092327862977982,visually_not_leakage,screened out by combined pHash/dHash and pixel/color metrics; not individually reviewed,684,false
9e19316599a8,d7,train,images/train/d7/d7_0002523_jpg.rf.6e7286433dfe23e528052364d4a99954_3504c10986.jpg,D:\lct\datasets\.build_cache\d7\train\images\0002523_jpg.rf.6e7286433dfe23e528052364d4a99954.jpg,val,images/val/d7/d7_0001263_jpg.rf.53548235a49b689460b74c8a62cf4a8c_14074040e9.jpg,D:\lct\datasets\.build_cache\d7\valid\images\0001263_jpg.rf.53548235a49b689460b74c8a62cf4a8c.jpg,14,24,,0.43980908393859863,0.17322686314582825,0.700581431388855,False,,0.6091358482837678,visually_not_leakage,screened out by combined pHash/dHash and pixel/color metrics; not individually reviewed,685,false
c645260debed,d7,train,images/train/d7/d7_0004806_jpg.rf.1cdbd3584413dd5d9f9d575935f79fd6_b44fd454f7.jpg,D:\lct\datasets\.build_cache\d7\train\images\0004806_jpg.rf.1cdbd3584413dd5d9f9d575935f79fd6.jpg,test,images/test/d7/d7_0005517_jpg.rf.2bb605863b5c30749df269dc7c2e3696_c122c4cd13.jpg,D:\lct\datasets\.build_cache\d7\test\images\0005517_jpg.rf.2bb605863b5c30749df269dc7c2e3696.jpg,14,19,,0.5746983289718628,0.25246918201446533,0.2613981068134308,False,,0.6089327976107597,visually_not_leakage,screened out by combined pHash/dHash and pixel/color metrics; not individually reviewed,686,false
4520dbde220f,d7,train,images/train/d7/d7_0004702_jpg.rf.311ed91913536a2b779e24ec098054d1_23ef3bd21a.jpg,D:\lct\datasets\.build_cache\d7\train\images\0004702_jpg.rf.311ed91913536a2b779e24ec098054d1.jpg,val,images/val/d7/d7_0004449_jpg.rf.1c8634101e7bd7d4d4d2fa65072e9ce2_ceda3098da.jpg,D:\lct\datasets\.build_cache\d7\valid\images\0004449_jpg.rf.1c8634101e7bd7d4d4d2fa65072e9ce2.jpg,16,26,,0.40789899230003357,0.13863740861415863,0.8733876943588257,False,,0.6082302510738372,visually_not_leakage,screened out by combined pHash/dHash and pixel/color metrics; not individually reviewed,687,false
109cf0df7b61,d7,train,images/train/d7/d7_0005554_jpg.rf.4fb356b2d5a450e72cf7505e77dd4634_b26c0131f5.jpg,D:\lct\datasets\.build_cache\d7\train\images\0005554_jpg.rf.4fb356b2d5a450e72cf7505e77dd4634.jpg,val,images/val/d7/d7_0000159_jpg.rf.00fd3a04de7ccc222e9e8853a619ce83_bc1e839cf5.jpg,D:\lct\datasets\.build_cache\d7\train\images\0000159_jpg.rf.00fd3a04de7ccc222e9e8853a619ce83.jpg,14,30,,0.3790740966796875,0.0832940936088562,0.9447741508483887,False,,0.6074082612991334,visually_not_leakage,screened out by combined pHash/dHash and pixel/color metrics; not individually reviewed,688,false
26a461ddc753,d7,train,images/train/d7/d7_0006035_jpg.rf.06a05e74b49ba87eb7568c6abe1fd06f_b0b2daab04.jpg,D:\lct\datasets\.build_cache\d7\train\images\0006035_jpg.rf.06a05e74b49ba87eb7568c6abe1fd06f.jpg,val,images/val/d7/d7_0003173_jpg.rf.c12ebe94f880b115adb48dcfaca9fb83_7ea527f570.jpg,D:\lct\datasets\.build_cache\d7\valid\images\0003173_jpg.rf.c12ebe94f880b115adb48dcfaca9fb83.jpg,16,29,,0.4626398980617523,0.1889255940914154,0.7666664719581604,False,,0.607087180018425,visually_not_leakage,screened out by combined pHash/dHash and pixel/color metrics; not individually reviewed,689,false
f774244db2a8,d7,train,images/train/d7/d7_0006035_jpg.rf.06a05e74b49ba87eb7568c6abe1fd06f_b0b2daab04.jpg,D:\lct\datasets\.build_cache\d7\train\images\0006035_jpg.rf.06a05e74b49ba87eb7568c6abe1fd06f.jpg,val,images/val/d7/d7_0005329_jpg.rf.6004833d939cc7b25bf52a6ac71cd4d3_284515e360.jpg,D:\lct\datasets\.build_cache\d7\valid\images\0005329_jpg.rf.6004833d939cc7b25bf52a6ac71cd4d3.jpg,16,29,,0.4625343084335327,0.18891985714435577,0.7668262720108032,False,,0.6070689141750336,visually_not_leakage,screened out by combined pHash/dHash and pixel/color metrics; not individually reviewed,690,false
edf7cddab3b8,d7,train,images/train/d7/d7_0006308_jpg.rf.4acb17e4ae424482995bbce9f2f6ca2d_e540240ce4.jpg,D:\lct\datasets\.build_cache\d7\train\images\0006308_jpg.rf.4acb17e4ae424482995bbce9f2f6ca2d.jpg,val,images/val/d7/d7_0005233_jpg.rf.a08827c777418304e29a9ba3faa37aec_9ff9eae8bb.jpg,D:\lct\datasets\.build_cache\d7\valid\images\0005233_jpg.rf.a08827c777418304e29a9ba3faa37aec.jpg,16,30,,0.5344362854957581,0.16848289966583252,0.588812530040741,False,,0.6067838937044143,visually_not_leakage,screened out by combined pHash/dHash and pixel/color metrics; not individually reviewed,691,false
2f562a6c2c54,d7,val,images/val/d7/d7_0001740_jpg.rf.c246ae6f6bbcdf31d19cba5804a1a6d3_80dc6c7912.jpg,D:\lct\datasets\.build_cache\d7\valid\images\0001740_jpg.rf.c246ae6f6bbcdf31d19cba5804a1a6d3.jpg,test,images/test/d7/d7_0002063_jpg.rf.5e742eba697c675c7bbad81bcbaea632_291afe57ef.jpg,D:\lct\datasets\.build_cache\d7\test\images\0002063_jpg.rf.5e742eba697c675c7bbad81bcbaea632.jpg,16,26,,0.6635445356369019,0.2630878686904907,0.18185555934906006,False,,0.6067586481571197,visually_not_leakage,screened out by combined pHash/dHash and pixel/color metrics; not individually reviewed,692,false
d1ad46c993de,d7,train,images/train/d7/d7_0003779_jpg.rf.650cb183b101447895fc5b9ca376173d_f9672852e6.jpg,D:\lct\datasets\.build_cache\d7\train\images\0003779_jpg.rf.650cb183b101447895fc5b9ca376173d.jpg,test,images/test/d7/d7_0000958_jpg.rf.250aca4e897fff2642fd502ca391aa2d_f90695bd54.jpg,D:\lct\datasets\.build_cache\d7\test\images\0000958_jpg.rf.250aca4e897fff2642fd502ca391aa2d.jpg,26,12,,0.6079046130180359,0.1510416716337204,0.4221903681755066,False,,0.6064904004335403,visually_not_leakage,screened out by combined pHash/dHash and pixel/color metrics; not individually reviewed,693,false
225f3d9f9683,d7,train,images/train/d7/d7_0004350_jpg.rf.8fe54fa2bac92bf73f0ef25bc98c38fa_0c11a9a008.jpg,D:\lct\datasets\.build_cache\d7\train\images\0004350_jpg.rf.8fe54fa2bac92bf73f0ef25bc98c38fa.jpg,test,images/test/d7/d7_0002165_jpg.rf.2bcda1395abce23942235ef017cb8556_778c125d5a.jpg,D:\lct\datasets\.build_cache\d7\test\images\0002165_jpg.rf.2bcda1395abce23942235ef017cb8556.jpg,16,29,,0.4329853057861328,0.19674670696258545,0.8387402296066284,False,,0.6060364067554473,visually_not_leakage,screened out by combined pHash/dHash and pixel/color metrics; not individually reviewed,694,false
d39c4e75eace,d7,train,images/train/d7/d7_0005874_jpg.rf.fb1070f8cebc73766fb6f6346a579dcf_156278fc8a.jpg,D:\lct\datasets\.build_cache\d7\train\images\0005874_jpg.rf.fb1070f8cebc73766fb6f6346a579dcf.jpg,val,images/val/d7/d7_0001898_jpg.rf.b20ea06ae68bd7ddc8b95a76fb2a3e40_a6d31d46a4.jpg,D:\lct\datasets\.build_cache\d7\valid\images\0001898_jpg.rf.b20ea06ae68bd7ddc8b95a76fb2a3e40.jpg,16,23,,0.5530807375907898,0.20860812067985535,0.4144696891307831,False,,0.6044964984059333,visually_not_leakage,screened out by combined pHash/dHash and pixel/color metrics; not individually reviewed,695,false
fbdc73a1ef08,d7,train,images/train/d7/d7_0002864_jpg.rf.ace3237bc12f33819e5cd690ea156045_193ace8f98.jpg,D:\lct\datasets\.build_cache\d7\train\images\0002864_jpg.rf.ace3237bc12f33819e5cd690ea156045.jpg,val,images/val/d7/d7_0001501_jpg.rf.475e6b94b4b775bb18962a703416fb13_c4841932fc.jpg,D:\lct\datasets\.build_cache\d7\valid\images\0001501_jpg.rf.475e6b94b4b775bb18962a703416fb13.jpg,16,28,,0.6141468286514282,0.24724456667900085,0.3283044993877411,False,,0.6042794063687323,visually_not_leakage,screened out by combined pHash/dHash and pixel/color metrics; not individually reviewed,696,false
267c6d891706,d7,train,images/train/d7/d7_0004635_jpg.rf.b7a5baf7880a439cd2f5bd9793cca451_46aa733079.jpg,D:\lct\datasets\.build_cache\d7\train\images\0004635_jpg.rf.b7a5baf7880a439cd2f5bd9793cca451.jpg,val,images/val/d7/d7_0003929_jpg.rf.9937a5fc60b1097dfd827eed2dd8cd60_f1fbec3ce0.jpg,D:\lct\datasets\.build_cache\d7\valid\images\0003929_jpg.rf.9937a5fc60b1097dfd827eed2dd8cd60.jpg,14,26,,0.4468817412853241,0.1876608431339264,0.6796389222145081,False,,0.6041360348463058,visually_not_leakage,screened out by combined pHash/dHash and pixel/color metrics; not individually reviewed,697,false
59ac472aeb6c,d7,train,images/train/d7/d7_0004889_jpg.rf.e45a60c8ad9a70e7b8e8566ac39c6987_10f7da5ebb.jpg,D:\lct\datasets\.build_cache\d7\train\images\0004889_jpg.rf.e45a60c8ad9a70e7b8e8566ac39c6987.jpg,test,images/test/d7/d7_0006202_jpg.rf.e0742e8ac85c5781714488e4cb044b3e_7ae9cbfd4c.jpg,D:\lct\datasets\.build_cache\d7\test\images\0006202_jpg.rf.e0742e8ac85c5781714488e4cb044b3e.jpg,16,26,,0.5424029231071472,0.14429190754890442,0.4860196113586426,False,,0.6039266109466553,visually_not_leakage,screened out by combined pHash/dHash and pixel/color metrics; not individually reviewed,698,false
18160bec6aa6,d7,train,images/train/d7/d7_0001436_jpg.rf.494c585198e5f0db6f8ad48994de9caa_bf3a81e44d.jpg,D:\lct\datasets\.build_cache\d7\train\images\0001436_jpg.rf.494c585198e5f0db6f8ad48994de9caa.jpg,test,images/test/d7/d7_0001529_jpg.rf.ca2c14b04ca785bc80b805e695a1d32c_ae4b40a177.jpg,D:\lct\datasets\.build_cache\d7\test\images\0001529_jpg.rf.ca2c14b04ca785bc80b805e695a1d32c.jpg,16,22,,0.4754306972026825,0.21157705783843994,0.6015456914901733,False,,0.603841632604599,visually_not_leakage,screened out by combined pHash/dHash and pixel/color metrics; not individually reviewed,699,false
dedff0c6ef14,d7,train,images/train/d7/d7_0005342_jpg.rf.ab0029d266829f63e4ec4dca3641806e_ce940ee96c.jpg,D:\lct\datasets\.build_cache\d7\train\images\0005342_jpg.rf.ab0029d266829f63e4ec4dca3641806e.jpg,val,images/val/d7/d7_0003882_jpg.rf.f354339633c845c8dc83e439e1931a11_664e23c95b.jpg,D:\lct\datasets\.build_cache\d7\valid\images\0003882_jpg.rf.f354339633c845c8dc83e439e1931a11.jpg,16,23,,0.4461834728717804,0.189086452126503,0.6902650594711304,False,,0.6031068980693817,visually_not_leakage,screened out by combined pHash/dHash and pixel/color metrics; not individually reviewed,700,false
45125b1f7134,d7,train,images/train/d7/d7_0003238_jpg.rf.a3fa1875f7c7a9d396018fd1673da3db_569b3b24dc.jpg,D:\lct\datasets\.build_cache\d7\train\images\0003238_jpg.rf.a3fa1875f7c7a9d396018fd1673da3db.jpg,val,images/val/d7/d7_0003910_jpg.rf.6380b008e83b20a0b7fc979100ef8c97_828463eee5.jpg,D:\lct\datasets\.build_cache\d7\valid\images\0003910_jpg.rf.6380b008e83b20a0b7fc979100ef8c97.jpg,16,21,,0.3310493230819702,0.1432913988828659,0.9618895649909973,False,,0.6024844139814376,visually_not_leakage,screened out by combined pHash/dHash and pixel/color metrics; not individually reviewed,701,false
a465cfb7ab2c,d7,train,images/train/d7/d7_0000077_jpg.rf.293b2c5dc233215f4f699e218a1b2229_74097af81f.jpg,D:\lct\datasets\.build_cache\d7\train\images\0000077_jpg.rf.293b2c5dc233215f4f699e218a1b2229.jpg,test,images/test/d7/d7_0000266_jpg.rf.c437f093b6f52ff9575e594a68769f36_5063d96bfa.jpg,D:\lct\datasets\.build_cache\d7\test\images\0000266_jpg.rf.c437f093b6f52ff9575e594a68769f36.jpg,16,29,,0.49613720178604126,0.2221890240907669,0.6447189450263977,False,,0.6021939724683761,visually_not_leakage,screened out by combined pHash/dHash and pixel/color metrics; not individually reviewed,702,false
c1f690648529,d7,train,images/train/d7/d7_0005381_jpg.rf.d0f8c68b25cdc23d6694a3558131dbdb_c3248cf364.jpg,D:\lct\datasets\.build_cache\d7\train\images\0005381_jpg.rf.d0f8c68b25cdc23d6694a3558131dbdb.jpg,val,images/val/d7/d7_0002495_jpg.rf.79164e8b099b392a2415514fb7878005_b72eda1c16.jpg,D:\lct\datasets\.build_cache\d7\valid\images\0002495_jpg.rf.79164e8b099b392a2415514fb7878005.jpg,16,21,,0.470989853143692,0.18628409504890442,0.5864314436912537,False,,0.602141907811165,visually_not_leakage,screened out by combined pHash/dHash and pixel/color metrics; not individually reviewed,703,false
1a24621d6ab0,d7,train,images/train/d7/d7_0002147_jpg.rf.670c1ee11975b1e8b4309a0183c25db5_f04652df1a.jpg,D:\lct\datasets\.build_cache\d7\train\images\0002147_jpg.rf.670c1ee11975b1e8b4309a0183c25db5.jpg,val,images/val/d7/d7_0003591_jpg.rf.78aaf63e7ceadbd8d29fdaf47acba230_8cacd8ab96.jpg,D:\lct\datasets\.build_cache\d7\valid\images\0003591_jpg.rf.78aaf63e7ceadbd8d29fdaf47acba230.jpg,16,26,,0.5001344084739685,0.1567813754081726,0.5810822248458862,False,,0.6012785971164704,visually_not_leakage,screened out by combined pHash/dHash and pixel/color metrics; not individually reviewed,704,false
6d4b503a86bd,d7,val,images/val/d7/d7_0003732_jpg.rf.f73fa4abafae4380bb30792eabd4acf9_9bc5bfe8ab.jpg,D:\lct\datasets\.build_cache\d7\valid\images\0003732_jpg.rf.f73fa4abafae4380bb30792eabd4acf9.jpg,test,images/test/d7/d7_0004504_jpg.rf.f757c8e2bc4c97d8ded78cdc53a5f22a_66b429dfca.jpg,D:\lct\datasets\.build_cache\d7\test\images\0004504_jpg.rf.f757c8e2bc4c97d8ded78cdc53a5f22a.jpg,16,24,,0.6143792271614075,0.23133903741836548,0.24296435713768005,False,,0.600946344435215,visually_not_leakage,screened out by combined pHash/dHash and pixel/color metrics; not individually reviewed,705,false
c222ebfbc67f,d7,train,images/train/d7/d7_0002115_jpg.rf.7431932549f64769063ae223db77824d_8e4c1316c4.jpg,D:\lct\datasets\.build_cache\d7\train\images\0002115_jpg.rf.7431932549f64769063ae223db77824d.jpg,val,images/val/d7/d7_0003527_jpg.rf.9a2f8930b04791f48d34659f09b111fe_2469904f18.jpg,D:\lct\datasets\.build_cache\d7\valid\images\0003527_jpg.rf.9a2f8930b04791f48d34659f09b111fe.jpg,16,22,,0.5323254466056824,0.21053636074066162,0.4304325580596924,False,,0.6009325623512268,visually_not_leakage,screened out by combined pHash/dHash and pixel/color metrics; not individually reviewed,706,false
d478794934b7,d7,train,images/train/d7/d7_0003032_jpg.rf.360ea548f9361af6858232555fd004d6_be4bd7f559.jpg,D:\lct\datasets\.build_cache\d7\train\images\0003032_jpg.rf.360ea548f9361af6858232555fd004d6.jpg,val,images/val/d7/d7_0004483_jpg.rf.331f99c9a05ad6f5ee3dbf17884beb50_2d083ebb24.jpg,D:\lct\datasets\.build_cache\d7\valid\images\0004483_jpg.rf.331f99c9a05ad6f5ee3dbf17884beb50.jpg,14,25,,0.5186492204666138,0.16502469778060913,0.4509204924106598,False,,0.6008790120482445,visually_not_leakage,screened out by combined pHash/dHash and pixel/color metrics; not individually reviewed,707,false
429f793cf301,d7,train,images/train/d7/d7_0005616_jpg.rf.ffb9cb0f870678cae0f6a89ecee9fa1c_a91bb5ae84.jpg,D:\lct\datasets\.build_cache\d7\train\images\0005616_jpg.rf.ffb9cb0f870678cae0f6a89ecee9fa1c.jpg,val,images/val/d7/d7_0004685_jpg.rf.370bc1b38e02a60513f589bafba45aba_92e08cdc4c.jpg,D:\lct\datasets\.build_cache\d7\valid\images\0004685_jpg.rf.370bc1b38e02a60513f589bafba45aba.jpg,16,19,,0.4693849980831146,0.18234528601169586,0.5503224730491638,False,,0.6007711201906204,visually_not_leakage,screened out by combined pHash/dHash and pixel/color metrics; not individually reviewed,708,false
af23cd9e8347,d7,train,images/train/d7/d7_0001676_jpg.rf.6aac4090b1fd3848cab416bd9fb34ca4_97477b543b.jpg,D:\lct\datasets\.build_cache\d7\train\images\0001676_jpg.rf.6aac4090b1fd3848cab416bd9fb34ca4.jpg,val,images/val/d7/d7_0004380_jpg.rf.5a2d9cf2193601de8ef3bdb5d8f4f917_a27532baa3.jpg,D:\lct\datasets\.build_cache\d7\valid\images\0004380_jpg.rf.5a2d9cf2193601de8ef3bdb5d8f4f917.jpg,16,32,,0.4980489909648895,0.17729303240776062,0.6701849699020386,False,,0.5997473418712616,visually_not_leakage,screened out by combined pHash/dHash and pixel/color metrics; not individually reviewed,709,false
e23f6186b717,d7,train,images/train/d7/d7_0006429_jpg.rf.7329c453c8e497cf4adbfe3fb799207a_b48e44c3e4.jpg,D:\lct\datasets\.build_cache\d7\train\images\0006429_jpg.rf.7329c453c8e497cf4adbfe3fb799207a.jpg,test,images/test/d7/d7_0004851_jpg.rf.66b94e9612de9f34a04178ca6fd2ab9f_d174b3b8f7.jpg,D:\lct\datasets\.build_cache\d7\test\images\0004851_jpg.rf.66b94e9612de9f34a04178ca6fd2ab9f.jpg,16,28,,0.5977703928947449,0.18873506784439087,0.32563769817352295,False,,0.5973288118839263,visually_not_leakage,screened out by combined pHash/dHash and pixel/color metrics; not individually reviewed,710,false
66a1875a8cbb,d7,train,images/train/d7/d7_0000471_jpg.rf.d0627f72d509c689ec1a83d2a51a2efb_17786d363d.jpg,D:\lct\datasets\.build_cache\d7\train\images\0000471_jpg.rf.d0627f72d509c689ec1a83d2a51a2efb.jpg,test,images/test/d7/d7_0001159_jpg.rf.8198ac77e6200eb44831aabce18aadc4_a92901e8a2.jpg,D:\lct\datasets\.build_cache\d7\test\images\0001159_jpg.rf.8198ac77e6200eb44831aabce18aadc4.jpg,16,22,,0.46872544288635254,0.22786074876785278,0.5743740797042847,False,,0.5970837891101837,visually_not_leakage,screened out by combined pHash/dHash and pixel/color metrics; not individually reviewed,711,false
a1d5cddbdf8f,d7,train,images/train/d7/d7_0003924_jpg.rf.23a8dfba288ed8d2b049394c87485baf_b99b74c4a5.jpg,D:\lct\datasets\.build_cache\d7\train\images\0003924_jpg.rf.23a8dfba288ed8d2b049394c87485baf.jpg,val,images/val/d7/d7_0005323_jpg.rf.7e08fd3074b1110428be255a04d1e766_efebbca6cf.jpg,D:\lct\datasets\.build_cache\d7\valid\images\0005323_jpg.rf.7e08fd3074b1110428be255a04d1e766.jpg,16,27,,0.6327340006828308,0.24189071357250214,0.21263045072555542,False,,0.5967069178819657,visually_not_leakage,screened out by combined pHash/dHash and pixel/color metrics; not individually reviewed,712,false
ded5b238efc2,d7,val,images/val/d7/d7_0000803_jpg.rf.39ba0b1f8f0753f649da4aab4ece5f02_c898d3d559.jpg,D:\lct\datasets\.build_cache\d7\valid\images\0000803_jpg.rf.39ba0b1f8f0753f649da4aab4ece5f02.jpg,test,images/test/d7/d7_0000551_jpg.rf.a09e206413ae2dde170463e4173a5f00_0e321245ea.jpg,D:\lct\datasets\.build_cache\d7\test\images\0000551_jpg.rf.a09e206413ae2dde170463e4173a5f00.jpg,16,32,,0.47103267908096313,0.1418638974428177,0.7211257219314575,False,,0.5965819299221039,visually_not_leakage,screened out by combined pHash/dHash and pixel/color metrics; not individually reviewed,713,false
ac6f51bf173b,d7,train,images/train/d7/d7_0001494_jpg.rf.6fa02a0f9cd2ed7d3524b537abf4d2ec_90e5974979.jpg,D:\lct\datasets\.build_cache\d7\train\images\0001494_jpg.rf.6fa02a0f9cd2ed7d3524b537abf4d2ec.jpg,val,images/val/d7/d7_0005233_jpg.rf.a08827c777418304e29a9ba3faa37aec_9ff9eae8bb.jpg,D:\lct\datasets\.build_cache\d7\valid\images\0005233_jpg.rf.a08827c777418304e29a9ba3faa37aec.jpg,16,29,,0.4194970726966858,0.15024510025978088,0.8080736994743347,False,,0.5960411339998245,visually_not_leakage,screened out by combined pHash/dHash and pixel/color metrics; not individually reviewed,714,false
1d95d2fa1b63,d7,train,images/train/d7/d7_0003188_jpg.rf.c0089f4331320e50a0b563b8f3e47c05_561bc79103.jpg,D:\lct\datasets\.build_cache\d7\train\images\0003188_jpg.rf.c0089f4331320e50a0b563b8f3e47c05.jpg,val,images/val/d7/d7_0005166_jpg.rf.75e5995dc1da29747bb2e08c44de1b7e_7856da266f.jpg,D:\lct\datasets\.build_cache\d7\valid\images\0005166_jpg.rf.75e5995dc1da29747bb2e08c44de1b7e.jpg,12,17,,0.3573559820652008,0.21586626768112183,0.6594614386558533,False,,0.5957678586244584,visually_not_leakage,screened out by combined pHash/dHash and pixel/color metrics; not individually reviewed,715,false
cf5377b2ab10,d7,train,images/train/d7/d7_0002364_jpg.rf.f3db93c9cb2b3c039a2fb42c08484608_43987b020f.jpg,D:\lct\datasets\.build_cache\d7\train\images\0002364_jpg.rf.f3db93c9cb2b3c039a2fb42c08484608.jpg,test,images/test/d7/d7_0000428_jpg.rf.49f1a0fda7bc36aab2241c886952cbdf_7209c407f0.jpg,D:\lct\datasets\.build_cache\d7\test\images\0000428_jpg.rf.49f1a0fda7bc36aab2241c886952cbdf.jpg,16,26,,0.43116652965545654,0.17514553666114807,0.7261307239532471,False,,0.5954487204551697,visually_not_leakage,screened out by combined pHash/dHash and pixel/color metrics; not individually reviewed,716,false
fd8eb86245b2,d7,train,images/train/d7/d7_0006003_jpg.rf.1225d53bc49eec7f511756ab2c8f2a49_31967ecb31.jpg,D:\lct\datasets\.build_cache\d7\train\images\0006003_jpg.rf.1225d53bc49eec7f511756ab2c8f2a49.jpg,test,images/test/d7/d7_0005517_jpg.rf.2bb605863b5c30749df269dc7c2e3696_c122c4cd13.jpg,D:\lct\datasets\.build_cache\d7\test\images\0005517_jpg.rf.2bb605863b5c30749df269dc7c2e3696.jpg,16,25,,0.5966122150421143,0.2514303922653198,0.2680727541446686,False,,0.5952620491385461,visually_not_leakage,screened out by combined pHash/dHash and pixel/color metrics; not individually reviewed,717,false
55c7367bb94b,d7,train,images/train/d7/d7_0003538_jpg.rf.c821c14454d41e8f79fc6d3eed35153c_f42f8013ef.jpg,D:\lct\datasets\.build_cache\d7\train\images\0003538_jpg.rf.c821c14454d41e8f79fc6d3eed35153c.jpg,test,images/test/d7/d7_0001947_jpg.rf.518acc5910f179a25abd5cfcc7bc7350_b6e245dff5.jpg,D:\lct\datasets\.build_cache\d7\test\images\0001947_jpg.rf.518acc5910f179a25abd5cfcc7bc7350.jpg,14,33,,0.4880768358707428,0.13068991899490356,0.6183226108551025,False,,0.5950103759765626,visually_not_leakage,screened out by combined pHash/dHash and pixel/color metrics; not individually reviewed,718,false
ad0213258e44,d7,train,images/train/d7/d7_0003943_jpg.rf.ab209f358035083aec83e0704686d16e_7e7cecd421.jpg,D:\lct\datasets\.build_cache\d7\train\images\0003943_jpg.rf.ab209f358035083aec83e0704686d16e.jpg,val,images/val/d7/d7_0003818_jpg.rf.80b0c8893c7322e80a5de258c57aad4f_dea9fb9514.jpg,D:\lct\datasets\.build_cache\d7\valid\images\0003818_jpg.rf.80b0c8893c7322e80a5de258c57aad4f.jpg,16,23,,0.5384798049926758,0.18010684847831726,0.38339000940322876,False,,0.5939941734075547,visually_not_leakage,screened out by combined pHash/dHash and pixel/color metrics; not individually reviewed,719,false
47724ac54142,d7,train,images/train/d7/d7_0003002_jpg.rf.6d8e76f5fb749a18165bcb00c101def0_78f612d695.jpg,D:\lct\datasets\.build_cache\d7\train\images\0003002_jpg.rf.6d8e76f5fb749a18165bcb00c101def0.jpg,test,images/test/d7/d7_0004497_jpg.rf.0db2def1cb582b6d146089358a74eb72_bff522b210.jpg,D:\lct\datasets\.build_cache\d7\test\images\0004497_jpg.rf.0db2def1cb582b6d146089358a74eb72.jpg,16,25,,0.40142208337783813,0.19683000445365906,0.7799390554428101,False,,0.5939659416675568,visually_not_leakage,screened out by combined pHash/dHash and pixel/color metrics; not individually reviewed,720,false
e7d1e83d98c1,d7,train,images/train/d7/d7_0004866_jpg.rf.92839259c805af2befc985be72ce9311_bdd2622e31.jpg,D:\lct\datasets\.build_cache\d7\train\images\0004866_jpg.rf.92839259c805af2befc985be72ce9311.jpg,val,images/val/d7/d7_0004003_jpg.rf.58ba8ca678324b020b7364cea5bd82f0_9127b85b02.jpg,D:\lct\datasets\.build_cache\d7\valid\images\0004003_jpg.rf.58ba8ca678324b020b7364cea5bd82f0.jpg,14,25,,0.371040016412735,0.1506941318511963,0.7953904271125793,False,,0.593505820631981,visually_not_leakage,screened out by combined pHash/dHash and pixel/color metrics; not individually reviewed,721,false
2864a946780b,d7,train,images/train/d7/d7_0005072_jpg.rf.eadc659dd506315f6358820d1aefe986_af5196525d.jpg,D:\lct\datasets\.build_cache\d7\train\images\0005072_jpg.rf.eadc659dd506315f6358820d1aefe986.jpg,val,images/val/d7/d7_0001298_jpg.rf.3b706ada31427fcda328c147b9d93a7d_fd19f34400.jpg,D:\lct\datasets\.build_cache\d7\valid\images\0001298_jpg.rf.3b706ada31427fcda328c147b9d93a7d.jpg,14,32,,0.5763694643974304,0.2263174057006836,0.3557963967323303,False,,0.5932922452688216,visually_not_leakage,screened out by combined pHash/dHash and pixel/color metrics; not individually reviewed,722,false
32724b6d198d,d7,train,images/train/d7/d7_0004889_jpg.rf.e45a60c8ad9a70e7b8e8566ac39c6987_10f7da5ebb.jpg,D:\lct\datasets\.build_cache\d7\train\images\0004889_jpg.rf.e45a60c8ad9a70e7b8e8566ac39c6987.jpg,test,images/test/d7/d7_0001569_jpg.rf.76a03cc3dc885167dded899d0bf7fa89_adce2a00e9.jpg,D:\lct\datasets\.build_cache\d7\train\images\0001569_jpg.rf.76a03cc3dc885167dded899d0bf7fa89.jpg,16,30,,0.5384776592254639,0.1460372805595398,0.4808046817779541,False,,0.5921992659568787,visually_not_leakage,screened out by combined pHash/dHash and pixel/color metrics; not individually reviewed,723,false
587ddaa2e127,d7,train,images/train/d7/d7_0000146_jpg.rf.73ff7b62d4bc0947fc7d1adda20e37e7_09b88b2461.jpg,D:\lct\datasets\.build_cache\d7\train\images\0000146_jpg.rf.73ff7b62d4bc0947fc7d1adda20e37e7.jpg,val,images/val/d7/d7_0004270_jpg.rf.6b050cdeed90a7c95cacbf87e768f3d3_b7ce6849ae.jpg,D:\lct\datasets\.build_cache\d7\valid\images\0004270_jpg.rf.6b050cdeed90a7c95cacbf87e768f3d3.jpg,16,19,,0.39677610993385315,0.17457108199596405,0.6796305179595947,False,,0.5911237716674804,visually_not_leakage,screened out by combined pHash/dHash and pixel/color metrics; not individually reviewed,724,false
00e2b227c055,d7,train,images/train/d7/d7_0001847_jpg.rf.6fe53c3b4ec8983af228284ec3125aee_c751ed43f0.jpg,D:\lct\datasets\.build_cache\d7\train\images\0001847_jpg.rf.6fe53c3b4ec8983af228284ec3125aee.jpg,val,images/val/d7/d7_0003689_jpg.rf.784b07a967ca43e686590cd71f3c9087_af35419e34.jpg,D:\lct\datasets\.build_cache\d7\valid\images\0003689_jpg.rf.784b07a967ca43e686590cd71f3c9087.jpg,16,24,,0.33923372626304626,0.1486596167087555,0.9107404947280884,False,,0.5910545647144317,visually_not_leakage,screened out by combined pHash/dHash and pixel/color metrics; not individually reviewed,725,false
152bbafc79a3,d7,train,images/train/d7/d7_0000692_jpg.rf.91acbf5f19f98372ce01477536c24dca_d596682ef4.jpg,D:\lct\datasets\.build_cache\d7\train\images\0000692_jpg.rf.91acbf5f19f98372ce01477536c24dca.jpg,val,images/val/d7/d7_0003894_jpg.rf.1452efe551317d936da4cbc1fe80f08a_942c3da580.jpg,D:\lct\datasets\.build_cache\d7\valid\images\0003894_jpg.rf.1452efe551317d936da4cbc1fe80f08a.jpg,16,23,,0.3522469103336334,0.15066252648830414,0.8517625331878662,False,,0.5897568941116332,visually_not_leakage,screened out by combined pHash/dHash and pixel/color metrics; not individually reviewed,726,false
db572655ac6a,d7,train,images/train/d7/d7_0003117_jpg.rf.25592df1439318f7c763ff21f12e3431_f7a39a31dc.jpg,D:\lct\datasets\.build_cache\d7\train\images\0003117_jpg.rf.25592df1439318f7c763ff21f12e3431.jpg,val,images/val/d7/d7_0001069_jpg.rf.c3f3ae7584e170bda9656b4f24486e59_0d37b0d405.jpg,D:\lct\datasets\.build_cache\d7\valid\images\0001069_jpg.rf.c3f3ae7584e170bda9656b4f24486e59.jpg,16,30,,0.5760626196861267,0.24401424825191498,0.36176785826683044,False,,0.5893777266144753,visually_not_leakage,screened out by combined pHash/dHash and pixel/color metrics; not individually reviewed,727,false
8990089302c2,d7,train,images/train/d7/d7_0003980_jpg.rf.fa6dd795d0e76d25d1a300902d4317db_d47795efc9.jpg,D:\lct\datasets\.build_cache\d7\train\images\0003980_jpg.rf.fa6dd795d0e76d25d1a300902d4317db.jpg,val,images/val/d7/d7_0005897_jpg.rf.1974a1aad1a40617eb94796668304a8f_e5a34ccd31.jpg,D:\lct\datasets\.build_cache\d7\valid\images\0005897_jpg.rf.1974a1aad1a40617eb94796668304a8f.jpg,16,32,,0.44041547179222107,0.17756107449531555,0.7531001567840576,False,,0.589131212234497,visually_not_leakage,screened out by combined pHash/dHash and pixel/color metrics; not individually reviewed,728,false
2c14c448c125,d7,train,images/train/d7/d7_0003699_jpg.rf.3c84b0d11347146ccf7cf9e5dc4a0105_744ab889da.jpg,D:\lct\datasets\.build_cache\d7\train\images\0003699_jpg.rf.3c84b0d11347146ccf7cf9e5dc4a0105.jpg,val,images/val/d7/d7_0004923_jpg.rf.82dfc814140e28c17d545459e2521b9d_e0eacbd84b.jpg,D:\lct\datasets\.build_cache\d7\valid\images\0004923_jpg.rf.82dfc814140e28c17d545459e2521b9d.jpg,16,30,,0.590457022190094,0.19429093599319458,0.3197958469390869,False,,0.5888396859169006,visually_not_leakage,screened out by combined pHash/dHash and pixel/color metrics; not individually reviewed,729,false
c07760be38fe,d7,train,images/train/d7/d7_0001024_jpg.rf.fc7a642f2afe4731223e1d77439fb551_82f12ca74a.jpg,D:\lct\datasets\.build_cache\d7\train\images\0001024_jpg.rf.fc7a642f2afe4731223e1d77439fb551.jpg,val,images/val/d7/d7_0002495_jpg.rf.79164e8b099b392a2415514fb7878005_b72eda1c16.jpg,D:\lct\datasets\.build_cache\d7\valid\images\0002495_jpg.rf.79164e8b099b392a2415514fb7878005.jpg,14,26,,0.4316307306289673,0.16730813682079315,0.6139807105064392,False,,0.5881868988275528,visually_not_leakage,screened out by combined pHash/dHash and pixel/color metrics; not individually reviewed,730,false
11696f1f8c65,d7,train,images/train/d7/d7_0001001_jpg.rf.f4662de7e3b1aa5b1d6ba2ded74c5baf_f1b422d9ce.jpg,D:\lct\datasets\.build_cache\d7\train\images\0001001_jpg.rf.f4662de7e3b1aa5b1d6ba2ded74c5baf.jpg,val,images/val/d7/d7_0001930_jpg.rf.26da00fe0b78ca1aa64d107bc3595f6f_028b2d80e2.jpg,D:\lct\datasets\.build_cache\d7\valid\images\0001930_jpg.rf.26da00fe0b78ca1aa64d107bc3595f6f.jpg,16,27,,0.43274933099746704,0.1931564211845398,0.6863499283790588,False,,0.5877709716558457,visually_not_leakage,screened out by combined pHash/dHash and pixel/color metrics; not individually reviewed,731,false
17df40dadfb7,d7,train,images/train/d7/d7_0001821_jpg.rf.8605386fcdcddabc953475c4191d471b_0739406861.jpg,D:\lct\datasets\.build_cache\d7\train\images\0001821_jpg.rf.8605386fcdcddabc953475c4191d471b.jpg,val,images/val/d7/d7_0006455_jpg.rf.6547ccad63b6146ded6fa17dbc0b26d4_13dcd485ed.jpg,D:\lct\datasets\.build_cache\d7\valid\images\0006455_jpg.rf.6547ccad63b6146ded6fa17dbc0b26d4.jpg,16,31,,0.5468677878379822,0.19065755605697632,0.4418330788612366,False,,0.5873658269643783,visually_not_leakage,screened out by combined pHash/dHash and pixel/color metrics; not individually reviewed,732,false
da825384b811,d7,train,images/train/d7/d7_0001216_jpg.rf.c80b4a34f0dbf3081fe83057c1f400de_8a363de01c.jpg,D:\lct\datasets\.build_cache\d7\train\images\0001216_jpg.rf.c80b4a34f0dbf3081fe83057c1f400de.jpg,val,images/val/d7/d7_0003248_jpg.rf.7d257df80e0fd1960130465ec6a9cd31_80f97f8eb6.jpg,D:\lct\datasets\.build_cache\d7\train\images\0003248_jpg.rf.7d257df80e0fd1960130465ec6a9cd31.jpg,16,22,,0.5118929743766785,0.19536897540092468,0.3929649889469147,False,,0.5871394380927086,visually_not_leakage,screened out by combined pHash/dHash and pixel/color metrics; not individually reviewed,733,false
ee2d8f6f4b9f,d7,train,images/train/d7/d7_0002404_jpg.rf.d6b85e0813f39918f36bf1f316247c6c_60795d138b.jpg,D:\lct\datasets\.build_cache\d7\train\images\0002404_jpg.rf.d6b85e0813f39918f36bf1f316247c6c.jpg,val,images/val/d7/d7_0004973_jpg.rf.ac0ec15467c2051eeb8a67c507190809_aa9d3389c8.jpg,D:\lct\datasets\.build_cache\d7\train\images\0004973_jpg.rf.ac0ec15467c2051eeb8a67c507190809.jpg,16,28,,0.4163317382335663,0.17837010324001312,0.7361712455749512,False,,0.5863333821296691,visually_not_leakage,screened out by combined pHash/dHash and pixel/color metrics; not individually reviewed,734,false
c13180dcfee1,d7,train,images/train/d7/d7_0000853_jpg.rf.6e2433e85d647951275cbfe9b7b52493_c02be8d2cd.jpg,D:\lct\datasets\.build_cache\d7\train\images\0000853_jpg.rf.6e2433e85d647951275cbfe9b7b52493.jpg,val,images/val/d7/d7_0000233_jpg.rf.3f11c6313caea24351e7967ed3d88603_134dcd4eef.jpg,D:\lct\datasets\.build_cache\d7\train\images\0000233_jpg.rf.3f11c6313caea24351e7967ed3d88603.jpg,16,29,,0.5361051559448242,0.2248113751411438,0.4230777621269226,False,,0.5849349766969681,visually_not_leakage,screened out by combined pHash/dHash and pixel/color metrics; not individually reviewed,735,false
cca5cf2a0ef6,d7,train,images/train/d7/d7_0001639_jpg.rf.70948d8704f2cadef9366998b0973d91_72272b5c32.jpg,D:\lct\datasets\.build_cache\d7\train\images\0001639_jpg.rf.70948d8704f2cadef9366998b0973d91.jpg,val,images/val/d7/d7_0006072_jpg.rf.cfdee3786d36c44c2dcfd479ea9e9e5a_0574b07770.jpg,D:\lct\datasets\.build_cache\d7\valid\images\0006072_jpg.rf.cfdee3786d36c44c2dcfd479ea9e9e5a.jpg,16,28,,0.4943099319934845,0.22630496323108673,0.5162760615348816,False,,0.584540382027626,visually_not_leakage,screened out by combined pHash/dHash and pixel/color metrics; not individually reviewed,736,false
996d76d56c9d,d7,train,images/train/d7/d7_0000936_jpg.rf.7adff0011d4fe942ef4380dcb294b6d7_36303beab4.jpg,D:\lct\datasets\.build_cache\d7\train\images\0000936_jpg.rf.7adff0011d4fe942ef4380dcb294b6d7.jpg,val,images/val/d7/d7_0003526_jpg.rf.dc707f7da963cccea3d2e22f16469ca6_20473c57b9.jpg,D:\lct\datasets\.build_cache\d7\valid\images\0003526_jpg.rf.dc707f7da963cccea3d2e22f16469ca6.jpg,16,30,,0.5132924914360046,0.23495233058929443,0.4960574507713318,False,,0.5844131141901016,visually_not_leakage,screened out by combined pHash/dHash and pixel/color metrics; not individually reviewed,737,false
055dae1fdc24,d7,train,images/train/d7/d7_0000444_jpg.rf.af77e55fbde6f1b7dd7fe02674c5e264_87f0efbf0b.jpg,D:\lct\datasets\.build_cache\d7\train\images\0000444_jpg.rf.af77e55fbde6f1b7dd7fe02674c5e264.jpg,val,images/val/d7/d7_0000138_jpg.rf.b2458e87ad9f38419680561e9cf28b95_4610ea812c.jpg,D:\lct\datasets\.build_cache\d7\valid\images\0000138_jpg.rf.b2458e87ad9f38419680561e9cf28b95.jpg,16,32,,0.4880466163158417,0.2158011645078659,0.5913254618644714,False,,0.5839174658060073,visually_not_leakage,screened out by combined pHash/dHash and pixel/color metrics; not individually reviewed,738,false
fd5c07b2aac4,d7,val,images/val/d7/d7_0004483_jpg.rf.331f99c9a05ad6f5ee3dbf17884beb50_2d083ebb24.jpg,D:\lct\datasets\.build_cache\d7\valid\images\0004483_jpg.rf.331f99c9a05ad6f5ee3dbf17884beb50.jpg,test,images/test/d7/d7_0002149_jpg.rf.26c1c88a1ef6d16a9063e0b20f89964d_7ba1a3e432.jpg,D:\lct\datasets\.build_cache\d7\test\images\0002149_jpg.rf.26c1c88a1ef6d16a9063e0b20f89964d.jpg,16,27,,0.598214328289032,0.23187997937202454,0.21648110449314117,False,,0.5834766469895839,visually_not_leakage,screened out by combined pHash/dHash and pixel/color metrics; not individually reviewed,739,false
622fca1d19f1,d7,train,images/train/d7/d7_0004104_jpg.rf.2f3fe587ec72c75e0e491f4419dd937a_c18c8b5506.jpg,D:\lct\datasets\.build_cache\d7\train\images\0004104_jpg.rf.2f3fe587ec72c75e0e491f4419dd937a.jpg,val,images/val/d7/d7_0000665_jpg.rf.9490efbfa87e863854556070383081a2_223fc7daea.jpg,D:\lct\datasets\.build_cache\d7\valid\images\0000665_jpg.rf.9490efbfa87e863854556070383081a2.jpg,16,26,,0.4676874577999115,0.18515625596046448,0.548917293548584,False,,0.5834750771522522,visually_not_leakage,screened out by combined pHash/dHash and pixel/color metrics; not individually reviewed,740,false
6e4d68d9e0fd,d7,train,images/train/d7/d7_0000819_jpg.rf.a5f7916044732ab5550bd3987930718d_ca194be221.jpg,D:\lct\datasets\.build_cache\d7\train\images\0000819_jpg.rf.a5f7916044732ab5550bd3987930718d.jpg,val,images/val/d7/d7_0003929_jpg.rf.9937a5fc60b1097dfd827eed2dd8cd60_f1fbec3ce0.jpg,D:\lct\datasets\.build_cache\d7\valid\images\0003929_jpg.rf.9937a5fc60b1097dfd827eed2dd8cd60.jpg,16,31,,0.4435355067253113,0.20222792029380798,0.6905226111412048,False,,0.5833363443613052,visually_not_leakage,screened out by combined pHash/dHash and pixel/color metrics; not individually reviewed,741,false
7b4369eacece,d7,train,images/train/d7/d7_0006156_jpg.rf.04e43f40e4eb71a096d77eaded52da01_dcb3d12e9c.jpg,D:\lct\datasets\.build_cache\d7\train\images\0006156_jpg.rf.04e43f40e4eb71a096d77eaded52da01.jpg,val,images/val/d7/d7_0004870_jpg.rf.2558cb4b6afc80f40dc5bbf5969bbbf2_035a38a0ca.jpg,D:\lct\datasets\.build_cache\d7\valid\images\0004870_jpg.rf.2558cb4b6afc80f40dc5bbf5969bbbf2.jpg,16,25,,0.3656002879142761,0.1745806485414505,0.8041009306907654,False,,0.5832615047693253,visually_not_leakage,screened out by combined pHash/dHash and pixel/color metrics; not individually reviewed,742,false
67290dbdd6f4,d7,train,images/train/d7/d7_0001893_jpg.rf.63d6a6880ebb9ef153636c663d6120d1_7e0fce16cf.jpg,D:\lct\datasets\.build_cache\d7\train\images\0001893_jpg.rf.63d6a6880ebb9ef153636c663d6120d1.jpg,test,images/test/d7/d7_0000958_jpg.rf.250aca4e897fff2642fd502ca391aa2d_f90695bd54.jpg,D:\lct\datasets\.build_cache\d7\test\images\0000958_jpg.rf.250aca4e897fff2642fd502ca391aa2d.jpg,12,23,,0.4894827902317047,0.23094458878040314,0.30932024121284485,False,,0.5820349022746086,visually_not_leakage,screened out by combined pHash/dHash and pixel/color metrics; not individually reviewed,743,false
3e5dec43fd30,d7,train,images/train/d7/d7_0004587_jpg.rf.fc8ccfd892e02a8b2422fc0e7112d3c4_42b9f17b8c.jpg,D:\lct\datasets\.build_cache\d7\train\images\0004587_jpg.rf.fc8ccfd892e02a8b2422fc0e7112d3c4.jpg,val,images/val/d7/d7_0002161_jpg.rf.ccfa48c55435a1e2732f46116ba3391c_4968a5bac2.jpg,D:\lct\datasets\.build_cache\d7\valid\images\0002161_jpg.rf.ccfa48c55435a1e2732f46116ba3391c.jpg,16,25,,0.5647227168083191,0.2299019694328308,0.262459397315979,False,,0.5816642463207244,visually_not_leakage,screened out by combined pHash/dHash and pixel/color metrics; not individually reviewed,744,false
c28114f72c36,d7,train,images/train/d7/d7_0004814_jpg.rf.5130a43a665c7fc487bd5bb52f8b9ae5_794ed76ff9.jpg,D:\lct\datasets\.build_cache\d7\train\images\0004814_jpg.rf.5130a43a665c7fc487bd5bb52f8b9ae5.jpg,test,images/test/d7/d7_0005353_jpg.rf.7ad73c0859cec93d46b755965212b390_b52f9d3f27.jpg,D:\lct\datasets\.build_cache\d7\test\images\0005353_jpg.rf.7ad73c0859cec93d46b755965212b390.jpg,16,24,,0.5382909774780273,0.15784123539924622,0.31437861919403076,False,,0.5812231838703155,visually_not_leakage,screened out by combined pHash/dHash and pixel/color metrics; not individually reviewed,745,false
477e96488276,d7,train,images/train/d7/d7_0001714_jpg.rf.334c8f4b3ce514b65f1cd3a305f36053_fbf818e121.jpg,D:\lct\datasets\.build_cache\d7\train\images\0001714_jpg.rf.334c8f4b3ce514b65f1cd3a305f36053.jpg,val,images/val/d7/d7_0004575_jpg.rf.373523c06291a6b38f2fc568901b64a5_d8c455cc4e.jpg,D:\lct\datasets\.build_cache\d7\valid\images\0004575_jpg.rf.373523c06291a6b38f2fc568901b64a5.jpg,16,31,,0.5901783108711243,0.2113262116909027,0.27718693017959595,False,,0.5799931138753891,visually_not_leakage,screened out by combined pHash/dHash and pixel/color metrics; not individually reviewed,746,false
a17d87c7e037,d7,train,images/train/d7/d7_0001421_jpg.rf.42d907bfae0246bd5e5d3eda90f942c2_11ab5753ca.jpg,D:\lct\datasets\.build_cache\d7\train\images\0001421_jpg.rf.42d907bfae0246bd5e5d3eda90f942c2.jpg,val,images/val/d7/d7_0006246_jpg.rf.9824a0d62c9d63fae3a1ede32a5ec6ba_af2ea1fe26.jpg,D:\lct\datasets\.build_cache\d7\valid\images\0006246_jpg.rf.9824a0d62c9d63fae3a1ede32a5ec6ba.jpg,16,21,,0.35041433572769165,0.15340839326381683,0.7564760446548462,False,,0.5794183909893036,visually_not_leakage,screened out by combined pHash/dHash and pixel/color metrics; not individually reviewed,747,false
f32c1d7b1407,d7,train,images/train/d7/d7_0005740_jpg.rf.041655182a03edef9245ee3cf3eb98b1_8e73d97bf5.jpg,D:\lct\datasets\.build_cache\d7\train\images\0005740_jpg.rf.041655182a03edef9245ee3cf3eb98b1.jpg,test,images/test/d7/d7_0002276_jpg.rf.10e2b2abb50aa3e7e9972a59e7cd4dbc_1d79f540ad.jpg,D:\lct\datasets\.build_cache\d7\test\images\0002276_jpg.rf.10e2b2abb50aa3e7e9972a59e7cd4dbc.jpg,16,28,,0.49004995822906494,0.2254834920167923,0.4922286570072174,False,,0.5792292818427085,visually_not_leakage,screened out by combined pHash/dHash and pixel/color metrics; not individually reviewed,748,false
47ca27367465,d7,train,images/train/d7/d7_0005902_jpg.rf.cba6f672709b11f1401de9e03c1f588d_8aef869d22.jpg,D:\lct\datasets\.build_cache\d7\train\images\0005902_jpg.rf.cba6f672709b11f1401de9e03c1f588d.jpg,test,images/test/d7/d7_0002276_jpg.rf.10e2b2abb50aa3e7e9972a59e7cd4dbc_1d79f540ad.jpg,D:\lct\datasets\.build_cache\d7\test\images\0002276_jpg.rf.10e2b2abb50aa3e7e9972a59e7cd4dbc.jpg,16,33,,0.4664783179759979,0.2495327889919281,0.6308053135871887,False,,0.5788683742284775,visually_not_leakage,screened out by combined pHash/dHash and pixel/color metrics; not individually reviewed,749,false
09cbb17ef2c8,d7,val,images/val/d7/d7_0001060_jpg.rf.81be1ab79b45dca5968c5c210f1f38ed_aa61ec45d3.jpg,D:\lct\datasets\.build_cache\d7\valid\images\0001060_jpg.rf.81be1ab79b45dca5968c5c210f1f38ed.jpg,test,images/test/d7/d7_0005451_jpg.rf.4c410c48b8a23ef84d6ff86fcba7d355_c71ce2527e.jpg,D:\lct\datasets\.build_cache\d7\test\images\0005451_jpg.rf.4c410c48b8a23ef84d6ff86fcba7d355.jpg,16,28,,0.4164479970932007,0.17817094922065735,0.6777670383453369,False,,0.5776192545890808,visually_not_leakage,screened out by combined pHash/dHash and pixel/color metrics; not individually reviewed,750,false
d70f240b6420,d7,train,images/train/d7/d7_0000543_jpg.rf.c3c6a41445fe9f0cc6d0cc41ee997d75_265b8c10db.jpg,D:\lct\datasets\.build_cache\d7\train\images\0000543_jpg.rf.c3c6a41445fe9f0cc6d0cc41ee997d75.jpg,val,images/val/d7/d7_0000351_jpg.rf.f8e7d1485e619b4daf651b2cbbcbb9dd_88e3973beb.jpg,D:\lct\datasets\.build_cache\d7\valid\images\0000351_jpg.rf.f8e7d1485e619b4daf651b2cbbcbb9dd.jpg,16,27,,0.5303820371627808,0.15319488942623138,0.35766804218292236,False,,0.5775217711925507,visually_not_leakage,screened out by combined pHash/dHash and pixel/color metrics; not individually reviewed,751,false
769911eb6820,d7,train,images/train/d7/d7_0005205_jpg.rf.e996333a6e903567938f32294341fe0c_64c50afd8e.jpg,D:\lct\datasets\.build_cache\d7\train\images\0005205_jpg.rf.e996333a6e903567938f32294341fe0c.jpg,test,images/test/d7/d7_0005300_jpg.rf.b62f251035593a271229c439e5ffdd18_b5fe8c5705.jpg,D:\lct\datasets\.build_cache\d7\test\images\0005300_jpg.rf.b62f251035593a271229c439e5ffdd18.jpg,16,29,,0.3884884715080261,0.18152958154678345,0.7661625146865845,False,,0.5773510158061981,visually_not_leakage,screened out by combined pHash/dHash and pixel/color metrics; not individually reviewed,752,false
d99ffc0b94fc,d7,train,images/train/d7/d7_0005520_jpg.rf.be4b99a6f0af6a8c653e33ccb91dbe8a_3743c385f3.jpg,D:\lct\datasets\.build_cache\d7\train\images\0005520_jpg.rf.be4b99a6f0af6a8c653e33ccb91dbe8a.jpg,val,images/val/d7/d7_0000222_jpg.rf.2383c54f37e8b8189048d05980e47eb9_ce8b9b4108.jpg,D:\lct\datasets\.build_cache\d7\train\images\0000222_jpg.rf.2383c54f37e8b8189048d05980e47eb9.jpg,16,32,,0.5637419819831848,0.21914160251617432,0.33368629217147827,False,,0.5755497366189957,visually_not_leakage,screened out by combined pHash/dHash and pixel/color metrics; not individually reviewed,753,false
45f8b9c71334,d7,train,images/train/d7/d7_0000125_jpg.rf.1e3d0b754819e6786a99fda8b0b12c3a_6baa5262e6.jpg,D:\lct\datasets\.build_cache\d7\train\images\0000125_jpg.rf.1e3d0b754819e6786a99fda8b0b12c3a.jpg,val,images/val/d7/d7_0001736_jpg.rf.44ba01bafc278253894c755aefde7864_a55c8a426b.jpg,D:\lct\datasets\.build_cache\d7\train\images\0001736_jpg.rf.44ba01bafc278253894c755aefde7864.jpg,16,23,,0.5112535953521729,0.3005830645561218,0.33295273780822754,False,,0.5755380988121033,visually_not_leakage,screened out by combined pHash/dHash and pixel/color metrics; not individually reviewed,754,false
ae1a84999365,d7,train,images/train/d7/d7_0000125_jpg.rf.1e3d0b754819e6786a99fda8b0b12c3a_6baa5262e6.jpg,D:\lct\datasets\.build_cache\d7\train\images\0000125_jpg.rf.1e3d0b754819e6786a99fda8b0b12c3a.jpg,val,images/val/d7/d7_0005186_jpg.rf.3305bed2b3edce3ea3e5eb6c85fed305_b3ab58bf7e.jpg,D:\lct\datasets\.build_cache\d7\valid\images\0005186_jpg.rf.3305bed2b3edce3ea3e5eb6c85fed305.jpg,16,23,,0.5113683938980103,0.3007190227508545,0.3314445912837982,False,,0.5753577962517737,visually_not_leakage,screened out by combined pHash/dHash and pixel/color metrics; not individually reviewed,755,false
9e65b32f593f,d7,train,images/train/d7/d7_0005672_jpg.rf.9d62225abf840a724ebf48b5da3fc16c_80793506c0.jpg,D:\lct\datasets\.build_cache\d7\train\images\0005672_jpg.rf.9d62225abf840a724ebf48b5da3fc16c.jpg,val,images/val/d7/d7_0002193_jpg.rf.fba47c023315a17c82a52fd2e16d8974_5a8ffb4916.jpg,D:\lct\datasets\.build_cache\d7\valid\images\0002193_jpg.rf.fba47c023315a17c82a52fd2e16d8974.jpg,16,17,,0.3189043402671814,0.11207873374223709,0.7478857636451721,False,,0.5749008506536484,visually_not_leakage,screened out by combined pHash/dHash and pixel/color metrics; not individually reviewed,756,false
9587e0a93e47,d7,train,images/train/d7/d7_0004961_jpg.rf.7b6e62c53365d0cccb0e7bb5d71e04ef_13bd6e682b.jpg,D:\lct\datasets\.build_cache\d7\train\images\0004961_jpg.rf.7b6e62c53365d0cccb0e7bb5d71e04ef.jpg,val,images/val/d7/d7_0001270_jpg.rf.099ba52147af83805acdc0a2b574a7a7_e174b3b0ff.jpg,D:\lct\datasets\.build_cache\d7\valid\images\0001270_jpg.rf.099ba52147af83805acdc0a2b574a7a7.jpg,16,26,,0.31277942657470703,0.16298829019069672,0.9016535878181458,False,,0.5744223088026046,visually_not_leakage,screened out by combined pHash/dHash and pixel/color metrics; not individually reviewed,757,false
cafdb4aff3a1,d7,train,images/train/d7/d7_0005171_jpg.rf.76e3212e03f8c2dea6f14805b0642fd7_46b8f86b52.jpg,D:\lct\datasets\.build_cache\d7\train\images\0005171_jpg.rf.76e3212e03f8c2dea6f14805b0642fd7.jpg,test,images/test/d7/d7_0001391_jpg.rf.f1dd3b0d0fb44a071dfab8091f36dc27_4dc6ce47e8.jpg,D:\lct\datasets\.build_cache\d7\train\images\0001391_jpg.rf.f1dd3b0d0fb44a071dfab8091f36dc27.jpg,16,26,,0.4741867780685425,0.18052811920642853,0.47028568387031555,False,,0.5742800638079644,visually_not_leakage,screened out by combined pHash/dHash and pixel/color metrics; not individually reviewed,758,false
ca2bad704250,d7,train,images/train/d7/d7_0001933_jpg.rf.762be1459936f0b276ec806cc8d551f4_de82152f5a.jpg,D:\lct\datasets\.build_cache\d7\train\images\0001933_jpg.rf.762be1459936f0b276ec806cc8d551f4.jpg,test,images/test/d7/d7_0005622_jpg.rf.b233fac7b9a9999fbfea2cc2951a6794_b0417b87db.jpg,D:\lct\datasets\.build_cache\d7\test\images\0005622_jpg.rf.b233fac7b9a9999fbfea2cc2951a6794.jpg,16,28,,0.44576507806777954,0.21479015052318573,0.573340117931366,False,,0.5736820489168167,visually_not_leakage,screened out by combined pHash/dHash and pixel/color metrics; not individually reviewed,759,false
f24b091f0eb9,d7,val,images/val/d7/d7_0001926_jpg.rf.3c31f0fb0d9c87a6493212e2313e3776_214bfb511e.jpg,D:\lct\datasets\.build_cache\d7\valid\images\0001926_jpg.rf.3c31f0fb0d9c87a6493212e2313e3776.jpg,test,images/test/d7/d7_0000089_jpg.rf.ad808e4e5eb82a27f514165a2f995d00_8f01fe5341.jpg,D:\lct\datasets\.build_cache\d7\train\images\0000089_jpg.rf.ad808e4e5eb82a27f514165a2f995d00.jpg,16,29,,0.39023903012275696,0.1876014918088913,0.737001359462738,False,,0.5736770659685135,visually_not_leakage,screened out by combined pHash/dHash and pixel/color metrics; not individually reviewed,760,false
d9c9abb893a5,d7,train,images/train/d7/d7_0003041_jpg.rf.c2d85d55abbc43fb47da0e39111981c2_0bb0e78670.jpg,D:\lct\datasets\.build_cache\d7\train\images\0003041_jpg.rf.c2d85d55abbc43fb47da0e39111981c2.jpg,val,images/val/d7/d7_0002764_jpg.rf.0c8a49f011bad1d7628ae18265374783_3586a40fa3.jpg,D:\lct\datasets\.build_cache\d7\valid\images\0002764_jpg.rf.0c8a49f011bad1d7628ae18265374783.jpg,16,33,,0.47065261006355286,0.15288661420345306,0.5761566162109375,False,,0.5723407864570618,visually_not_leakage,screened out by combined pHash/dHash and pixel/color metrics; not individually reviewed,761,false
671a3ce94f41,d7,train,images/train/d7/d7_0005529_jpg.rf.f073d759943bedf6f13835457d489f53_fe5b2bbc3a.jpg,D:\lct\datasets\.build_cache\d7\train\images\0005529_jpg.rf.f073d759943bedf6f13835457d489f53.jpg,test,images/test/d7/d7_0000892_jpg.rf.a7bb23a20910c0d7ebd9c6403cb556e7_29363a3f18.jpg,D:\lct\datasets\.build_cache\d7\test\images\0000892_jpg.rf.a7bb23a20910c0d7ebd9c6403cb556e7.jpg,16,26,,0.5487145185470581,0.19629576802253723,0.25502440333366394,False,,0.5718019679188728,visually_not_leakage,screened out by combined pHash/dHash and pixel/color metrics; not individually reviewed,762,false
400fbe3e570c,d7,train,images/train/d7/d7_0002480_jpg.rf.0df37fa75792a6dde1d467bff0ea1247_41279e4cd7.jpg,D:\lct\datasets\.build_cache\d7\train\images\0002480_jpg.rf.0df37fa75792a6dde1d467bff0ea1247.jpg,test,images/test/d7/d7_0006491_jpg.rf.6e3556bbed4b6cceeade4e4fb470491e_086bde3689.jpg,D:\lct\datasets\.build_cache\d7\test\images\0006491_jpg.rf.6e3556bbed4b6cceeade4e4fb470491e.jpg,16,17,,0.23576366901397705,0.12339825183153152,0.9449695348739624,False,,0.5712071478366851,visually_not_leakage,screened out by combined pHash/dHash and pixel/color metrics; not individually reviewed,763,false
8e3784759786,d7,train,images/train/d7/d7_0002236_jpg.rf.df9ab00f8c17a5e475bfd8bc97c780f6_2c929cf7ac.jpg,D:\lct\datasets\.build_cache\d7\train\images\0002236_jpg.rf.df9ab00f8c17a5e475bfd8bc97c780f6.jpg,val,images/val/d7/d7_0004069_jpg.rf.431f4de1b95836fd1dceae8ba97af0ea_ace220f650.jpg,D:\lct\datasets\.build_cache\d7\valid\images\0004069_jpg.rf.431f4de1b95836fd1dceae8ba97af0ea.jpg,16,24,,0.5195229053497314,0.1880706250667572,0.28966689109802246,False,,0.570009195804596,visually_not_leakage,screened out by combined pHash/dHash and pixel/color metrics; not individually reviewed,764,false
4a637a9ee93e,d7,train,images/train/d7/d7_0004777_jpg.rf.4b5896b31124ac9447faaccb47ecb5fe_9eec29ed08.jpg,D:\lct\datasets\.build_cache\d7\train\images\0004777_jpg.rf.4b5896b31124ac9447faaccb47ecb5fe.jpg,test,images/test/d7/d7_0000564_jpg.rf.b004fb7b1bb03356f6151ba74fd663dd_b7cf72e62a.jpg,D:\lct\datasets\.build_cache\d7\test\images\0000564_jpg.rf.b004fb7b1bb03356f6151ba74fd663dd.jpg,16,25,,0.42712026834487915,0.1541149616241455,0.5490438938140869,False,,0.5696109414100646,visually_not_leakage,screened out by combined pHash/dHash and pixel/color metrics; not individually reviewed,765,false
b491d1728321,d7,train,images/train/d7/d7_0001404_jpg.rf.d0d3f2900ae0ee2f3e63f1b0c55f9734_4be3791fb8.jpg,D:\lct\datasets\.build_cache\d7\train\images\0001404_jpg.rf.d0d3f2900ae0ee2f3e63f1b0c55f9734.jpg,val,images/val/d7/d7_0006483_jpg.rf.27fd320968c42ed19bc2823f94bf743f_834bd994ae.jpg,D:\lct\datasets\.build_cache\d7\valid\images\0006483_jpg.rf.27fd320968c42ed19bc2823f94bf743f.jpg,16,28,,0.42668452858924866,0.21584424376487732,0.5906217098236084,False,,0.5686420679092407,visually_not_leakage,screened out by combined pHash/dHash and pixel/color metrics; not individually reviewed,766,false
35ac35da3309,d7,val,images/val/d7/d7_0001926_jpg.rf.3c31f0fb0d9c87a6493212e2313e3776_214bfb511e.jpg,D:\lct\datasets\.build_cache\d7\valid\images\0001926_jpg.rf.3c31f0fb0d9c87a6493212e2313e3776.jpg,test,images/test/d7/d7_0000811_jpg.rf.f0097c6d8524ee57f8a3be98e527490b_b302f4f091.jpg,D:\lct\datasets\.build_cache\d7\test\images\0000811_jpg.rf.f0097c6d8524ee57f8a3be98e527490b.jpg,16,29,,0.38224273920059204,0.19242876768112183,0.7214815020561218,False,,0.5681505709886551,visually_not_leakage,screened out by combined pHash/dHash and pixel/color metrics; not individually reviewed,767,false
e1523504669d,d7,train,images/train/d7/d7_0001458_jpg.rf.03218076b1316ec6b5c4473cf4760727_9f36fa131c.jpg,D:\lct\datasets\.build_cache\d7\train\images\0001458_jpg.rf.03218076b1316ec6b5c4473cf4760727.jpg,val,images/val/d7/d7_0000216_jpg.rf.a82328a3dca4ac706cf6bc701bd775b7_5a036e7c38.jpg,D:\lct\datasets\.build_cache\d7\train\images\0000216_jpg.rf.a82328a3dca4ac706cf6bc701bd775b7.jpg,16,24,,0.4834441542625427,0.15894225239753723,0.37328559160232544,False,,0.5681205004453659,visually_not_leakage,screened out by combined pHash/dHash and pixel/color metrics; not individually reviewed,768,false
f16694488e1d,d7,train,images/train/d7/d7_0004814_jpg.rf.5130a43a665c7fc487bd5bb52f8b9ae5_794ed76ff9.jpg,D:\lct\datasets\.build_cache\d7\train\images\0004814_jpg.rf.5130a43a665c7fc487bd5bb52f8b9ae5.jpg,val,images/val/d7/d7_0005281_jpg.rf.3e0b46367f4aa3bff0a4c15830e9de7c_f748ea58c7.jpg,D:\lct\datasets\.build_cache\d7\valid\images\0005281_jpg.rf.3e0b46367f4aa3bff0a4c15830e9de7c.jpg,16,35,,0.48485851287841797,0.13795094192028046,0.5375643968582153,False,,0.5675468146800995,visually_not_leakage,screened out by combined pHash/dHash and pixel/color metrics; not individually reviewed,769,false
3a0a3927110a,d7,val,images/val/d7/d7_0004549_jpg.rf.c74a1eadb841743fe841f970460e0b8b_d8407e4f5e.jpg,D:\lct\datasets\.build_cache\d7\valid\images\0004549_jpg.rf.c74a1eadb841743fe841f970460e0b8b.jpg,test,images/test/d7/d7_0006135_jpg.rf.4a4c8a063ef8cadbf2254242e8facfd3_f49e3e5727.jpg,D:\lct\datasets\.build_cache\d7\train\images\0006135_jpg.rf.4a4c8a063ef8cadbf2254242e8facfd3.jpg,28,11,,0.5835143327713013,0.17786459624767303,0.27238455414772034,False,,0.5672321662306786,visually_not_leakage,screened out by combined pHash/dHash and pixel/color metrics; not individually reviewed,770,false
4dec0840db17,d7,train,images/train/d7/d7_0002973_jpg.rf.159e76d3e566b1c47404e509da139ea6_6a740baf15.jpg,D:\lct\datasets\.build_cache\d7\valid\images\0002973_jpg.rf.159e76d3e566b1c47404e509da139ea6.jpg,val,images/val/d7/d7_0005395_jpg.rf.7615ec0e410ec4364e2dfa2c727e6515_f8637f9ba6.jpg,D:\lct\datasets\.build_cache\d7\train\images\0005395_jpg.rf.7615ec0e410ec4364e2dfa2c727e6515.jpg,14,26,,0.27810218930244446,0.1374119222164154,0.8810533881187439,False,,0.5668363839387893,visually_not_leakage,screened out by combined pHash/dHash and pixel/color metrics; not individually reviewed,771,false
419055cf468b,d7,train,images/train/d7/d7_0005182_jpg.rf.df2bc11f303eb0c7c5ffacac898d8ac4_55d51c24c1.jpg,D:\lct\datasets\.build_cache\d7\train\images\0005182_jpg.rf.df2bc11f303eb0c7c5ffacac898d8ac4.jpg,val,images/val/d7/d7_0003537_jpg.rf.81f42eef748e5bb2830ded69cac6183f_7b3fdf6067.jpg,D:\lct\datasets\.build_cache\d7\valid\images\0003537_jpg.rf.81f42eef748e5bb2830ded69cac6183f.jpg,16,28,,0.3318452835083008,0.10360372066497803,0.8289878368377686,False,,0.5664612889289855,visually_not_leakage,screened out by combined pHash/dHash and pixel/color metrics; not individually reviewed,772,false
7a913c69a953,d7,train,images/train/d7/d7_0004327_jpg.rf.1fc127f26293278cca2da9c968bb883a_7e2bc7095f.jpg,D:\lct\datasets\.build_cache\d7\train\images\0004327_jpg.rf.1fc127f26293278cca2da9c968bb883a.jpg,test,images/test/d7/d7_0002165_jpg.rf.2bcda1395abce23942235ef017cb8556_778c125d5a.jpg,D:\lct\datasets\.build_cache\d7\test\images\0002165_jpg.rf.2bcda1395abce23942235ef017cb8556.jpg,14,26,,0.38818398118019104,0.2356761395931244,0.581379234790802,False,,0.5659179776906967,visually_not_leakage,screened out by combined pHash/dHash and pixel/color metrics; not individually reviewed,773,false
535ac3c58059,d7,train,images/train/d7/d7_0003757_jpg.rf.3c9019b7061334fe1f9cce527ce7c824_3b3a508604.jpg,D:\lct\datasets\.build_cache\d7\train\images\0003757_jpg.rf.3c9019b7061334fe1f9cce527ce7c824.jpg,val,images/val/d7/d7_0002562_jpg.rf.6e6e6d56464299c47cc1be16ceadc1ff_6aeb83745e.jpg,D:\lct\datasets\.build_cache\d7\valid\images\0002562_jpg.rf.6e6e6d56464299c47cc1be16ceadc1ff.jpg,16,29,,0.4750308394432068,0.17526519298553467,0.45448872447013855,False,,0.5652168944478034,visually_not_leakage,screened out by combined pHash/dHash and pixel/color metrics; not individually reviewed,774,false
213d81be295c,d7,train,images/train/d7/d7_0000439_jpg.rf.be30b78109080b6765dd7acabfc9f198_1ec3c2d67b.jpg,D:\lct\datasets\.build_cache\d7\train\images\0000439_jpg.rf.be30b78109080b6765dd7acabfc9f198.jpg,val,images/val/d7/d7_0004821_jpg.rf.0b3eb827c7ad8f469aa76bbb8b484ae7_4334033ec6.jpg,D:\lct\datasets\.build_cache\d7\valid\images\0004821_jpg.rf.0b3eb827c7ad8f469aa76bbb8b484ae7.jpg,16,27,,0.36787962913513184,0.1721181869506836,0.7028685808181763,False,,0.5643008887767791,visually_not_leakage,screened out by combined pHash/dHash and pixel/color metrics; not individually reviewed,775,false
f02aba7afb0f,d7,train,images/train/d7/d7_0003737_jpg.rf.9c66ac0581c6dd5afa628d7d49be7d8b_1f966ba864.jpg,D:\lct\datasets\.build_cache\d7\train\images\0003737_jpg.rf.9c66ac0581c6dd5afa628d7d49be7d8b.jpg,val,images/val/d7/d7_0006168_jpg.rf.8d99d39cb25deeef8d63c743ed85b129_e24caec911.jpg,D:\lct\datasets\.build_cache\d7\valid\images\0006168_jpg.rf.8d99d39cb25deeef8d63c743ed85b129.jpg,14,21,,0.37891247868537903,0.28931814432144165,0.5164236426353455,False,,0.5641847878694535,visually_not_leakage,screened out by combined pHash/dHash and pixel/color metrics; not individually reviewed,776,false
6a4be34bd175,d7,train,images/train/d7/d7_0001965_jpg.rf.f18e8a28a5a4b05e3eb3474909f38ff8_0f33162d41.jpg,D:\lct\datasets\.build_cache\d7\test\images\0001965_jpg.rf.f18e8a28a5a4b05e3eb3474909f38ff8.jpg,test,images/test/d7/d7_0002392_jpg.rf.1d00bab77b92371f916fa0956480a4e4_af8ca0dc2b.jpg,D:\lct\datasets\.build_cache\d7\test\images\0002392_jpg.rf.1d00bab77b92371f916fa0956480a4e4.jpg,16,29,,0.4873613119125366,0.2546808123588562,0.40267544984817505,False,,0.5623770922422409,visually_not_leakage,screened out by combined pHash/dHash and pixel/color metrics; not individually reviewed,777,false
03ffdf4aeb6a,d7,train,images/train/d7/d7_0003548_jpg.rf.d8d624478427edba6339b2376b9ccdc3_4cc04e5b0f.jpg,D:\lct\datasets\.build_cache\d7\train\images\0003548_jpg.rf.d8d624478427edba6339b2376b9ccdc3.jpg,test,images/test/d7/d7_0001159_jpg.rf.8198ac77e6200eb44831aabce18aadc4_a92901e8a2.jpg,D:\lct\datasets\.build_cache\d7\test\images\0001159_jpg.rf.8198ac77e6200eb44831aabce18aadc4.jpg,16,28,,0.4701503813266754,0.2412932813167572,0.42772945761680603,False,,0.5615945711731911,visually_not_leakage,screened out by combined pHash/dHash and pixel/color metrics; not individually reviewed,778,false
0500c1356137,d7,train,images/train/d7/d7_0004628_jpg.rf.333e984538e05ca72163ed6b51b950ed_563624648c.jpg,D:\lct\datasets\.build_cache\d7\train\images\0004628_jpg.rf.333e984538e05ca72163ed6b51b950ed.jpg,test,images/test/d7/d7_0000263_jpg.rf.4b7a7bd66af8725408fbeb70e487523b_63aa13782e.jpg,D:\lct\datasets\.build_cache\d7\test\images\0000263_jpg.rf.4b7a7bd66af8725408fbeb70e487523b.jpg,16,21,,0.33411723375320435,0.17213064432144165,0.680932343006134,False,,0.5615679949522018,visually_not_leakage,screened out by combined pHash/dHash and pixel/color metrics; not individually reviewed,779,false
66055c3d55af,d7,train,images/train/d7/d7_0002866_jpg.rf.1268f6635d7d2dedd4b325c114b52c1a_e93e652e81.jpg,D:\lct\datasets\.build_cache\d7\test\images\0002866_jpg.rf.1268f6635d7d2dedd4b325c114b52c1a.jpg,val,images/val/d7/d7_0002945_jpg.rf.02bf57bfb6cddc52ab8a5af4b40ec4f5_dcae63bd87.jpg,D:\lct\datasets\.build_cache\d7\valid\images\0002945_jpg.rf.02bf57bfb6cddc52ab8a5af4b40ec4f5.jpg,14,28,,0.5130533576011658,0.1882525235414505,0.249008446931839,False,,0.5613226100802422,visually_not_leakage,screened out by combined pHash/dHash and pixel/color metrics; not individually reviewed,780,false
56d56cc2c6ba,d7,val,images/val/d7/d7_0004549_jpg.rf.c74a1eadb841743fe841f970460e0b8b_d8407e4f5e.jpg,D:\lct\datasets\.build_cache\d7\valid\images\0004549_jpg.rf.c74a1eadb841743fe841f970460e0b8b.jpg,test,images/test/d7/d7_0002251_jpg.rf.40aba0b000da281c753035838dc38507_d9b1ceeaa0.jpg,D:\lct\datasets\.build_cache\d7\valid\images\0002251_jpg.rf.40aba0b000da281c753035838dc38507.jpg,26,12,,0.5532053112983704,0.1824936866760254,0.2634442150592804,False,,0.5607987567782402,visually_not_leakage,screened out by combined pHash/dHash and pixel/color metrics; not individually reviewed,781,false
dbd58d224a6e,d7,train,images/train/d7/d7_0000347_jpg.rf.665bc6f447144938f8a4582ea3a8b6b9_104c5c8f69.jpg,D:\lct\datasets\.build_cache\d7\train\images\0000347_jpg.rf.665bc6f447144938f8a4582ea3a8b6b9.jpg,val,images/val/d7/d7_0000312_jpg.rf.8915245809884b5c1b201fb24f67fbe1_88543c3360.jpg,D:\lct\datasets\.build_cache\d7\valid\images\0000312_jpg.rf.8915245809884b5c1b201fb24f67fbe1.jpg,16,30,,0.5449180006980896,0.18632525205612183,0.2542007267475128,False,,0.5607848092913628,visually_not_leakage,screened out by combined pHash/dHash and pixel/color metrics; not individually reviewed,782,false
94bddc78eb0c,d7,train,images/train/d7/d7_0006262_jpg.rf.a4509b2b5e39e3f1e53e9addc594cb4f_8e8bbe8a1c.jpg,D:\lct\datasets\.build_cache\d7\train\images\0006262_jpg.rf.a4509b2b5e39e3f1e53e9addc594cb4f.jpg,test,images/test/d7/d7_0003937_jpg.rf.83eb02b1d016c0067a87a51d44360f96_d3e89db61a.jpg,D:\lct\datasets\.build_cache\d7\test\images\0003937_jpg.rf.83eb02b1d016c0067a87a51d44360f96.jpg,16,27,,0.3354848623275757,0.16520948708057404,0.7643525004386902,False,,0.5605655699968337,visually_not_leakage,screened out by combined pHash/dHash and pixel/color metrics; not individually reviewed,783,false
0625322294f8,d7,train,images/train/d7/d7_0001148_jpg.rf.74fb827ddb7087a332fe4ce2a0ac72dd_c5f147977a.jpg,D:\lct\datasets\.build_cache\d7\train\images\0001148_jpg.rf.74fb827ddb7087a332fe4ce2a0ac72dd.jpg,val,images/val/d7/d7_0005395_jpg.rf.7615ec0e410ec4364e2dfa2c727e6515_f8637f9ba6.jpg,D:\lct\datasets\.build_cache\d7\train\images\0005395_jpg.rf.7615ec0e410ec4364e2dfa2c727e6515.jpg,14,31,,0.2915237843990326,0.13697534799575806,0.8799540400505066,False,,0.560321369767189,visually_not_leakage,screened out by combined pHash/dHash and pixel/color metrics; not individually reviewed,784,false
32e4fae6afac,d7,train,images/train/d7/d7_0005295_jpg.rf.2c0a752dc4a9beb2649ffa3d83b9af46_227851395a.jpg,D:\lct\datasets\.build_cache\d7\train\images\0005295_jpg.rf.2c0a752dc4a9beb2649ffa3d83b9af46.jpg,val,images/val/d7/d7_0002717_jpg.rf.fe9efafdd280e4e0e3946cc611178b2d_3a3e6c2cfa.jpg,D:\lct\datasets\.build_cache\d7\train\images\0002717_jpg.rf.fe9efafdd280e4e0e3946cc611178b2d.jpg,16,26,,0.3783276081085205,0.20732422173023224,0.6291801333427429,False,,0.5597705632448197,visually_not_leakage,screened out by combined pHash/dHash and pixel/color metrics; not individually reviewed,785,false
558f1ec5f79f,d7,train,images/train/d7/d7_0002856_jpg.rf.b3bb2f717c8bc4da9bbf377b4fa35e28_1fb80c94e4.jpg,D:\lct\datasets\.build_cache\d7\train\images\0002856_jpg.rf.b3bb2f717c8bc4da9bbf377b4fa35e28.jpg,test,images/test/d7/d7_0000428_jpg.rf.49f1a0fda7bc36aab2241c886952cbdf_7209c407f0.jpg,D:\lct\datasets\.build_cache\d7\test\images\0000428_jpg.rf.49f1a0fda7bc36aab2241c886952cbdf.jpg,16,27,,0.3893560767173767,0.1695168912410736,0.6132269501686096,False,,0.5594452232122421,visually_not_leakage,screened out by combined pHash/dHash and pixel/color metrics; not individually reviewed,786,false
eeb85478f6b9,d7,val,images/val/d7/d7_0003899_jpg.rf.5a7bcfc3a47b4a709aa011a4d851c12c_1a92264b4c.jpg,D:\lct\datasets\.build_cache\d7\valid\images\0003899_jpg.rf.5a7bcfc3a47b4a709aa011a4d851c12c.jpg,test,images/test/d7/d7_0002276_jpg.rf.10e2b2abb50aa3e7e9972a59e7cd4dbc_1d79f540ad.jpg,D:\lct\datasets\.build_cache\d7\test\images\0002276_jpg.rf.10e2b2abb50aa3e7e9972a59e7cd4dbc.jpg,16,27,,0.3791868984699249,0.23697534203529358,0.6324158310890198,False,,0.558255884051323,visually_not_leakage,screened out by combined pHash/dHash and pixel/color metrics; not individually reviewed,787,false
56441902c827,d7,train,images/train/d7/d7_0000217_jpg.rf.b2e19ad877baa89e0d033156333e3595_bf48e2d97a.jpg,D:\lct\datasets\.build_cache\d7\train\images\0000217_jpg.rf.b2e19ad877baa89e0d033156333e3595.jpg,test,images/test/d7/d7_0003314_jpg.rf.6207ba167fcd19647d0df902375f2a8f_77bf9de488.jpg,D:\lct\datasets\.build_cache\d7\test\images\0003314_jpg.rf.6207ba167fcd19647d0df902375f2a8f.jpg,16,29,,0.4292628765106201,0.20756739377975464,0.5294845104217529,False,,0.558159077167511,visually_not_leakage,screened out by combined pHash/dHash and pixel/color metrics; not individually reviewed,788,false
72cfb0fbe6cf,d7,train,images/train/d7/d7_0006361_jpg.rf.d9dd40838d0d68ed0ff822aa68b31572_e1554a4123.jpg,D:\lct\datasets\.build_cache\d7\train\images\0006361_jpg.rf.d9dd40838d0d68ed0ff822aa68b31572.jpg,val,images/val/d7/d7_0005165_jpg.rf.56835c620ea09ce8cb542fe9dd94d3bf_fce2d968a9.jpg,D:\lct\datasets\.build_cache\d7\test\images\0005165_jpg.rf.56835c620ea09ce8cb542fe9dd94d3bf.jpg,14,25,,0.2817361354827881,0.16043773293495178,0.7937215566635132,False,,0.5575339376926423,visually_not_leakage,screened out by combined pHash/dHash and pixel/color metrics; not individually reviewed,789,false
7fa5ee56c4da,d7,train,images/train/d7/d7_0004065_jpg.rf.848d15293a055d47d148c094440de870_4b6d625c85.jpg,D:\lct\datasets\.build_cache\d7\train\images\0004065_jpg.rf.848d15293a055d47d148c094440de870.jpg,val,images/val/d7/d7_0000371_jpg.rf.e3404d07c99fb3b30e8b1fce394b9415_3bb6bca5bf.jpg,D:\lct\datasets\.build_cache\d7\valid\images\0000371_jpg.rf.e3404d07c99fb3b30e8b1fce394b9415.jpg,16,34,,0.39679110050201416,0.18529221415519714,0.6883910894393921,False,,0.5572876036167145,visually_not_leakage,screened out by combined pHash/dHash and pixel/color metrics; not individually reviewed,790,false
c65a83099860,d7,train,images/train/d7/d7_0001726_jpg.rf.b376d326692eec49011ced1ca4a2560e_2b45ecd766.jpg,D:\lct\datasets\.build_cache\d7\train\images\0001726_jpg.rf.b376d326692eec49011ced1ca4a2560e.jpg,test,images/test/d7/d7_0000341_jpg.rf.0fe1d4072f461e020bc2ce8ec18ae5dd_06449d1755.jpg,D:\lct\datasets\.build_cache\d7\train\images\0000341_jpg.rf.0fe1d4072f461e020bc2ce8ec18ae5dd.jpg,16,20,,0.30375784635543823,0.13686907291412354,0.7172211408615112,False,,0.557211309671402,visually_not_leakage,screened out by combined pHash/dHash and pixel/color metrics; not individually reviewed,791,false
fd725837aa3c,d7,train,images/train/d7/d7_0004775_jpg.rf.ecffdd5ec8e31be15a8322a751b55db4_0809c1facd.jpg,D:\lct\datasets\.build_cache\d7\train\images\0004775_jpg.rf.ecffdd5ec8e31be15a8322a751b55db4.jpg,val,images/val/d7/d7_0002384_jpg.rf.49bf21d69cebed5e90014309a3889661_163e779d1f.jpg,D:\lct\datasets\.build_cache\d7\valid\images\0002384_jpg.rf.49bf21d69cebed5e90014309a3889661.jpg,24,12,,0.49961501359939575,0.22249732911586761,0.3161191940307617,False,,0.5566388845443726,visually_not_leakage,screened out by combined pHash/dHash and pixel/color metrics; not individually reviewed,792,false
cf0458f2fe72,d7,train,images/train/d7/d7_0004646_jpg.rf.b71697dad3dac04deefba9ae4ef34f24_a06d76c423.jpg,D:\lct\datasets\.build_cache\d7\train\images\0004646_jpg.rf.b71697dad3dac04deefba9ae4ef34f24.jpg,val,images/val/d7/d7_0000216_jpg.rf.a82328a3dca4ac706cf6bc701bd775b7_5a036e7c38.jpg,D:\lct\datasets\.build_cache\d7\train\images\0000216_jpg.rf.a82328a3dca4ac706cf6bc701bd775b7.jpg,16,25,,0.45916077494621277,0.16511277854442596,0.37611302733421326,False,,0.5564875140786172,visually_not_leakage,screened out by combined pHash/dHash and pixel/color metrics; not individually reviewed,793,false
7db9e18acb24,d7,train,images/train/d7/d7_0000512_jpg.rf.f67ce749c9a2133f4fba0465d391e665_f502a5ed0c.jpg,D:\lct\datasets\.build_cache\d7\train\images\0000512_jpg.rf.f67ce749c9a2133f4fba0465d391e665.jpg,test,images/test/d7/d7_0006135_jpg.rf.4a4c8a063ef8cadbf2254242e8facfd3_f49e3e5727.jpg,D:\lct\datasets\.build_cache\d7\train\images\0006135_jpg.rf.4a4c8a063ef8cadbf2254242e8facfd3.jpg,16,21,,0.3678254783153534,0.22399184107780457,0.5561996698379517,False,,0.5563413918018341,visually_not_leakage,screened out by combined pHash/dHash and pixel/color metrics; not individually reviewed,794,false
6a1e8ade9deb,d7,train,images/train/d7/d7_0000670_jpg.rf.cdd6dd344cb92290ac5205ff5acccd79_b6838c5f83.jpg,D:\lct\datasets\.build_cache\d7\train\images\0000670_jpg.rf.cdd6dd344cb92290ac5205ff5acccd79.jpg,val,images/val/d7/d7_0006197_jpg.rf.d8c383798707f360b5d0399da8846108_f2881a678f.jpg,D:\lct\datasets\.build_cache\d7\valid\images\0006197_jpg.rf.d8c383798707f360b5d0399da8846108.jpg,24,11,,0.4934990406036377,0.1686590611934662,0.3109062910079956,False,,0.5557543098926545,visually_not_leakage,screened out by combined pHash/dHash and pixel/color metrics; not individually reviewed,795,false
4b8dca246d35,d7,train,images/train/d7/d7_0000512_jpg.rf.f67ce749c9a2133f4fba0465d391e665_f502a5ed0c.jpg,D:\lct\datasets\.build_cache\d7\train\images\0000512_jpg.rf.f67ce749c9a2133f4fba0465d391e665.jpg,test,images/test/d7/d7_0005235_jpg.rf.746a65a9fa12f654d48daf7db48e8942_9e952125c4.jpg,D:\lct\datasets\.build_cache\d7\test\images\0005235_jpg.rf.746a65a9fa12f654d48daf7db48e8942.jpg,16,20,,0.35724908113479614,0.22327283024787903,0.5631853342056274,False,,0.5555024325847626,visually_not_leakage,screened out by combined pHash/dHash and pixel/color metrics; not individually reviewed,796,false
513be29a0cc5,d7,train,images/train/d7/d7_0002243_jpg.rf.85708008b2f8c26879d9667f6b5f4890_9b1313325c.jpg,D:\lct\datasets\.build_cache\d7\train\images\0002243_jpg.rf.85708008b2f8c26879d9667f6b5f4890.jpg,val,images/val/d7/d7_0000748_jpg.rf.58eaec3aab1273f30f9a79470a85fc1b_dd6a82bedc.jpg,D:\lct\datasets\.build_cache\d7\valid\images\0000748_jpg.rf.58eaec3aab1273f30f9a79470a85fc1b.jpg,16,30,,0.46705684065818787,0.1979990154504776,0.42031189799308777,False,,0.5545570209622384,visually_not_leakage,screened out by combined pHash/dHash and pixel/color metrics; not individually reviewed,797,false
58f0d53a8442,d7,val,images/val/d7/d7_0001270_jpg.rf.099ba52147af83805acdc0a2b574a7a7_e174b3b0ff.jpg,D:\lct\datasets\.build_cache\d7\valid\images\0001270_jpg.rf.099ba52147af83805acdc0a2b574a7a7.jpg,test,images/test/d7/d7_0006096_jpg.rf.10a338079f46d2b3b6c751ed803f15dc_5d55ad26f5.jpg,D:\lct\datasets\.build_cache\d7\test\images\0006096_jpg.rf.10a338079f46d2b3b6c751ed803f15dc.jpg,16,21,,0.3510688543319702,0.15666458010673523,0.5883241295814514,False,,0.5544574111700058,visually_not_leakage,screened out by combined pHash/dHash and pixel/color metrics; not individually reviewed,798,false
4c5bce0a5cfb,d7,train,images/train/d7/d7_0005903_jpg.rf.7287f2eb0f88b2b9c8110a63f80ec917_48f7092215.jpg,D:\lct\datasets\.build_cache\d7\train\images\0005903_jpg.rf.7287f2eb0f88b2b9c8110a63f80ec917.jpg,test,images/test/d7/d7_0006286_jpg.rf.fb64fd19abc31c9367fa54bdab1a3200_74a384d91e.jpg,D:\lct\datasets\.build_cache\d7\test\images\0006286_jpg.rf.fb64fd19abc31c9367fa54bdab1a3200.jpg,16,27,,0.41970863938331604,0.17965304851531982,0.4938255548477173,False,,0.553676038980484,visually_not_leakage,screened out by combined pHash/dHash and pixel/color metrics; not individually reviewed,799,false
22db37f1d19d,d7,train,images/train/d7/d7_0001927_jpg.rf.65eddf76dbbda5b5bc48fcca19be833b_3b99ae7867.jpg,D:\lct\datasets\.build_cache\d7\train\images\0001927_jpg.rf.65eddf76dbbda5b5bc48fcca19be833b.jpg,val,images/val/d7/d7_0005525_jpg.rf.1dffde2a1ae650005b6ba33c9e9b556d_4756e55bf1.jpg,D:\lct\datasets\.build_cache\d7\valid\images\0005525_jpg.rf.1dffde2a1ae650005b6ba33c9e9b556d.jpg,16,33,,0.29211094975471497,0.1514495313167572,0.9265235066413879,False,,0.5534791558980942,visually_not_leakage,screened out by combined pHash/dHash and pixel/color metrics; not individually reviewed,800,false
1f048ec71d37,d7,train,images/train/d7/d7_0002584_jpg.rf.7966e3a50a8e230f4f27d0f3551d9303_d149aaf5cc.jpg,D:\lct\datasets\.build_cache\d7\train\images\0002584_jpg.rf.7966e3a50a8e230f4f27d0f3551d9303.jpg,test,images/test/d7/d7_0000811_jpg.rf.f0097c6d8524ee57f8a3be98e527490b_b302f4f091.jpg,D:\lct\datasets\.build_cache\d7\test\images\0000811_jpg.rf.f0097c6d8524ee57f8a3be98e527490b.jpg,16,25,,0.28022944927215576,0.17965207993984222,0.8327916860580444,False,,0.553416782617569,visually_not_leakage,screened out by combined pHash/dHash and pixel/color metrics; not individually reviewed,801,false
6ccb2651c5ec,d7,train,images/train/d7/d7_0001030_jpg.rf.896ec392ac873045709d491c34ed8ba8_5e80d6b075.jpg,D:\lct\datasets\.build_cache\d7\train\images\0001030_jpg.rf.896ec392ac873045709d491c34ed8ba8.jpg,test,images/test/d7/d7_0001565_jpg.rf.ab039224902cf08ffcee9ee327e6141b_8f8b5addac.jpg,D:\lct\datasets\.build_cache\d7\test\images\0001565_jpg.rf.ab039224902cf08ffcee9ee327e6141b.jpg,16,31,,0.44520503282546997,0.19839058816432953,0.4861806035041809,False,,0.5533528536558151,visually_not_leakage,screened out by combined pHash/dHash and pixel/color metrics; not individually reviewed,802,false
91f936167389,d7,train,images/train/d7/d7_0001301_jpg.rf.e8691a445d9d545228f1cf076983486d_d7bb68d46b.jpg,D:\lct\datasets\.build_cache\d7\train\images\0001301_jpg.rf.e8691a445d9d545228f1cf076983486d.jpg,val,images/val/d7/d7_0004578_jpg.rf.7d1b0d0717ac0979f24c771a8e5e1d05_cd64e97813.jpg,D:\lct\datasets\.build_cache\d7\valid\images\0004578_jpg.rf.7d1b0d0717ac0979f24c771a8e5e1d05.jpg,16,21,,0.45253872871398926,0.18883654475212097,0.3096078038215637,False,,0.5532379120588302,visually_not_leakage,screened out by combined pHash/dHash and pixel/color metrics; not individually reviewed,803,false
af7948d0010a,d7,train,images/train/d7/d7_0005344_jpg.rf.99655bc35838af0624f3979f3b80f5f2_94285eebb3.jpg,D:\lct\datasets\.build_cache\d7\train\images\0005344_jpg.rf.99655bc35838af0624f3979f3b80f5f2.jpg,val,images/val/d7/d7_0006493_jpg.rf.2cf87f8fd35d3d87f16eb084dc285e00_8917bb47de.jpg,D:\lct\datasets\.build_cache\d7\valid\images\0006493_jpg.rf.2cf87f8fd35d3d87f16eb084dc285e00.jpg,16,28,,0.44809335470199585,0.25035521388053894,0.4270179569721222,False,,0.5526650354266166,visually_not_leakage,screened out by combined pHash/dHash and pixel/color metrics; not individually reviewed,804,false
a266d6d81556,d7,train,images/train/d7/d7_0001695_jpg.rf.2e8a6cebd05da60d434f4d6d22d37e13_3bef075612.jpg,D:\lct\datasets\.build_cache\d7\train\images\0001695_jpg.rf.2e8a6cebd05da60d434f4d6d22d37e13.jpg,val,images/val/d7/d7_0002893_jpg.rf.063321881a5bc0febf2177fcc9cb86dd_bbcda1de15.jpg,D:\lct\datasets\.build_cache\d7\valid\images\0002893_jpg.rf.063321881a5bc0febf2177fcc9cb86dd.jpg,14,18,,0.26747918128967285,0.13687960803508759,0.6881762146949768,False,,0.5524056047201157,visually_not_leakage,screened out by combined pHash/dHash and pixel/color metrics; not individually reviewed,805,false
3de388d6f06a,d7,train,images/train/d7/d7_0006183_jpg.rf.cb6e7ec24b068f380342d786629fb0ce_10350c137d.jpg,D:\lct\datasets\.build_cache\d7\train\images\0006183_jpg.rf.cb6e7ec24b068f380342d786629fb0ce.jpg,test,images/test/d7/d7_0006410_jpg.rf.e1a5bddc87707fb1f3a531b353379afc_9a7b9f085a.jpg,D:\lct\datasets\.build_cache\d7\test\images\0006410_jpg.rf.e1a5bddc87707fb1f3a531b353379afc.jpg,16,15,,0.45929715037345886,0.21827799081802368,0.188815638422966,False,,0.5518849559128285,visually_not_leakage,screened out by combined pHash/dHash and pixel/color metrics; not individually reviewed,806,false
11c6b29c8b28,d7,train,images/train/d7/d7_0003171_jpg.rf.9433f4243baa229d0c0bac64ea620385_0a85225790.jpg,D:\lct\datasets\.build_cache\d7\train\images\0003171_jpg.rf.9433f4243baa229d0c0bac64ea620385.jpg,test,images/test/d7/d7_0002090_jpg.rf.3e73bd02a4ff1afca92a4b85a01c1ee6_831fd0049a.jpg,D:\lct\datasets\.build_cache\d7\test\images\0002090_jpg.rf.3e73bd02a4ff1afca92a4b85a01c1ee6.jpg,16,25,,0.4766295850276947,0.2087584286928177,0.2880263924598694,False,,0.5502620428800583,visually_not_leakage,screened out by combined pHash/dHash and pixel/color metrics; not individually reviewed,807,false
8b826241002f,d7,train,images/train/d7/d7_0006431_jpg.rf.9f2c986cb0f03e0dff52a567f8e16cbc_4e926405d4.jpg,D:\lct\datasets\.build_cache\d7\train\images\0006431_jpg.rf.9f2c986cb0f03e0dff52a567f8e16cbc.jpg,val,images/val/d7/d7_0006408_jpg.rf.38c7b104590c5eca73a24eee356ee39c_76a8c2a36b.jpg,D:\lct\datasets\.build_cache\d7\valid\images\0006408_jpg.rf.38c7b104590c5eca73a24eee356ee39c.jpg,16,29,,0.38768383860588074,0.19007256627082825,0.5851960778236389,False,,0.5498841971158981,visually_not_leakage,screened out by combined pHash/dHash and pixel/color metrics; not individually reviewed,808,false
cd1a422e5d3a,d7,val,images/val/d7/d7_0006131_jpg.rf.68d56cf6c25bb5bfd68e5075f0ac2ba0_b5fb45c9eb.jpg,D:\lct\datasets\.build_cache\d7\valid\images\0006131_jpg.rf.68d56cf6c25bb5bfd68e5075f0ac2ba0.jpg,test,images/test/d7/d7_0003785_jpg.rf.0478b943bcd567ce9327dd0cab65c272_21ab778a57.jpg,D:\lct\datasets\.build_cache\d7\test\images\0003785_jpg.rf.0478b943bcd567ce9327dd0cab65c272.jpg,14,29,,0.39398688077926636,0.16443875432014465,0.5031593441963196,False,,0.5494749039411545,visually_not_leakage,screened out by combined pHash/dHash and pixel/color metrics; not individually reviewed,809,false
799b7e157eb7,d7,train,images/train/d7/d7_0006018_jpg.rf.7f20b6bd7ae2e5e97cd4e1be5eb2ae65_a0decf7d32.jpg,D:\lct\datasets\.build_cache\d7\train\images\0006018_jpg.rf.7f20b6bd7ae2e5e97cd4e1be5eb2ae65.jpg,test,images/test/d7/d7_0000177_jpg.rf.1990b8a0fad144ad7809d96cf7a1c965_73fc625676.jpg,D:\lct\datasets\.build_cache\d7\test\images\0000177_jpg.rf.1990b8a0fad144ad7809d96cf7a1c965.jpg,14,28,,0.36041173338890076,0.22535425424575806,0.57368403673172,False,,0.5489672988653183,visually_not_leakage,screened out by combined pHash/dHash and pixel/color metrics; not individually reviewed,810,false
e02057192fc9,d7,train,images/train/d7/d7_0001671_jpg.rf.83cbe8852c5115de12aba7038cff86f6_5ad6e6e817.jpg,D:\lct\datasets\.build_cache\d7\train\images\0001671_jpg.rf.83cbe8852c5115de12aba7038cff86f6.jpg,val,images/val/d7/d7_0003807_jpg.rf.a13f847f9e8f02f5889f53484215666b_ef85272e09.jpg,D:\lct\datasets\.build_cache\d7\valid\images\0003807_jpg.rf.a13f847f9e8f02f5889f53484215666b.jpg,16,28,,0.5210201144218445,0.21601945161819458,0.20129531621932983,False,,0.5479773432016373,visually_not_leakage,screened out by combined pHash/dHash and pixel/color metrics; not individually reviewed,811,false
620fd210e2ab,d7,train,images/train/d7/d7_0005803_jpg.rf.5419480631c4a2583d7abbc2fa58b270_5f690d1f88.jpg,D:\lct\datasets\.build_cache\d7\train\images\0005803_jpg.rf.5419480631c4a2583d7abbc2fa58b270.jpg,val,images/val/d7/d7_0006408_jpg.rf.38c7b104590c5eca73a24eee356ee39c_76a8c2a36b.jpg,D:\lct\datasets\.build_cache\d7\valid\images\0006408_jpg.rf.38c7b104590c5eca73a24eee356ee39c.jpg,14,29,,0.3977499306201935,0.18172965943813324,0.4743248522281647,False,,0.546654950082302,visually_not_leakage,screened out by combined pHash/dHash and pixel/color metrics; not individually reviewed,812,false
936493706113,d7,train,images/train/d7/d7_0006361_jpg.rf.d9dd40838d0d68ed0ff822aa68b31572_e1554a4123.jpg,D:\lct\datasets\.build_cache\d7\train\images\0006361_jpg.rf.d9dd40838d0d68ed0ff822aa68b31572.jpg,val,images/val/d7/d7_0006054_jpg.rf.6f9dabb642975c0509c0e4b0fba5a15e_dca587d501.jpg,D:\lct\datasets\.build_cache\d7\train\images\0006054_jpg.rf.6f9dabb642975c0509c0e4b0fba5a15e.jpg,16,26,,0.27938205003738403,0.1562710702419281,0.8040992021560669,False,,0.5464302003383636,visually_not_leakage,screened out by combined pHash/dHash and pixel/color metrics; not individually reviewed,813,false
a5f0a9f64ca9,d7,train,images/train/d7/d7_0005900_jpg.rf.5cc9b6ff4875c71e438f111579cd2a80_54c7554557.jpg,D:\lct\datasets\.build_cache\d7\train\images\0005900_jpg.rf.5cc9b6ff4875c71e438f111579cd2a80.jpg,test,images/test/d7/d7_0003314_jpg.rf.6207ba167fcd19647d0df902375f2a8f_77bf9de488.jpg,D:\lct\datasets\.build_cache\d7\test\images\0003314_jpg.rf.6207ba167fcd19647d0df902375f2a8f.jpg,26,12,,0.3820279538631439,0.19811007380485535,0.6040201187133789,False,,0.5434141993522644,visually_not_leakage,screened out by combined pHash/dHash and pixel/color metrics; not individually reviewed,814,false
f11a07c7d1b4,d7,train,images/train/d7/d7_0002260_jpg.rf.25c08a30d2367da807ade7c1445e2f2b_771f39a848.jpg,D:\lct\datasets\.build_cache\d7\train\images\0002260_jpg.rf.25c08a30d2367da807ade7c1445e2f2b.jpg,test,images/test/d7/d7_0005125_jpg.rf.d23a458bc28d664e7d7a104f65007574_94282211e2.jpg,D:\lct\datasets\.build_cache\d7\test\images\0005125_jpg.rf.d23a458bc28d664e7d7a104f65007574.jpg,16,30,,0.5538774132728577,0.2819432020187378,0.11205845326185226,False,,0.543047233298421,visually_not_leakage,screened out by combined pHash/dHash and pixel/color metrics; not individually reviewed,815,false
56be068fc4b8,d7,train,images/train/d7/d7_0005108_jpg.rf.aeb0376e668d6edf2f16cd439161ed6a_8ba540a8f0.jpg,D:\lct\datasets\.build_cache\d7\train\images\0005108_jpg.rf.aeb0376e668d6edf2f16cd439161ed6a.jpg,test,images/test/d7/d7_0002474_jpg.rf.8512cfe163f16ff6f3d039a04d084dd8_99669ba8e9.jpg,D:\lct\datasets\.build_cache\d7\test\images\0002474_jpg.rf.8512cfe163f16ff6f3d039a04d084dd8.jpg,16,31,,0.32425710558891296,0.1860734522342682,0.7394312620162964,False,,0.5429612815380096,visually_not_leakage,screened out by combined pHash/dHash and pixel/color metrics; not individually reviewed,816,false
4eb5607f5be4,d7,train,images/train/d7/d7_0005503_jpg.rf.758fcd2f539aac7350f96db07e51f160_675afb3e27.jpg,D:\lct\datasets\.build_cache\d7\train\images\0005503_jpg.rf.758fcd2f539aac7350f96db07e51f160.jpg,test,images/test/d7/d7_0000580_jpg.rf.3fc555b8214254e1ade620d6b4415989_ee132b0bd2.jpg,D:\lct\datasets\.build_cache\d7\test\images\0000580_jpg.rf.3fc555b8214254e1ade620d6b4415989.jpg,16,24,,0.2594914734363556,0.2143564373254776,0.7911133170127869,False,,0.5412135869264603,visually_not_leakage,screened out by combined pHash/dHash and pixel/color metrics; not individually reviewed,817,false
2817d417a9ad,d7,train,images/train/d7/d7_0000844_jpg.rf.6fc8b4daffd723a1c4bb218c21eec0bd_46baabcdbc.jpg,D:\lct\datasets\.build_cache\d7\train\images\0000844_jpg.rf.6fc8b4daffd723a1c4bb218c21eec0bd.jpg,test,images/test/d7/d7_0002165_jpg.rf.2bcda1395abce23942235ef017cb8556_778c125d5a.jpg,D:\lct\datasets\.build_cache\d7\test\images\0002165_jpg.rf.2bcda1395abce23942235ef017cb8556.jpg,26,12,,0.3209683299064636,0.2202751636505127,0.7499629259109497,False,,0.540881770849228,visually_not_leakage,screened out by combined pHash/dHash and pixel/color metrics; not individually reviewed,818,false
791ea1edc27d,d7,train,images/train/d7/d7_0001404_jpg.rf.d0d3f2900ae0ee2f3e63f1b0c55f9734_4be3791fb8.jpg,D:\lct\datasets\.build_cache\d7\train\images\0001404_jpg.rf.d0d3f2900ae0ee2f3e63f1b0c55f9734.jpg,test,images/test/d7/d7_0002090_jpg.rf.3e73bd02a4ff1afca92a4b85a01c1ee6_831fd0049a.jpg,D:\lct\datasets\.build_cache\d7\test\images\0002090_jpg.rf.3e73bd02a4ff1afca92a4b85a01c1ee6.jpg,16,23,,0.35008516907691956,0.1828441023826599,0.5310323238372803,False,,0.5407826662063598,visually_not_leakage,screened out by combined pHash/dHash and pixel/color metrics; not individually reviewed,819,false
053d8e96b83d,d7,train,images/train/d7/d7_0002096_jpg.rf.9748cc87586bf152c2c5d80813efac98_07e67fb94e.jpg,D:\lct\datasets\.build_cache\d7\train\images\0002096_jpg.rf.9748cc87586bf152c2c5d80813efac98.jpg,test,images/test/d7/d7_0006249_jpg.rf.e2a02ab930f9a8503db0ed91a08634dc_bf9255f368.jpg,D:\lct\datasets\.build_cache\d7\test\images\0006249_jpg.rf.e2a02ab930f9a8503db0ed91a08634dc.jpg,16,23,,0.2955654561519623,0.19056276977062225,0.67512047290802,False,,0.5405880033969879,visually_not_leakage,screened out by combined pHash/dHash and pixel/color metrics; not individually reviewed,820,false
788c033413f3,d7,train,images/train/d7/d7_0000377_jpg.rf.8b072bc565b04b0e1b3938d1295cd19c_44f78cd865.jpg,D:\lct\datasets\.build_cache\d7\train\images\0000377_jpg.rf.8b072bc565b04b0e1b3938d1295cd19c.jpg,val,images/val/d7/d7_0000748_jpg.rf.58eaec3aab1273f30f9a79470a85fc1b_dd6a82bedc.jpg,D:\lct\datasets\.build_cache\d7\valid\images\0000748_jpg.rf.58eaec3aab1273f30f9a79470a85fc1b.jpg,34,12,,0.5800752639770508,0.22225797176361084,0.3056279420852661,False,,0.5403742969036103,visually_not_leakage,screened out by combined pHash/dHash and pixel/color metrics; not individually reviewed,821,false
f5ba08ae9366,d7,train,images/train/d7/d7_0001238_jpg.rf.ec49d10a926d86eb21f42f05835fddf2_b1ba0be34d.jpg,D:\lct\datasets\.build_cache\d7\train\images\0001238_jpg.rf.ec49d10a926d86eb21f42f05835fddf2.jpg,val,images/val/d7/d7_0004195_jpg.rf.3791f2de23184a81d9a1b336731ea6a8_f739e718a7.jpg,D:\lct\datasets\.build_cache\d7\valid\images\0004195_jpg.rf.3791f2de23184a81d9a1b336731ea6a8.jpg,16,29,,0.31134945154190063,0.20710498094558716,0.7123059034347534,False,,0.5384169161319732,visually_not_leakage,screened out by combined pHash/dHash and pixel/color metrics; not individually reviewed,822,false
f9f9761d956d,d7,train,images/train/d7/d7_0006361_jpg.rf.d9dd40838d0d68ed0ff822aa68b31572_e1554a4123.jpg,D:\lct\datasets\.build_cache\d7\train\images\0006361_jpg.rf.d9dd40838d0d68ed0ff822aa68b31572.jpg,val,images/val/d7/d7_0005405_jpg.rf.00c36880c7f8bd4feeea2fc252bff052_d10869f6b4.jpg,D:\lct\datasets\.build_cache\d7\valid\images\0005405_jpg.rf.00c36880c7f8bd4feeea2fc252bff052.jpg,16,27,,0.26514846086502075,0.16099877655506134,0.7973400950431824,False,,0.5373791486024857,visually_not_leakage,screened out by combined pHash/dHash and pixel/color metrics; not individually reviewed,823,false
70781be9099f,d7,train,images/train/d7/d7_0005633_jpg.rf.a25319eff0ddbdd35c3355b2864c6577_58f14b1fc0.jpg,D:\lct\datasets\.build_cache\d7\train\images\0005633_jpg.rf.a25319eff0ddbdd35c3355b2864c6577.jpg,val,images/val/d7/d7_0000216_jpg.rf.a82328a3dca4ac706cf6bc701bd775b7_5a036e7c38.jpg,D:\lct\datasets\.build_cache\d7\train\images\0000216_jpg.rf.a82328a3dca4ac706cf6bc701bd775b7.jpg,16,29,,0.40390974283218384,0.16998505592346191,0.4567645192146301,False,,0.5371098250150681,visually_not_leakage,screened out by combined pHash/dHash and pixel/color metrics; not individually reviewed,824,false
acab77e41aeb,d7,train,images/train/d7/d7_0001841_jpg.rf.5e62cf598efde7b5318b0f69c96b059e_753de39abe.jpg,D:\lct\datasets\.build_cache\d7\train\images\0001841_jpg.rf.5e62cf598efde7b5318b0f69c96b059e.jpg,val,images/val/d7/d7_0003743_jpg.rf.8c74cfaeb2c1c108ddadd4db50f5b445_e086d8431c.jpg,D:\lct\datasets\.build_cache\d7\train\images\0003743_jpg.rf.8c74cfaeb2c1c108ddadd4db50f5b445.jpg,16,23,,0.27648600935935974,0.19157764315605164,0.6958353519439697,False,,0.5360634565353393,visually_not_leakage,screened out by combined pHash/dHash and pixel/color metrics; not individually reviewed,825,false
bec681bacf1e,d7,train,images/train/d7/d7_0003369_jpg.rf.d011212e19b7656992f061b00b0274d9_f9c2e77e67.jpg,D:\lct\datasets\.build_cache\d7\train\images\0003369_jpg.rf.d011212e19b7656992f061b00b0274d9.jpg,test,images/test/d7/d7_0005015_jpg.rf.2b1a7263e9a570dd382fcfccf5684ce1_ec704365ef.jpg,D:\lct\datasets\.build_cache\d7\test\images\0005015_jpg.rf.2b1a7263e9a570dd382fcfccf5684ce1.jpg,16,21,,0.2836436927318573,0.17731216549873352,0.640729546546936,False,,0.5353481590747833,visually_not_leakage,screened out by combined pHash/dHash and pixel/color metrics; not individually reviewed,826,false
6b49aa972396,d7,train,images/train/d7/d7_0006351_jpg.rf.09a196f03e72c2fa3cb6582621a6f1b8_35e99b444c.jpg,D:\lct\datasets\.build_cache\d7\train\images\0006351_jpg.rf.09a196f03e72c2fa3cb6582621a6f1b8.jpg,val,images/val/d7/d7_0006136_jpg.rf.23add0818a95fe40ae51678945aa0218_6a61b3aef5.jpg,D:\lct\datasets\.build_cache\d7\valid\images\0006136_jpg.rf.23add0818a95fe40ae51678945aa0218.jpg,16,28,,0.2521304786205292,0.1740703582763672,0.8280650973320007,False,,0.5344369560480118,visually_not_leakage,screened out by combined pHash/dHash and pixel/color metrics; not individually reviewed,827,false
19dc1aabe9cc,d7,train,images/train/d7/d7_0000795_jpg.rf.f0793e1e62969ad15439fafe135208d5_0e31817d41.jpg,D:\lct\datasets\.build_cache\d7\train\images\0000795_jpg.rf.f0793e1e62969ad15439fafe135208d5.jpg,val,images/val/d7/d7_0001930_jpg.rf.26da00fe0b78ca1aa64d107bc3595f6f_028b2d80e2.jpg,D:\lct\datasets\.build_cache\d7\valid\images\0001930_jpg.rf.26da00fe0b78ca1aa64d107bc3595f6f.jpg,16,26,,0.36331138014793396,0.29192039370536804,0.49735596776008606,False,,0.5339904472231864,visually_not_leakage,screened out by combined pHash/dHash and pixel/color metrics; not individually reviewed,828,false
c0a1f1dca7db,d7,train,images/train/d7/d7_0006341_jpg.rf.6852743ee73c5af02256dae2a4c827af_936cae21f6.jpg,D:\lct\datasets\.build_cache\d7\train\images\0006341_jpg.rf.6852743ee73c5af02256dae2a4c827af.jpg,val,images/val/d7/d7_0003100_jpg.rf.4a40de553da9eca42f69729f1e2d21f1_64e36e90e8.jpg,D:\lct\datasets\.build_cache\d7\valid\images\0003100_jpg.rf.4a40de553da9eca42f69729f1e2d21f1.jpg,26,12,,0.4108979403972626,0.17579083144664764,0.4592233896255493,False,,0.5332426846027374,visually_not_leakage,screened out by combined pHash/dHash and pixel/color metrics; not individually reviewed,829,false
f1ada3c2cfc3,d7,train,images/train/d7/d7_0002278_jpg.rf.8d354cdbb6fb4bd798386b4312fb98b3_786b5075da.jpg,D:\lct\datasets\.build_cache\d7\train\images\0002278_jpg.rf.8d354cdbb6fb4bd798386b4312fb98b3.jpg,test,images/test/d7/d7_0000089_jpg.rf.ad808e4e5eb82a27f514165a2f995d00_8f01fe5341.jpg,D:\lct\datasets\.build_cache\d7\train\images\0000089_jpg.rf.ad808e4e5eb82a27f514165a2f995d00.jpg,14,31,,0.2586491107940674,0.20693838596343994,0.7820078134536743,False,,0.5324795663356781,visually_not_leakage,screened out by combined pHash/dHash and pixel/color metrics; not individually reviewed,830,false
842d98f68d2a,d7,train,images/train/d7/d7_0001318_jpg.rf.ed1f46c71d7aac5407da2290f111f272_506b259198.jpg,D:\lct\datasets\.build_cache\d7\train\images\0001318_jpg.rf.ed1f46c71d7aac5407da2290f111f272.jpg,test,images/test/d7/d7_0004796_jpg.rf.1d2cf20584be3cf3bb3dd498f2cd15a2_2d54195e0a.jpg,D:\lct\datasets\.build_cache\d7\test\images\0004796_jpg.rf.1d2cf20584be3cf3bb3dd498f2cd15a2.jpg,16,30,,0.37692639231681824,0.17177064716815948,0.5132746696472168,False,,0.5324492573738098,visually_not_leakage,screened out by combined pHash/dHash and pixel/color metrics; not individually reviewed,831,false
978eb26274f8,d7,train,images/train/d7/d7_0000820_jpg.rf.2b43ad474c4dace2b6ee76fa66fe5608_d7c5626aa4.jpg,D:\lct\datasets\.build_cache\d7\train\images\0000820_jpg.rf.2b43ad474c4dace2b6ee76fa66fe5608.jpg,test,images/test/d7/d7_0000214_jpg.rf.fb78e6e91530a34c85c8302f02b08b93_90d8a2885a.jpg,D:\lct\datasets\.build_cache\d7\test\images\0000214_jpg.rf.fb78e6e91530a34c85c8302f02b08b93.jpg,16,36,,0.28348928689956665,0.18987438082695007,0.8520252704620361,False,,0.5318245053291321,visually_not_leakage,screened out by combined pHash/dHash and pixel/color metrics; not individually reviewed,832,false
5a0d89b4f653,d7,train,images/train/d7/d7_0002952_jpg.rf.a6f246ed0a44578dc007f3f807128789_1f92c86049.jpg,D:\lct\datasets\.build_cache\d7\train\images\0002952_jpg.rf.a6f246ed0a44578dc007f3f807128789.jpg,val,images/val/d7/d7_0003913_jpg.rf.6d16a6b7aee2b163fbbb71ce1e86d260_8c593f704d.jpg,D:\lct\datasets\.build_cache\d7\valid\images\0003913_jpg.rf.6d16a6b7aee2b163fbbb71ce1e86d260.jpg,14,31,,0.3871863782405853,0.20265012979507446,0.4311836063861847,False,,0.5312708422541618,visually_not_leakage,screened out by combined pHash/dHash and pixel/color metrics; not individually reviewed,833,false
1f5c5d605453,d7,train,images/train/d7/d7_0004516_jpg.rf.d26dcc726f42dd532123d46edd85a757_f5512a7d74.jpg,D:\lct\datasets\.build_cache\d7\valid\images\0004516_jpg.rf.d26dcc726f42dd532123d46edd85a757.jpg,val,images/val/d7/d7_0003913_jpg.rf.6d16a6b7aee2b163fbbb71ce1e86d260_8c593f704d.jpg,D:\lct\datasets\.build_cache\d7\valid\images\0003913_jpg.rf.6d16a6b7aee2b163fbbb71ce1e86d260.jpg,14,31,,0.3871825635433197,0.20266830921173096,0.4310113787651062,False,,0.5312434822320938,visually_not_leakage,screened out by combined pHash/dHash and pixel/color metrics; not individually reviewed,834,false
bd8f04ee6844,d7,train,images/train/d7/d7_0004833_jpg.rf.a399a9a6de498ea970b60d33cb836951_805807b4dd.jpg,D:\lct\datasets\.build_cache\d7\train\images\0004833_jpg.rf.a399a9a6de498ea970b60d33cb836951.jpg,val,images/val/d7/d7_0001069_jpg.rf.c3f3ae7584e170bda9656b4f24486e59_0d37b0d405.jpg,D:\lct\datasets\.build_cache\d7\valid\images\0001069_jpg.rf.c3f3ae7584e170bda9656b4f24486e59.jpg,16,23,,0.30444929003715515,0.18391737341880798,0.5827243328094482,False,,0.5302821159362793,visually_not_leakage,screened out by combined pHash/dHash and pixel/color metrics; not individually reviewed,835,false
946f4765d256,d7,train,images/train/d7/d7_0005633_jpg.rf.a25319eff0ddbdd35c3355b2864c6577_58f14b1fc0.jpg,D:\lct\datasets\.build_cache\d7\train\images\0005633_jpg.rf.a25319eff0ddbdd35c3355b2864c6577.jpg,val,images/val/d7/d7_0003913_jpg.rf.6d16a6b7aee2b163fbbb71ce1e86d260_8c593f704d.jpg,D:\lct\datasets\.build_cache\d7\valid\images\0003913_jpg.rf.6d16a6b7aee2b163fbbb71ce1e86d260.jpg,16,30,,0.3925248980522156,0.17672719061374664,0.4559653699398041,False,,0.5300922647118569,visually_not_leakage,screened out by combined pHash/dHash and pixel/color metrics; not individually reviewed,836,false
bd9dc5160e64,d7,train,images/train/d7/d7_0000906_jpg.rf.6c486d02ee1a9cbf1f7addc57923a801_d0148782fa.jpg,D:\lct\datasets\.build_cache\d7\valid\images\0000906_jpg.rf.6c486d02ee1a9cbf1f7addc57923a801.jpg,val,images/val/d7/d7_0002945_jpg.rf.02bf57bfb6cddc52ab8a5af4b40ec4f5_dcae63bd87.jpg,D:\lct\datasets\.build_cache\d7\valid\images\0002945_jpg.rf.02bf57bfb6cddc52ab8a5af4b40ec4f5.jpg,16,28,,0.45801085233688354,0.19451209902763367,0.2468235343694687,False,,0.5296028710901737,visually_not_leakage,screened out by combined pHash/dHash and pixel/color metrics; not individually reviewed,837,false
7493fe2d4448,d7,train,images/train/d7/d7_0002935_jpg.rf.11d390ee1a51cb0eb26c773fb81d036c_8301b1ad77.jpg,D:\lct\datasets\.build_cache\d7\train\images\0002935_jpg.rf.11d390ee1a51cb0eb26c773fb81d036c.jpg,val,images/val/d7/d7_0004899_jpg.rf.e5cfcc5bba912ea8eec6f97523e7fc7e_a902427fa1.jpg,D:\lct\datasets\.build_cache\d7\valid\images\0004899_jpg.rf.e5cfcc5bba912ea8eec6f97523e7fc7e.jpg,14,27,,0.40068238973617554,0.25324469804763794,0.31995469331741333,False,,0.5293599098920823,visually_not_leakage,screened out by combined pHash/dHash and pixel/color metrics; not individually reviewed,838,false
03e309e304c6,d7,train,images/train/d7/d7_0000251_jpg.rf.2e4358058b56d0e82676decad238ebe8_e874da9d5c.jpg,D:\lct\datasets\.build_cache\d7\train\images\0000251_jpg.rf.2e4358058b56d0e82676decad238ebe8.jpg,val,images/val/d7/d7_0002622_jpg.rf.5f280290807296e9d7c0552e84fef80a_3f5973470e.jpg,D:\lct\datasets\.build_cache\d7\train\images\0002622_jpg.rf.5f280290807296e9d7c0552e84fef80a.jpg,16,26,,0.3872446119785309,0.17961283028125763,0.385711133480072,False,,0.5268170148134231,visually_not_leakage,screened out by combined pHash/dHash and pixel/color metrics; not individually reviewed,839,false
b50ed3802d39,d7,train,images/train/d7/d7_0005460_jpg.rf.e3bada251c0618f456e489aaf05bff43_32b1f5687d.jpg,D:\lct\datasets\.build_cache\d7\train\images\0005460_jpg.rf.e3bada251c0618f456e489aaf05bff43.jpg,val,images/val/d7/d7_0000272_jpg.rf.f8bf96479861e2658e8fb8c70ae3f74c_ec200394c9.jpg,D:\lct\datasets\.build_cache\d7\valid\images\0000272_jpg.rf.f8bf96479861e2658e8fb8c70ae3f74c.jpg,16,26,,0.27560532093048096,0.16296721994876862,0.6825466156005859,False,,0.5266866207122802,visually_not_leakage,screened out by combined pHash/dHash and pixel/color metrics; not individually reviewed,840,false
01a66598f9e6,d7,train,images/train/d7/d7_0003491_jpg.rf.2e14c03bec576e219243a0c1891f4422_895a6dce9a.jpg,D:\lct\datasets\.build_cache\d7\train\images\0003491_jpg.rf.2e14c03bec576e219243a0c1891f4422.jpg,val,images/val/d7/d7_0005215_jpg.rf.f1a3b686bf53128c1ee5f72c0eca40c7_3ccd53b21c.jpg,D:\lct\datasets\.build_cache\d7\valid\images\0005215_jpg.rf.f1a3b686bf53128c1ee5f72c0eca40c7.jpg,16,29,,0.2660404145717621,0.17152553796768188,0.7487922310829163,False,,0.5257662504911422,visually_not_leakage,screened out by combined pHash/dHash and pixel/color metrics; not individually reviewed,841,false
571de0142527,d7,train,images/train/d7/d7_0004646_jpg.rf.b71697dad3dac04deefba9ae4ef34f24_a06d76c423.jpg,D:\lct\datasets\.build_cache\d7\train\images\0004646_jpg.rf.b71697dad3dac04deefba9ae4ef34f24.jpg,test,images/test/d7/d7_0003937_jpg.rf.83eb02b1d016c0067a87a51d44360f96_d3e89db61a.jpg,D:\lct\datasets\.build_cache\d7\test\images\0003937_jpg.rf.83eb02b1d016c0067a87a51d44360f96.jpg,16,31,,0.38931190967559814,0.19405828416347504,0.44897910952568054,False,,0.5254153802990913,visually_not_leakage,screened out by combined pHash/dHash and pixel/color metrics; not individually reviewed,842,false
ee73ca77d9a2,d7,train,images/train/d7/d7_0002574_jpg.rf.d515a7a47ad00313e752433d4bda7800_0869492ca9.jpg,D:\lct\datasets\.build_cache\d7\valid\images\0002574_jpg.rf.d515a7a47ad00313e752433d4bda7800.jpg,test,images/test/d7/d7_0000428_jpg.rf.49f1a0fda7bc36aab2241c886952cbdf_7209c407f0.jpg,D:\lct\datasets\.build_cache\d7\test\images\0000428_jpg.rf.49f1a0fda7bc36aab2241c886952cbdf.jpg,16,29,,0.4042782187461853,0.24343693256378174,0.34139692783355713,False,,0.5199520766735077,visually_not_leakage,screened out by combined pHash/dHash and pixel/color metrics; not individually reviewed,843,false
520cb7a9ecac,d7,train,images/train/d7/d7_0004702_jpg.rf.311ed91913536a2b779e24ec098054d1_23ef3bd21a.jpg,D:\lct\datasets\.build_cache\d7\train\images\0004702_jpg.rf.311ed91913536a2b779e24ec098054d1.jpg,val,images/val/d7/d7_0000876_jpg.rf.823298121a28a69d948d05bc72925fdd_b3723a7644.jpg,D:\lct\datasets\.build_cache\d7\valid\images\0000876_jpg.rf.823298121a28a69d948d05bc72925fdd.jpg,16,29,,0.27104562520980835,0.18517252802848816,0.6951230764389038,False,,0.5197179615497589,visually_not_leakage,screened out by combined pHash/dHash and pixel/color metrics; not individually reviewed,844,false
8f08310c317a,d7,train,images/train/d7/d7_0001053_jpg.rf.155d40bb67fd3daceb163a05e8819c61_60ba3217e7.jpg,D:\lct\datasets\.build_cache\d7\train\images\0001053_jpg.rf.155d40bb67fd3daceb163a05e8819c61.jpg,val,images/val/d7/d7_0002235_jpg.rf.9a10efa7d39fbd6cb9add9784ac954a7_a7a16a6f3a.jpg,D:\lct\datasets\.build_cache\d7\valid\images\0002235_jpg.rf.9a10efa7d39fbd6cb9add9784ac954a7.jpg,14,27,,0.33992037177085876,0.18628409504890442,0.41255825757980347,False,,0.5189456373453141,visually_not_leakage,screened out by combined pHash/dHash and pixel/color metrics; not individually reviewed,845,false
413f921b6b9a,d7,train,images/train/d7/d7_0000289_jpg.rf.72dcb9ea5e581e8013981e5f2dfda940_cc18691080.jpg,D:\lct\datasets\.build_cache\d7\train\images\0000289_jpg.rf.72dcb9ea5e581e8013981e5f2dfda940.jpg,val,images/val/d7/d7_0003014_jpg.rf.720b784ffa043a3d617fbef13e320fb6_38f137553c.jpg,D:\lct\datasets\.build_cache\d7\valid\images\0003014_jpg.rf.720b784ffa043a3d617fbef13e320fb6.jpg,16,28,,0.3681119680404663,0.16689740121364594,0.40988606214523315,False,,0.5181026965379715,visually_not_leakage,screened out by combined pHash/dHash and pixel/color metrics; not individually reviewed,846,false
7260407a45ca,d7,train,images/train/d7/d7_0003957_jpg.rf.df8203c6340f6f36927cd98fa952a22e_f2530ad95a.jpg,D:\lct\datasets\.build_cache\d7\valid\images\0003957_jpg.rf.df8203c6340f6f36927cd98fa952a22e.jpg,val,images/val/d7/d7_0004262_jpg.rf.8606d6a8198e8d888de58bd2e5f01698_35cda6053f.jpg,D:\lct\datasets\.build_cache\d7\valid\images\0004262_jpg.rf.8606d6a8198e8d888de58bd2e5f01698.jpg,16,35,,0.48196184635162354,0.25955596566200256,0.215616375207901,False,,0.5180959448218345,visually_not_leakage,screened out by combined pHash/dHash and pixel/color metrics; not individually reviewed,847,false
dc77c9df2002,d7,train,images/train/d7/d7_0000706_jpg.rf.ea607cff3802ae80587a8877ce6adca1_ef6de68bd6.jpg,D:\lct\datasets\.build_cache\d7\train\images\0000706_jpg.rf.ea607cff3802ae80587a8877ce6adca1.jpg,val,images/val/d7/d7_0004177_jpg.rf.890e5547c94f636c81d0d31b5b17ec5e_636823bb15.jpg,D:\lct\datasets\.build_cache\d7\valid\images\0004177_jpg.rf.890e5547c94f636c81d0d31b5b17ec5e.jpg,16,30,,0.2678765058517456,0.22389324009418488,0.7058904767036438,False,,0.5177216738462448,visually_not_leakage,screened out by combined pHash/dHash and pixel/color metrics; not individually reviewed,848,false
ee6d289d7ce7,d7,train,images/train/d7/d7_0000294_jpg.rf.910642685fe3d5194787bdb2a5cdadc8_5ddcbd5537.jpg,D:\lct\datasets\.build_cache\d7\train\images\0000294_jpg.rf.910642685fe3d5194787bdb2a5cdadc8.jpg,val,images/val/d7/d7_0005979_jpg.rf.1a97f2c41314a3ea8c68a0ef2e7c5c83_d4ba00180d.jpg,D:\lct\datasets\.build_cache\d7\valid\images\0005979_jpg.rf.1a97f2c41314a3ea8c68a0ef2e7c5c83.jpg,16,26,,0.14363116025924683,0.14374616742134094,0.9703261256217957,False,,0.517063882946968,visually_not_leakage,screened out by combined pHash/dHash and pixel/color metrics; not individually reviewed,849,false
7fc60af61b12,d7,train,images/train/d7/d7_0004257_jpg.rf.7a7b07c1d046df843667604ebdd39208_f7f2904dc1.jpg,D:\lct\datasets\.build_cache\d7\train\images\0004257_jpg.rf.7a7b07c1d046df843667604ebdd39208.jpg,val,images/val/d7/d7_0005928_jpg.rf.686408e3676c72d9f88e9983b22575ea_fdcde4667c.jpg,D:\lct\datasets\.build_cache\d7\valid\images\0005928_jpg.rf.686408e3676c72d9f88e9983b22575ea.jpg,16,27,,0.4279834032058716,0.17743375897407532,0.22465595602989197,False,,0.5166105046868325,visually_not_leakage,screened out by combined pHash/dHash and pixel/color metrics; not individually reviewed,850,false
c7b90029036c,d7,train,images/train/d7/d7_0002163_jpg.rf.4e155d62620884cfc3f4bc37c2c1a7f3_af8edc4009.jpg,D:\lct\datasets\.build_cache\d7\train\images\0002163_jpg.rf.4e155d62620884cfc3f4bc37c2c1a7f3.jpg,val,images/val/d7/d7_0001599_jpg.rf.7c8ee5ba0f32e90a92c7d4b50a0459d1_9938869dec.jpg,D:\lct\datasets\.build_cache\d7\valid\images\0001599_jpg.rf.7c8ee5ba0f32e90a92c7d4b50a0459d1.jpg,16,23,,0.3236539959907532,0.17007313668727875,0.4383835792541504,False,,0.5163128852844238,visually_not_leakage,screened out by combined pHash/dHash and pixel/color metrics; not individually reviewed,851,false
6f9385ce18ba,d7,train,images/train/d7/d7_0001034_jpg.rf.388a6f105a08f1671c84dc92fa55a0a7_c92066b9dc.jpg,D:\lct\datasets\.build_cache\d7\train\images\0001034_jpg.rf.388a6f105a08f1671c84dc92fa55a0a7.jpg,test,images/test/d7/d7_0002165_jpg.rf.2bcda1395abce23942235ef017cb8556_778c125d5a.jpg,D:\lct\datasets\.build_cache\d7\test\images\0002165_jpg.rf.2bcda1395abce23942235ef017cb8556.jpg,16,34,,0.33767202496528625,0.26827800273895264,0.5719297528266907,False,,0.516170772910118,visually_not_leakage,screened out by combined pHash/dHash and pixel/color metrics; not individually reviewed,852,false
3ce08da9ecd3,d7,train,images/train/d7/d7_0000423_jpg.rf.b492203e347ea23318a513a4eb0724cc_1f162f4304.jpg,D:\lct\datasets\.build_cache\d7\train\images\0000423_jpg.rf.b492203e347ea23318a513a4eb0724cc.jpg,test,images/test/d7/d7_0006412_jpg.rf.eff8ac196b43f5838da705d5b53aca70_084c107eb7.jpg,D:\lct\datasets\.build_cache\d7\test\images\0006412_jpg.rf.eff8ac196b43f5838da705d5b53aca70.jpg,14,18,,0.23527958989143372,0.1876426637172699,0.529931902885437,False,,0.515789121389389,visually_not_leakage,screened out by combined pHash/dHash and pixel/color metrics; not individually reviewed,853,false
9d889d095b49,d7,train,images/train/d7/d7_0006165_jpg.rf.37254e39efd134ac8e8f5ce9d28217e9_dc13d06d90.jpg,D:\lct\datasets\.build_cache\d7\train\images\0006165_jpg.rf.37254e39efd134ac8e8f5ce9d28217e9.jpg,val,images/val/d7/d7_0003100_jpg.rf.4a40de553da9eca42f69729f1e2d21f1_64e36e90e8.jpg,D:\lct\datasets\.build_cache\d7\valid\images\0003100_jpg.rf.4a40de553da9eca42f69729f1e2d21f1.jpg,16,21,,0.28285953402519226,0.2058095932006836,0.5120891332626343,False,,0.515738433599472,visually_not_leakage,screened out by combined pHash/dHash and pixel/color metrics; not individually reviewed,854,false
43ea1d23477b,d7,train,images/train/d7/d7_0002795_jpg.rf.b69f8a72c93a91850109f2ce26378854_7a141a86ae.jpg,D:\lct\datasets\.build_cache\d7\train\images\0002795_jpg.rf.b69f8a72c93a91850109f2ce26378854.jpg,test,images/test/d7/d7_0000263_jpg.rf.4b7a7bd66af8725408fbeb70e487523b_63aa13782e.jpg,D:\lct\datasets\.build_cache\d7\test\images\0000263_jpg.rf.4b7a7bd66af8725408fbeb70e487523b.jpg,16,24,,0.3906240463256836,0.24496975541114807,0.2583893835544586,False,,0.5137580260634422,visually_not_leakage,screened out by combined pHash/dHash and pixel/color metrics; not individually reviewed,855,false
44a146b6a4c3,d7,train,images/train/d7/d7_0003980_jpg.rf.fa6dd795d0e76d25d1a300902d4317db_d47795efc9.jpg,D:\lct\datasets\.build_cache\d7\train\images\0003980_jpg.rf.fa6dd795d0e76d25d1a300902d4317db.jpg,test,images/test/d7/d7_0002881_jpg.rf.bce459b7c0c6405f3e0ce7743d6dac9f_6bc65ab0d4.jpg,D:\lct\datasets\.build_cache\d7\test\images\0002881_jpg.rf.bce459b7c0c6405f3e0ce7743d6dac9f.jpg,16,26,,0.2289685755968094,0.1977519989013672,0.7192961573600769,False,,0.5135443538427353,visually_not_leakage,screened out by combined pHash/dHash and pixel/color metrics; not individually reviewed,856,false
f0fa3aba338e,d7,train,images/train/d7/d7_0005548_jpg.rf.771878d0cf1a0690eca6458b91edcfa1_225e7b08ff.jpg,D:\lct\datasets\.build_cache\d7\train\images\0005548_jpg.rf.771878d0cf1a0690eca6458b91edcfa1.jpg,test,images/test/d7/d7_0004497_jpg.rf.0db2def1cb582b6d146089358a74eb72_bff522b210.jpg,D:\lct\datasets\.build_cache\d7\test\images\0004497_jpg.rf.0db2def1cb582b6d146089358a74eb72.jpg,16,28,,0.389840692281723,0.1780378818511963,0.3171694874763489,False,,0.5128867000341415,visually_not_leakage,screened out by combined pHash/dHash and pixel/color metrics; not individually reviewed,857,false
7441721d6dc0,d7,train,images/train/d7/d7_0001143_jpg.rf.a38ae41722e18d71fcfee1451926d204_2edbc2e55e.jpg,D:\lct\datasets\.build_cache\d7\valid\images\0001143_jpg.rf.a38ae41722e18d71fcfee1451926d204.jpg,val,images/val/d7/d7_0003537_jpg.rf.81f42eef748e5bb2830ded69cac6183f_7b3fdf6067.jpg,D:\lct\datasets\.build_cache\d7\valid\images\0003537_jpg.rf.81f42eef748e5bb2830ded69cac6183f.jpg,16,30,,0.30755871534347534,0.1985102742910385,0.564971387386322,False,,0.5124566942453385,visually_not_leakage,screened out by combined pHash/dHash and pixel/color metrics; not individually reviewed,858,false
c5d261952a82,d7,train,images/train/d7/d7_0000512_jpg.rf.f67ce749c9a2133f4fba0465d391e665_f502a5ed0c.jpg,D:\lct\datasets\.build_cache\d7\train\images\0000512_jpg.rf.f67ce749c9a2133f4fba0465d391e665.jpg,test,images/test/d7/d7_0004506_jpg.rf.0263c63b4d016b42fcc448c736567f48_19909541d7.jpg,D:\lct\datasets\.build_cache\d7\test\images\0004506_jpg.rf.0263c63b4d016b42fcc448c736567f48.jpg,16,26,,0.3223646283149719,0.25446826219558716,0.452067106962204,False,,0.5108184173703193,visually_not_leakage,screened out by combined pHash/dHash and pixel/color metrics; not individually reviewed,859,false
6475a89e3b49,d7,train,images/train/d7/d7_0006003_jpg.rf.1225d53bc49eec7f511756ab2c8f2a49_31967ecb31.jpg,D:\lct\datasets\.build_cache\d7\train\images\0006003_jpg.rf.1225d53bc49eec7f511756ab2c8f2a49.jpg,val,images/val/d7/d7_0000470_jpg.rf.8a9aae81ab2143529a0a161280293d56_e2710b6a11.jpg,D:\lct\datasets\.build_cache\d7\valid\images\0000470_jpg.rf.8a9aae81ab2143529a0a161280293d56.jpg,16,29,,0.22960977256298065,0.1841854453086853,0.7346809506416321,False,,0.509077301621437,visually_not_leakage,screened out by combined pHash/dHash and pixel/color metrics; not individually reviewed,860,false
8346ffaec9ed,d7,train,images/train/d7/d7_0004557_jpg.rf.b9e119d37d5e6f96d22a29109c41d7dc_c0b74d3ed1.jpg,D:\lct\datasets\.build_cache\d7\train\images\0004557_jpg.rf.b9e119d37d5e6f96d22a29109c41d7dc.jpg,val,images/val/d7/d7_0001870_jpg.rf.13cc9af186766ef4ed442f5a9e75eea4_4f8e21e9d7.jpg,D:\lct\datasets\.build_cache\d7\valid\images\0001870_jpg.rf.13cc9af186766ef4ed442f5a9e75eea4.jpg,14,25,,0.21217487752437592,0.18749043345451355,0.6552559733390808,False,,0.5089395970106125,visually_not_leakage,screened out by combined pHash/dHash and pixel/color metrics; not individually reviewed,861,false
72eb65aa368d,d7,train,images/train/d7/d7_0000117_jpg.rf.17ac764ee1b2e61342ae6db519fd2061_54a96ac610.jpg,D:\lct\datasets\.build_cache\d7\train\images\0000117_jpg.rf.17ac764ee1b2e61342ae6db519fd2061.jpg,val,images/val/d7/d7_0004527_jpg.rf.19175189bb5517df4fa3420007d12c43_b3b0c0b8e8.jpg,D:\lct\datasets\.build_cache\d7\valid\images\0004527_jpg.rf.19175189bb5517df4fa3420007d12c43.jpg,16,25,,0.2767403721809387,0.18231943249702454,0.5395739674568176,False,,0.5080384939908982,visually_not_leakage,screened out by combined pHash/dHash and pixel/color metrics; not individually reviewed,862,false
2663cc200913,d7,train,images/train/d7/d7_0002553_jpg.rf.93ccc7da7a4fe48acfa355cb99812337_dafe2cc726.jpg,D:\lct\datasets\.build_cache\d7\train\images\0002553_jpg.rf.93ccc7da7a4fe48acfa355cb99812337.jpg,test,images/test/d7/d7_0005384_jpg.rf.d62736b1181fccba9d0f7082db1082d6_984d25060c.jpg,D:\lct\datasets\.build_cache\d7\test\images\0005384_jpg.rf.d62736b1181fccba9d0f7082db1082d6.jpg,16,29,,0.3757447898387909,0.204061359167099,0.33167946338653564,False,,0.5070810854434966,visually_not_leakage,screened out by combined pHash/dHash and pixel/color metrics; not individually reviewed,863,false
cab9c8c050e6,d7,train,images/train/d7/d7_0000622_jpg.rf.48af975bbbc2634bf64e7a94fdad7269_670fe8e6ff.jpg,D:\lct\datasets\.build_cache\d7\train\images\0000622_jpg.rf.48af975bbbc2634bf64e7a94fdad7269.jpg,val,images/val/d7/d7_0005145_jpg.rf.6c1fae25b9d80c21488706a1e8152ece_16dd7fc6c5.jpg,D:\lct\datasets\.build_cache\d7\valid\images\0005145_jpg.rf.6c1fae25b9d80c21488706a1e8152ece.jpg,16,26,,0.3284432590007782,0.26260435581207275,0.40594780445098877,False,,0.5063319742679595,visually_not_leakage,screened out by combined pHash/dHash and pixel/color metrics; not individually reviewed,864,false
7fae4645ad5f,d7,train,images/train/d7/d7_0004250_jpg.rf.bbca03316cb31aedc9b2294b7e70b6f6_d8f6e6cd0d.jpg,D:\lct\datasets\.build_cache\d7\train\images\0004250_jpg.rf.bbca03316cb31aedc9b2294b7e70b6f6.jpg,val,images/val/d7/d7_0004211_jpg.rf.0f25c10c9a2fbd618fe22b52573f56f8_6180994852.jpg,D:\lct\datasets\.build_cache\d7\valid\images\0004211_jpg.rf.0f25c10c9a2fbd618fe22b52573f56f8.jpg,16,22,,0.2342042326927185,0.19739583134651184,0.5883098840713501,False,,0.5053656756877899,visually_not_leakage,screened out by combined pHash/dHash and pixel/color metrics; not individually reviewed,865,false
c486d4fa9f32,d7,train,images/train/d7/d7_0003054_jpg.rf.29d241942c8caa042b241c6b19fb8fc7_ff1a3046d2.jpg,D:\lct\datasets\.build_cache\d7\train\images\0003054_jpg.rf.29d241942c8caa042b241c6b19fb8fc7.jpg,val,images/val/d7/d7_0003894_jpg.rf.1452efe551317d936da4cbc1fe80f08a_942c3da580.jpg,D:\lct\datasets\.build_cache\d7\valid\images\0003894_jpg.rf.1452efe551317d936da4cbc1fe80f08a.jpg,16,30,,0.27360886335372925,0.24784964323043823,0.6061539053916931,False,,0.5050541311502457,visually_not_leakage,screened out by combined pHash/dHash and pixel/color metrics; not individually reviewed,866,false
ff8adacb2463,d7,train,images/train/d7/d7_0002528_jpg.rf.82b41b995bea8a10d8def87921767d45_72ea92fb89.jpg,D:\lct\datasets\.build_cache\d7\valid\images\0002528_jpg.rf.82b41b995bea8a10d8def87921767d45.jpg,val,images/val/d7/d7_0000216_jpg.rf.a82328a3dca4ac706cf6bc701bd775b7_5a036e7c38.jpg,D:\lct\datasets\.build_cache\d7\train\images\0000216_jpg.rf.a82328a3dca4ac706cf6bc701bd775b7.jpg,16,29,,0.3962818384170532,0.24520143866539001,0.26153191924095154,False,,0.504773773252964,visually_not_leakage,screened out by combined pHash/dHash and pixel/color metrics; not individually reviewed,867,false
f4a2840e8807,d7,train,images/train/d7/d7_0002999_jpg.rf.74dd163f2f0918635031335a45673985_26f026ebc0.jpg,D:\lct\datasets\.build_cache\d7\train\images\0002999_jpg.rf.74dd163f2f0918635031335a45673985.jpg,val,images/val/d7/d7_0003204_jpg.rf.9207a41193dee6aca5bef5e077f910b5_7d3e244599.jpg,D:\lct\datasets\.build_cache\d7\valid\images\0003204_jpg.rf.9207a41193dee6aca5bef5e077f910b5.jpg,16,31,,0.35502034425735474,0.17111481726169586,0.3998132348060608,False,,0.504323872923851,visually_not_leakage,screened out by combined pHash/dHash and pixel/color metrics; not individually reviewed,868,false
f006f65ed4d8,d7,val,images/val/d7/d7_0000250_jpg.rf.0776455f45fb11d610f4669b81e7f7fa_f11ac15451.jpg,D:\lct\datasets\.build_cache\d7\valid\images\0000250_jpg.rf.0776455f45fb11d610f4669b81e7f7fa.jpg,test,images/test/d7/d7_0005225_jpg.rf.25ff80ed0da5ab0ea69e95a538e55246_091b6ee8b9.jpg,D:\lct\datasets\.build_cache\d7\test\images\0005225_jpg.rf.25ff80ed0da5ab0ea69e95a538e55246.jpg,16,26,,0.39102011919021606,0.27767884731292725,0.21851444244384766,False,,0.5032477140426636,visually_not_leakage,screened out by combined pHash/dHash and pixel/color metrics; not individually reviewed,869,false
afe5d7b4fdec,d7,val,images/val/d7/d7_0000250_jpg.rf.0776455f45fb11d610f4669b81e7f7fa_f11ac15451.jpg,D:\lct\datasets\.build_cache\d7\valid\images\0000250_jpg.rf.0776455f45fb11d610f4669b81e7f7fa.jpg,test,images/test/d7/d7_0002187_jpg.rf.3904fbd280c044940865b0042aef0ea6_2a833d7eab.jpg,D:\lct\datasets\.build_cache\d7\train\images\0002187_jpg.rf.3904fbd280c044940865b0042aef0ea6.jpg,16,26,,0.3909222483634949,0.27769991755485535,0.2185000330209732,False,,0.5032064042985439,visually_not_leakage,screened out by combined pHash/dHash and pixel/color metrics; not individually reviewed,870,false
3a123cb320df,d7,train,images/train/d7/d7_0002646_jpg.rf.6a788358f98d70710c11a483e161a731_873fcc9f89.jpg,D:\lct\datasets\.build_cache\d7\train\images\0002646_jpg.rf.6a788358f98d70710c11a483e161a731.jpg,val,images/val/d7/d7_0006277_jpg.rf.95281bae69a4fc971a91afda97729780_aef86d1f93.jpg,D:\lct\datasets\.build_cache\d7\train\images\0006277_jpg.rf.95281bae69a4fc971a91afda97729780.jpg,16,34,,0.21968498826026917,0.1570829451084137,0.7995145320892334,False,,0.5031136751174926,visually_not_leakage,screened out by combined pHash/dHash and pixel/color metrics; not individually reviewed,871,false
eafb7a488857,d7,val,images/val/d7/d7_0005880_jpg.rf.cb4f79091a78b286dcae62e3c0f9bf36_40db7163ad.jpg,D:\lct\datasets\.build_cache\d7\valid\images\0005880_jpg.rf.cb4f79091a78b286dcae62e3c0f9bf36.jpg,test,images/test/d7/d7_0000342_jpg.rf.6c8a2d7ffc17256d2de73273d86f6314_af05132559.jpg,D:\lct\datasets\.build_cache\d7\test\images\0000342_jpg.rf.6c8a2d7ffc17256d2de73273d86f6314.jpg,16,30,,0.211428701877594,0.13819126784801483,0.7521497011184692,False,,0.5020814359188079,visually_not_leakage,screened out by combined pHash/dHash and pixel/color metrics; not individually reviewed,872,false
e389b75bb3c9,d7,train,images/train/d7/d7_0000831_jpg.rf.b37cc37261fba3bc091649e040f27c44_37488a860c.jpg,D:\lct\datasets\.build_cache\d7\train\images\0000831_jpg.rf.b37cc37261fba3bc091649e040f27c44.jpg,test,images/test/d7/d7_0005235_jpg.rf.746a65a9fa12f654d48daf7db48e8942_9e952125c4.jpg,D:\lct\datasets\.build_cache\d7\test\images\0005235_jpg.rf.746a65a9fa12f654d48daf7db48e8942.jpg,32,12,,0.25659453868865967,0.12019568681716919,0.8477557897567749,False,,0.5016761839389801,visually_not_leakage,screened out by combined pHash/dHash and pixel/color metrics; not individually reviewed,873,false
31ed9f5710c2,d7,train,images/train/d7/d7_0005672_jpg.rf.9d62225abf840a724ebf48b5da3fc16c_80793506c0.jpg,D:\lct\datasets\.build_cache\d7\train\images\0005672_jpg.rf.9d62225abf840a724ebf48b5da3fc16c.jpg,val,images/val/d7/d7_0005841_jpg.rf.96cc8be9d63344c1cfe74123a9417808_4afc09692b.jpg,D:\lct\datasets\.build_cache\d7\valid\images\0005841_jpg.rf.96cc8be9d63344c1cfe74123a9417808.jpg,16,24,,0.35259872674942017,0.18828603625297546,0.2788567841053009,False,,0.5016180083155631,visually_not_leakage,screened out by combined pHash/dHash and pixel/color metrics; not individually reviewed,874,false
449e85a27200,d7,val,images/val/d7/d7_0005805_jpg.rf.5c37ff8d4ea3c4ae1ba479332a022af7_e1eb737224.jpg,D:\lct\datasets\.build_cache\d7\valid\images\0005805_jpg.rf.5c37ff8d4ea3c4ae1ba479332a022af7.jpg,test,images/test/d7/d7_0000341_jpg.rf.0fe1d4072f461e020bc2ce8ec18ae5dd_06449d1755.jpg,D:\lct\datasets\.build_cache\d7\train\images\0000341_jpg.rf.0fe1d4072f461e020bc2ce8ec18ae5dd.jpg,16,23,,0.24472662806510925,0.23503082990646362,0.549903392791748,False,,0.5014699101448058,visually_not_leakage,screened out by combined pHash/dHash and pixel/color metrics; not individually reviewed,875,false
ce2e4ffff575,d7,train,images/train/d7/d7_0003351_jpg.rf.f6d6bc5089d76c0e65415d5ad4821c3c_f53f4c2d4b.jpg,D:\lct\datasets\.build_cache\d7\train\images\0003351_jpg.rf.f6d6bc5089d76c0e65415d5ad4821c3c.jpg,val,images/val/d7/d7_0006408_jpg.rf.38c7b104590c5eca73a24eee356ee39c_76a8c2a36b.jpg,D:\lct\datasets\.build_cache\d7\valid\images\0006408_jpg.rf.38c7b104590c5eca73a24eee356ee39c.jpg,16,32,,0.21373234689235687,0.21002411842346191,0.7658529281616211,False,,0.500370877981186,visually_not_leakage,screened out by combined pHash/dHash and pixel/color metrics; not individually reviewed,876,false
f9e13342bb9b,d7,train,images/train/d7/d7_0000946_jpg.rf.affe74f2d2377c2f8bba2a3aa085577f_7eec16e91c.jpg,D:\lct\datasets\.build_cache\d7\train\images\0000946_jpg.rf.affe74f2d2377c2f8bba2a3aa085577f.jpg,val,images/val/d7/d7_0003537_jpg.rf.81f42eef748e5bb2830ded69cac6183f_7b3fdf6067.jpg,D:\lct\datasets\.build_cache\d7\valid\images\0003537_jpg.rf.81f42eef748e5bb2830ded69cac6183f.jpg,16,28,,0.23882758617401123,0.1816023290157318,0.6360837817192078,False,,0.5003186017274857,visually_not_leakage,screened out by combined pHash/dHash and pixel/color metrics; not individually reviewed,877,false
42955dab1989,d7,train,images/train/d7/d7_0002357_jpg.rf.de5e69f81caa95dd825da3b87d7f1287_194ea9061f.jpg,D:\lct\datasets\.build_cache\d7\train\images\0002357_jpg.rf.de5e69f81caa95dd825da3b87d7f1287.jpg,test,images/test/d7/d7_0005913_jpg.rf.b09c0d2e502c27b2d8bed6362722b04c_2f2107be31.jpg,D:\lct\datasets\.build_cache\d7\test\images\0005913_jpg.rf.b09c0d2e502c27b2d8bed6362722b04c.jpg,14,32,,0.24783746898174286,0.2212526947259903,0.6028963923454285,False,,0.49894444644451147,visually_not_leakage,screened out by combined pHash/dHash and pixel/color metrics; not individually reviewed,878,false
06f32ed64ad0,d7,train,images/train/d7/d7_0002315_jpg.rf.ef639680b984813b2742fef1732611d9_d6ffd41a8c.jpg,D:\lct\datasets\.build_cache\d7\train\images\0002315_jpg.rf.ef639680b984813b2742fef1732611d9.jpg,test,images/test/d7/d7_0001474_jpg.rf.d6e8deeaafa07fe0cdafdd5468e5ddc6_e151135301.jpg,D:\lct\datasets\.build_cache\d7\test\images\0001474_jpg.rf.d6e8deeaafa07fe0cdafdd5468e5ddc6.jpg,16,27,,0.31846413016319275,0.2269473671913147,0.39614513516426086,False,,0.49852617233991625,visually_not_leakage,screened out by combined pHash/dHash and pixel/color metrics; not individually reviewed,879,false
55842ab3e714,d7,train,images/train/d7/d7_0004593_jpg.rf.2b97f0ebbf7613a4beaddccc2e799d12_e274d68b9f.jpg,D:\lct\datasets\.build_cache\d7\train\images\0004593_jpg.rf.2b97f0ebbf7613a4beaddccc2e799d12.jpg,val,images/val/d7/d7_0006472_jpg.rf.d7a1fab085c2abf128082a6eaf09f953_bfaf9f7af3.jpg,D:\lct\datasets\.build_cache\d7\valid\images\0006472_jpg.rf.d7a1fab085c2abf128082a6eaf09f953.jpg,16,27,,0.2565394937992096,0.2238568663597107,0.5518781542778015,False,,0.49711627066135405,visually_not_leakage,screened out by combined pHash/dHash and pixel/color metrics; not individually reviewed,880,false
e28624248e5c,d7,train,images/train/d7/d7_0001683_jpg.rf.0e0d58892fc97c0b638f18088947db91_3d897514bf.jpg,D:\lct\datasets\.build_cache\d7\train\images\0001683_jpg.rf.0e0d58892fc97c0b638f18088947db91.jpg,val,images/val/d7/d7_0001749_jpg.rf.746894942c7e20a8687178ed94fea1a5_a1d07a1079.jpg,D:\lct\datasets\.build_cache\d7\valid\images\0001749_jpg.rf.746894942c7e20a8687178ed94fea1a5.jpg,14,25,,0.2281390279531479,0.2646341025829315,0.5332168340682983,False,,0.4970193862915039,visually_not_leakage,screened out by combined pHash/dHash and pixel/color metrics; not individually reviewed,881,false
d8afd483cade,d7,train,images/train/d7/d7_0001695_jpg.rf.2e8a6cebd05da60d434f4d6d22d37e13_3bef075612.jpg,D:\lct\datasets\.build_cache\d7\train\images\0001695_jpg.rf.2e8a6cebd05da60d434f4d6d22d37e13.jpg,val,images/val/d7/d7_0004784_jpg.rf.f56dfd226b18268b1fed865f89e0e526_153b7ba487.jpg,D:\lct\datasets\.build_cache\d7\valid\images\0004784_jpg.rf.f56dfd226b18268b1fed865f89e0e526.jpg,16,31,,0.22608056664466858,0.1362074911594391,0.6896605491638184,False,,0.49622505903244013,visually_not_leakage,screened out by combined pHash/dHash and pixel/color metrics; not individually reviewed,882,false
ce2c3fb72781,d7,train,images/train/d7/d7_0001864_jpg.rf.0bb7297ad17eba48860a8688bd9bbb54_1fa171276b.jpg,D:\lct\datasets\.build_cache\d7\train\images\0001864_jpg.rf.0bb7297ad17eba48860a8688bd9bbb54.jpg,val,images/val/d7/d7_0003913_jpg.rf.6d16a6b7aee2b163fbbb71ce1e86d260_8c593f704d.jpg,D:\lct\datasets\.build_cache\d7\valid\images\0003913_jpg.rf.6d16a6b7aee2b163fbbb71ce1e86d260.jpg,14,25,,0.2698253095149994,0.21314337849617004,0.40998420119285583,False,,0.4952090039849282,visually_not_leakage,screened out by combined pHash/dHash and pixel/color metrics; not individually reviewed,883,false
ba6724b09f30,d7,train,images/train/d7/d7_0002574_jpg.rf.d515a7a47ad00313e752433d4bda7800_0869492ca9.jpg,D:\lct\datasets\.build_cache\d7\valid\images\0002574_jpg.rf.d515a7a47ad00313e752433d4bda7800.jpg,val,images/val/d7/d7_0003913_jpg.rf.6d16a6b7aee2b163fbbb71ce1e86d260_8c593f704d.jpg,D:\lct\datasets\.build_cache\d7\valid\images\0003913_jpg.rf.6d16a6b7aee2b163fbbb71ce1e86d260.jpg,16,29,,0.36872372031211853,0.2486548274755478,0.2592741847038269,False,,0.4934118658304214,visually_not_leakage,screened out by combined pHash/dHash and pixel/color metrics; not individually reviewed,884,false
c373fcec1f82,d7,val,images/val/d7/d7_0002329_jpg.rf.a407c0a53cbd0d977c2ced3169675a8f_6e24490f41.jpg,D:\lct\datasets\.build_cache\d7\valid\images\0002329_jpg.rf.a407c0a53cbd0d977c2ced3169675a8f.jpg,test,images/test/d7/d7_0001987_jpg.rf.212680303a594be74517b897e85ffb6f_10275daaab.jpg,D:\lct\datasets\.build_cache\d7\test\images\0001987_jpg.rf.212680303a594be74517b897e85ffb6f.jpg,16,27,,0.17347481846809387,0.16844937205314636,0.7452875971794128,False,,0.4929018169641495,visually_not_leakage,screened out by combined pHash/dHash and pixel/color metrics; not individually reviewed,885,false
dde0375cbef2,d7,train,images/train/d7/d7_0006431_jpg.rf.9f2c986cb0f03e0dff52a567f8e16cbc_4e926405d4.jpg,D:\lct\datasets\.build_cache\d7\train\images\0006431_jpg.rf.9f2c986cb0f03e0dff52a567f8e16cbc.jpg,val,images/val/d7/d7_0001052_jpg.rf.d2d15c26bca10bb42fb9019f0c041daa_22a11eeb9b.jpg,D:\lct\datasets\.build_cache\d7\valid\images\0001052_jpg.rf.d2d15c26bca10bb42fb9019f0c041daa.jpg,14,32,,0.2483680695295334,0.24577686190605164,0.5535426139831543,False,,0.4917536199092865,visually_not_leakage,screened out by combined pHash/dHash and pixel/color metrics; not individually reviewed,886,false
774b4feb7a05,d7,train,images/train/d7/d7_0005884_jpg.rf.fc910db47b0fd32b3d9c98e5090b39dd_596ade89d6.jpg,D:\lct\datasets\.build_cache\d7\train\images\0005884_jpg.rf.fc910db47b0fd32b3d9c98e5090b39dd.jpg,val,images/val/d7/d7_0003913_jpg.rf.6d16a6b7aee2b163fbbb71ce1e86d260_8c593f704d.jpg,D:\lct\datasets\.build_cache\d7\valid\images\0003913_jpg.rf.6d16a6b7aee2b163fbbb71ce1e86d260.jpg,16,28,,0.3241722583770752,0.1769828200340271,0.3475528359413147,False,,0.4911768287420272,visually_not_leakage,screened out by combined pHash/dHash and pixel/color metrics; not individually reviewed,887,false
dd59b0fcd742,d7,train,images/train/d7/d7_0006232_jpg.rf.58afa07450e84362dd5224d9e457c0b1_ed400da5c4.jpg,D:\lct\datasets\.build_cache\d7\train\images\0006232_jpg.rf.58afa07450e84362dd5224d9e457c0b1.jpg,val,images/val/d7/d7_0002241_jpg.rf.3faf9c0d30716ca2b3ee07551f0abf2d_87476a49fa.jpg,D:\lct\datasets\.build_cache\d7\valid\images\0002241_jpg.rf.3faf9c0d30716ca2b3ee07551f0abf2d.jpg,16,22,,0.1580866575241089,0.23231081664562225,0.6864664554595947,False,,0.4896421313285828,visually_not_leakage,screened out by combined pHash/dHash and pixel/color metrics; not individually reviewed,888,false
c68349a5cb50,d7,train,images/train/d7/d7_0000153_jpg.rf.29402511eb5649bab51ec97f328be4ed_11cac6dd5b.jpg,D:\lct\datasets\.build_cache\d7\train\images\0000153_jpg.rf.29402511eb5649bab51ec97f328be4ed.jpg,val,images/val/d7/d7_0002374_jpg.rf.3cad04ca4b3d8a70d91d929286736311_8594552d3e.jpg,D:\lct\datasets\.build_cache\d7\valid\images\0002374_jpg.rf.3cad04ca4b3d8a70d91d929286736311.jpg,16,23,,0.24932174384593964,0.21013230085372925,0.45863214135169983,False,,0.4896172687411308,visually_not_leakage,screened out by combined pHash/dHash and pixel/color metrics; not individually reviewed,889,false
7bc03da3386d,d7,train,images/train/d7/d7_0004852_jpg.rf.4d60de6c198acb0b05164b20f850eb11_3821fcc973.jpg,D:\lct\datasets\.build_cache\d7\train\images\0004852_jpg.rf.4d60de6c198acb0b05164b20f850eb11.jpg,val,images/val/d7/d7_0005418_jpg.rf.186bb69d9483478ee91515c1be79123e_efcefdb6f3.jpg,D:\lct\datasets\.build_cache\d7\valid\images\0005418_jpg.rf.186bb69d9483478ee91515c1be79123e.jpg,16,28,,0.15692858397960663,0.2347426563501358,0.7722277045249939,False,,0.48798058927059174,visually_not_leakage,screened out by combined pHash/dHash and pixel/color metrics; not individually reviewed,890,false
e477aff9b49f,d7,train,images/train/d7/d7_0002955_jpg.rf.a7bd5ef52e1dbc6ab4c925dbe514e4e0_4536e9549a.jpg,D:\lct\datasets\.build_cache\d7\test\images\0002955_jpg.rf.a7bd5ef52e1dbc6ab4c925dbe514e4e0.jpg,test,images/test/d7/d7_0006039_jpg.rf.9beaee09dd935c2c30ad22e473c90c85_c773a9c702.jpg,D:\lct\datasets\.build_cache\d7\test\images\0006039_jpg.rf.9beaee09dd935c2c30ad22e473c90c85.jpg,16,34,,0.2751292586326599,0.22234702110290527,0.546599805355072,False,,0.48735417425632477,visually_not_leakage,screened out by combined pHash/dHash and pixel/color metrics; not individually reviewed,891,false
7098d48b95d5,d7,train,images/train/d7/d7_0004933_jpg.rf.5b3fe81dd82b84053ceb2ce86b64dadc_74f76b5a65.jpg,D:\lct\datasets\.build_cache\d7\train\images\0004933_jpg.rf.5b3fe81dd82b84053ceb2ce86b64dadc.jpg,val,images/val/d7/d7_0003899_jpg.rf.5a7bcfc3a47b4a709aa011a4d851c12c_1a92264b4c.jpg,D:\lct\datasets\.build_cache\d7\valid\images\0003899_jpg.rf.5a7bcfc3a47b4a709aa011a4d851c12c.jpg,16,33,,0.15703395009040833,0.19354990124702454,0.8457720279693604,False,,0.48733563423156734,visually_not_leakage,screened out by combined pHash/dHash and pixel/color metrics; not individually reviewed,892,false
4a94319b9d89,d7,train,images/train/d7/d7_0006047_jpg.rf.dd8d4a85888172977df3276933124cc6_7b51addf00.jpg,D:\lct\datasets\.build_cache\d7\train\images\0006047_jpg.rf.dd8d4a85888172977df3276933124cc6.jpg,val,images/val/d7/d7_0006453_jpg.rf.9f7028386bcb88c587c46caef72cd407_cbf874e57f.jpg,D:\lct\datasets\.build_cache\d7\valid\images\0006453_jpg.rf.9f7028386bcb88c587c46caef72cd407.jpg,16,32,,0.2724413275718689,0.18456649780273438,0.5208848118782043,False,,0.4871092528104782,visually_not_leakage,screened out by combined pHash/dHash and pixel/color metrics; not individually reviewed,893,false
686474788f1c,d7,train,images/train/d7/d7_0004990_jpg.rf.a1ab1bc022548345fc187734ce6c97d3_e536f9be63.jpg,D:\lct\datasets\.build_cache\d7\train\images\0004990_jpg.rf.a1ab1bc022548345fc187734ce6c97d3.jpg,val,images/val/d7/d7_0003298_jpg.rf.9d7b966aa63879ba2929be5f46ff6948_3938d877be.jpg,D:\lct\datasets\.build_cache\d7\valid\images\0003298_jpg.rf.9d7b966aa63879ba2929be5f46ff6948.jpg,16,22,,0.23956705629825592,0.20226621627807617,0.4437185823917389,False,,0.4858221098780632,visually_not_leakage,screened out by combined pHash/dHash and pixel/color metrics; not individually reviewed,894,false
83d00f01ce4d,d7,train,images/train/d7/d7_0006399_jpg.rf.024162b21bbeb7e89e86a9f8a1a69a02_d588b1a72f.jpg,D:\lct\datasets\.build_cache\d7\train\images\0006399_jpg.rf.024162b21bbeb7e89e86a9f8a1a69a02.jpg,test,images/test/d7/d7_0000288_jpg.rf.b4a8eb3977670713e4016c2694ec2240_e173cc813c.jpg,D:\lct\datasets\.build_cache\d7\test\images\0000288_jpg.rf.b4a8eb3977670713e4016c2694ec2240.jpg,16,28,,0.1874139904975891,0.17237859964370728,0.6746594905853271,False,,0.4855395197868347,visually_not_leakage,screened out by combined pHash/dHash and pixel/color metrics; not individually reviewed,895,false
6bb8dcece8d9,d7,train,images/train/d7/d7_0000161_jpg.rf.bda9df47bcd1b4986e43be3109174a90_8d17b5191f.jpg,D:\lct\datasets\.build_cache\d7\train\images\0000161_jpg.rf.bda9df47bcd1b4986e43be3109174a90.jpg,test,images/test/d7/d7_0000266_jpg.rf.c437f093b6f52ff9575e594a68769f36_5063d96bfa.jpg,D:\lct\datasets\.build_cache\d7\test\images\0000266_jpg.rf.c437f093b6f52ff9575e594a68769f36.jpg,16,27,,0.3594781160354614,0.25796473026275635,0.1994834542274475,False,,0.48543251454830166,visually_not_leakage,screened out by combined pHash/dHash and pixel/color metrics; not individually reviewed,896,false
5d8f1d93f295,d7,train,images/train/d7/d7_0006060_jpg.rf.bef0f6a888db00e46f7086bf5677495b_b29a55def3.jpg,D:\lct\datasets\.build_cache\d7\train\images\0006060_jpg.rf.bef0f6a888db00e46f7086bf5677495b.jpg,val,images/val/d7/d7_0004483_jpg.rf.331f99c9a05ad6f5ee3dbf17884beb50_2d083ebb24.jpg,D:\lct\datasets\.build_cache\d7\valid\images\0004483_jpg.rf.331f99c9a05ad6f5ee3dbf17884beb50.jpg,16,23,,0.21073074638843536,0.21357327699661255,0.5247235298156738,False,,0.48409457802772515,visually_not_leakage,screened out by combined pHash/dHash and pixel/color metrics; not individually reviewed,897,false
ab379d493971,d7,train,images/train/d7/d7_0002404_jpg.rf.d6b85e0813f39918f36bf1f316247c6c_60795d138b.jpg,D:\lct\datasets\.build_cache\d7\train\images\0002404_jpg.rf.d6b85e0813f39918f36bf1f316247c6c.jpg,test,images/test/d7/d7_0001803_jpg.rf.2e0a789ebb9706d33dfe6e71d1506f01_f4ab9cbd4e.jpg,D:\lct\datasets\.build_cache\d7\test\images\0001803_jpg.rf.2e0a789ebb9706d33dfe6e71d1506f01.jpg,14,28,,0.19044266641139984,0.24526271224021912,0.5921076536178589,False,,0.48374321460723874,visually_not_leakage,screened out by combined pHash/dHash and pixel/color metrics; not individually reviewed,898,false
25236c57cbf6,d7,train,images/train/d7/d7_0003632_jpg.rf.552fec07651c852c6c390c702dcf5b7e_d4a37e5a31.jpg,D:\lct\datasets\.build_cache\d7\train\images\0003632_jpg.rf.552fec07651c852c6c390c702dcf5b7e.jpg,test,images/test/d7/d7_0000580_jpg.rf.3fc555b8214254e1ade620d6b4415989_ee132b0bd2.jpg,D:\lct\datasets\.build_cache\d7\test\images\0000580_jpg.rf.3fc555b8214254e1ade620d6b4415989.jpg,16,35,,0.14848485589027405,0.17759843170642853,0.8738825917243958,False,,0.48344508111476897,visually_not_leakage,screened out by combined pHash/dHash and pixel/color metrics; not individually reviewed,899,false
6127e5b7b49f,d7,train,images/train/d7/d7_0004777_jpg.rf.4b5896b31124ac9447faaccb47ecb5fe_9eec29ed08.jpg,D:\lct\datasets\.build_cache\d7\train\images\0004777_jpg.rf.4b5896b31124ac9447faaccb47ecb5fe.jpg,test,images/test/d7/d7_0000096_jpg.rf.19b7b05bed6455852f9fdb4af6fea826_43522cc1f8.jpg,D:\lct\datasets\.build_cache\d7\test\images\0000096_jpg.rf.19b7b05bed6455852f9fdb4af6fea826.jpg,16,32,,0.22033201158046722,0.20650945603847504,0.6227692365646362,False,,0.4815481901168823,visually_not_leakage,screened out by combined pHash/dHash and pixel/color metrics; not individually reviewed,900,false
d10ed6ea2169,d7,train,images/train/d7/d7_0005419_jpg.rf.c7b6cc722e2da4eff55ce8f970ab67f0_00bae3b44b.jpg,D:\lct\datasets\.build_cache\d7\train\images\0005419_jpg.rf.c7b6cc722e2da4eff55ce8f970ab67f0.jpg,test,images/test/d7/d7_0004832_jpg.rf.39c46eee6f8cc3eda00171839680cead_9db545b0f0.jpg,D:\lct\datasets\.build_cache\d7\test\images\0004832_jpg.rf.39c46eee6f8cc3eda00171839680cead.jpg,14,35,,0.34938889741897583,0.27512064576148987,0.260393887758255,False,,0.4811583921313286,visually_not_leakage,screened out by combined pHash/dHash and pixel/color metrics; not individually reviewed,901,false
df6263dcd54e,d7,train,images/train/d7/d7_0002100_jpg.rf.c5894c9e996a50c8c6b6db20b4f82b34_dead13169a.jpg,D:\lct\datasets\.build_cache\d7\train\images\0002100_jpg.rf.c5894c9e996a50c8c6b6db20b4f82b34.jpg,val,images/val/d7/d7_0006131_jpg.rf.68d56cf6c25bb5bfd68e5075f0ac2ba0_b5fb45c9eb.jpg,D:\lct\datasets\.build_cache\d7\valid\images\0006131_jpg.rf.68d56cf6c25bb5bfd68e5075f0ac2ba0.jpg,16,25,,0.3445059657096863,0.27677983045578003,0.17486581206321716,False,,0.4804385080933571,visually_not_leakage,screened out by combined pHash/dHash and pixel/color metrics; not individually reviewed,902,false
9d0d86eb4af2,d7,train,images/train/d7/d7_0001314_jpg.rf.b39d0cfaea9abcfeea72bf1155162c93_b417bfe7d2.jpg,D:\lct\datasets\.build_cache\d7\train\images\0001314_jpg.rf.b39d0cfaea9abcfeea72bf1155162c93.jpg,val,images/val/d7/d7_0006131_jpg.rf.68d56cf6c25bb5bfd68e5075f0ac2ba0_b5fb45c9eb.jpg,D:\lct\datasets\.build_cache\d7\valid\images\0006131_jpg.rf.68d56cf6c25bb5bfd68e5075f0ac2ba0.jpg,16,30,,0.32466351985931396,0.204385906457901,0.3052084147930145,False,,0.48033417016267776,visually_not_leakage,screened out by combined pHash/dHash and pixel/color metrics; not individually reviewed,903,false
870f910e8ba2,d7,val,images/val/d7/d7_0001052_jpg.rf.d2d15c26bca10bb42fb9019f0c041daa_22a11eeb9b.jpg,D:\lct\datasets\.build_cache\d7\valid\images\0001052_jpg.rf.d2d15c26bca10bb42fb9019f0c041daa.jpg,test,images/test/d7/d7_0006202_jpg.rf.e0742e8ac85c5781714488e4cb044b3e_7ae9cbfd4c.jpg,D:\lct\datasets\.build_cache\d7\test\images\0006202_jpg.rf.e0742e8ac85c5781714488e4cb044b3e.jpg,14,38,,0.2457224279642105,0.1687806397676468,0.5742752552032471,False,,0.47974275946617123,visually_not_leakage,screened out by combined pHash/dHash and pixel/color metrics; not individually reviewed,904,false
3a69e7a751b0,d7,train,images/train/d7/d7_0006023_jpg.rf.631af77e2bd04eb81fa3d9f41c15e6c6_3a32dcb8d0.jpg,D:\lct\datasets\.build_cache\d7\train\images\0006023_jpg.rf.631af77e2bd04eb81fa3d9f41c15e6c6.jpg,val,images/val/d7/d7_0005257_jpg.rf.bc144e47a1f258695dafe16bdd4831df_aa62800ad5.jpg,D:\lct\datasets\.build_cache\d7\valid\images\0005257_jpg.rf.bc144e47a1f258695dafe16bdd4831df.jpg,16,29,,0.34217968583106995,0.23136967420578003,0.23873324692249298,False,,0.4797131113708019,visually_not_leakage,screened out by combined pHash/dHash and pixel/color metrics; not individually reviewed,905,false
2529500fda3e,d7,train,images/train/d7/d7_0001361_jpg.rf.c05520c463215ac5e62d5bd1a5ed5a8f_a8a36b6bc8.jpg,D:\lct\datasets\.build_cache\d7\train\images\0001361_jpg.rf.c05520c463215ac5e62d5bd1a5ed5a8f.jpg,test,images/test/d7/d7_0005403_jpg.rf.fc425f8fb3b82b09a9c3d1f32f421f45_99979fd8e8.jpg,D:\lct\datasets\.build_cache\d7\test\images\0005403_jpg.rf.fc425f8fb3b82b09a9c3d1f32f421f45.jpg,16,26,,0.3077895939350128,0.2554725706577301,0.2674684226512909,False,,0.47729860097169874,visually_not_leakage,screened out by combined pHash/dHash and pixel/color metrics; not individually reviewed,906,false
31a8eb59d94d,d7,train,images/train/d7/d7_0006049_jpg.rf.c2d96f017e1b8db48e7c2fa6c934da7d_fc79c7d401.jpg,D:\lct\datasets\.build_cache\d7\train\images\0006049_jpg.rf.c2d96f017e1b8db48e7c2fa6c934da7d.jpg,val,images/val/d7/d7_0000494_jpg.rf.75a3b8111b69075633f1043cc9e7eebc_d8673a68f9.jpg,D:\lct\datasets\.build_cache\d7\valid\images\0000494_jpg.rf.75a3b8111b69075633f1043cc9e7eebc.jpg,16,31,,0.2837650179862976,0.2639791965484619,0.3958747088909149,False,,0.47523096352815625,visually_not_leakage,screened out by combined pHash/dHash and pixel/color metrics; not individually reviewed,907,false
247d0fd1571f,d7,train,images/train/d7/d7_0001173_jpg.rf.4282672f844fbc7c6609b26c0f0e936c_315681c5d5.jpg,D:\lct\datasets\.build_cache\d7\train\images\0001173_jpg.rf.4282672f844fbc7c6609b26c0f0e936c.jpg,val,images/val/d7/d7_0005082_jpg.rf.8f1863efffd8e1560c10a6ac080651e5_1120884d63.jpg,D:\lct\datasets\.build_cache\d7\valid\images\0005082_jpg.rf.8f1863efffd8e1560c10a6ac080651e5.jpg,14,26,,0.25771069526672363,0.1902449131011963,0.32444658875465393,False,,0.47518876641988755,visually_not_leakage,screened out by combined pHash/dHash and pixel/color metrics; not individually reviewed,908,false
ad8e90d26689,d7,train,images/train/d7/d7_0003943_jpg.rf.ab209f358035083aec83e0704686d16e_7e7cecd421.jpg,D:\lct\datasets\.build_cache\d7\train\images\0003943_jpg.rf.ab209f358035083aec83e0704686d16e.jpg,test,images/test/d7/d7_0004912_jpg.rf.1f9c26c43604339ef473c63bb34a9d5b_8dcc656fef.jpg,D:\lct\datasets\.build_cache\d7\test\images\0004912_jpg.rf.1f9c26c43604339ef473c63bb34a9d5b.jpg,14,24,,0.25550639629364014,0.2121783047914505,0.2981302738189697,False,,0.47504709959030156,visually_not_leakage,screened out by combined pHash/dHash and pixel/color metrics; not individually reviewed,909,false
719a0e8b39f0,d7,train,images/train/d7/d7_0004375_jpg.rf.4e9e35bc74a8fb3675e4dad1947907b7_c5f172c69e.jpg,D:\lct\datasets\.build_cache\d7\train\images\0004375_jpg.rf.4e9e35bc74a8fb3675e4dad1947907b7.jpg,test,images/test/d7/d7_0005091_jpg.rf.f297a3fd0aece468dea52d10ba260600_fff358f3ca.jpg,D:\lct\datasets\.build_cache\d7\train\images\0005091_jpg.rf.f297a3fd0aece468dea52d10ba260600.jpg,16,29,,0.195988267660141,0.24137082695960999,0.5904561281204224,False,,0.47399497628211973,visually_not_leakage,screened out by combined pHash/dHash and pixel/color metrics; not individually reviewed,910,false
cd7c85d52da0,d7,val,images/val/d7/d7_0001052_jpg.rf.d2d15c26bca10bb42fb9019f0c041daa_22a11eeb9b.jpg,D:\lct\datasets\.build_cache\d7\valid\images\0001052_jpg.rf.d2d15c26bca10bb42fb9019f0c041daa.jpg,test,images/test/d7/d7_0001569_jpg.rf.76a03cc3dc885167dded899d0bf7fa89_adce2a00e9.jpg,D:\lct\datasets\.build_cache\d7\train\images\0001569_jpg.rf.76a03cc3dc885167dded899d0bf7fa89.jpg,14,40,,0.24100017547607422,0.1686418056488037,0.5784326791763306,False,,0.4737899720668793,visually_not_leakage,screened out by combined pHash/dHash and pixel/color metrics; not individually reviewed,911,false
0d191460e0df,d7,train,images/train/d7/d7_0002982_jpg.rf.47bc7001f252bf70e964a36473556a14_b5a0ed7a74.jpg,D:\lct\datasets\.build_cache\d7\train\images\0002982_jpg.rf.47bc7001f252bf70e964a36473556a14.jpg,val,images/val/d7/d7_0004973_jpg.rf.ac0ec15467c2051eeb8a67c507190809_aa9d3389c8.jpg,D:\lct\datasets\.build_cache\d7\train\images\0004973_jpg.rf.ac0ec15467c2051eeb8a67c507190809.jpg,16,30,,0.28026971220970154,0.28457510471343994,0.3739834725856781,False,,0.4728929057717323,visually_not_leakage,screened out by combined pHash/dHash and pixel/color metrics; not individually reviewed,912,false
30567d30da5c,d7,train,images/train/d7/d7_0001493_jpg.rf.62f9153a1e014ee7915e615aaba298e3_59933cd704.jpg,D:\lct\datasets\.build_cache\d7\train\images\0001493_jpg.rf.62f9153a1e014ee7915e615aaba298e3.jpg,test,images/test/d7/d7_0005164_jpg.rf.d8087220a16afd158ed2d3d4abe9ef25_fce0f41de6.jpg,D:\lct\datasets\.build_cache\d7\test\images\0005164_jpg.rf.d8087220a16afd158ed2d3d4abe9ef25.jpg,16,29,,0.21162699162960052,0.2852969765663147,0.5372117161750793,False,,0.4722638040781021,visually_not_leakage,screened out by combined pHash/dHash and pixel/color metrics; not individually reviewed,913,false
b892ba386051,d7,train,images/train/d7/d7_0002934_jpg.rf.4dfff45d00ad30ba08c9e22b490885ef_f79ef24e0e.jpg,D:\lct\datasets\.build_cache\d7\train\images\0002934_jpg.rf.4dfff45d00ad30ba08c9e22b490885ef.jpg,test,images/test/d7/d7_0000361_jpg.rf.de0fd5a8ffe644f987e1e3c48ba93eae_04e3538080.jpg,D:\lct\datasets\.build_cache\d7\test\images\0000361_jpg.rf.de0fd5a8ffe644f987e1e3c48ba93eae.jpg,16,29,,0.27601057291030884,0.2614334225654602,0.35743069648742676,False,,0.4710500836372375,visually_not_leakage,screened out by combined pHash/dHash and pixel/color metrics; not individually reviewed,914,false
c98d07e3a319,d7,val,images/val/d7/d7_0004067_jpg.rf.d1e8eab7fca9b8c81aff2fa6de7fa71d_78176780ee.jpg,D:\lct\datasets\.build_cache\d7\valid\images\0004067_jpg.rf.d1e8eab7fca9b8c81aff2fa6de7fa71d.jpg,test,images/test/d7/d7_0005041_jpg.rf.66850bd26f00d1cdfb5894c9d776f11d_47da56de3f.jpg,D:\lct\datasets\.build_cache\d7\test\images\0005041_jpg.rf.66850bd26f00d1cdfb5894c9d776f11d.jpg,16,22,,0.25779977440834045,0.24752508103847504,0.2682226300239563,False,,0.4667908042669296,visually_not_leakage,screened out by combined pHash/dHash and pixel/color metrics; not individually reviewed,915,false
f3611593d620,d7,train,images/train/d7/d7_0006232_jpg.rf.58afa07450e84362dd5224d9e457c0b1_ed400da5c4.jpg,D:\lct\datasets\.build_cache\d7\train\images\0006232_jpg.rf.58afa07450e84362dd5224d9e457c0b1.jpg,val,images/val/d7/d7_0004721_jpg.rf.d8eef12f3fdd5fd3f1588ad2e2884e10_96be4cedfe.jpg,D:\lct\datasets\.build_cache\d7\valid\images\0004721_jpg.rf.d8eef12f3fdd5fd3f1588ad2e2884e10.jpg,16,21,,0.09126235544681549,0.23669099807739258,0.6900457739830017,False,,0.4657930582761764,visually_not_leakage,screened out by combined pHash/dHash and pixel/color metrics; not individually reviewed,916,false
cd97fc1737d9,d7,val,images/val/d7/d7_0003899_jpg.rf.5a7bcfc3a47b4a709aa011a4d851c12c_1a92264b4c.jpg,D:\lct\datasets\.build_cache\d7\valid\images\0003899_jpg.rf.5a7bcfc3a47b4a709aa011a4d851c12c.jpg,test,images/test/d7/d7_0000564_jpg.rf.b004fb7b1bb03356f6151ba74fd663dd_b7cf72e62a.jpg,D:\lct\datasets\.build_cache\d7\test\images\0000564_jpg.rf.b004fb7b1bb03356f6151ba74fd663dd.jpg,16,24,,0.1372990757226944,0.2330106794834137,0.6126177906990051,False,,0.46556229889392853,visually_not_leakage,screened out by combined pHash/dHash and pixel/color metrics; not individually reviewed,917,false
0ad13c790118,d7,train,images/train/d7/d7_0005857_jpg.rf.77c0ab3dd1506c65eefe562e01913c1f_75bf79a672.jpg,D:\lct\datasets\.build_cache\d7\train\images\0005857_jpg.rf.77c0ab3dd1506c65eefe562e01913c1f.jpg,val,images/val/d7/d7_0003899_jpg.rf.5a7bcfc3a47b4a709aa011a4d851c12c_1a92264b4c.jpg,D:\lct\datasets\.build_cache\d7\valid\images\0003899_jpg.rf.5a7bcfc3a47b4a709aa011a4d851c12c.jpg,14,25,,0.15405996143817902,0.25518345832824707,0.5070345401763916,False,,0.4634604156017304,visually_not_leakage,screened out by combined pHash/dHash and pixel/color metrics; not individually reviewed,918,false
40b6c6e4fcfa,d7,val,images/val/d7/d7_0000828_jpg.rf.79d8267755fee68bc5e7dd28bf156960_045b1d8773.jpg,D:\lct\datasets\.build_cache\d7\valid\images\0000828_jpg.rf.79d8267755fee68bc5e7dd28bf156960.jpg,test,images/test/d7/d7_0006186_jpg.rf.8586dddf890c79103f452a4a7b5396af_e36e24c8b7.jpg,D:\lct\datasets\.build_cache\d7\test\images\0006186_jpg.rf.8586dddf890c79103f452a4a7b5396af.jpg,16,28,,0.16152448952198029,0.2378944605588913,0.5783137679100037,False,,0.4607318609952926,visually_not_leakage,screened out by combined pHash/dHash and pixel/color metrics; not individually reviewed,919,false
bf22059db5c7,d7,train,images/train/d7/d7_0006422_jpg.rf.f9110d8375959e9524a18f32c80a85ac_811a1a869a.jpg,D:\lct\datasets\.build_cache\d7\valid\images\0006422_jpg.rf.f9110d8375959e9524a18f32c80a85ac.jpg,test,images/test/d7/d7_0003399_jpg.rf.8daaafa744c63184a0debe3863055850_976270b955.jpg,D:\lct\datasets\.build_cache\d7\test\images\0003399_jpg.rf.8daaafa744c63184a0debe3863055850.jpg,16,29,,0.16331122815608978,0.16420897841453552,0.5746878981590271,False,,0.45855892598628994,visually_not_leakage,screened out by combined pHash/dHash and pixel/color metrics; not individually reviewed,920,false
e1f2f21fb215,d7,train,images/train/d7/d7_0002425_jpg.rf.669f9f2ae98b199bd9ca8852b01f6673_2622084f5b.jpg,D:\lct\datasets\.build_cache\d7\train\images\0002425_jpg.rf.669f9f2ae98b199bd9ca8852b01f6673.jpg,val,images/val/d7/d7_0006269_jpg.rf.2f5ca7cdc1bd3dec0b8159531bb95e3d_6a2553d7b5.jpg,D:\lct\datasets\.build_cache\d7\valid\images\0006269_jpg.rf.2f5ca7cdc1bd3dec0b8159531bb95e3d.jpg,14,32,,0.07915746420621872,0.194539874792099,0.776205837726593,False,,0.45746886134147646,visually_not_leakage,screened out by combined pHash/dHash and pixel/color metrics; not individually reviewed,921,false
ba66c4b0efc8,d7,train,images/train/d7/d7_0001546_jpg.rf.f62fa2cd4ab63c34a4516a17ef476a38_33483b24d2.jpg,D:\lct\datasets\.build_cache\d7\train\images\0001546_jpg.rf.f62fa2cd4ab63c34a4516a17ef476a38.jpg,val,images/val/d7/d7_0005762_jpg.rf.a8f80b182860e561cfcc90c85f962472_2ca04b3458.jpg,D:\lct\datasets\.build_cache\d7\valid\images\0005762_jpg.rf.a8f80b182860e561cfcc90c85f962472.jpg,16,28,,0.06408815830945969,0.20170897245407104,0.8067433834075928,False,,0.45602177083492274,visually_not_leakage,screened out by combined pHash/dHash and pixel/color metrics; not individually reviewed,922,false
52ce0579d09f,d7,train,images/train/d7/d7_0004814_jpg.rf.5130a43a665c7fc487bd5bb52f8b9ae5_794ed76ff9.jpg,D:\lct\datasets\.build_cache\d7\train\images\0004814_jpg.rf.5130a43a665c7fc487bd5bb52f8b9ae5.jpg,val,images/val/d7/d7_0000182_jpg.rf.65b83ecc88f451184b7f6186acbf9844_ef75522dec.jpg,D:\lct\datasets\.build_cache\d7\valid\images\0000182_jpg.rf.65b83ecc88f451184b7f6186acbf9844.jpg,14,28,,0.08333646506071091,0.20889918506145477,0.6807634234428406,False,,0.4541990995407104,visually_not_leakage,screened out by combined pHash/dHash and pixel/color metrics; not individually reviewed,923,false
937dc480c949,d7,train,images/train/d7/d7_0003848_jpg.rf.b0d9009a6ca42c4e7fd26fda3fdd84b9_5c20fbe138.jpg,D:\lct\datasets\.build_cache\d7\train\images\0003848_jpg.rf.b0d9009a6ca42c4e7fd26fda3fdd84b9.jpg,test,images/test/d7/d7_0000175_jpg.rf.d56fd96e78a96e8cf7be68f20b473a25_c2fcd1109a.jpg,D:\lct\datasets\.build_cache\d7\test\images\0000175_jpg.rf.d56fd96e78a96e8cf7be68f20b473a25.jpg,16,31,,0.1218714565038681,0.21056315302848816,0.6861834526062012,False,,0.4540198504924774,visually_not_leakage,screened out by combined pHash/dHash and pixel/color metrics; not individually reviewed,924,false
8a76101e7f93,d7,train,images/train/d7/d7_0002902_jpg.rf.e2816ac5c819e61f84f1115d3c91d23e_f88613f1e4.jpg,D:\lct\datasets\.build_cache\d7\train\images\0002902_jpg.rf.e2816ac5c819e61f84f1115d3c91d23e.jpg,val,images/val/d7/d7_0005880_jpg.rf.cb4f79091a78b286dcae62e3c0f9bf36_40db7163ad.jpg,D:\lct\datasets\.build_cache\d7\valid\images\0005880_jpg.rf.cb4f79091a78b286dcae62e3c0f9bf36.jpg,16,31,,0.19412772357463837,0.23438841104507446,0.483171671628952,False,,0.45247059017419816,visually_not_leakage,screened out by combined pHash/dHash and pixel/color metrics; not individually reviewed,925,false
a83f7011dfd7,d7,train,images/train/d7/d7_0002252_jpg.rf.fc2a0ff6b6c1843a1eecc9773cbc48b5_116607c310.jpg,D:\lct\datasets\.build_cache\d7\train\images\0002252_jpg.rf.fc2a0ff6b6c1843a1eecc9773cbc48b5.jpg,test,images/test/d7/d7_0004259_jpg.rf.85d933a65e6543e75ec97d81572c1a6c_2eb1be0c9c.jpg,D:\lct\datasets\.build_cache\d7\test\images\0004259_jpg.rf.85d933a65e6543e75ec97d81572c1a6c.jpg,16,27,,-0.028114918619394302,0.1686016023159027,0.9177269339561462,False,,0.44937779009342194,visually_not_leakage,screened out by combined pHash/dHash and pixel/color metrics; not individually reviewed,926,false
a05853064cef,d7,train,images/train/d7/d7_0001484_jpg.rf.eb69ae67eaf1eb8e4bde08263e9df627_335160e56b.jpg,D:\lct\datasets\.build_cache\d7\train\images\0001484_jpg.rf.eb69ae67eaf1eb8e4bde08263e9df627.jpg,test,images/test/d7/d7_0002645_jpg.rf.66394ea1253fd08b8ed352ccc66b5ae0_919666ec32.jpg,D:\lct\datasets\.build_cache\d7\test\images\0002645_jpg.rf.66394ea1253fd08b8ed352ccc66b5ae0.jpg,16,26,,0.10014478862285614,0.17822265625,0.6246398687362671,False,,0.4478163957595825,visually_not_leakage,screened out by combined pHash/dHash and pixel/color metrics; not individually reviewed,927,false
65a26d62b0b6,d7,train,images/train/d7/d7_0000301_jpg.rf.164c7c6dc9133b628429812820f9abc8_80c9c5bb22.jpg,D:\lct\datasets\.build_cache\d7\train\images\0000301_jpg.rf.164c7c6dc9133b628429812820f9abc8.jpg,test,images/test/d7/d7_0004497_jpg.rf.0db2def1cb582b6d146089358a74eb72_bff522b210.jpg,D:\lct\datasets\.build_cache\d7\test\images\0004497_jpg.rf.0db2def1cb582b6d146089358a74eb72.jpg,16,24,,0.1301211416721344,0.20011776685714722,0.48331788182258606,False,,0.4432961389422416,visually_not_leakage,screened out by combined pHash/dHash and pixel/color metrics; not individually reviewed,928,false
57b26ec7c538,d7,train,images/train/d7/d7_0006526_jpg.rf.168e78955da8d28c0158357618805f72_d2fe742316.jpg,D:\lct\datasets\.build_cache\d7\train\images\0006526_jpg.rf.168e78955da8d28c0158357618805f72.jpg,test,images/test/d7/d7_0002251_jpg.rf.40aba0b000da281c753035838dc38507_d9b1ceeaa0.jpg,D:\lct\datasets\.build_cache\d7\valid\images\0002251_jpg.rf.40aba0b000da281c753035838dc38507.jpg,26,12,,0.083951435983181,0.12635569274425507,0.7157560586929321,False,,0.4409439831972122,visually_not_leakage,screened out by combined pHash/dHash and pixel/color metrics; not individually reviewed,929,false
1a02cb807018,d7,train,images/train/d7/d7_0000895_jpg.rf.aeb96c6b9fa12c83ef24b627369103e4_9f8a71ae9a.jpg,D:\lct\datasets\.build_cache\d7\train\images\0000895_jpg.rf.aeb96c6b9fa12c83ef24b627369103e4.jpg,val,images/val/d7/d7_0006246_jpg.rf.9824a0d62c9d63fae3a1ede32a5ec6ba_af2ea1fe26.jpg,D:\lct\datasets\.build_cache\d7\valid\images\0006246_jpg.rf.9824a0d62c9d63fae3a1ede32a5ec6ba.jpg,30,12,,0.17469289898872375,0.1619284301996231,0.5945708751678467,False,,0.4403127908706665,visually_not_leakage,screened out by combined pHash/dHash and pixel/color metrics; not individually reviewed,930,false
52a609546ec8,d7,train,images/train/d7/d7_0004161_jpg.rf.545117a3eb2b7ffe4f661a64aa2bda76_81f2a1ef7e.jpg,D:\lct\datasets\.build_cache\d7\train\images\0004161_jpg.rf.545117a3eb2b7ffe4f661a64aa2bda76.jpg,test,images/test/d7/d7_0001838_jpg.rf.372bdae63801c099989c7fb023edf140_caad90991f.jpg,D:\lct\datasets\.build_cache\d7\test\images\0001838_jpg.rf.372bdae63801c099989c7fb023edf140.jpg,16,28,,0.074061818420887,0.22841891646385193,0.6641150712966919,False,,0.43861698806285854,visually_not_leakage,screened out by combined pHash/dHash and pixel/color metrics; not individually reviewed,931,false
54ebb06fab2f,d7,train,images/train/d7/d7_0004996_jpg.rf.25afd5d8f39587fca33b1ef92addeeac_40aca1ab8e.jpg,D:\lct\datasets\.build_cache\d7\train\images\0004996_jpg.rf.25afd5d8f39587fca33b1ef92addeeac.jpg,val,images/val/d7/d7_0003922_jpg.rf.5b59b62ec72e66fc1bed0a02e82881dc_275ec144d6.jpg,D:\lct\datasets\.build_cache\d7\valid\images\0003922_jpg.rf.5b59b62ec72e66fc1bed0a02e82881dc.jpg,16,26,,0.143684983253479,0.3149193823337555,0.4358213245868683,False,,0.43690969198942187,visually_not_leakage,screened out by combined pHash/dHash and pixel/color metrics; not individually reviewed,932,false
953a43434ce3,d7,train,images/train/d7/d7_0000864_jpg.rf.543484f9fc3f44f0de5bf2bcbbb1cab3_48819aee22.jpg,D:\lct\datasets\.build_cache\d7\train\images\0000864_jpg.rf.543484f9fc3f44f0de5bf2bcbbb1cab3.jpg,val,images/val/d7/d7_0004221_jpg.rf.f8b67292c41fe21ec896052871bc06d8_32a06d6248.jpg,D:\lct\datasets\.build_cache\d7\valid\images\0004221_jpg.rf.f8b67292c41fe21ec896052871bc06d8.jpg,16,30,,0.062205471098423004,0.2628849148750305,0.7057934403419495,False,,0.4354387044906616,visually_not_leakage,screened out by combined pHash/dHash and pixel/color metrics; not individually reviewed,933,false
e7ab750aacef,d7,train,images/train/d7/d7_0006193_jpg.rf.63f3fdd552d5e50d96f1d18a0d6cb6c9_4c6c202ee6.jpg,D:\lct\datasets\.build_cache\d7\train\images\0006193_jpg.rf.63f3fdd552d5e50d96f1d18a0d6cb6c9.jpg,val,images/val/d7/d7_0001052_jpg.rf.d2d15c26bca10bb42fb9019f0c041daa_22a11eeb9b.jpg,D:\lct\datasets\.build_cache\d7\valid\images\0001052_jpg.rf.d2d15c26bca10bb42fb9019f0c041daa.jpg,14,32,,0.08921694755554199,0.15861865878105164,0.5976136922836304,False,,0.43470383286476133,visually_not_leakage,screened out by combined pHash/dHash and pixel/color metrics; not individually reviewed,934,false
a596c056d499,d7,val,images/val/d7/d7_0000362_jpg.rf.ad6afbb3b88d06cbf5257eae5c8b93a4_fca1e67d0c.jpg,D:\lct\datasets\.build_cache\d7\valid\images\0000362_jpg.rf.ad6afbb3b88d06cbf5257eae5c8b93a4.jpg,test,images/test/d7/d7_0003170_jpg.rf.f11760fac08d7f2c6e7fd10d5a33087f_957ae3ffb0.jpg,D:\lct\datasets\.build_cache\d7\test\images\0003170_jpg.rf.f11760fac08d7f2c6e7fd10d5a33087f.jpg,14,30,,0.05803995952010155,0.2351284921169281,0.6397202014923096,False,,0.43323651403188707,visually_not_leakage,screened out by combined pHash/dHash and pixel/color metrics; not individually reviewed,935,false
12c237314e72,d7,train,images/train/d7/d7_0000694_jpg.rf.0d8589ad74923bf48c8368c40d99e53e_de54cdf1e6.jpg,D:\lct\datasets\.build_cache\d7\train\images\0000694_jpg.rf.0d8589ad74923bf48c8368c40d99e53e.jpg,val,images/val/d7/d7_0002720_jpg.rf.227a9ca448794683710753d844c33293_940ee23b79.jpg,D:\lct\datasets\.build_cache\d7\valid\images\0002720_jpg.rf.227a9ca448794683710753d844c33293.jpg,16,30,,-0.08416122943162918,0.20421549677848816,0.8506820797920227,False,,0.4322898119688034,visually_not_leakage,screened out by combined pHash/dHash and pixel/color metrics; not individually reviewed,936,false
09b1e9df5ae2,d7,train,images/train/d7/d7_0003648_jpg.rf.7fcf20371f57ef4cc4583dd7ab85e271_55410255dd.jpg,D:\lct\datasets\.build_cache\d7\train\images\0003648_jpg.rf.7fcf20371f57ef4cc4583dd7ab85e271.jpg,val,images/val/d7/d7_0002102_jpg.rf.1a0d796a002c238d309b61d0a00ef706_89dfc36014.jpg,D:\lct\datasets\.build_cache\d7\valid\images\0002102_jpg.rf.1a0d796a002c238d309b61d0a00ef706.jpg,16,30,,0.2406153529882431,0.30341798067092896,0.20559506118297577,False,,0.4317729003727436,visually_not_leakage,screened out by combined pHash/dHash and pixel/color metrics; not individually reviewed,937,false
58ec3890d2ef,d7,train,images/train/d7/d7_0006176_jpg.rf.19f156f99bd206a255f931e3d6fd6092_94aa6368d1.jpg,D:\lct\datasets\.build_cache\d7\train\images\0006176_jpg.rf.19f156f99bd206a255f931e3d6fd6092.jpg,val,images/val/d7/d7_0002123_jpg.rf.99a1b8aa0e7d6b2636761787f9451a12_cf4c5f4cf8.jpg,D:\lct\datasets\.build_cache\d7\valid\images\0002123_jpg.rf.99a1b8aa0e7d6b2636761787f9451a12.jpg,16,23,,0.016422025859355927,0.2109997421503067,0.6912975311279297,False,,0.43135719001293177,visually_not_leakage,screened out by combined pHash/dHash and pixel/color metrics; not individually reviewed,938,false
e46fff0ccf2a,d7,train,images/train/d7/d7_0001683_jpg.rf.0e0d58892fc97c0b638f18088947db91_3d897514bf.jpg,D:\lct\datasets\.build_cache\d7\train\images\0001683_jpg.rf.0e0d58892fc97c0b638f18088947db91.jpg,val,images/val/d7/d7_0003899_jpg.rf.5a7bcfc3a47b4a709aa011a4d851c12c_1a92264b4c.jpg,D:\lct\datasets\.build_cache\d7\valid\images\0003899_jpg.rf.5a7bcfc3a47b4a709aa011a4d851c12c.jpg,16,29,,0.08095923811197281,0.2442411631345749,0.5851292014122009,False,,0.4271843254566192,visually_not_leakage,screened out by combined pHash/dHash and pixel/color metrics; not individually reviewed,939,false
5cf06aea3cfa,d7,train,images/train/d7/d7_0001523_jpg.rf.0b6a9fca57bb3fbbba181101134c51bc_ada03cc8dc.jpg,D:\lct\datasets\.build_cache\d7\train\images\0001523_jpg.rf.0b6a9fca57bb3fbbba181101134c51bc.jpg,val,images/val/d7/d7_0001052_jpg.rf.d2d15c26bca10bb42fb9019f0c041daa_22a11eeb9b.jpg,D:\lct\datasets\.build_cache\d7\valid\images\0001052_jpg.rf.d2d15c26bca10bb42fb9019f0c041daa.jpg,16,32,,0.13261093199253082,0.1935843825340271,0.4821622669696808,False,,0.42536871284246447,visually_not_leakage,screened out by combined pHash/dHash and pixel/color metrics; not individually reviewed,940,false
b54d3c8ff2e3,d7,train,images/train/d7/d7_0001927_jpg.rf.65eddf76dbbda5b5bc48fcca19be833b_3b99ae7867.jpg,D:\lct\datasets\.build_cache\d7\train\images\0001927_jpg.rf.65eddf76dbbda5b5bc48fcca19be833b.jpg,val,images/val/d7/d7_0000928_jpg.rf.3a9fcefc5abe3d4a2d956ef0ab1702e8_a118863c4e.jpg,D:\lct\datasets\.build_cache\d7\valid\images\0000928_jpg.rf.3a9fcefc5abe3d4a2d956ef0ab1702e8.jpg,16,35,,-0.06450154632329941,0.1744619458913803,0.8823686838150024,False,,0.42532405257225037,visually_not_leakage,screened out by combined pHash/dHash and pixel/color metrics; not individually reviewed,941,false
01f4a6c25c12,d7,val,images/val/d7/d7_0005901_jpg.rf.ef8eb6e55af1abb2a487fc44c68bf7cc_f055580931.jpg,D:\lct\datasets\.build_cache\d7\valid\images\0005901_jpg.rf.ef8eb6e55af1abb2a487fc44c68bf7cc.jpg,test,images/test/d7/d7_0004912_jpg.rf.1f9c26c43604339ef473c63bb34a9d5b_8dcc656fef.jpg,D:\lct\datasets\.build_cache\d7\test\images\0004912_jpg.rf.1f9c26c43604339ef473c63bb34a9d5b.jpg,16,28,,0.24217365682125092,0.2609403729438782,0.11872629821300507,False,,0.4240534074604511,visually_not_leakage,screened out by combined pHash/dHash and pixel/color metrics; not individually reviewed,942,false
c86373f3abf8,d7,train,images/train/d7/d7_0002033_jpg.rf.92682659f5e28fec3f01b9b9304c8deb_fef5ded346.jpg,D:\lct\datasets\.build_cache\d7\train\images\0002033_jpg.rf.92682659f5e28fec3f01b9b9304c8deb.jpg,val,images/val/d7/d7_0002893_jpg.rf.063321881a5bc0febf2177fcc9cb86dd_bbcda1de15.jpg,D:\lct\datasets\.build_cache\d7\valid\images\0002893_jpg.rf.063321881a5bc0febf2177fcc9cb86dd.jpg,16,30,,-0.09525575488805771,0.20927733182907104,0.7902814745903015,False,,0.42322972118854524,visually_not_leakage,screened out by combined pHash/dHash and pixel/color metrics; not individually reviewed,943,false
9588a149085e,d7,train,images/train/d7/d7_0000861_jpg.rf.fd02a684e8b2a018d0acf72f0b2147ce_c033466f20.jpg,D:\lct\datasets\.build_cache\d7\train\images\0000861_jpg.rf.fd02a684e8b2a018d0acf72f0b2147ce.jpg,val,images/val/d7/d7_0005145_jpg.rf.6c1fae25b9d80c21488706a1e8152ece_16dd7fc6c5.jpg,D:\lct\datasets\.build_cache\d7\valid\images\0005145_jpg.rf.6c1fae25b9d80c21488706a1e8152ece.jpg,16,30,,0.016819549724459648,0.2409888207912445,0.7385794520378113,False,,0.42220223769545556,visually_not_leakage,screened out by combined pHash/dHash and pixel/color metrics; not individually reviewed,944,false
9570755321cd,d7,train,images/train/d7/d7_0006092_jpg.rf.5ce30c00c15e11a732b89a4f852b6462_f174865209.jpg,D:\lct\datasets\.build_cache\d7\train\images\0006092_jpg.rf.5ce30c00c15e11a732b89a4f852b6462.jpg,val,images/val/d7/d7_0005389_jpg.rf.ad7b1c3916a393d5e3787a4b0f020c7f_a4a40e1535.jpg,D:\lct\datasets\.build_cache\d7\valid\images\0005389_jpg.rf.ad7b1c3916a393d5e3787a4b0f020c7f.jpg,16,24,,0.04297474026679993,0.3558172583580017,0.5587815642356873,False,,0.419757130742073,visually_not_leakage,screened out by combined pHash/dHash and pixel/color metrics; not individually reviewed,945,false
07a895b93a69,d7,train,images/train/d7/d7_0005488_jpg.rf.0f7e9ce4a125d06f6837e797ab7ebbc5_44cd82563a.jpg,D:\lct\datasets\.build_cache\d7\train\images\0005488_jpg.rf.0f7e9ce4a125d06f6837e797ab7ebbc5.jpg,val,images/val/d7/d7_0002193_jpg.rf.fba47c023315a17c82a52fd2e16d8974_5a8ffb4916.jpg,D:\lct\datasets\.build_cache\d7\valid\images\0002193_jpg.rf.fba47c023315a17c82a52fd2e16d8974.jpg,16,29,,0.06347723305225372,0.2087383270263672,0.5809869170188904,False,,0.41957018077373504,visually_not_leakage,screened out by combined pHash/dHash and pixel/color metrics; not individually reviewed,946,false
9fb993b7a32e,d7,train,images/train/d7/d7_0005994_jpg.rf.3be74da3677e5c652a8aa296c337dc11_47e2dc6da9.jpg,D:\lct\datasets\.build_cache\d7\train\images\0005994_jpg.rf.3be74da3677e5c652a8aa296c337dc11.jpg,val,images/val/d7/d7_0003139_jpg.rf.d377ae7704344da847e1acc45b3dbba8_2f71369fde.jpg,D:\lct\datasets\.build_cache\d7\valid\images\0003139_jpg.rf.d377ae7704344da847e1acc45b3dbba8.jpg,16,25,,0.1668177843093872,0.2713388502597809,0.2249402552843094,False,,0.4168744020164013,visually_not_leakage,screened out by combined pHash/dHash and pixel/color metrics; not individually reviewed,947,false
82ef1785a3a7,d7,train,images/train/d7/d7_0003302_jpg.rf.443b9cbcaf636e08d1f9829c645c0c14_2afce75f71.jpg,D:\lct\datasets\.build_cache\d7\train\images\0003302_jpg.rf.443b9cbcaf636e08d1f9829c645c0c14.jpg,test,images/test/d7/d7_0005632_jpg.rf.0571372c4d403183641728c6802b048c_fc780bd36e.jpg,D:\lct\datasets\.build_cache\d7\train\images\0005632_jpg.rf.0571372c4d403183641728c6802b048c.jpg,16,26,,0.09519115835428238,0.31920093297958374,0.42011362314224243,False,,0.41515600681304926,visually_not_leakage,screened out by combined pHash/dHash and pixel/color metrics; not individually reviewed,948,false
2fc68e026d97,d7,val,images/val/d7/d7_0004527_jpg.rf.19175189bb5517df4fa3420007d12c43_b3b0c0b8e8.jpg,D:\lct\datasets\.build_cache\d7\valid\images\0004527_jpg.rf.19175189bb5517df4fa3420007d12c43.jpg,test,images/test/d7/d7_0005451_jpg.rf.4c410c48b8a23ef84d6ff86fcba7d355_c71ce2527e.jpg,D:\lct\datasets\.build_cache\d7\test\images\0005451_jpg.rf.4c410c48b8a23ef84d6ff86fcba7d355.jpg,16,28,,-0.12500643730163574,0.24833792448043823,0.7008490562438965,False,,0.41450235843658445,visually_not_leakage,screened out by combined pHash/dHash and pixel/color metrics; not individually reviewed,949,false
61739d616e55,d7,train,images/train/d7/d7_0002044_jpg.rf.62407a418dbe418592e5b4f037b25dcf_311cfc61e9.jpg,D:\lct\datasets\.build_cache\d7\train\images\0002044_jpg.rf.62407a418dbe418592e5b4f037b25dcf.jpg,val,images/val/d7/d7_0002457_jpg.rf.b2ba6d8c4d88be4307aaf1884d36ee24_76356a9889.jpg,D:\lct\datasets\.build_cache\d7\valid\images\0002457_jpg.rf.b2ba6d8c4d88be4307aaf1884d36ee24.jpg,14,26,,-0.03344767540693283,0.24672947824001312,0.6057659387588501,False,,0.41430239081382747,visually_not_leakage,screened out by combined pHash/dHash and pixel/color metrics; not individually reviewed,950,false
3dc8d0f695f9,d7,train,images/train/d7/d7_0006290_jpg.rf.1b09a1fde90425fb668fd02a076373bd_2a0df5be48.jpg,D:\lct\datasets\.build_cache\d7\train\images\0006290_jpg.rf.1b09a1fde90425fb668fd02a076373bd.jpg,val,images/val/d7/d7_0006246_jpg.rf.9824a0d62c9d63fae3a1ede32a5ec6ba_af2ea1fe26.jpg,D:\lct\datasets\.build_cache\d7\valid\images\0006246_jpg.rf.9824a0d62c9d63fae3a1ede32a5ec6ba.jpg,16,25,,0.1519925445318222,0.3233283758163452,0.23417377471923828,False,,0.4123293340206146,visually_not_leakage,screened out by combined pHash/dHash and pixel/color metrics; not individually reviewed,951,false
c82d6637b4fd,d7,train,images/train/d7/d7_0004723_jpg.rf.a7f1e80325f6c761a1f6fe87b3719794_ac1b2f0853.jpg,D:\lct\datasets\.build_cache\d7\train\images\0004723_jpg.rf.a7f1e80325f6c761a1f6fe87b3719794.jpg,test,images/test/d7/d7_0002436_jpg.rf.f2f7636c41d819a698d15c8b3d60ff12_6f36bbd74a.jpg,D:\lct\datasets\.build_cache\d7\train\images\0002436_jpg.rf.f2f7636c41d819a698d15c8b3d60ff12.jpg,16,21,,-0.010476657189428806,0.1669136881828308,0.5524430871009827,False,,0.40864771306514736,visually_not_leakage,screened out by combined pHash/dHash and pixel/color metrics; not individually reviewed,952,false
a0d198fabd5f,d7,train,images/train/d7/d7_0001991_jpg.rf.0aa111c7a4559357ae48c8cc0e623388_77f875b286.jpg,D:\lct\datasets\.build_cache\d7\train\images\0001991_jpg.rf.0aa111c7a4559357ae48c8cc0e623388.jpg,val,images/val/d7/d7_0002535_jpg.rf.9af7f4a38b4c131ea6db7164aad19467_bef13d4ea8.jpg,D:\lct\datasets\.build_cache\d7\valid\images\0002535_jpg.rf.9af7f4a38b4c131ea6db7164aad19467.jpg,16,31,,-0.11060937494039536,0.29853612184524536,0.7072920203208923,False,,0.4084375530481338,visually_not_leakage,screened out by combined pHash/dHash and pixel/color metrics; not individually reviewed,953,false
30e411e10ed8,d7,train,images/train/d7/d7_0003499_jpg.rf.2456b51733fca839af1f1b5c114c1f44_eff5781c43.jpg,D:\lct\datasets\.build_cache\d7\train\images\0003499_jpg.rf.2456b51733fca839af1f1b5c114c1f44.jpg,val,images/val/d7/d7_0005219_jpg.rf.7b48069ad06003453edb49a7ac59d348_28104c1e22.jpg,D:\lct\datasets\.build_cache\d7\valid\images\0005219_jpg.rf.7b48069ad06003453edb49a7ac59d348.jpg,16,27,,-0.010370152071118355,0.25340744853019714,0.6422590017318726,False,,0.4080576002597809,visually_not_leakage,screened out by combined pHash/dHash and pixel/color metrics; not individually reviewed,954,false
e42d0376be2a,d7,train,images/train/d7/d7_0003779_jpg.rf.650cb183b101447895fc5b9ca376173d_f9672852e6.jpg,D:\lct\datasets\.build_cache\d7\train\images\0003779_jpg.rf.650cb183b101447895fc5b9ca376173d.jpg,val,images/val/d7/d7_0003873_jpg.rf.1b5334de61a2c6b9162e65948a81ff76_dac025768f.jpg,D:\lct\datasets\.build_cache\d7\valid\images\0003873_jpg.rf.1b5334de61a2c6b9162e65948a81ff76.jpg,16,26,,0.047166235744953156,0.249755859375,0.49802350997924805,False,,0.40763252079486845,visually_not_leakage,screened out by combined pHash/dHash and pixel/color metrics; not individually reviewed,955,false
1c20e8576d38,d7,train,images/train/d7/d7_0004976_jpg.rf.b0e5d4c54035cbbbe1a9ed31ff1c15c4_4a2e2cb0a0.jpg,D:\lct\datasets\.build_cache\d7\train\images\0004976_jpg.rf.b0e5d4c54035cbbbe1a9ed31ff1c15c4.jpg,test,images/test/d7/d7_0006419_jpg.rf.35bdfb187c81c436a616ef867cd6eac1_4686e9c511.jpg,D:\lct\datasets\.build_cache\d7\test\images\0006419_jpg.rf.35bdfb187c81c436a616ef867cd6eac1.jpg,16,28,,-0.08445911854505539,0.2048550397157669,0.6438878178596497,False,,0.4059581726789474,visually_not_leakage,screened out by combined pHash/dHash and pixel/color metrics; not individually reviewed,956,false
a0992cf2c727,d7,train,images/train/d7/d7_0004173_jpg.rf.a3847b828feaddb9484420b79cdae579_57a5405406.jpg,D:\lct\datasets\.build_cache\d7\train\images\0004173_jpg.rf.a3847b828feaddb9484420b79cdae579.jpg,test,images/test/d7/d7_0003104_jpg.rf.f469e43643d2225148935854bd2c0dbd_5e6fb14b19.jpg,D:\lct\datasets\.build_cache\d7\train\images\0003104_jpg.rf.f469e43643d2225148935854bd2c0dbd.jpg,16,29,,-0.03480735048651695,0.27453088760375977,0.6493464112281799,False,,0.40443321168422697,visually_not_leakage,screened out by combined pHash/dHash and pixel/color metrics; not individually reviewed,957,false
485172e4d803,d7,train,images/train/d7/d7_0000652_jpg.rf.e2b0f384ddf3a07833446af9ef2ee3e1_8018c4797a.jpg,D:\lct\datasets\.build_cache\d7\train\images\0000652_jpg.rf.e2b0f384ddf3a07833446af9ef2ee3e1.jpg,val,images/val/d7/d7_0002102_jpg.rf.1a0d796a002c238d309b61d0a00ef706_89dfc36014.jpg,D:\lct\datasets\.build_cache\d7\valid\images\0002102_jpg.rf.1a0d796a002c238d309b61d0a00ef706.jpg,16,32,,0.12567541003227234,0.23258176445960999,0.35341107845306396,False,,0.4032818257808685,visually_not_leakage,screened out by combined pHash/dHash and pixel/color metrics; not individually reviewed,958,false
1050caa75d4c,d7,train,images/train/d7/d7_0000336_jpg.rf.65cb40ed16f20bd1572353fb7c441b93_d79842a061.jpg,D:\lct\datasets\.build_cache\d7\train\images\0000336_jpg.rf.65cb40ed16f20bd1572353fb7c441b93.jpg,test,images/test/d7/d7_0003137_jpg.rf.4feb8ab65ba397d0d848567b26258685_dc9412ce62.jpg,D:\lct\datasets\.build_cache\d7\test\images\0003137_jpg.rf.4feb8ab65ba397d0d848567b26258685.jpg,16,34,,0.14413930475711823,0.24035882949829102,0.3322809934616089,False,,0.4028103709220886,visually_not_leakage,screened out by combined pHash/dHash and pixel/color metrics; not individually reviewed,959,false
2aef76d50d06,d7,train,images/train/d7/d7_0000125_jpg.rf.1e3d0b754819e6786a99fda8b0b12c3a_6baa5262e6.jpg,D:\lct\datasets\.build_cache\d7\train\images\0000125_jpg.rf.1e3d0b754819e6786a99fda8b0b12c3a.jpg,test,images/test/d7/d7_0005875_jpg.rf.03695e4de1f6cd8af8e9b073cd2bcb23_c9a9d512b5.jpg,D:\lct\datasets\.build_cache\d7\test\images\0005875_jpg.rf.03695e4de1f6cd8af8e9b073cd2bcb23.jpg,16,19,,0.11877723038196564,0.37975454330444336,0.16093036532402039,False,,0.4021191969513893,visually_not_leakage,screened out by combined pHash/dHash and pixel/color metrics; not individually reviewed,960,false
8ca7aa958910,d7,train,images/train/d7/d7_0002442_jpg.rf.8b3d9b39d897b7ed7a1ddae7eae7178a_f4567894fe.jpg,D:\lct\datasets\.build_cache\d7\train\images\0002442_jpg.rf.8b3d9b39d897b7ed7a1ddae7eae7178a.jpg,val,images/val/d7/d7_0005100_jpg.rf.b52a64628591055f81f81a4568537a29_6a8bb18fc4.jpg,D:\lct\datasets\.build_cache\d7\train\images\0005100_jpg.rf.b52a64628591055f81f81a4568537a29.jpg,16,34,,-0.5628343820571899,0.3851706385612488,0.6894668340682983,False,,0.3987325251102447,visually_not_leakage,screened out by combined pHash/dHash and pixel/color metrics; not individually reviewed,961,false
6544e62b55dd,d7,val,images/val/d7/d7_0001052_jpg.rf.d2d15c26bca10bb42fb9019f0c041daa_22a11eeb9b.jpg,D:\lct\datasets\.build_cache\d7\valid\images\0001052_jpg.rf.d2d15c26bca10bb42fb9019f0c041daa.jpg,test,images/test/d7/d7_0003481_jpg.rf.b997061633ff37a63ce5a58a3c3784fd_1245201708.jpg,D:\lct\datasets\.build_cache\d7\test\images\0003481_jpg.rf.b997061633ff37a63ce5a58a3c3784fd.jpg,16,31,,0.03305065259337425,0.2281738519668579,0.5162510275840759,False,,0.39300166517496105,visually_not_leakage,screened out by combined pHash/dHash and pixel/color metrics; not individually reviewed,962,false
f84a295298bd,d7,train,images/train/d7/d7_0005566_jpg.rf.38975c9712a61ac94432a3975e1da022_6e25a503cf.jpg,D:\lct\datasets\.build_cache\d7\train\images\0005566_jpg.rf.38975c9712a61ac94432a3975e1da022.jpg,val,images/val/d7/d7_0005624_jpg.rf.744144ca8bd3d70bc347817d79c5a0f0_1cd59c8d18.jpg,D:\lct\datasets\.build_cache\d7\valid\images\0005624_jpg.rf.744144ca8bd3d70bc347817d79c5a0f0.jpg,16,29,,-0.11519994586706161,0.3281700015068054,0.5699110627174377,False,,0.39251790940761566,visually_not_leakage,screened out by combined pHash/dHash and pixel/color metrics; not individually reviewed,963,false
e9bf6ff992f6,d7,val,images/val/d7/d7_0004486_jpg.rf.69801499c6c27d16c029f4c4a7a52a5b_e38e6b9b53.jpg,D:\lct\datasets\.build_cache\d7\valid\images\0004486_jpg.rf.69801499c6c27d16c029f4c4a7a52a5b.jpg,test,images/test/d7/d7_0005950_jpg.rf.a2120193275ec63a63dded863f1cc7e0_a791e98c29.jpg,D:\lct\datasets\.build_cache\d7\test\images\0005950_jpg.rf.a2120193275ec63a63dded863f1cc7e0.jpg,14,24,,0.04956000670790672,0.2730277180671692,0.29026660323143005,False,,0.3914889931678772,visually_not_leakage,screened out by combined pHash/dHash and pixel/color metrics; not individually reviewed,964,false
036ee65d023c,d7,val,images/val/d7/d7_0003037_jpg.rf.37a608b02cd46cf9ca8805d36765d335_bd88cd9b21.jpg,D:\lct\datasets\.build_cache\d7\valid\images\0003037_jpg.rf.37a608b02cd46cf9ca8805d36765d335.jpg,test,images/test/d7/d7_0005886_jpg.rf.77abccd225badc90d058df35b4e68c65_b343446e73.jpg,D:\lct\datasets\.build_cache\d7\test\images\0005886_jpg.rf.77abccd225badc90d058df35b4e68c65.jpg,16,30,,0.04149932041764259,0.26962316036224365,0.4522486925125122,False,,0.3891245320439338,visually_not_leakage,screened out by combined pHash/dHash and pixel/color metrics; not individually reviewed,965,false
92627e274713,d7,train,images/train/d7/d7_0001338_jpg.rf.6b4994ea7ac5b2494c77d55c9139603a_c7082c51a2.jpg,D:\lct\datasets\.build_cache\d7\train\images\0001338_jpg.rf.6b4994ea7ac5b2494c77d55c9139603a.jpg,val,images/val/d7/d7_0005928_jpg.rf.686408e3676c72d9f88e9983b22575ea_fdcde4667c.jpg,D:\lct\datasets\.build_cache\d7\valid\images\0005928_jpg.rf.686408e3676c72d9f88e9983b22575ea.jpg,16,22,,-0.26471585035324097,0.26939627528190613,0.4375561475753784,False,,0.38907092213630673,visually_not_leakage,screened out by combined pHash/dHash and pixel/color metrics; not individually reviewed,966,false
4edb6fe6efbf,d7,train,images/train/d7/d7_0001398_jpg.rf.3a8cd4b95ddf17d62be42785bd85dadb_7811b655e2.jpg,D:\lct\datasets\.build_cache\d7\train\images\0001398_jpg.rf.3a8cd4b95ddf17d62be42785bd85dadb.jpg,val,images/val/d7/d7_0005323_jpg.rf.7e08fd3074b1110428be255a04d1e766_efebbca6cf.jpg,D:\lct\datasets\.build_cache\d7\valid\images\0005323_jpg.rf.7e08fd3074b1110428be255a04d1e766.jpg,16,32,,0.1460629254579544,0.30129826068878174,0.19248467683792114,False,,0.3872978717088699,visually_not_leakage,screened out by combined pHash/dHash and pixel/color metrics; not individually reviewed,967,false
d407d0d508b3,d7,train,images/train/d7/d7_0001993_jpg.rf.70f7a871200dff06c17e461a7508b8b4_8d3800afa4.jpg,D:\lct\datasets\.build_cache\d7\test\images\0001993_jpg.rf.70f7a871200dff06c17e461a7508b8b4.jpg,val,images/val/d7/d7_0004201_jpg.rf.8e3b0ca94df25e62fc2185808c579ba7_3021310aac.jpg,D:\lct\datasets\.build_cache\d7\valid\images\0004201_jpg.rf.8e3b0ca94df25e62fc2185808c579ba7.jpg,16,31,,0.11034004390239716,0.2751244604587555,0.26332470774650574,False,,0.3859784737229347,visually_not_leakage,screened out by combined pHash/dHash and pixel/color metrics; not individually reviewed,968,false
4e1a2cd3fd1a,d7,train,images/train/d7/d7_0001203_jpg.rf.8678d0e7610792acfab0cdcaf12c3de7_70b95260df.jpg,D:\lct\datasets\.build_cache\d7\train\images\0001203_jpg.rf.8678d0e7610792acfab0cdcaf12c3de7.jpg,val,images/val/d7/d7_0005240_jpg.rf.5bb38f31be4f99fdccf01c186e8d5b10_903687d125.jpg,D:\lct\datasets\.build_cache\d7\valid\images\0005240_jpg.rf.5bb38f31be4f99fdccf01c186e8d5b10.jpg,16,29,,-0.1800839900970459,0.3066233992576599,0.5248878002166748,False,,0.3857644200325012,visually_not_leakage,screened out by combined pHash/dHash and pixel/color metrics; not individually reviewed,969,false
8dd1d24aa052,d7,train,images/train/d7/d7_0001579_jpg.rf.6f3e35e95644272bd5aa54e9a9c1388e_63e146f400.jpg,D:\lct\datasets\.build_cache\d7\train\images\0001579_jpg.rf.6f3e35e95644272bd5aa54e9a9c1388e.jpg,val,images/val/d7/d7_0005221_jpg.rf.98970adabc5f7b9620ea1a1ea9e2001f_8bdcc9227f.jpg,D:\lct\datasets\.build_cache\d7\valid\images\0005221_jpg.rf.98970adabc5f7b9620ea1a1ea9e2001f.jpg,16,26,,-0.150786355137825,0.28850722312927246,0.45147672295570374,False,,0.3817840084433555,visually_not_leakage,screened out by combined pHash/dHash and pixel/color metrics; not individually reviewed,970,false
80cd6c4ed819,d7,train,images/train/d7/d7_0006526_jpg.rf.168e78955da8d28c0158357618805f72_d2fe742316.jpg,D:\lct\datasets\.build_cache\d7\train\images\0006526_jpg.rf.168e78955da8d28c0158357618805f72.jpg,val,images/val/d7/d7_0004549_jpg.rf.c74a1eadb841743fe841f970460e0b8b_d8407e4f5e.jpg,D:\lct\datasets\.build_cache\d7\valid\images\0004549_jpg.rf.c74a1eadb841743fe841f970460e0b8b.jpg,26,12,,0.006456957198679447,0.24995309114456177,0.5274840593338013,False,,0.38170539177954194,visually_not_leakage,screened out by combined pHash/dHash and pixel/color metrics; not individually reviewed,971,false
adac0d18b711,d7,train,images/train/d7/d7_0001113_jpg.rf.403100ba0ef7d50c2224fac97d3a3399_62a803ad01.jpg,D:\lct\datasets\.build_cache\d7\train\images\0001113_jpg.rf.403100ba0ef7d50c2224fac97d3a3399.jpg,val,images/val/d7/d7_0004500_jpg.rf.2455fb6e4dccfae00b6c54a856c51a9b_d62fcc5c5f.jpg,D:\lct\datasets\.build_cache\d7\valid\images\0004500_jpg.rf.2455fb6e4dccfae00b6c54a856c51a9b.jpg,26,10,,-0.04405974596738815,0.19671031832695007,0.5043245553970337,False,,0.38033618330955504,visually_not_leakage,screened out by combined pHash/dHash and pixel/color metrics; not individually reviewed,972,false
8635f77f913a,d7,val,images/val/d7/d7_0002720_jpg.rf.227a9ca448794683710753d844c33293_940ee23b79.jpg,D:\lct\datasets\.build_cache\d7\valid\images\0002720_jpg.rf.227a9ca448794683710753d844c33293.jpg,test,images/test/d7/d7_0001803_jpg.rf.2e0a789ebb9706d33dfe6e71d1506f01_f4ab9cbd4e.jpg,D:\lct\datasets\.build_cache\d7\test\images\0001803_jpg.rf.2e0a789ebb9706d33dfe6e71d1506f01.jpg,16,32,,0.043084558099508286,0.25660043954849243,0.41257956624031067,False,,0.3791207581758499,visually_not_leakage,screened out by combined pHash/dHash and pixel/color metrics; not individually reviewed,973,false
316e4b019385,d7,train,images/train/d7/d7_0004548_jpg.rf.a9619556f3f746971ada2963c533efb1_4808a444d4.jpg,D:\lct\datasets\.build_cache\d7\train\images\0004548_jpg.rf.a9619556f3f746971ada2963c533efb1.jpg,val,images/val/d7/d7_0001587_jpg.rf.eaec429c21a07de7ed7feaecd23f7995_d3f73bd87a.jpg,D:\lct\datasets\.build_cache\d7\valid\images\0001587_jpg.rf.eaec429c21a07de7ed7feaecd23f7995.jpg,16,32,,0.1100255697965622,0.4032408595085144,0.22170768678188324,False,,0.37726638093590736,visually_not_leakage,screened out by combined pHash/dHash and pixel/color metrics; not individually reviewed,974,false
e51f30bcb6f5,d7,train,images/train/d7/d7_0005467_jpg.rf.770590cdd5d1140baab6b1a95149eb8a_9d3e8498a5.jpg,D:\lct\datasets\.build_cache\d7\train\images\0005467_jpg.rf.770590cdd5d1140baab6b1a95149eb8a.jpg,val,images/val/d7/d7_0006289_jpg.rf.2271f028e23340f94bfeaafbdce2efa2_f67b934418.jpg,D:\lct\datasets\.build_cache\d7\valid\images\0006289_jpg.rf.2271f028e23340f94bfeaafbdce2efa2.jpg,16,28,,-0.14862383902072906,0.2510340213775635,0.3558981120586395,False,,0.3627597168087959,visually_not_leakage,screened out by combined pHash/dHash and pixel/color metrics; not individually reviewed,975,false
aafcf69b874d,d7,train,images/train/d7/d7_0004539_jpg.rf.7cb50af65823a8997921118d4d9e645b_8d15c74f89.jpg,D:\lct\datasets\.build_cache\d7\train\images\0004539_jpg.rf.7cb50af65823a8997921118d4d9e645b.jpg,test,images/test/d7/d7_0004766_jpg.rf.f3163cb73ad63d21706ce7cd35017ec8_32e6fbdba4.jpg,D:\lct\datasets\.build_cache\d7\test\images\0004766_jpg.rf.f3163cb73ad63d21706ce7cd35017ec8.jpg,16,26,,0.00503549724817276,0.3036860525608063,0.3042004704475403,False,,0.3617067694664001,visually_not_leakage,screened out by combined pHash/dHash and pixel/color metrics; not individually reviewed,976,false
b7b7d4bf9ef1,d7,train,images/train/d7/d7_0002773_jpg.rf.0ca3e7583f819585f0fcd36dc0c39757_12b4477eee.jpg,D:\lct\datasets\.build_cache\d7\train\images\0002773_jpg.rf.0ca3e7583f819585f0fcd36dc0c39757.jpg,test,images/test/d7/d7_0005950_jpg.rf.a2120193275ec63a63dded863f1cc7e0_a791e98c29.jpg,D:\lct\datasets\.build_cache\d7\test\images\0005950_jpg.rf.a2120193275ec63a63dded863f1cc7e0.jpg,16,32,,0.02489163540303707,0.24982959032058716,0.34061720967292786,False,,0.361049235612154,visually_not_leakage,screened out by combined pHash/dHash and pixel/color metrics; not individually reviewed,977,false
25d61250a761,d7,val,images/val/d7/d7_0005106_jpg.rf.6a7cc79667838901eb283a9981bdb432_d65a858e7c.jpg,D:\lct\datasets\.build_cache\d7\valid\images\0005106_jpg.rf.6a7cc79667838901eb283a9981bdb432.jpg,test,images/test/d7/d7_0001603_jpg.rf.f4043967c597ab57ae7d7897860138c6_4ea155116b.jpg,D:\lct\datasets\.build_cache\d7\test\images\0001603_jpg.rf.f4043967c597ab57ae7d7897860138c6.jpg,16,30,,-0.13060837984085083,0.3319125175476074,0.3434912860393524,False,,0.35621119290590286,visually_not_leakage,screened out by combined pHash/dHash and pixel/color metrics; not individually reviewed,978,false
af512f9f5a28,d7,train,images/train/d7/d7_0003779_jpg.rf.650cb183b101447895fc5b9ca376173d_f9672852e6.jpg,D:\lct\datasets\.build_cache\d7\train\images\0003779_jpg.rf.650cb183b101447895fc5b9ca376173d.jpg,test,images/test/d7/d7_0000988_jpg.rf.a853568943c70ec15d41b16385c4068d_91606efa23.jpg,D:\lct\datasets\.build_cache\d7\test\images\0000988_jpg.rf.a853568943c70ec15d41b16385c4068d.jpg,32,12,,-0.2508593499660492,0.28801700472831726,0.538080632686615,False,,0.3525870949029922,visually_not_leakage,screened out by combined pHash/dHash and pixel/color metrics; not individually reviewed,979,false
b9a774894a22,d7,train,images/train/d7/d7_0002984_jpg.rf.5741e0d244737185c448bf1a920b06b5_3ea9193b03.jpg,D:\lct\datasets\.build_cache\d7\train\images\0002984_jpg.rf.5741e0d244737185c448bf1a920b06b5.jpg,test,images/test/d7/d7_0005832_jpg.rf.f930918de9fc974df18506cea66409b9_0bb5471820.jpg,D:\lct\datasets\.build_cache\d7\test\images\0005832_jpg.rf.f930918de9fc974df18506cea66409b9.jpg,16,30,,-0.009142434224486351,0.36367282271385193,0.3148564100265503,False,,0.3519159615039825,visually_not_leakage,screened out by combined pHash/dHash and pixel/color metrics; not individually reviewed,980,false
ae5b626260d6,d7,train,images/train/d7/d7_0005013_jpg.rf.3181e8533aef21e802ce3c0970a2b061_3fb4a07848.jpg,D:\lct\datasets\.build_cache\d7\train\images\0005013_jpg.rf.3181e8533aef21e802ce3c0970a2b061.jpg,val,images/val/d7/d7_0003037_jpg.rf.37a608b02cd46cf9ca8805d36765d335_bd88cd9b21.jpg,D:\lct\datasets\.build_cache\d7\valid\images\0003037_jpg.rf.37a608b02cd46cf9ca8805d36765d335.jpg,16,31,,-0.17865483462810516,0.34318608045578003,0.3226267099380493,False,,0.3507377564907074,visually_not_leakage,screened out by combined pHash/dHash and pixel/color metrics; not individually reviewed,981,false
f44162ae4858,d7,train,images/train/d7/d7_0000744_jpg.rf.3b27ddc0b6d45e7ca00ef9b22a7e50a3_33e6eae7c5.jpg,D:\lct\datasets\.build_cache\d7\valid\images\0000744_jpg.rf.3b27ddc0b6d45e7ca00ef9b22a7e50a3.jpg,test,images/test/d7/d7_0006491_jpg.rf.6e3556bbed4b6cceeade4e4fb470491e_086bde3689.jpg,D:\lct\datasets\.build_cache\d7\test\images\0006491_jpg.rf.6e3556bbed4b6cceeade4e4fb470491e.jpg,16,40,,0.07863733172416687,0.2502192258834839,0.24795223772525787,False,,0.34989776834845543,visually_not_leakage,screened out by combined pHash/dHash and pixel/color metrics; not individually reviewed,982,false
8bdd1bd733cd,d7,train,images/train/d7/d7_0006290_jpg.rf.1b09a1fde90425fb668fd02a076373bd_2a0df5be48.jpg,D:\lct\datasets\.build_cache\d7\train\images\0006290_jpg.rf.1b09a1fde90425fb668fd02a076373bd.jpg,val,images/val/d7/d7_0003390_jpg.rf.648ab1478cad4744c3a5e4b141e06572_09dbe36da9.jpg,D:\lct\datasets\.build_cache\d7\valid\images\0003390_jpg.rf.648ab1478cad4744c3a5e4b141e06572.jpg,16,34,,0.10375137627124786,0.47250115871429443,0.06119365245103836,False,,0.3459920983761549,visually_not_leakage,screened out by combined pHash/dHash and pixel/color metrics; not individually reviewed,983,false
