iteration,source,group_id,from_split,to_split,old_image,new_image,old_label,new_label,image_sha256,label_sha256
1,d6,d6_asset_0001,train,test,images/train/d6/d6_Heavy_Equipment_5_jpg.rf.a8c910caf9fde582a22cea0eab8ee9e9_e02d696121.jpg,images/test/d6/d6_Heavy_Equipment_5_jpg.rf.a8c910caf9fde582a22cea0eab8ee9e9_e02d696121.jpg,labels/train/d6/d6_Heavy_Equipment_5_jpg.rf.a8c910caf9fde582a22cea0eab8ee9e9_e02d696121.txt,labels/test/d6/d6_Heavy_Equipment_5_jpg.rf.a8c910caf9fde582a22cea0eab8ee9e9_e02d696121.txt,e0fe83f6ecfd4b83c6729d351919fd0b2b180ad11b0366984bdf7855b6d46c6b,7154decbd4c73e808673c0ec422df6a8153f85b960bdf24e573b16ae988adc33
1,d6,d6_asset_0002,test,val,images/test/d6/d6_Heavy_Equipment_2989_jpg.rf.e010cc6b74e06e3952aa8f83d21fc057_cdad188171.jpg,images/val/d6/d6_Heavy_Equipment_2989_jpg.rf.e010cc6b74e06e3952aa8f83d21fc057_cdad188171.jpg,labels/test/d6/d6_Heavy_Equipment_2989_jpg.rf.e010cc6b74e06e3952aa8f83d21fc057_cdad188171.txt,labels/val/d6/d6_Heavy_Equipment_2989_jpg.rf.e010cc6b74e06e3952aa8f83d21fc057_cdad188171.txt,d742ba2c9a6a212b05f952cafca9ef815a538a7a48a6e7919c6dcab0f74458aa,58b8696d0573c50890eb50e6cd962078ce82e668b0d4d38721301d1880d33f7f
1,d6,d6_asset_0003,val,test,images/val/d6/d6_Heavy_Equipment_4808_jpg.rf.19eb0d625878a956d7c928cf148b964f_a48edceea9.jpg,images/test/d6/d6_Heavy_Equipment_4808_jpg.rf.19eb0d625878a956d7c928cf148b964f_a48edceea9.jpg,labels/val/d6/d6_Heavy_Equipment_4808_jpg.rf.19eb0d625878a956d7c928cf148b964f_a48edceea9.txt,labels/test/d6/d6_Heavy_Equipment_4808_jpg.rf.19eb0d625878a956d7c928cf148b964f_a48edceea9.txt,c3f8fe43aaf13872738eaf24b12b46528ab74425a1c2e2c5e2a380ef20767634,c5ef997562605f49aa65acaa7f5371da20d9c11839198ee78b616080255c049e
1,d6,d6_asset_0004,train,test,images/train/d6/d6_Heavy_Equipment_4555_jpg.rf.cb247014b5eccda43164b3d6b99ce749_87b2e284cc.jpg,images/test/d6/d6_Heavy_Equipment_4555_jpg.rf.cb247014b5eccda43164b3d6b99ce749_87b2e284cc.jpg,labels/train/d6/d6_Heavy_Equipment_4555_jpg.rf.cb247014b5eccda43164b3d6b99ce749_87b2e284cc.txt,labels/test/d6/d6_Heavy_Equipment_4555_jpg.rf.cb247014b5eccda43164b3d6b99ce749_87b2e284cc.txt,ed312d84b59be7e39ac9ef6a4361d86473ed79fa88b8b992ae791f89cc9a7c07,aa0ce1c9ab01e0baa93854237d027b631df1f4ff38da1770022454098170887a
1,d6,d6_asset_0005,test,train,images/test/d6/d6_Heavy_Equipment_3343_jpg.rf.2c20df6c45a6ca1bc41a8798a02508fb_90cec54d1f.jpg,images/train/d6/d6_Heavy_Equipment_3343_jpg.rf.2c20df6c45a6ca1bc41a8798a02508fb_90cec54d1f.jpg,labels/test/d6/d6_Heavy_Equipment_3343_jpg.rf.2c20df6c45a6ca1bc41a8798a02508fb_90cec54d1f.txt,labels/train/d6/d6_Heavy_Equipment_3343_jpg.rf.2c20df6c45a6ca1bc41a8798a02508fb_90cec54d1f.txt,bccdd57125cec6484e52e1b15c91a7b6ccf3bbef54bfd23272928f8d0f17bdfe,32c24d415d184497acaae7769b3d793f3aa7188c1a2721c5237b602e0db0436a
1,d6,d6_asset_0006,train,test,images/train/d6/d6_Heavy_Equipment_4953_jpg.rf.b25317c02618173042c273371ffde87e_53b5752b0d.jpg,images/test/d6/d6_Heavy_Equipment_4953_jpg.rf.b25317c02618173042c273371ffde87e_53b5752b0d.jpg,labels/train/d6/d6_Heavy_Equipment_4953_jpg.rf.b25317c02618173042c273371ffde87e_53b5752b0d.txt,labels/test/d6/d6_Heavy_Equipment_4953_jpg.rf.b25317c02618173042c273371ffde87e_53b5752b0d.txt,69567d21805b3fb4a2fb731dc327c7e574b877c5a4db365ed534d20f2f4f18e8,683f0e47b8490b2f27e343be6ec8dad0aa99ed6d24da0552ddcd51d842435a44
1,d6,d6_asset_0007,test,train,images/test/d6/d6_Heavy_Equipment_3431_jpg.rf.9bdf224a9b835b91c4ae3660bafa5d4b_4e25430fcc.jpg,images/train/d6/d6_Heavy_Equipment_3431_jpg.rf.9bdf224a9b835b91c4ae3660bafa5d4b_4e25430fcc.jpg,labels/test/d6/d6_Heavy_Equipment_3431_jpg.rf.9bdf224a9b835b91c4ae3660bafa5d4b_4e25430fcc.txt,labels/train/d6/d6_Heavy_Equipment_3431_jpg.rf.9bdf224a9b835b91c4ae3660bafa5d4b_4e25430fcc.txt,da1a3ad235fb6d38856deba1826d2e9528337c18bc94b17fc4750d79933c97c4,11826eff7e66c1cefb26aa73690415ae720ecad3c8157c446976ba428f2c3d8e
1,d6,d6_asset_0008,train,test,images/train/d6/d6_Heavy_Equipment_3448_jpg.rf.36ba5a06e6f10d1e4863e015bc0d957e_7d86fc827b.jpg,images/test/d6/d6_Heavy_Equipment_3448_jpg.rf.36ba5a06e6f10d1e4863e015bc0d957e_7d86fc827b.jpg,labels/train/d6/d6_Heavy_Equipment_3448_jpg.rf.36ba5a06e6f10d1e4863e015bc0d957e_7d86fc827b.txt,labels/test/d6/d6_Heavy_Equipment_3448_jpg.rf.36ba5a06e6f10d1e4863e015bc0d957e_7d86fc827b.txt,38e23b72b7e4b898856c461f6bca34b5ac8af866dbe8f4481d5cdff43b029089,7e85dc9bd26d06c68c2758709af45e9c6e55899db32fa109510539c16ec9571f
1,d6,d6_asset_0009,train,test,images/train/d6/d6_Heavy_Equipment_3312_jpg.rf.41ff65977857eecc0cf5bf99033075a7_9f2e6985f4.jpg,images/test/d6/d6_Heavy_Equipment_3312_jpg.rf.41ff65977857eecc0cf5bf99033075a7_9f2e6985f4.jpg,labels/train/d6/d6_Heavy_Equipment_3312_jpg.rf.41ff65977857eecc0cf5bf99033075a7_9f2e6985f4.txt,labels/test/d6/d6_Heavy_Equipment_3312_jpg.rf.41ff65977857eecc0cf5bf99033075a7_9f2e6985f4.txt,17e389362a5e6947d6c948b2f2240db196ea1fc7adef1f870f8036c4ea105249,75672c2badd24c8bce9172bede57a1f449fbb0f2dfeb9e0d7a8525edbb56f86c
1,d6,d6_asset_0010,train,test,images/train/d6/d6_Heavy_Equipment_4892_jpg.rf.a606a909f2770a3943049d9c5e0ed127_b56a6cadd7.jpg,images/test/d6/d6_Heavy_Equipment_4892_jpg.rf.a606a909f2770a3943049d9c5e0ed127_b56a6cadd7.jpg,labels/train/d6/d6_Heavy_Equipment_4892_jpg.rf.a606a909f2770a3943049d9c5e0ed127_b56a6cadd7.txt,labels/test/d6/d6_Heavy_Equipment_4892_jpg.rf.a606a909f2770a3943049d9c5e0ed127_b56a6cadd7.txt,1f67246fb2b65890354a7d45624a93e0ae14b5fb54d90ed59a6fdde42087611c,7c2cb5bef39f56b8d1baa562783e9da01ab111a9cdbadcef78dab1cbedd0ae52
1,d6,d6_asset_0011,test,train,images/test/d6/d6_Heavy_Equipment_4261_jpg.rf.4cf29d5c1a632ef8ea69e208c216cc04_10abf30b5d.jpg,images/train/d6/d6_Heavy_Equipment_4261_jpg.rf.4cf29d5c1a632ef8ea69e208c216cc04_10abf30b5d.jpg,labels/test/d6/d6_Heavy_Equipment_4261_jpg.rf.4cf29d5c1a632ef8ea69e208c216cc04_10abf30b5d.txt,labels/train/d6/d6_Heavy_Equipment_4261_jpg.rf.4cf29d5c1a632ef8ea69e208c216cc04_10abf30b5d.txt,ddd9ae769366c6b20e51d9c83bdfa3895e4d75e10122730931fded031cc01d41,e0b50ca6f2997fec46d504088709be144bddb9bc67e6665d03ca39484a2f272a
1,d6,d6_asset_0012,test,train,images/test/d6/d6_Heavy_Equipment_4495_jpg.rf.3136a502d11ec289850332f7f59634e0_c3e5828304.jpg,images/train/d6/d6_Heavy_Equipment_4495_jpg.rf.3136a502d11ec289850332f7f59634e0_c3e5828304.jpg,labels/test/d6/d6_Heavy_Equipment_4495_jpg.rf.3136a502d11ec289850332f7f59634e0_c3e5828304.txt,labels/train/d6/d6_Heavy_Equipment_4495_jpg.rf.3136a502d11ec289850332f7f59634e0_c3e5828304.txt,6e918453aa572c0abaa0305e41099764b17c14e1c9b90ed55ae5f66e56a8f400,5b4fd8ada735a43f2467d81ac56cdecdfa1b77e1705331abeac93568e7a05f60
1,d6,d6_asset_0013,val,test,images/val/d6/d6_Heavy_Equipment_6_jpg.rf.ade146b12475c7cf50fcf109120975bc_60284134f0.jpg,images/test/d6/d6_Heavy_Equipment_6_jpg.rf.ade146b12475c7cf50fcf109120975bc_60284134f0.jpg,labels/val/d6/d6_Heavy_Equipment_6_jpg.rf.ade146b12475c7cf50fcf109120975bc_60284134f0.txt,labels/test/d6/d6_Heavy_Equipment_6_jpg.rf.ade146b12475c7cf50fcf109120975bc_60284134f0.txt,222d53f321075b8900cfb84fe6fb1336905974a402b648a930a7efe4c10fca64,63d26e025c05b1ef006b333872a615b39103376a7618722577c1b06a55f4c1cd
1,d6,d6_asset_0014,val,test,images/val/d6/d6_Heavy_Equipment_3058_jpg.rf.bebea3156106bbf1b8d1e37b08fae19a_a7cf3162c2.jpg,images/test/d6/d6_Heavy_Equipment_3058_jpg.rf.bebea3156106bbf1b8d1e37b08fae19a_a7cf3162c2.jpg,labels/val/d6/d6_Heavy_Equipment_3058_jpg.rf.bebea3156106bbf1b8d1e37b08fae19a_a7cf3162c2.txt,labels/test/d6/d6_Heavy_Equipment_3058_jpg.rf.bebea3156106bbf1b8d1e37b08fae19a_a7cf3162c2.txt,a20f57776aab4840a51eaf114c76f6b96d615ec3ef8ed66a7a5cdf47f47d0cb3,aa21079781186e5081c4884bfdd93818f46e18f114dd7b0552dc6144ee6df19e
1,d6,d6_asset_0015,test,val,images/test/d6/d6_Heavy_Equipment_4724_jpg.rf.5f0f90ab8fe9c23fbee464b64c5e760d_71c1146397.jpg,images/val/d6/d6_Heavy_Equipment_4724_jpg.rf.5f0f90ab8fe9c23fbee464b64c5e760d_71c1146397.jpg,labels/test/d6/d6_Heavy_Equipment_4724_jpg.rf.5f0f90ab8fe9c23fbee464b64c5e760d_71c1146397.txt,labels/val/d6/d6_Heavy_Equipment_4724_jpg.rf.5f0f90ab8fe9c23fbee464b64c5e760d_71c1146397.txt,b54fee8290f75d452fd9bf192dc8b9cb0fb9f4aba7bbd5493ba2eba33e5ac0f5,c4deb30aabef21afdc2306ad9063f4b31433c2d60122b9e65cdffa696cab3491
1,d6,d6_asset_0016,train,test,images/train/d6/d6_Heavy_Equipment_4238_jpg.rf.59ca83b16175ede30161f04f36538a63_4b54620bb3.jpg,images/test/d6/d6_Heavy_Equipment_4238_jpg.rf.59ca83b16175ede30161f04f36538a63_4b54620bb3.jpg,labels/train/d6/d6_Heavy_Equipment_4238_jpg.rf.59ca83b16175ede30161f04f36538a63_4b54620bb3.txt,labels/test/d6/d6_Heavy_Equipment_4238_jpg.rf.59ca83b16175ede30161f04f36538a63_4b54620bb3.txt,b7e92e1d2555ea4f0b1cf268d7fc14b1ca397b3e17f9c31a4e3d918c8271d04f,d756d7c97210d6b2bbd7bf18ca7d9402a35074d9a7a73a5be9b2d931643a2cf8
1,d6,d6_asset_0017,test,train,images/test/d6/d6_Heavy_Equipment_4812_jpg.rf.38dffbf276f19ce70d7e58da26c31dc7_72cfaf6017.jpg,images/train/d6/d6_Heavy_Equipment_4812_jpg.rf.38dffbf276f19ce70d7e58da26c31dc7_72cfaf6017.jpg,labels/test/d6/d6_Heavy_Equipment_4812_jpg.rf.38dffbf276f19ce70d7e58da26c31dc7_72cfaf6017.txt,labels/train/d6/d6_Heavy_Equipment_4812_jpg.rf.38dffbf276f19ce70d7e58da26c31dc7_72cfaf6017.txt,92f1e1564cce8a80a69ac2a618146c119eaea2a1f3f6a2222987d35d048f23f1,0975fa038c52e625fbfe09808610ac3902d8d858093bf1ebcf2876525583b74c
1,d6,d6_asset_0018,test,train,images/test/d6/d6_Heavy_Equipment_4855_jpg.rf.47d5614b00e1ddb211dea33531b16533_4492b48432.jpg,images/train/d6/d6_Heavy_Equipment_4855_jpg.rf.47d5614b00e1ddb211dea33531b16533_4492b48432.jpg,labels/test/d6/d6_Heavy_Equipment_4855_jpg.rf.47d5614b00e1ddb211dea33531b16533_4492b48432.txt,labels/train/d6/d6_Heavy_Equipment_4855_jpg.rf.47d5614b00e1ddb211dea33531b16533_4492b48432.txt,bb41428834cce66e2bd38bd9b5f8e7f4e0ac5e448ce8360ed69b0b128f54fae5,8d4fa55d7e8d03ff97b85d14e75af4e94d0ca03e2833353791e3246c0ac51485
1,d6,d6_asset_0019,train,test,images/train/d6/d6_Heavy_Equipment_3027_jpg.rf.dc74b7e2c15eb615bb3f30d4b712d9f7_ccf9f9d69b.jpg,images/test/d6/d6_Heavy_Equipment_3027_jpg.rf.dc74b7e2c15eb615bb3f30d4b712d9f7_ccf9f9d69b.jpg,labels/train/d6/d6_Heavy_Equipment_3027_jpg.rf.dc74b7e2c15eb615bb3f30d4b712d9f7_ccf9f9d69b.txt,labels/test/d6/d6_Heavy_Equipment_3027_jpg.rf.dc74b7e2c15eb615bb3f30d4b712d9f7_ccf9f9d69b.txt,60298c77076f5587b8bdcaab0b51b0875a5f8e6189568ec2949620d1cea8ee07,f3452a43d9aed2ca50ec164ea3128c33c6ffc8359884865f1462c173cf394faf
1,d6,d6_asset_0020,test,train,images/test/d6/d6_Heavy_Equipment_4942_jpg.rf.c0e968ec9e950057ad7dc701d9339c29_101174ac17.jpg,images/train/d6/d6_Heavy_Equipment_4942_jpg.rf.c0e968ec9e950057ad7dc701d9339c29_101174ac17.jpg,labels/test/d6/d6_Heavy_Equipment_4942_jpg.rf.c0e968ec9e950057ad7dc701d9339c29_101174ac17.txt,labels/train/d6/d6_Heavy_Equipment_4942_jpg.rf.c0e968ec9e950057ad7dc701d9339c29_101174ac17.txt,ec5c7d39c60d08130faf4b9d947701c7202f689ef988e4860a5f8eb9e54bd401,7eb6598a580abd65bb2b89dce9f3e84bf44cd063aaf7484f401c15d3bb123852
1,d6,d6_asset_0021,test,val,images/test/d6/d6_Heavy_Equipment_4956_jpg.rf.6f2fa6e92b9a2ded6e176afb1f6b6bea_9f6f15eecd.jpg,images/val/d6/d6_Heavy_Equipment_4956_jpg.rf.6f2fa6e92b9a2ded6e176afb1f6b6bea_9f6f15eecd.jpg,labels/test/d6/d6_Heavy_Equipment_4956_jpg.rf.6f2fa6e92b9a2ded6e176afb1f6b6bea_9f6f15eecd.txt,labels/val/d6/d6_Heavy_Equipment_4956_jpg.rf.6f2fa6e92b9a2ded6e176afb1f6b6bea_9f6f15eecd.txt,77f740993d5f90a6f9859d50e06d73c8a3170b9290c5480e619f41f4bbd0b8ef,798df68371888a988145b59eb722e73f935c38505c72e0e7e7a221eeb31875d1
1,d6,d6_asset_0022,test,val,images/test/d6/d6_Heavy_Equipment_4975_jpg.rf.612385b401a3812ee55eab71242cf853_e649c1b074.jpg,images/val/d6/d6_Heavy_Equipment_4975_jpg.rf.612385b401a3812ee55eab71242cf853_e649c1b074.jpg,labels/test/d6/d6_Heavy_Equipment_4975_jpg.rf.612385b401a3812ee55eab71242cf853_e649c1b074.txt,labels/val/d6/d6_Heavy_Equipment_4975_jpg.rf.612385b401a3812ee55eab71242cf853_e649c1b074.txt,12df33ef8182292b67240c2af7ab70f93c237c93ba58dea545e6c2bcf831367d,d0a65136cbab9ca74724e3f07063c0297690a4b9c4038768e0d5c5cbc01ae06c
1,d6,d6_asset_0023,train,test,images/train/d6/d6_Heavy_Equipment_4198_jpg.rf.64c8f4a59db3ec0c8db16693dc80eb3c_468e8a47bf.jpg,images/test/d6/d6_Heavy_Equipment_4198_jpg.rf.64c8f4a59db3ec0c8db16693dc80eb3c_468e8a47bf.jpg,labels/train/d6/d6_Heavy_Equipment_4198_jpg.rf.64c8f4a59db3ec0c8db16693dc80eb3c_468e8a47bf.txt,labels/test/d6/d6_Heavy_Equipment_4198_jpg.rf.64c8f4a59db3ec0c8db16693dc80eb3c_468e8a47bf.txt,03a055631c4c07454c3434a0993768ae4540996d352f6d9da35cabff24a29807,7f9ad47312a81fd6f7e59ef47fcee5c631204126f5de5aae90fa2bfa2dc5f1fc
1,d6,d6_asset_0024,test,train,images/test/d6/d6_Heavy_Equipment_57_jpg.rf.1d3b5504e5deb021f299d8e94f40911d_b98847ec9b.jpg,images/train/d6/d6_Heavy_Equipment_57_jpg.rf.1d3b5504e5deb021f299d8e94f40911d_b98847ec9b.jpg,labels/test/d6/d6_Heavy_Equipment_57_jpg.rf.1d3b5504e5deb021f299d8e94f40911d_b98847ec9b.txt,labels/train/d6/d6_Heavy_Equipment_57_jpg.rf.1d3b5504e5deb021f299d8e94f40911d_b98847ec9b.txt,e84640d9b69a8748993fda7497a66e3d68f8c6d72023ccadeb4612e5f4a8afe4,d0439ca7f1f96314fffd8e2c5187dad07aaf270e81d349950f6aeefd6b32f3fa
1,d6,d6_asset_0025,train,test,images/train/d6/d6_Heavy_Equipment_3747_jpg.rf.7a8428d15815effa64121f3c54b155c3_e81f4340d2.jpg,images/test/d6/d6_Heavy_Equipment_3747_jpg.rf.7a8428d15815effa64121f3c54b155c3_e81f4340d2.jpg,labels/train/d6/d6_Heavy_Equipment_3747_jpg.rf.7a8428d15815effa64121f3c54b155c3_e81f4340d2.txt,labels/test/d6/d6_Heavy_Equipment_3747_jpg.rf.7a8428d15815effa64121f3c54b155c3_e81f4340d2.txt,34a55cf76fff10ae6534e3b6e0a9ff4b0e56492aaccdce2091d4597463e5b327,80092b8ef77cf6f030437a83e661263eb12ecaa392295a29d88ba2762cf3d3e7
1,d6,d6_asset_0026,test,train,images/test/d6/d6_Heavy_Equipment_6306_jpg.rf.82f1beb0f09d3046007f9659dd2cbabe_6630a6028c.jpg,images/train/d6/d6_Heavy_Equipment_6306_jpg.rf.82f1beb0f09d3046007f9659dd2cbabe_6630a6028c.jpg,labels/test/d6/d6_Heavy_Equipment_6306_jpg.rf.82f1beb0f09d3046007f9659dd2cbabe_6630a6028c.txt,labels/train/d6/d6_Heavy_Equipment_6306_jpg.rf.82f1beb0f09d3046007f9659dd2cbabe_6630a6028c.txt,5f8618b14358a490f5f32588b5578a336469087386e7f8895f07805c8cab59d9,8498d867910170fc05b8a8640858ae3fc6d2ad7946c4bccf55c84162de7cfc6a
1,d6,d6_asset_0027,test,train,images/test/d6/d6_M_B_SHACMAN-X3000-Mixer-Truck-6x4_jpg.rf.f3a96ebb427c877e8a4fb2c1bc68065d_73373553ba.jpg,images/train/d6/d6_M_B_SHACMAN-X3000-Mixer-Truck-6x4_jpg.rf.f3a96ebb427c877e8a4fb2c1bc68065d_73373553ba.jpg,labels/test/d6/d6_M_B_SHACMAN-X3000-Mixer-Truck-6x4_jpg.rf.f3a96ebb427c877e8a4fb2c1bc68065d_73373553ba.txt,labels/train/d6/d6_M_B_SHACMAN-X3000-Mixer-Truck-6x4_jpg.rf.f3a96ebb427c877e8a4fb2c1bc68065d_73373553ba.txt,52c3e5669ff23731d3713dd433ad0827da1d424a63b2713a263873bd33a9b74a,11f1a1de15b56ecd51e39c2bc56175bdffc90bcaa8a3a3d98922b83939514887
1,d6,d6_asset_0028,train,test,images/train/d6/d6_M_D_main_novus_mixer2_jpg.rf.83c7df387bf3bb7ba9b6803cc671680a_b1cc0eabcc.jpg,images/test/d6/d6_M_D_main_novus_mixer2_jpg.rf.83c7df387bf3bb7ba9b6803cc671680a_b1cc0eabcc.jpg,labels/train/d6/d6_M_D_main_novus_mixer2_jpg.rf.83c7df387bf3bb7ba9b6803cc671680a_b1cc0eabcc.txt,labels/test/d6/d6_M_D_main_novus_mixer2_jpg.rf.83c7df387bf3bb7ba9b6803cc671680a_b1cc0eabcc.txt,db33d39d6254a272e2f491a14b5e22b29cef685d2ff5bb80f4ceab88b72af824,f6092d27b9c689d10bbbecb645d5f3a79d4d9a99ce91401841e8f8b7339ca9e1
1,d6,d6_asset_0029,test,val,images/test/d6/d6_M_M_6334443-photo-camion_jpg.rf.73ac3d89ca82dcf782f221e2058ca697_2769cffff4.jpg,images/val/d6/d6_M_M_6334443-photo-camion_jpg.rf.73ac3d89ca82dcf782f221e2058ca697_2769cffff4.jpg,labels/test/d6/d6_M_M_6334443-photo-camion_jpg.rf.73ac3d89ca82dcf782f221e2058ca697_2769cffff4.txt,labels/val/d6/d6_M_M_6334443-photo-camion_jpg.rf.73ac3d89ca82dcf782f221e2058ca697_2769cffff4.txt,252aead0dec95403c6e07a341dc57521c15f0cba14433166063c60a377f6816e,154cf459dba73272fa44ee5021cb2f6fc628f4740e4f029e50dc05c52ed8c1c2
1,d6,d6_asset_0030,train,test,images/train/d6/d6_M_M_image30_jpeg.rf.d1b3929fbbdcfda0aa7c2275ce7dedcd_08e2940389.jpg,images/test/d6/d6_M_M_image30_jpeg.rf.d1b3929fbbdcfda0aa7c2275ce7dedcd_08e2940389.jpg,labels/train/d6/d6_M_M_image30_jpeg.rf.d1b3929fbbdcfda0aa7c2275ce7dedcd_08e2940389.txt,labels/test/d6/d6_M_M_image30_jpeg.rf.d1b3929fbbdcfda0aa7c2275ce7dedcd_08e2940389.txt,c722f9af32ac53a2d5fd67234f1649300b195de98ede0d6c099db5c1cfdbd381,49533086f668fc0765d51970cf457f392d81984aa008cffb6601f5ca545a90c8
1,d6,d6_asset_0031,test,val,images/test/d6/d6_M_M_8237_9098953363291_jpg.rf.2c37b9ba95584dd2e9cc4d67bbd55958_7e6b0b64be.jpg,images/val/d6/d6_M_M_8237_9098953363291_jpg.rf.2c37b9ba95584dd2e9cc4d67bbd55958_7e6b0b64be.jpg,labels/test/d6/d6_M_M_8237_9098953363291_jpg.rf.2c37b9ba95584dd2e9cc4d67bbd55958_7e6b0b64be.txt,labels/val/d6/d6_M_M_8237_9098953363291_jpg.rf.2c37b9ba95584dd2e9cc4d67bbd55958_7e6b0b64be.txt,fa4fdc3e87465f0d87bb0602fa0f31c6500bfa5fbbef583175dd8bc394b781fe,3d8b65fd15a26ccb0f7eaa47855756fd836a203b5602573e0c87b5fd94f6c9f7
1,d6,d6_asset_0032,test,val,images/test/d6/d6_M_M_9649_5466006869255_jpg.rf.70687411f5f97bee67c7bfea750d606b_e0960bb0c2.jpg,images/val/d6/d6_M_M_9649_5466006869255_jpg.rf.70687411f5f97bee67c7bfea750d606b_e0960bb0c2.jpg,labels/test/d6/d6_M_M_9649_5466006869255_jpg.rf.70687411f5f97bee67c7bfea750d606b_e0960bb0c2.txt,labels/val/d6/d6_M_M_9649_5466006869255_jpg.rf.70687411f5f97bee67c7bfea750d606b_e0960bb0c2.txt,3c4e6e79f648fd58ae02730dcb31fc54b84e6108a6c404a985c7bddbe5ecf865,b035c9414f263e74dfd4d9ed516d8e78431ba338ad348a10feebfbd61a816627
1,d6,d6_asset_0033,train,test,images/train/d6/d6_M_M_3-Manual-Steel-Suspension-1645805220708992222_common-22022518064830785200_jpg.rf.ed0db40007f4e77_5a3dbf0148.jpg,images/test/d6/d6_M_M_3-Manual-Steel-Suspension-1645805220708992222_common-22022518064830785200_jpg.rf.ed0db40007f4e77_5a3dbf0148.jpg,labels/train/d6/d6_M_M_3-Manual-Steel-Suspension-1645805220708992222_common-22022518064830785200_jpg.rf.ed0db40007f4e77_5a3dbf0148.txt,labels/test/d6/d6_M_M_3-Manual-Steel-Suspension-1645805220708992222_common-22022518064830785200_jpg.rf.ed0db40007f4e77_5a3dbf0148.txt,9a40d75fed45b23a2f8c661af4c6ace0ed650215251e1a92c58e2a1472e0f992,0e9d11c00fa6a03e9f6e1e47296780bd41b934e401b4ab9c0373b3ff38809f2b
1,d6,d6_asset_0033,val,test,images/val/d6/d6_M_M_7510870_jpg.rf.fd5dd5c30b1d5df8fab4bad11cf16fdf_d2f43e9424.jpg,images/test/d6/d6_M_M_7510870_jpg.rf.fd5dd5c30b1d5df8fab4bad11cf16fdf_d2f43e9424.jpg,labels/val/d6/d6_M_M_7510870_jpg.rf.fd5dd5c30b1d5df8fab4bad11cf16fdf_d2f43e9424.txt,labels/test/d6/d6_M_M_7510870_jpg.rf.fd5dd5c30b1d5df8fab4bad11cf16fdf_d2f43e9424.txt,a2140f4978b75fce0223d6933fd1b9c4ac6dfe386cc64473aaf8fb4da8545960,e921fb712e15ce4876af5e7eb97d7cde3b4a409598f33782fe54bb125a6c0040
1,d6,d6_asset_0034,train,test,images/train/d6/d6_M_M_transit-concrete-mixers-250x250_jpg.rf.4b8c337014657cdbd8f326f7d0f50dad_1940dfb149.jpg,images/test/d6/d6_M_M_transit-concrete-mixers-250x250_jpg.rf.4b8c337014657cdbd8f326f7d0f50dad_1940dfb149.jpg,labels/train/d6/d6_M_M_transit-concrete-mixers-250x250_jpg.rf.4b8c337014657cdbd8f326f7d0f50dad_1940dfb149.txt,labels/test/d6/d6_M_M_transit-concrete-mixers-250x250_jpg.rf.4b8c337014657cdbd8f326f7d0f50dad_1940dfb149.txt,dabde868b214782d9b18d2e4329d5aea753ebdb9b69aa3782a46903e72fc7664,df52130c7ebfd8b8b9e8e02368cd1d7e1a0b1ce8b0d8d0674291f28783de60a4
1,d6,d6_asset_0035,train,test,images/train/d6/d6_M_S_49584300107_7f94a31949_b_jpg.rf.2cc87b21ebca28a6d498008162a6b45c_15121f7a7a.jpg,images/test/d6/d6_M_S_49584300107_7f94a31949_b_jpg.rf.2cc87b21ebca28a6d498008162a6b45c_15121f7a7a.jpg,labels/train/d6/d6_M_S_49584300107_7f94a31949_b_jpg.rf.2cc87b21ebca28a6d498008162a6b45c_15121f7a7a.txt,labels/test/d6/d6_M_S_49584300107_7f94a31949_b_jpg.rf.2cc87b21ebca28a6d498008162a6b45c_15121f7a7a.txt,160f608bb32b23c94c0c33c709f391555ff366e4c2962b1ca60bf8c79cef249e,59909ba33265a4045e9b7e004e8c85252dfa20df8dba84765e419b6c5a24556e
1,d6,d6_asset_0036,test,train,images/test/d6/d6_M_S_images62_jpg.rf.fea32e063106d458d056ac18656e6f0f_d5cfe11b74.jpg,images/train/d6/d6_M_S_images62_jpg.rf.fea32e063106d458d056ac18656e6f0f_d5cfe11b74.jpg,labels/test/d6/d6_M_S_images62_jpg.rf.fea32e063106d458d056ac18656e6f0f_d5cfe11b74.txt,labels/train/d6/d6_M_S_images62_jpg.rf.fea32e063106d458d056ac18656e6f0f_d5cfe11b74.txt,2fc35cd5ddd1e5b6583d5d019dcd2b8c4d03003f05ad9d693a73b3b9b9681730,6f99c24b22504945e179095c4714faf90332c55ff3283cffd6f5db005ddfb59d
1,d6,d6_asset_0037,train,test,images/train/d6/d6_M_S_-SCANIA-P-340-6x4-Betonmixer-1646042987826388682_big-22022812071069949400_jpg.rf.b566d6dc71718fe_de795f0430.jpg,images/test/d6/d6_M_S_-SCANIA-P-340-6x4-Betonmixer-1646042987826388682_big-22022812071069949400_jpg.rf.b566d6dc71718fe_de795f0430.jpg,labels/train/d6/d6_M_S_-SCANIA-P-340-6x4-Betonmixer-1646042987826388682_big-22022812071069949400_jpg.rf.b566d6dc71718fe_de795f0430.txt,labels/test/d6/d6_M_S_-SCANIA-P-340-6x4-Betonmixer-1646042987826388682_big-22022812071069949400_jpg.rf.b566d6dc71718fe_de795f0430.txt,599d53a186a72f583f86d206a9fc7cd1f97c6a3e8df94f2617f14b029a681ec8,f31445420e80b6579714b0f5b0f6397d1b7ec151476c302318f1452d24a31492
1,d6,d6_asset_0038,test,train,images/test/d6/d6_M_S_maxresdefault3_jpg.rf.cd9e4dbce949a101f3c7fe6c89900551_700373555c.jpg,images/train/d6/d6_M_S_maxresdefault3_jpg.rf.cd9e4dbce949a101f3c7fe6c89900551_700373555c.jpg,labels/test/d6/d6_M_S_maxresdefault3_jpg.rf.cd9e4dbce949a101f3c7fe6c89900551_700373555c.txt,labels/train/d6/d6_M_S_maxresdefault3_jpg.rf.cd9e4dbce949a101f3c7fe6c89900551_700373555c.txt,14daf0cc8e00b9b718ad8a8d8a1508f937f4400d6db55e587c0f4e6844200b81,327b60ba84371a8b2a598ea3eac58fd00515c01ff6c233381bf9d324fb420123
1,d6,d6_asset_0039,train,val,images/train/d6/d6_Heavy_Equipment_1363_jpg.rf.9b342528aa03597a8f1e4f378aefec10_1ad4460d93.jpg,images/val/d6/d6_Heavy_Equipment_1363_jpg.rf.9b342528aa03597a8f1e4f378aefec10_1ad4460d93.jpg,labels/train/d6/d6_Heavy_Equipment_1363_jpg.rf.9b342528aa03597a8f1e4f378aefec10_1ad4460d93.txt,labels/val/d6/d6_Heavy_Equipment_1363_jpg.rf.9b342528aa03597a8f1e4f378aefec10_1ad4460d93.txt,19db62f95adb5ad0ff325bb8501e5ab6bdeff75b291a233290da66ef83cc7e83,d79f5be7e44c7bc016a4a494a30afb477ca788b1fd2572751d09a6a74319dead
1,d6,d6_asset_0040,val,train,images/val/d6/d6_Heavy_Equipment_659_jpg.rf.481c940cd58e2b09e39da2d8d8ac0476_001fc47772.jpg,images/train/d6/d6_Heavy_Equipment_659_jpg.rf.481c940cd58e2b09e39da2d8d8ac0476_001fc47772.jpg,labels/val/d6/d6_Heavy_Equipment_659_jpg.rf.481c940cd58e2b09e39da2d8d8ac0476_001fc47772.txt,labels/train/d6/d6_Heavy_Equipment_659_jpg.rf.481c940cd58e2b09e39da2d8d8ac0476_001fc47772.txt,79130b6aa0c19fd610ddd8fcdcb30c118ac3308e48ae9f0c41b4dc0338f6cdc2,32a4996e74edb1facbc9bfb49e915935139ba70b147cdb682887da6deaca0906
1,d6,d6_asset_0041,val,train,images/val/d6/d6_Heavy_Equipment_861_jpg.rf.b91b705d13caa326a5142f69386bacf4_be60862eb6.jpg,images/train/d6/d6_Heavy_Equipment_861_jpg.rf.b91b705d13caa326a5142f69386bacf4_be60862eb6.jpg,labels/val/d6/d6_Heavy_Equipment_861_jpg.rf.b91b705d13caa326a5142f69386bacf4_be60862eb6.txt,labels/train/d6/d6_Heavy_Equipment_861_jpg.rf.b91b705d13caa326a5142f69386bacf4_be60862eb6.txt,791054757ae1c1e4d06c4777f68673943c0945997d9f0023d82160650df0ef6f,fe627bf36cb6f6cb35cf9a6a981c4ccdb41126e026bc86632a755f018ebc6fe7
1,d6,d6_asset_0042,val,train,images/val/d6/d6_Heavy_Equipment_2576_jpg.rf.a0bfc5e636b98ec156c6ffb20a1d6141_f550f337fb.jpg,images/train/d6/d6_Heavy_Equipment_2576_jpg.rf.a0bfc5e636b98ec156c6ffb20a1d6141_f550f337fb.jpg,labels/val/d6/d6_Heavy_Equipment_2576_jpg.rf.a0bfc5e636b98ec156c6ffb20a1d6141_f550f337fb.txt,labels/train/d6/d6_Heavy_Equipment_2576_jpg.rf.a0bfc5e636b98ec156c6ffb20a1d6141_f550f337fb.txt,72b63ea0abfc5bab9361b0878d5e79ce24c0512372d0341eec1d33e20106148a,a04e0a488b1f148d3bf6769e1d6b76c676d389cd11667d5acc47ceb74470ab6b
1,d6,d6_asset_0043,val,train,images/val/d6/d6_Heavy_Equipment_4459_jpg.rf.8330a07afc6f5af12595cc8843ae6688_0e9f69bdbe.jpg,images/train/d6/d6_Heavy_Equipment_4459_jpg.rf.8330a07afc6f5af12595cc8843ae6688_0e9f69bdbe.jpg,labels/val/d6/d6_Heavy_Equipment_4459_jpg.rf.8330a07afc6f5af12595cc8843ae6688_0e9f69bdbe.txt,labels/train/d6/d6_Heavy_Equipment_4459_jpg.rf.8330a07afc6f5af12595cc8843ae6688_0e9f69bdbe.txt,aad63af0b5efcce45814fdb035abcf312f19d3a1e016317d2f06f13311d9d184,aa90692c1bb37c4409a0734dbc0add3787af4ec57a826d82a6ccd36eeaa02adb
1,d6,d6_asset_0044,train,val,images/train/d6/d6_Heavy_Equipment_3348_jpg.rf.eee41db6ac9f4a171f7702ac70b1c0cd_216f96ff57.jpg,images/val/d6/d6_Heavy_Equipment_3348_jpg.rf.eee41db6ac9f4a171f7702ac70b1c0cd_216f96ff57.jpg,labels/train/d6/d6_Heavy_Equipment_3348_jpg.rf.eee41db6ac9f4a171f7702ac70b1c0cd_216f96ff57.txt,labels/val/d6/d6_Heavy_Equipment_3348_jpg.rf.eee41db6ac9f4a171f7702ac70b1c0cd_216f96ff57.txt,6a8d140149633993adfcd4f6e6cee85ee49543f2738e510acd65b1e5ca210eb0,5c81b7b30b5a6852d47b833738b46d2aae169c6a943a3fb1a4baeec381672028
1,d6,d6_asset_0045,val,train,images/val/d6/d6_Heavy_Equipment_3367_jpg.rf.ad5e97d004b4f7b40ba6e1563b3bd8c7_99879aa487.jpg,images/train/d6/d6_Heavy_Equipment_3367_jpg.rf.ad5e97d004b4f7b40ba6e1563b3bd8c7_99879aa487.jpg,labels/val/d6/d6_Heavy_Equipment_3367_jpg.rf.ad5e97d004b4f7b40ba6e1563b3bd8c7_99879aa487.txt,labels/train/d6/d6_Heavy_Equipment_3367_jpg.rf.ad5e97d004b4f7b40ba6e1563b3bd8c7_99879aa487.txt,2c42e97f0b5da0231664d1a8d55362250e56a8050e8c4c742297ef320bb5b9f9,3263b94d70e61cf8c660d3ef41356a70ad0c7159cbdee1409140afca4c1fd70a
1,d6,d6_asset_0046,train,val,images/train/d6/d6_Heavy_Equipment_3408_jpg.rf.63b6885c801ffe015df1b4ffe19f34f1_907b0bcea8.jpg,images/val/d6/d6_Heavy_Equipment_3408_jpg.rf.63b6885c801ffe015df1b4ffe19f34f1_907b0bcea8.jpg,labels/train/d6/d6_Heavy_Equipment_3408_jpg.rf.63b6885c801ffe015df1b4ffe19f34f1_907b0bcea8.txt,labels/val/d6/d6_Heavy_Equipment_3408_jpg.rf.63b6885c801ffe015df1b4ffe19f34f1_907b0bcea8.txt,0550af80900e9be8ac1d66c5cffe1cc28c9452e7400037aa9faf67be210e5793,a3c40811950063512ff07668c77a5e3b68758a439130b070ae52104380654ba2
1,d6,d6_asset_0047,train,val,images/train/d6/d6_Heavy_Equipment_340_jpg.rf.e0108f85b497fe87a81e471e5995705e_b8043170c2.jpg,images/val/d6/d6_Heavy_Equipment_340_jpg.rf.e0108f85b497fe87a81e471e5995705e_b8043170c2.jpg,labels/train/d6/d6_Heavy_Equipment_340_jpg.rf.e0108f85b497fe87a81e471e5995705e_b8043170c2.txt,labels/val/d6/d6_Heavy_Equipment_340_jpg.rf.e0108f85b497fe87a81e471e5995705e_b8043170c2.txt,9c47dd4bb3f8e35c041b602d88a7705036d82959bf8ccc183ba11588e2c018a0,def30543e082b3f07e617d52b222f2061353a29a6cc7ac6640b9f84743af445f
1,d6,d6_asset_0048,val,train,images/val/d6/d6_Heavy_Equipment_3740_jpg.rf.92661134a912aeabf46dd1cf14734cc9_afd0f0d218.jpg,images/train/d6/d6_Heavy_Equipment_3740_jpg.rf.92661134a912aeabf46dd1cf14734cc9_afd0f0d218.jpg,labels/val/d6/d6_Heavy_Equipment_3740_jpg.rf.92661134a912aeabf46dd1cf14734cc9_afd0f0d218.txt,labels/train/d6/d6_Heavy_Equipment_3740_jpg.rf.92661134a912aeabf46dd1cf14734cc9_afd0f0d218.txt,dbd1f2db5a26bd516ff86ae6c07317579acfb9183c4219c1cc9433641f77b51d,4ff1c0dd31def7a72ba29248985295abddad9fb47f352f083d752744859d7fdb
1,d6,d6_asset_0049,train,val,images/train/d6/d6_Heavy_Equipment_3650_jpg.rf.a463677d9a79eb69ff92270975a3536c_ede3ccc234.jpg,images/val/d6/d6_Heavy_Equipment_3650_jpg.rf.a463677d9a79eb69ff92270975a3536c_ede3ccc234.jpg,labels/train/d6/d6_Heavy_Equipment_3650_jpg.rf.a463677d9a79eb69ff92270975a3536c_ede3ccc234.txt,labels/val/d6/d6_Heavy_Equipment_3650_jpg.rf.a463677d9a79eb69ff92270975a3536c_ede3ccc234.txt,df36b2221968c9c8afa017f08e030f68025a9ed9c4cb1fd9b352213d9c7e538e,a4b4ecb4751238dfa7ee23bef31af642cac6e81d9f91ade26a6e38cd338d8617
1,d6,d6_asset_0050,train,val,images/train/d6/d6_Heavy_Equipment_3681_jpg.rf.4451b6d2e732c474300537f210fa7eaa_909287241d.jpg,images/val/d6/d6_Heavy_Equipment_3681_jpg.rf.4451b6d2e732c474300537f210fa7eaa_909287241d.jpg,labels/train/d6/d6_Heavy_Equipment_3681_jpg.rf.4451b6d2e732c474300537f210fa7eaa_909287241d.txt,labels/val/d6/d6_Heavy_Equipment_3681_jpg.rf.4451b6d2e732c474300537f210fa7eaa_909287241d.txt,47f8dbb748c33589c1c24a40c374f5e41aef306c6e08852279a1e12feffd5a9a,1d8d74891a94636d4cb9835f872c3b3e911d8c8f13dcbd45814469edbcb716b8
1,d6,d6_asset_0051,val,train,images/val/d6/d6_Heavy_Equipment_6262_jpg.rf.3f0e6608c3a69849b892737faa3dac0d_021a38f536.jpg,images/train/d6/d6_Heavy_Equipment_6262_jpg.rf.3f0e6608c3a69849b892737faa3dac0d_021a38f536.jpg,labels/val/d6/d6_Heavy_Equipment_6262_jpg.rf.3f0e6608c3a69849b892737faa3dac0d_021a38f536.txt,labels/train/d6/d6_Heavy_Equipment_6262_jpg.rf.3f0e6608c3a69849b892737faa3dac0d_021a38f536.txt,031e8f222b84703175fca3f2158091987016883fcae64a34d3acab553d5883e2,263cf5ba1673378b96a38526441d1d8985f61ecf4c056f7166784f99d6b969d2
1,d6,d6_asset_0052,val,train,images/val/d6/d6_Heavy_Equipment_4175_jpg.rf.26020b05304255adb8f33924986b9cd0_e051965923.jpg,images/train/d6/d6_Heavy_Equipment_4175_jpg.rf.26020b05304255adb8f33924986b9cd0_e051965923.jpg,labels/val/d6/d6_Heavy_Equipment_4175_jpg.rf.26020b05304255adb8f33924986b9cd0_e051965923.txt,labels/train/d6/d6_Heavy_Equipment_4175_jpg.rf.26020b05304255adb8f33924986b9cd0_e051965923.txt,411239e731b8c579b74ead42f5a6ca28cc7da2a8c98bef57a23ea3f177d876cc,d8e7acc98b3a61f70bff4e442ec53f92e76b34e8a5c67fee11481295b5a3b35d
1,d6,d6_asset_0053,train,val,images/train/d6/d6_Heavy_Equipment_4228_jpg.rf.8b5c50a7b8e240df56b9273b8436af6b_80a50d6521.jpg,images/val/d6/d6_Heavy_Equipment_4228_jpg.rf.8b5c50a7b8e240df56b9273b8436af6b_80a50d6521.jpg,labels/train/d6/d6_Heavy_Equipment_4228_jpg.rf.8b5c50a7b8e240df56b9273b8436af6b_80a50d6521.txt,labels/val/d6/d6_Heavy_Equipment_4228_jpg.rf.8b5c50a7b8e240df56b9273b8436af6b_80a50d6521.txt,e4b1f4d512ab409fd4736f41b9490a286f1d4a2f6525d7db00cfb0ab8e076bec,5472cf4d6f98696a6cf1efc9aade18a6d4d92e15affad4c17245a6c31f82c5a5
1,d6,d6_asset_0054,val,train,images/val/d6/d6_Heavy_Equipment_61_jpg.rf.9742ba847340ab7e18b7f96e9d616f93_87e6de2e98.jpg,images/train/d6/d6_Heavy_Equipment_61_jpg.rf.9742ba847340ab7e18b7f96e9d616f93_87e6de2e98.jpg,labels/val/d6/d6_Heavy_Equipment_61_jpg.rf.9742ba847340ab7e18b7f96e9d616f93_87e6de2e98.txt,labels/train/d6/d6_Heavy_Equipment_61_jpg.rf.9742ba847340ab7e18b7f96e9d616f93_87e6de2e98.txt,79e2639897b5619c6b915060b17c855861f28fd146b87f18c4a65efb75f0221f,da159cfdd25c2de4e6dd5d1ec6786df5b352797724e43919972770abf800ab1c
1,d6,d6_asset_0055,train,val,images/train/d6/d6_Heavy_Equipment_4419_jpg.rf.7ddb64878cd580e61d0b4210b03c0250_d9bba66402.jpg,images/val/d6/d6_Heavy_Equipment_4419_jpg.rf.7ddb64878cd580e61d0b4210b03c0250_d9bba66402.jpg,labels/train/d6/d6_Heavy_Equipment_4419_jpg.rf.7ddb64878cd580e61d0b4210b03c0250_d9bba66402.txt,labels/val/d6/d6_Heavy_Equipment_4419_jpg.rf.7ddb64878cd580e61d0b4210b03c0250_d9bba66402.txt,05953859622d903a8bc951f7e3848be8aa6ab7eb43a993b5444b4960cc987ee3,c4d76cc8a3ac65621a7e2a26e5751f04fb69ca160af3392785bb270e45f63350
1,d6,d6_asset_0056,val,train,images/val/d6/d6_Heavy_Equipment_3294_jpg.rf.48e7533d7fd4af70db167f7f30ceebff_0db19cd724.jpg,images/train/d6/d6_Heavy_Equipment_3294_jpg.rf.48e7533d7fd4af70db167f7f30ceebff_0db19cd724.jpg,labels/val/d6/d6_Heavy_Equipment_3294_jpg.rf.48e7533d7fd4af70db167f7f30ceebff_0db19cd724.txt,labels/train/d6/d6_Heavy_Equipment_3294_jpg.rf.48e7533d7fd4af70db167f7f30ceebff_0db19cd724.txt,44746cbc1c363aa71a0c6dcbbe9833ba2e7701514c0823474820acf7a0b27a04,934c0357ac6b0327fd9b18f0a0e01da6f1da3c1c9ff5fc0e7b6aa408ee71e4e8
1,d6,d6_asset_0057,train,val,images/train/d6/d6_Heavy_Equipment_4505_jpg.rf.7026cab5217d6dd22c0bd1bdb672bbd0_53230cd980.jpg,images/val/d6/d6_Heavy_Equipment_4505_jpg.rf.7026cab5217d6dd22c0bd1bdb672bbd0_53230cd980.jpg,labels/train/d6/d6_Heavy_Equipment_4505_jpg.rf.7026cab5217d6dd22c0bd1bdb672bbd0_53230cd980.txt,labels/val/d6/d6_Heavy_Equipment_4505_jpg.rf.7026cab5217d6dd22c0bd1bdb672bbd0_53230cd980.txt,0874a31ef71f62bd87e1ae3091480507a58a4b4a018393356c5922e7da49420b,c7ad1cbe40802138e8a119722e11f6d2db1b87ee5e51f1578c64dd061d460561
1,d6,d6_asset_0058,train,val,images/train/d6/d6_Heavy_Equipment_4516_jpg.rf.43a85ab0fc7b40713646f7c3e6d67591_a7446d2fb5.jpg,images/val/d6/d6_Heavy_Equipment_4516_jpg.rf.43a85ab0fc7b40713646f7c3e6d67591_a7446d2fb5.jpg,labels/train/d6/d6_Heavy_Equipment_4516_jpg.rf.43a85ab0fc7b40713646f7c3e6d67591_a7446d2fb5.txt,labels/val/d6/d6_Heavy_Equipment_4516_jpg.rf.43a85ab0fc7b40713646f7c3e6d67591_a7446d2fb5.txt,011e190a91f3e476a7540cc8184940b36d7aad61f1099a2e21d9b8a8ebd168dc,db135825540c4b718c142f5671007715bb67ab5c2ef21c4de8c65b124124e4cf
1,d6,d6_asset_0059,train,val,images/train/d6/d6_Heavy_Equipment_4566_jpg.rf.efbb7fe10618e4140585dc500a685090_3813176ca2.jpg,images/val/d6/d6_Heavy_Equipment_4566_jpg.rf.efbb7fe10618e4140585dc500a685090_3813176ca2.jpg,labels/train/d6/d6_Heavy_Equipment_4566_jpg.rf.efbb7fe10618e4140585dc500a685090_3813176ca2.txt,labels/val/d6/d6_Heavy_Equipment_4566_jpg.rf.efbb7fe10618e4140585dc500a685090_3813176ca2.txt,5db4a4aba4047f0e70375460134f4df4b02c16f3193cc2f5830a7a9068d53222,f3463aa445fe218bb62dfdcdee469057fb1fef9ba065d0fbe87cfc8817be8825
1,d6,d6_asset_0060,val,train,images/val/d6/d6_Heavy_Equipment_2188_jpg.rf.56e2cd8f3becdeae70ad9789ccaa41ff_401d3c8646.jpg,images/train/d6/d6_Heavy_Equipment_2188_jpg.rf.56e2cd8f3becdeae70ad9789ccaa41ff_401d3c8646.jpg,labels/val/d6/d6_Heavy_Equipment_2188_jpg.rf.56e2cd8f3becdeae70ad9789ccaa41ff_401d3c8646.txt,labels/train/d6/d6_Heavy_Equipment_2188_jpg.rf.56e2cd8f3becdeae70ad9789ccaa41ff_401d3c8646.txt,dd69eb5be317204cf1a6460137b828126e4a5f2a5e84a957519963effc547e5f,b79b4a3bf0b8aeb59c85f159a9f896879bd2d1f9cc3a5f24ca1e3f436a9e2208
1,d6,d6_asset_0061,val,train,images/val/d6/d6_Heavy_Equipment_3177_jpg.rf.f770a5c1275af37f545e3584d4281279_b8876b94d1.jpg,images/train/d6/d6_Heavy_Equipment_3177_jpg.rf.f770a5c1275af37f545e3584d4281279_b8876b94d1.jpg,labels/val/d6/d6_Heavy_Equipment_3177_jpg.rf.f770a5c1275af37f545e3584d4281279_b8876b94d1.txt,labels/train/d6/d6_Heavy_Equipment_3177_jpg.rf.f770a5c1275af37f545e3584d4281279_b8876b94d1.txt,aee9c96318b6ef3716e6e34769757771b9e00c5d15b39ffad4ad98c6ff15dbd4,f5a871e9883b4aa1b8cd41d6519899f32ee2ddd511d8c9584f2f39e8f7c7b7e4
1,d6,d6_asset_0062,val,train,images/val/d6/d6_Heavy_Equipment_4248_jpg.rf.7ea68a440747f9e1bfd1e71906111e40_40f16271c8.jpg,images/train/d6/d6_Heavy_Equipment_4248_jpg.rf.7ea68a440747f9e1bfd1e71906111e40_40f16271c8.jpg,labels/val/d6/d6_Heavy_Equipment_4248_jpg.rf.7ea68a440747f9e1bfd1e71906111e40_40f16271c8.txt,labels/train/d6/d6_Heavy_Equipment_4248_jpg.rf.7ea68a440747f9e1bfd1e71906111e40_40f16271c8.txt,e5c666c116c03cf93bc6487a9d5e136acae86e5fc565379d4b17d698e3437087,fa92ea30a2e7823426ca7def49bccf4731da1a37bf678c1a1d26c0f6b14a2f74
1,d6,d6_asset_0063,train,val,images/train/d6/d6_Heavy_Equipment_4765_jpg.rf.2e54c7ea0bae0e069cc9350417d01aa2_56b33196d5.jpg,images/val/d6/d6_Heavy_Equipment_4765_jpg.rf.2e54c7ea0bae0e069cc9350417d01aa2_56b33196d5.jpg,labels/train/d6/d6_Heavy_Equipment_4765_jpg.rf.2e54c7ea0bae0e069cc9350417d01aa2_56b33196d5.txt,labels/val/d6/d6_Heavy_Equipment_4765_jpg.rf.2e54c7ea0bae0e069cc9350417d01aa2_56b33196d5.txt,512e9fa0d5bba201de172cc03fe9cc98cf88f307c84b7e42ec1cdbe9a5709334,b81da9336bc59cb1e14150d91334371186c0b30cb608991c5f1f1c5ea32fa6d4
1,d6,d6_asset_0064,train,val,images/train/d6/d6_Heavy_Equipment_4791_jpg.rf.a82bfaadaece1fa5af97e89dc1737750_4972e1d06f.jpg,images/val/d6/d6_Heavy_Equipment_4791_jpg.rf.a82bfaadaece1fa5af97e89dc1737750_4972e1d06f.jpg,labels/train/d6/d6_Heavy_Equipment_4791_jpg.rf.a82bfaadaece1fa5af97e89dc1737750_4972e1d06f.txt,labels/val/d6/d6_Heavy_Equipment_4791_jpg.rf.a82bfaadaece1fa5af97e89dc1737750_4972e1d06f.txt,6f9deffd243f33292b2eff5ceba7f3fe14090979338158ffdec05d2042de59e8,52a506c0891f9facdbaa9b3dc79f7a554fd2a78b3bf6994bd51ddccb10a61990
1,d6,d6_asset_0065,train,val,images/train/d6/d6_Heavy_Equipment_4872_jpg.rf.03915c2c8aa1a75238b39d3fce23dd1f_39a2cb1007.jpg,images/val/d6/d6_Heavy_Equipment_4872_jpg.rf.03915c2c8aa1a75238b39d3fce23dd1f_39a2cb1007.jpg,labels/train/d6/d6_Heavy_Equipment_4872_jpg.rf.03915c2c8aa1a75238b39d3fce23dd1f_39a2cb1007.txt,labels/val/d6/d6_Heavy_Equipment_4872_jpg.rf.03915c2c8aa1a75238b39d3fce23dd1f_39a2cb1007.txt,ef6f831419695d0a53e2893a207b17f711164c416fc0f0126afd782dc0073ba8,9e6549da6d055909c4f2b6419d9f9cdd0416bed97754185014a81dcc00c5e1f8
1,d6,d6_asset_0066,val,train,images/val/d6/d6_Heavy_Equipment_6294_jpg.rf.4bf0a60187ad4618b4eb4d64d0c85769_4144c508da.jpg,images/train/d6/d6_Heavy_Equipment_6294_jpg.rf.4bf0a60187ad4618b4eb4d64d0c85769_4144c508da.jpg,labels/val/d6/d6_Heavy_Equipment_6294_jpg.rf.4bf0a60187ad4618b4eb4d64d0c85769_4144c508da.txt,labels/train/d6/d6_Heavy_Equipment_6294_jpg.rf.4bf0a60187ad4618b4eb4d64d0c85769_4144c508da.txt,67a03c488e054e5558673aa161c576b84d57abe56369851aebbe5c704a486626,b0b966fd09d02d753ea0d0cd144ad4452f3d9864ac17b9e9694313eee9b54ea7
1,d6,d6_asset_0067,val,train,images/val/d6/d6_Heavy_Equipment_4603_jpg.rf.6a6ca3624cece99d9492699968d71b1d_6b763c26c0.jpg,images/train/d6/d6_Heavy_Equipment_4603_jpg.rf.6a6ca3624cece99d9492699968d71b1d_6b763c26c0.jpg,labels/val/d6/d6_Heavy_Equipment_4603_jpg.rf.6a6ca3624cece99d9492699968d71b1d_6b763c26c0.txt,labels/train/d6/d6_Heavy_Equipment_4603_jpg.rf.6a6ca3624cece99d9492699968d71b1d_6b763c26c0.txt,ad4b695b5ebf4f1b19a0b51861a03f24b26a41310190ac0d115dbe67c9a870d8,9fc38607aced39f22aaed22d92def36ff1f83d67b73f8455d3b5b89b4f7cd6fd
1,d6,d6_asset_0068,val,train,images/val/d6/d6_Heavy_Equipment_4726_jpg.rf.aec8a092f55d39d4c53ba2236db09157_1c1274e368.jpg,images/train/d6/d6_Heavy_Equipment_4726_jpg.rf.aec8a092f55d39d4c53ba2236db09157_1c1274e368.jpg,labels/val/d6/d6_Heavy_Equipment_4726_jpg.rf.aec8a092f55d39d4c53ba2236db09157_1c1274e368.txt,labels/train/d6/d6_Heavy_Equipment_4726_jpg.rf.aec8a092f55d39d4c53ba2236db09157_1c1274e368.txt,b39480bf41d5cd332af82effdc51940c23022eafc0dfaab2715f97e2f47caf41,0a9575480b7a4d79dde303b815e2c2f3a9db269828b05922f8d984fb3e90b9b5
1,d6,d6_asset_0069,val,train,images/val/d6/d6_Heavy_Equipment_538_jpg.rf.76e792bc0b8f4529d59a8de95ae09f5a_73634e8ebb.jpg,images/train/d6/d6_Heavy_Equipment_538_jpg.rf.76e792bc0b8f4529d59a8de95ae09f5a_73634e8ebb.jpg,labels/val/d6/d6_Heavy_Equipment_538_jpg.rf.76e792bc0b8f4529d59a8de95ae09f5a_73634e8ebb.txt,labels/train/d6/d6_Heavy_Equipment_538_jpg.rf.76e792bc0b8f4529d59a8de95ae09f5a_73634e8ebb.txt,358f8db05dbb16c3e72aa085e88c4df357a7695f7e4c388472d8e3b073eacbf7,ff47a69a155bba30c499a32085fc58e104c997c5d8ebadbd672170b0d8149c43
1,d6,d6_asset_0070,val,train,images/val/d6/d6_Heavy_Equipment_4528_jpg.rf.f00b198c0b9a0d3d89b5f144f3703f3b_9a18131e47.jpg,images/train/d6/d6_Heavy_Equipment_4528_jpg.rf.f00b198c0b9a0d3d89b5f144f3703f3b_9a18131e47.jpg,labels/val/d6/d6_Heavy_Equipment_4528_jpg.rf.f00b198c0b9a0d3d89b5f144f3703f3b_9a18131e47.txt,labels/train/d6/d6_Heavy_Equipment_4528_jpg.rf.f00b198c0b9a0d3d89b5f144f3703f3b_9a18131e47.txt,cb43fc3922477160579f32eed1b15df73d92060cacbfd0f001d1e3a163e93f8f,bca361cf0c4ec4fe1b07d8037ae3cca4973be52ecf99fe5e49119b07cc9e5ded
1,d6,d6_asset_0071,val,train,images/val/d6/d6_Heavy_Equipment_3760_jpg.rf.daae25ae64513582d9e321da8d845e96_7ba86f8492.jpg,images/train/d6/d6_Heavy_Equipment_3760_jpg.rf.daae25ae64513582d9e321da8d845e96_7ba86f8492.jpg,labels/val/d6/d6_Heavy_Equipment_3760_jpg.rf.daae25ae64513582d9e321da8d845e96_7ba86f8492.txt,labels/train/d6/d6_Heavy_Equipment_3760_jpg.rf.daae25ae64513582d9e321da8d845e96_7ba86f8492.txt,212ce0a54c378945b4402472c1ae359dc285446cb9efad52cd505ff20723e70a,38dbfc062dc17e4eeb32d7068e51056347a279975879ae1af4486afbbcc25823
1,d6,d6_asset_0072,train,val,images/train/d6/d6_M_B_14-15cbm-Mercedes-Benz-Concrete-Mixer-Concrete-Transport-Truck_jpg.rf.c1aa18de18f1f4b51051c1ee1c_55189d86f7.jpg,images/val/d6/d6_M_B_14-15cbm-Mercedes-Benz-Concrete-Mixer-Concrete-Transport-Truck_jpg.rf.c1aa18de18f1f4b51051c1ee1c_55189d86f7.jpg,labels/train/d6/d6_M_B_14-15cbm-Mercedes-Benz-Concrete-Mixer-Concrete-Transport-Truck_jpg.rf.c1aa18de18f1f4b51051c1ee1c_55189d86f7.txt,labels/val/d6/d6_M_B_14-15cbm-Mercedes-Benz-Concrete-Mixer-Concrete-Transport-Truck_jpg.rf.c1aa18de18f1f4b51051c1ee1c_55189d86f7.txt,662f59983a0ce5e1836167f88520d25e922e2e8850e5cd89598a825ac0d7a04c,a014a61c8f27a379b4537fd69d79b5bfc1a1add203cdb382f79319fdecff67d3
1,d6,d6_asset_0073,train,val,images/train/d6/d6_M_B_179216_1_jpg.rf.e160e60dc659d919e1f04cdd561907e6_014c2e7ba2.jpg,images/val/d6/d6_M_B_179216_1_jpg.rf.e160e60dc659d919e1f04cdd561907e6_014c2e7ba2.jpg,labels/train/d6/d6_M_B_179216_1_jpg.rf.e160e60dc659d919e1f04cdd561907e6_014c2e7ba2.txt,labels/val/d6/d6_M_B_179216_1_jpg.rf.e160e60dc659d919e1f04cdd561907e6_014c2e7ba2.txt,dcadb74578212c04410ddee93f82f6837891b11853d66f8aaf767bbf3d57fd3a,1ead94e560c598165a4577c23f62da041f829507b79f092b64f409c014615398
1,d6,d6_asset_0074,val,train,images/val/d6/d6_M_B_Mercedes-Benz_Axor_cement_mixer_truck_jpg.rf.5b1ffa7426f502059a4f7a505cadc6e2_c26b1d2411.jpg,images/train/d6/d6_M_B_Mercedes-Benz_Axor_cement_mixer_truck_jpg.rf.5b1ffa7426f502059a4f7a505cadc6e2_c26b1d2411.jpg,labels/val/d6/d6_M_B_Mercedes-Benz_Axor_cement_mixer_truck_jpg.rf.5b1ffa7426f502059a4f7a505cadc6e2_c26b1d2411.txt,labels/train/d6/d6_M_B_Mercedes-Benz_Axor_cement_mixer_truck_jpg.rf.5b1ffa7426f502059a4f7a505cadc6e2_c26b1d2411.txt,a88cfa7c7f4c17ad002a528ab52db52513f30280651acfb53a966290c69b18cc,c6212943cc68bf84947dc39cd933ae16c0e31289fb9185df515f550c8cdcfd3c
1,d6,d6_asset_0075,train,val,images/train/d6/d6_M_B_images46_jpg.rf.9361d9851232afc5f1f8a58f3ea64c86_ef1423383b.jpg,images/val/d6/d6_M_B_images46_jpg.rf.9361d9851232afc5f1f8a58f3ea64c86_ef1423383b.jpg,labels/train/d6/d6_M_B_images46_jpg.rf.9361d9851232afc5f1f8a58f3ea64c86_ef1423383b.txt,labels/val/d6/d6_M_B_images46_jpg.rf.9361d9851232afc5f1f8a58f3ea64c86_ef1423383b.txt,f0a8b61565c2c7402275534cf11a3d1c741a2c4086dbf679b6ae8e4a8f15a394,f88eb08e62329642fe6776e3dae95888a7e0960b9413a812899832ae3d1d4a01
1,d6,d6_asset_0076,train,val,images/train/d6/d6_M_B_images85_jpg.rf.21f4037b7990d144efad210254c37d0b_5eee109d4b.jpg,images/val/d6/d6_M_B_images85_jpg.rf.21f4037b7990d144efad210254c37d0b_5eee109d4b.jpg,labels/train/d6/d6_M_B_images85_jpg.rf.21f4037b7990d144efad210254c37d0b_5eee109d4b.txt,labels/val/d6/d6_M_B_images85_jpg.rf.21f4037b7990d144efad210254c37d0b_5eee109d4b.txt,34178b5a06076d722b442faf319775be33423504dda26368e8e4017a191943dd,40d308baa635e7b5322d67d02307b96b8b548f4269f65aa445606be9004a4f06
1,d6,d6_asset_0077,val,train,images/val/d6/d6_M_D_206c_jpg.rf.bfa4cb0b9dafdf09cb07236b596c0dd6_dcbd770532.jpg,images/train/d6/d6_M_D_206c_jpg.rf.bfa4cb0b9dafdf09cb07236b596c0dd6_dcbd770532.jpg,labels/val/d6/d6_M_D_206c_jpg.rf.bfa4cb0b9dafdf09cb07236b596c0dd6_dcbd770532.txt,labels/train/d6/d6_M_D_206c_jpg.rf.bfa4cb0b9dafdf09cb07236b596c0dd6_dcbd770532.txt,0e35a66c2412cc8617a9dfa620b5e28520271a1f84d1a72c450447b45dd2adc3,e1482b153fac34604c5d94a5656c8895752522b8eb2f510c96e608ec413e717e
1,d6,d6_asset_0078,train,val,images/train/d6/d6_M_M_020434490_1659577312895_3c7f3a_jpg.rf.584d6a5a5b704b7bb8a9a5a9d192513f_fcae825e3e.jpg,images/val/d6/d6_M_M_020434490_1659577312895_3c7f3a_jpg.rf.584d6a5a5b704b7bb8a9a5a9d192513f_fcae825e3e.jpg,labels/train/d6/d6_M_M_020434490_1659577312895_3c7f3a_jpg.rf.584d6a5a5b704b7bb8a9a5a9d192513f_fcae825e3e.txt,labels/val/d6/d6_M_M_020434490_1659577312895_3c7f3a_jpg.rf.584d6a5a5b704b7bb8a9a5a9d192513f_fcae825e3e.txt,6fb7539b03d7de6b55cd5a21c0a2b784d9e7a2221d7a56c092160b7a51114083,61573433f8ffc6217b1ce7f7bd6cf7aff79b7ce2826f4b06f88277854728d332
1,d6,d6_asset_0079,val,train,images/val/d6/d6_M_M_image15_jpeg.rf.a34693e8f45c4fb17a2edc4bd33a906f_bcc2158baa.jpg,images/train/d6/d6_M_M_image15_jpeg.rf.a34693e8f45c4fb17a2edc4bd33a906f_bcc2158baa.jpg,labels/val/d6/d6_M_M_image15_jpeg.rf.a34693e8f45c4fb17a2edc4bd33a906f_bcc2158baa.txt,labels/train/d6/d6_M_M_image15_jpeg.rf.a34693e8f45c4fb17a2edc4bd33a906f_bcc2158baa.txt,98f2c9abb4aeee34060b62e1d6b001f40358e13b7dd5a287d8257fdbe388fb3d,2b1e3e6c8b77a140975f1a14d2dca7ac1e55d1e2887c6f14ea09d8b6656e152c
1,d6,d6_asset_0080,val,train,images/val/d6/d6_M_M_image19_jpeg.rf.386e15007b9d9c37a9069e0fe3829310_fa7d533084.jpg,images/train/d6/d6_M_M_image19_jpeg.rf.386e15007b9d9c37a9069e0fe3829310_fa7d533084.jpg,labels/val/d6/d6_M_M_image19_jpeg.rf.386e15007b9d9c37a9069e0fe3829310_fa7d533084.txt,labels/train/d6/d6_M_M_image19_jpeg.rf.386e15007b9d9c37a9069e0fe3829310_fa7d533084.txt,300b50ccd57ec19e416b8bd6b38ca7c237542067fc730b1703cae07ee3a44fe3,e07ed6baa9982186c0fd58b7f5931a0bb4b127175583d22d61ac60ab5a89446a
1,d6,d6_asset_0081,train,val,images/train/d6/d6_M_M_197236_1_jpg.rf.2c2ac33b5a1f8dad4eba0068b4f35246_a74d0440b8.jpg,images/val/d6/d6_M_M_197236_1_jpg.rf.2c2ac33b5a1f8dad4eba0068b4f35246_a74d0440b8.jpg,labels/train/d6/d6_M_M_197236_1_jpg.rf.2c2ac33b5a1f8dad4eba0068b4f35246_a74d0440b8.txt,labels/val/d6/d6_M_M_197236_1_jpg.rf.2c2ac33b5a1f8dad4eba0068b4f35246_a74d0440b8.txt,dea6a14ff0baf550f78e6199c130d0722cface1322db343b2499add96e1ff689,fb64a6178fb0fd6e13df795e9b581bbd919a7bd784fd80792382eb8c5d360372
1,d6,d6_asset_0082,train,val,images/train/d6/d6_M_M_7321_2534838098372_jpg.rf.75148e71d0741da59a6111fdca53cb14_2fb0f95a3d.jpg,images/val/d6/d6_M_M_7321_2534838098372_jpg.rf.75148e71d0741da59a6111fdca53cb14_2fb0f95a3d.jpg,labels/train/d6/d6_M_M_7321_2534838098372_jpg.rf.75148e71d0741da59a6111fdca53cb14_2fb0f95a3d.txt,labels/val/d6/d6_M_M_7321_2534838098372_jpg.rf.75148e71d0741da59a6111fdca53cb14_2fb0f95a3d.txt,6179e693013e3f71be16aa97efc3304fb5bc6f8abebb8486c94d7390426118a7,243073eb750cdb1b8a158d07f8fcabcc202748089b125e10ea4481d2c7ce2505
1,d6,d6_asset_0083,val,train,images/val/d6/d6_M_M_IMG_0466-JPG_jpg.rf.e6139b6a620289e6cd69d269e2a86e5b_26eb7e9d65.jpg,images/train/d6/d6_M_M_IMG_0466-JPG_jpg.rf.e6139b6a620289e6cd69d269e2a86e5b_26eb7e9d65.jpg,labels/val/d6/d6_M_M_IMG_0466-JPG_jpg.rf.e6139b6a620289e6cd69d269e2a86e5b_26eb7e9d65.txt,labels/train/d6/d6_M_M_IMG_0466-JPG_jpg.rf.e6139b6a620289e6cd69d269e2a86e5b_26eb7e9d65.txt,3dde111c32f6ebc43ffbc9570c9a28835930766fe50cdc769c2ea9e29352c4c7,73b60714fbec089cd86319f71e073750552f22ef07d873fca677dfe0f3394fc6
1,d6,d6_asset_0084,val,train,images/val/d6/d6_M_M_SHAANXI-MAN-technology-concrete-mixer-truck-6x4-9cbm_jpg.rf.602e097e4a45709ee57fdb76181c4e8d_581428fefb.jpg,images/train/d6/d6_M_M_SHAANXI-MAN-technology-concrete-mixer-truck-6x4-9cbm_jpg.rf.602e097e4a45709ee57fdb76181c4e8d_581428fefb.jpg,labels/val/d6/d6_M_M_SHAANXI-MAN-technology-concrete-mixer-truck-6x4-9cbm_jpg.rf.602e097e4a45709ee57fdb76181c4e8d_581428fefb.txt,labels/train/d6/d6_M_M_SHAANXI-MAN-technology-concrete-mixer-truck-6x4-9cbm_jpg.rf.602e097e4a45709ee57fdb76181c4e8d_581428fefb.txt,dcc46e4293a719245b9d12496155a65af88c5a6e533be23d36bc08e93b301ded,757241846657afdae40b9c5beb47324bbec29847284b013b3a9eaeadeba618c6
1,d6,d6_asset_0085,train,val,images/train/d6/d6_M_M_images66_jpg.rf.6668c234fb11cbc8ee2abc518e350102_d0f7770efa.jpg,images/val/d6/d6_M_M_images66_jpg.rf.6668c234fb11cbc8ee2abc518e350102_d0f7770efa.jpg,labels/train/d6/d6_M_M_images66_jpg.rf.6668c234fb11cbc8ee2abc518e350102_d0f7770efa.txt,labels/val/d6/d6_M_M_images66_jpg.rf.6668c234fb11cbc8ee2abc518e350102_d0f7770efa.txt,5d6ac57b4170faafa91005d52aa74a643cc7c478a5e9d1328d0f5b90800bc874,9e5ddaccf69adf8e64ed263b2a288424ba931b9f52b87f970ff71a5b0758a758
1,d6,d6_asset_0086,val,train,images/val/d6/d6_M_M_image18_jpeg.rf.20398858965b553039561722214984ec_b3ad8482e8.jpg,images/train/d6/d6_M_M_image18_jpeg.rf.20398858965b553039561722214984ec_b3ad8482e8.jpg,labels/val/d6/d6_M_M_image18_jpeg.rf.20398858965b553039561722214984ec_b3ad8482e8.txt,labels/train/d6/d6_M_M_image18_jpeg.rf.20398858965b553039561722214984ec_b3ad8482e8.txt,cebf6e33a4851752c9f928eb91f59abe85de0a31527d50182a2059c184933b62,b8b23d0ad7b939bf98607e96c664e48dc2e7feccf9033a8154f2f8fe6b98883a
1,d6,d6_asset_0087,train,val,images/train/d6/d6_M_S_209370_1_jpg.rf.acf32a5febba10f65839526f7fa09844_4c7e33a4a0.jpg,images/val/d6/d6_M_S_209370_1_jpg.rf.acf32a5febba10f65839526f7fa09844_4c7e33a4a0.jpg,labels/train/d6/d6_M_S_209370_1_jpg.rf.acf32a5febba10f65839526f7fa09844_4c7e33a4a0.txt,labels/val/d6/d6_M_S_209370_1_jpg.rf.acf32a5febba10f65839526f7fa09844_4c7e33a4a0.txt,eceac69622f43cc58f2ff061dc97f1db013e156cde9a88d6a44af172b73fa72d,73e90dd7cea83a585b9f3293c21613984523df155b9ac12456e4bec2062f1713
1,d6,d6_asset_0088,train,val,images/train/d6/d6_M_S_48587126326_98e391388e_b_jpg.rf.6c69210268f670ff2d0954cf2f61f137_0d3740cf10.jpg,images/val/d6/d6_M_S_48587126326_98e391388e_b_jpg.rf.6c69210268f670ff2d0954cf2f61f137_0d3740cf10.jpg,labels/train/d6/d6_M_S_48587126326_98e391388e_b_jpg.rf.6c69210268f670ff2d0954cf2f61f137_0d3740cf10.txt,labels/val/d6/d6_M_S_48587126326_98e391388e_b_jpg.rf.6c69210268f670ff2d0954cf2f61f137_0d3740cf10.txt,c2228cccd0a1e1d2d863379e3ad756b0beca8f359b4505416760ab116d3afecc,933e9af3e6963f199277f2ebba57ba7e7aa3707c3b6ebf22ab4ec48c4e7749a1
1,d6,d6_asset_0089,val,train,images/val/d6/d6_M_S_image31_jpeg.rf.1fc797aabecb49d28a8701f53cc1ff3d_6e96ea856f.jpg,images/train/d6/d6_M_S_image31_jpeg.rf.1fc797aabecb49d28a8701f53cc1ff3d_6e96ea856f.jpg,labels/val/d6/d6_M_S_image31_jpeg.rf.1fc797aabecb49d28a8701f53cc1ff3d_6e96ea856f.txt,labels/train/d6/d6_M_S_image31_jpeg.rf.1fc797aabecb49d28a8701f53cc1ff3d_6e96ea856f.txt,1e95a598e105a01e8898f18f3a19740a2d01e6b573fd7adffa74adc26b3ff3e1,ff7597a61535963a13e823e7845f8d6e8e1cc94b9da682c0f0672f02ad28dc16
1,d6,d6_asset_0090,val,train,images/val/d6/d6_M_S_images9_jpg.rf.3d84c2d402be074d1b85b32f800e8c2c_eb527b7664.jpg,images/train/d6/d6_M_S_images9_jpg.rf.3d84c2d402be074d1b85b32f800e8c2c_eb527b7664.jpg,labels/val/d6/d6_M_S_images9_jpg.rf.3d84c2d402be074d1b85b32f800e8c2c_eb527b7664.txt,labels/train/d6/d6_M_S_images9_jpg.rf.3d84c2d402be074d1b85b32f800e8c2c_eb527b7664.txt,5af0d8aca6d8bc9c619aca753f86e0b86d073a39eaab7b26106c17425bc55373,20010796de981b41a2ba162c8ec5d7982aae297cf84a9c46003f9b07cf1efa2b
1,d6,d6_asset_0091,train,val,images/train/d6/d6_M_S_images19_jpg.rf.d95855a94dc1a98a1dbd718e41f216c8_984190a6a1.jpg,images/val/d6/d6_M_S_images19_jpg.rf.d95855a94dc1a98a1dbd718e41f216c8_984190a6a1.jpg,labels/train/d6/d6_M_S_images19_jpg.rf.d95855a94dc1a98a1dbd718e41f216c8_984190a6a1.txt,labels/val/d6/d6_M_S_images19_jpg.rf.d95855a94dc1a98a1dbd718e41f216c8_984190a6a1.txt,32ccd0167824ddb381e9f36adedba7593fc90284e6e4c32275786a6fc3d1c6ef,3732f5b60abb4ce3cf092987318071b111f9492b8e74a36361ca9251db23873f
1,d6,d6_asset_0092,val,train,images/val/d6/d6_M_S_9860_9686145212772_jpg.rf.6caeb78ba180bc210892ae7acd9461f7_3cceb174fc.jpg,images/train/d6/d6_M_S_9860_9686145212772_jpg.rf.6caeb78ba180bc210892ae7acd9461f7_3cceb174fc.jpg,labels/val/d6/d6_M_S_9860_9686145212772_jpg.rf.6caeb78ba180bc210892ae7acd9461f7_3cceb174fc.txt,labels/train/d6/d6_M_S_9860_9686145212772_jpg.rf.6caeb78ba180bc210892ae7acd9461f7_3cceb174fc.txt,f1fef5c26e7b63c28658c0a7e8f2d6981ca321185857cbb59861174349452017,0668321ceeec57d732109644eb9dac23318b74663080749b1ac06e7f9a728697
1,d6,d6_asset_0093,val,train,images/val/d6/d6_M_S_1098_1656727360832_jpg.rf.19baf2e1fd6c8889ba3efe5585835e83_47cc8a1cf9.jpg,images/train/d6/d6_M_S_1098_1656727360832_jpg.rf.19baf2e1fd6c8889ba3efe5585835e83_47cc8a1cf9.jpg,labels/val/d6/d6_M_S_1098_1656727360832_jpg.rf.19baf2e1fd6c8889ba3efe5585835e83_47cc8a1cf9.txt,labels/train/d6/d6_M_S_1098_1656727360832_jpg.rf.19baf2e1fd6c8889ba3efe5585835e83_47cc8a1cf9.txt,798dc955261d022a823a2e1abf6f4bf0a7032f27c81bca472a0410c448b45f28,c48ffa01543303da3c6151b11ddbdd3fecc38c925690f0fa96f98528ae8f14a1
1,d6,d6_asset_0094,val,train,images/val/d6/d6_M_S_Scania_P360E6MIXER_9MC2B3_4_2_jpg.rf.dc05c10cbae5049901081daa64026373_f6cd77a41d.jpg,images/train/d6/d6_M_S_Scania_P360E6MIXER_9MC2B3_4_2_jpg.rf.dc05c10cbae5049901081daa64026373_f6cd77a41d.jpg,labels/val/d6/d6_M_S_Scania_P360E6MIXER_9MC2B3_4_2_jpg.rf.dc05c10cbae5049901081daa64026373_f6cd77a41d.txt,labels/train/d6/d6_M_S_Scania_P360E6MIXER_9MC2B3_4_2_jpg.rf.dc05c10cbae5049901081daa64026373_f6cd77a41d.txt,ee4c2a56add7c02ee7e99c07c59e5f915e10f96a77c2494b8317a80ca2d74ec3,c47781f0a4eceb58678d83de1d4005029579b8798a9138d77da3f5f38fd25daa
1,d6,d6_asset_0095,train,val,images/train/d6/d6_M_S_images82_jpg.rf.ec59e0cae7a441d902ab44442c207537_48674e9cdd.jpg,images/val/d6/d6_M_S_images82_jpg.rf.ec59e0cae7a441d902ab44442c207537_48674e9cdd.jpg,labels/train/d6/d6_M_S_images82_jpg.rf.ec59e0cae7a441d902ab44442c207537_48674e9cdd.txt,labels/val/d6/d6_M_S_images82_jpg.rf.ec59e0cae7a441d902ab44442c207537_48674e9cdd.txt,ca84bb7f9a3f984390377596845b2fde9a4b3b0da7ab0e18f3315ac246b197a5,3ade33a39ba561f86d9043ed277e780d2eb49d2811e098891e4686cf06b7a92b
1,d6,d6_asset_0096,train,val,images/train/d6/d6_M_S_strasbourg-france-mar-g-reconstruction-european-parliament-council-112430532_jpg.rf.9e38cbdf20fb_5ebf05ac8d.jpg,images/val/d6/d6_M_S_strasbourg-france-mar-g-reconstruction-european-parliament-council-112430532_jpg.rf.9e38cbdf20fb_5ebf05ac8d.jpg,labels/train/d6/d6_M_S_strasbourg-france-mar-g-reconstruction-european-parliament-council-112430532_jpg.rf.9e38cbdf20fb_5ebf05ac8d.txt,labels/val/d6/d6_M_S_strasbourg-france-mar-g-reconstruction-european-parliament-council-112430532_jpg.rf.9e38cbdf20fb_5ebf05ac8d.txt,17b18c027284d1127acee5dada40b54ca93b782fd9e6394a3d7ce098b9501351,5fe32d53364430e8192806fa969be86c16c5cdb462ae135808ceb75b170c18cd
1,d7,d7_sequence_0001,test,train,images/test/d7/d7_0000832_jpg.rf.018f95d32ad46bbbf7a441de41ffa5d2_6ae8edca86.jpg,images/train/d7/d7_0000832_jpg.rf.018f95d32ad46bbbf7a441de41ffa5d2_6ae8edca86.jpg,labels/test/d7/d7_0000832_jpg.rf.018f95d32ad46bbbf7a441de41ffa5d2_6ae8edca86.txt,labels/train/d7/d7_0000832_jpg.rf.018f95d32ad46bbbf7a441de41ffa5d2_6ae8edca86.txt,813f81c7f2acde3037a90ff1715044ed2894fc024335e31ca47f998e7f1ac252,e2d6e2acff3a996589f5a9e3c2542daee2ca874aee517268161a0b88837ea7a0
1,d7,d7_sequence_0001,test,train,images/test/d7/d7_0004812_jpg.rf.f2f47784fd912c2bf23cbd66804b1e14_2547630318.jpg,images/train/d7/d7_0004812_jpg.rf.f2f47784fd912c2bf23cbd66804b1e14_2547630318.jpg,labels/test/d7/d7_0004812_jpg.rf.f2f47784fd912c2bf23cbd66804b1e14_2547630318.txt,labels/train/d7/d7_0004812_jpg.rf.f2f47784fd912c2bf23cbd66804b1e14_2547630318.txt,53bfbc136b07175a64382542cfdf72bc3e426589acd53f396d927b4df58c7646,810de6463d7a23b63c475549bc305b4d0ff9f27f1c8395279eb07f959f6506a0
1,d7,d7_sequence_0001,val,train,images/val/d7/d7_0005405_jpg.rf.00c36880c7f8bd4feeea2fc252bff052_d10869f6b4.jpg,images/train/d7/d7_0005405_jpg.rf.00c36880c7f8bd4feeea2fc252bff052_d10869f6b4.jpg,labels/val/d7/d7_0005405_jpg.rf.00c36880c7f8bd4feeea2fc252bff052_d10869f6b4.txt,labels/train/d7/d7_0005405_jpg.rf.00c36880c7f8bd4feeea2fc252bff052_d10869f6b4.txt,9da3607d6e0832e5098a2f94001a1e70690ae70dbc7871f585e2b1d95e4fbcff,3787da174b96eb1bc871213c1960f99087269b96e23e931a69bbbfb03973c1ed
1,d7,d7_sequence_0002,train,test,images/train/d7/d7_0000905_jpg.rf.c6fbe5cfd9b74788a48905934892d752_c5d03e101c.jpg,images/test/d7/d7_0000905_jpg.rf.c6fbe5cfd9b74788a48905934892d752_c5d03e101c.jpg,labels/train/d7/d7_0000905_jpg.rf.c6fbe5cfd9b74788a48905934892d752_c5d03e101c.txt,labels/test/d7/d7_0000905_jpg.rf.c6fbe5cfd9b74788a48905934892d752_c5d03e101c.txt,0d3522663b068790674621fa00a1f28fc382a51ba28d218ae5b8f6dfcc1d170f,7d0071f3ea00ff3135c1ceca302e41f7046980fd65c9bcc8609265585ff24ce1
1,d7,d7_sequence_0003,test,train,images/test/d7/d7_0002396_jpg.rf.afd888673d3ba93dfe3f64e90948acaa_ec445e1ab1.jpg,images/train/d7/d7_0002396_jpg.rf.afd888673d3ba93dfe3f64e90948acaa_ec445e1ab1.jpg,labels/test/d7/d7_0002396_jpg.rf.afd888673d3ba93dfe3f64e90948acaa_ec445e1ab1.txt,labels/train/d7/d7_0002396_jpg.rf.afd888673d3ba93dfe3f64e90948acaa_ec445e1ab1.txt,d967999e1e1e7ceaf59c655b05a0c03d8765e1a54e8bd53007528e9b4971c049,88d2adfdea040bb150733d11bdeb528587caedd949e4407a8597897109199892
1,d7,d7_sequence_0004,test,train,images/test/d7/d7_0002449_jpg.rf.6f4044282b0d24cc430af7d86d3ea386_addbd319c2.jpg,images/train/d7/d7_0002449_jpg.rf.6f4044282b0d24cc430af7d86d3ea386_addbd319c2.jpg,labels/test/d7/d7_0002449_jpg.rf.6f4044282b0d24cc430af7d86d3ea386_addbd319c2.txt,labels/train/d7/d7_0002449_jpg.rf.6f4044282b0d24cc430af7d86d3ea386_addbd319c2.txt,dfca7562eacc1873a202980f2bfcef64deb154461e981605d9839f2fb3849ff7,70a71105dc27a087b3271dd6f203138fdcddd81bd3d4c81dc1f589a3fa17e1a4
1,d7,d7_sequence_0005,test,train,images/test/d7/d7_0003098_jpg.rf.b2f76635067d0fda5fe833cb258e312c_75ec44b3d7.jpg,images/train/d7/d7_0003098_jpg.rf.b2f76635067d0fda5fe833cb258e312c_75ec44b3d7.jpg,labels/test/d7/d7_0003098_jpg.rf.b2f76635067d0fda5fe833cb258e312c_75ec44b3d7.txt,labels/train/d7/d7_0003098_jpg.rf.b2f76635067d0fda5fe833cb258e312c_75ec44b3d7.txt,f755a770d17643435dce333831e7fb15afce1ea2d314a6cf88d605820843c613,02b916e0863dcc5543638f24450343440ea481728827796937d10d5f9518914b
1,d7,d7_sequence_0005,test,train,images/test/d7/d7_0004849_jpg.rf.34df191aa24ee07ea2ac4a114323c60e_c82c8245d7.jpg,images/train/d7/d7_0004849_jpg.rf.34df191aa24ee07ea2ac4a114323c60e_c82c8245d7.jpg,labels/test/d7/d7_0004849_jpg.rf.34df191aa24ee07ea2ac4a114323c60e_c82c8245d7.txt,labels/train/d7/d7_0004849_jpg.rf.34df191aa24ee07ea2ac4a114323c60e_c82c8245d7.txt,fa66e0dd138bb1c69f45e965a806335fc1b7a8852195dedeb356d96ecf3318f2,220ec217f1929a2fde9704d7778088ef7c1c885baa5a948be2a6abca5bccfc3f
1,d7,d7_sequence_0005,test,train,images/test/d7/d7_0005543_jpg.rf.5f0f3125356b8f21c044f16051f9063a_c186a59983.jpg,images/train/d7/d7_0005543_jpg.rf.5f0f3125356b8f21c044f16051f9063a_c186a59983.jpg,labels/test/d7/d7_0005543_jpg.rf.5f0f3125356b8f21c044f16051f9063a_c186a59983.txt,labels/train/d7/d7_0005543_jpg.rf.5f0f3125356b8f21c044f16051f9063a_c186a59983.txt,4105249fea9d62131fca3e23ccbf08f27b521ba753e6d198e6ffcab3e9a262d3,fcf9c1f9dceb471f81c5e20af073b3b0b8ac20e372ad5b008a495a4267b130a3
1,d7,d7_sequence_0005,test,train,images/test/d7/d7_0006019_jpg.rf.ddc8f48310da7fa96dabc701ea8c7211_92efc580bf.jpg,images/train/d7/d7_0006019_jpg.rf.ddc8f48310da7fa96dabc701ea8c7211_92efc580bf.jpg,labels/test/d7/d7_0006019_jpg.rf.ddc8f48310da7fa96dabc701ea8c7211_92efc580bf.txt,labels/train/d7/d7_0006019_jpg.rf.ddc8f48310da7fa96dabc701ea8c7211_92efc580bf.txt,cccbe455caa00b5401cb3c2cacab6f9076dda6766b341665bd8aa2906816ebe1,e92c6d1551ea2f1754ff5e139ef8d50adb3f3fd2d538c62870a56929a7559403
1,d7,d7_sequence_0005,val,train,images/val/d7/d7_0000093_jpg.rf.2769a8949137f69cb054b0496adb3ee1_c1100cb7ac.jpg,images/train/d7/d7_0000093_jpg.rf.2769a8949137f69cb054b0496adb3ee1_c1100cb7ac.jpg,labels/val/d7/d7_0000093_jpg.rf.2769a8949137f69cb054b0496adb3ee1_c1100cb7ac.txt,labels/train/d7/d7_0000093_jpg.rf.2769a8949137f69cb054b0496adb3ee1_c1100cb7ac.txt,8f6965e5cf997d9c7c83648099e6d433e69410cd356c7ab6183a3f503fa11dae,072dde85ab58ff9ea4809f2bcc74959c66f151052b54812835ebb4fb5e43e621
1,d7,d7_sequence_0005,val,train,images/val/d7/d7_0001003_jpg.rf.e31eec16fdfcbbc3102e6521321ca297_de67ee9bb0.jpg,images/train/d7/d7_0001003_jpg.rf.e31eec16fdfcbbc3102e6521321ca297_de67ee9bb0.jpg,labels/val/d7/d7_0001003_jpg.rf.e31eec16fdfcbbc3102e6521321ca297_de67ee9bb0.txt,labels/train/d7/d7_0001003_jpg.rf.e31eec16fdfcbbc3102e6521321ca297_de67ee9bb0.txt,d6cf41bcf8d75e9a9910c29eb1e4c56b7e94fc18cfd1c382917a09b7846304d0,b96356b87984739c13bc60a35c19a05d0c2907d095fd816c1e0396cfaccc34f5
1,d7,d7_sequence_0005,val,train,images/val/d7/d7_0004771_jpg.rf.09c37031ca2521789dff7f06d71b9335_3b0449a4a9.jpg,images/train/d7/d7_0004771_jpg.rf.09c37031ca2521789dff7f06d71b9335_3b0449a4a9.jpg,labels/val/d7/d7_0004771_jpg.rf.09c37031ca2521789dff7f06d71b9335_3b0449a4a9.txt,labels/train/d7/d7_0004771_jpg.rf.09c37031ca2521789dff7f06d71b9335_3b0449a4a9.txt,a86850410a44beaab2402d2155f055a738646a1e9c9f28269e146013001cd3b5,baa0ae21384275aebddc92e22194803749d0a381acae2e8be0ea0d7dfe1368a3
1,d7,d7_sequence_0005,val,train,images/val/d7/d7_0005676_jpg.rf.aa7dd65cf1613bcf4e4793bed0391869_b5e476954e.jpg,images/train/d7/d7_0005676_jpg.rf.aa7dd65cf1613bcf4e4793bed0391869_b5e476954e.jpg,labels/val/d7/d7_0005676_jpg.rf.aa7dd65cf1613bcf4e4793bed0391869_b5e476954e.txt,labels/train/d7/d7_0005676_jpg.rf.aa7dd65cf1613bcf4e4793bed0391869_b5e476954e.txt,685aad3f29b33338a2ac70f97177c28566a26a6b0846adcc811ea685f100fdc0,eb13af34abeca7ca7e91c04289b1ccb4f799f8b369ec229b15091f573575966f
1,d7,d7_sequence_0006,test,val,images/test/d7/d7_0003119_jpg.rf.692b69cf4e8aa4cc1eb5ded47c9ced76_ec8c0c9f7a.jpg,images/val/d7/d7_0003119_jpg.rf.692b69cf4e8aa4cc1eb5ded47c9ced76_ec8c0c9f7a.jpg,labels/test/d7/d7_0003119_jpg.rf.692b69cf4e8aa4cc1eb5ded47c9ced76_ec8c0c9f7a.txt,labels/val/d7/d7_0003119_jpg.rf.692b69cf4e8aa4cc1eb5ded47c9ced76_ec8c0c9f7a.txt,2150744c659c4d837e35b304b0590fc4e8b1531991618b42b9d773a1ef0d9434,4117c99726713401b8c42f2c5298a5e316665cc2ffc52f17ee683b49463013cc
1,d7,d7_sequence_0006,train,val,images/train/d7/d7_0006073_jpg.rf.c196630b23f96faeb777552e1384a953_8867abb5ba.jpg,images/val/d7/d7_0006073_jpg.rf.c196630b23f96faeb777552e1384a953_8867abb5ba.jpg,labels/train/d7/d7_0006073_jpg.rf.c196630b23f96faeb777552e1384a953_8867abb5ba.txt,labels/val/d7/d7_0006073_jpg.rf.c196630b23f96faeb777552e1384a953_8867abb5ba.txt,f23d5826fbb1a34c6b8cdcce1294447eb2a71ef2bfc9e0d7a56f779b4d2cb58b,9daa1c3d1d036786d54be4ceaeefff25195a4252553f0c828744e5398c350392
1,d7,d7_sequence_0007,train,test,images/train/d7/d7_0005217_jpg.rf.5ea768d8c438c6d8f49f0b4b0c3ea0b7_804cc8a2a4.jpg,images/test/d7/d7_0005217_jpg.rf.5ea768d8c438c6d8f49f0b4b0c3ea0b7_804cc8a2a4.jpg,labels/train/d7/d7_0005217_jpg.rf.5ea768d8c438c6d8f49f0b4b0c3ea0b7_804cc8a2a4.txt,labels/test/d7/d7_0005217_jpg.rf.5ea768d8c438c6d8f49f0b4b0c3ea0b7_804cc8a2a4.txt,e90a76e5333ffb4afef9267ab47c4cca7958d6200f05e893a046f0267953fcfe,e0b786d8a9137aadb647775007242b75c6da1979cee25710102e7787dc70c1b0
1,d7,d7_sequence_0008,test,val,images/test/d7/d7_0003236_jpg.rf.590a45e028f49c469e4b1cb04ff136ab_d5011eedd6.jpg,images/val/d7/d7_0003236_jpg.rf.590a45e028f49c469e4b1cb04ff136ab_d5011eedd6.jpg,labels/test/d7/d7_0003236_jpg.rf.590a45e028f49c469e4b1cb04ff136ab_d5011eedd6.txt,labels/val/d7/d7_0003236_jpg.rf.590a45e028f49c469e4b1cb04ff136ab_d5011eedd6.txt,05e5b8b223c4f2eb7830e9dde6484abd7d6da2e6eb74c4c6c41cb7c1e5f4872f,f221e4d70bd55cac70f98cae0d2a170560866fc9e6e869adba0dae822a70b41b
1,d7,d7_sequence_0008,train,val,images/train/d7/d7_0004934_jpg.rf.504ae291ee82bf9c1c0feb2d20625ac1_f02c652ed9.jpg,images/val/d7/d7_0004934_jpg.rf.504ae291ee82bf9c1c0feb2d20625ac1_f02c652ed9.jpg,labels/train/d7/d7_0004934_jpg.rf.504ae291ee82bf9c1c0feb2d20625ac1_f02c652ed9.txt,labels/val/d7/d7_0004934_jpg.rf.504ae291ee82bf9c1c0feb2d20625ac1_f02c652ed9.txt,8a4bea406a6e9d51330cdbf5584010fe03b74b223a1f30f26d044e49fba4e62e,1ed003356b0c668b0e9aa71a2df64aad7e77fdf205882391768f30f9e34fc843
1,d7,d7_sequence_0008,train,val,images/train/d7/d7_0006144_jpg.rf.43235f02926f36833a9516ca27d076dc_097c9e0916.jpg,images/val/d7/d7_0006144_jpg.rf.43235f02926f36833a9516ca27d076dc_097c9e0916.jpg,labels/train/d7/d7_0006144_jpg.rf.43235f02926f36833a9516ca27d076dc_097c9e0916.txt,labels/val/d7/d7_0006144_jpg.rf.43235f02926f36833a9516ca27d076dc_097c9e0916.txt,5f0c977de5942c039c05a209ce357dae84513a167b69ddf633b7acf53f311c5e,22afd9c26ea0331a73f960a14bcbe3abf91a0a192a55ed9a21000d2515af62fa
1,d7,d7_sequence_0008,train,val,images/train/d7/d7_0006531_jpg.rf.769987252f36f1b482a3fddb69e65eba_fa9b97c75e.jpg,images/val/d7/d7_0006531_jpg.rf.769987252f36f1b482a3fddb69e65eba_fa9b97c75e.jpg,labels/train/d7/d7_0006531_jpg.rf.769987252f36f1b482a3fddb69e65eba_fa9b97c75e.txt,labels/val/d7/d7_0006531_jpg.rf.769987252f36f1b482a3fddb69e65eba_fa9b97c75e.txt,b3e753fe24cf59840c1806994cb0d6e8aea0ebc0b7139199d7b528cddd7bd1c4,7d61a2f4777a4cf6ce9d63e4bf94cf01b7e3105d762d5b86c4cad987b93bf0b3
1,d7,d7_sequence_0009,train,test,images/train/d7/d7_0001391_jpg.rf.f1dd3b0d0fb44a071dfab8091f36dc27_4dc6ce47e8.jpg,images/test/d7/d7_0001391_jpg.rf.f1dd3b0d0fb44a071dfab8091f36dc27_4dc6ce47e8.jpg,labels/train/d7/d7_0001391_jpg.rf.f1dd3b0d0fb44a071dfab8091f36dc27_4dc6ce47e8.txt,labels/test/d7/d7_0001391_jpg.rf.f1dd3b0d0fb44a071dfab8091f36dc27_4dc6ce47e8.txt,24cedb9e42b6dfad4bd4acd24dac9afd486f948eb929459ae831a5a0ebed5855,e5f37969a8cecdf4ccbc511b4a121200565caee97ac100e02dffc00f912058a8
1,d7,d7_sequence_0010,train,test,images/train/d7/d7_0003346_jpg.rf.9362abbd125684f5439136a3cdcaed6e_3e31793c1c.jpg,images/test/d7/d7_0003346_jpg.rf.9362abbd125684f5439136a3cdcaed6e_3e31793c1c.jpg,labels/train/d7/d7_0003346_jpg.rf.9362abbd125684f5439136a3cdcaed6e_3e31793c1c.txt,labels/test/d7/d7_0003346_jpg.rf.9362abbd125684f5439136a3cdcaed6e_3e31793c1c.txt,29cf157ee3bb4846de0c9c23d0d6107111c5191be273e74abb4c2e49d5a6429e,fa524074bad856f208279a790a4d1abe9f66ecce1239dc90d891e84926cbb7ec
1,d7,d7_sequence_0010,val,test,images/val/d7/d7_0000677_jpg.rf.e974a594907ab72558d3894fc2699720_731715e6d7.jpg,images/test/d7/d7_0000677_jpg.rf.e974a594907ab72558d3894fc2699720_731715e6d7.jpg,labels/val/d7/d7_0000677_jpg.rf.e974a594907ab72558d3894fc2699720_731715e6d7.txt,labels/test/d7/d7_0000677_jpg.rf.e974a594907ab72558d3894fc2699720_731715e6d7.txt,67b3b3735b266b349386f20a8ba1f515f2cc2d765e2785b8454f2753c18e4066,16240eeaac5b3af5acf08e2dfdff1c79fa598a0ba4368958bd38b018ec3d268b
1,d7,d7_sequence_0011,test,train,images/test/d7/d7_0004142_jpg.rf.dd616fca39d58988b3707c41efc9eff0_a7c68c1027.jpg,images/train/d7/d7_0004142_jpg.rf.dd616fca39d58988b3707c41efc9eff0_a7c68c1027.jpg,labels/test/d7/d7_0004142_jpg.rf.dd616fca39d58988b3707c41efc9eff0_a7c68c1027.txt,labels/train/d7/d7_0004142_jpg.rf.dd616fca39d58988b3707c41efc9eff0_a7c68c1027.txt,f264c5c7c40ec266a6f2cda2ccbc140dfa1f0c87fa9ebad2019ec9df5df8bf34,edc8200d5256f5db20c1849cab8e1459bf6015630828037bbfdf8422baa92970
1,d7,d7_sequence_0011,val,train,images/val/d7/d7_0001561_jpg.rf.69a12ae26fd16af578ef09183a67c20e_871a321a8d.jpg,images/train/d7/d7_0001561_jpg.rf.69a12ae26fd16af578ef09183a67c20e_871a321a8d.jpg,labels/val/d7/d7_0001561_jpg.rf.69a12ae26fd16af578ef09183a67c20e_871a321a8d.txt,labels/train/d7/d7_0001561_jpg.rf.69a12ae26fd16af578ef09183a67c20e_871a321a8d.txt,979ac09733543cc503f9ac0f793506309e929da7b0de72e3c9c1b828feda7b51,24a94b201e4474ec71257facc4a3f0ed63f4aa3ecc78494e9279bc7f3b6db30d
1,d7,d7_sequence_0011,val,train,images/val/d7/d7_0003957_jpg.rf.df8203c6340f6f36927cd98fa952a22e_f2530ad95a.jpg,images/train/d7/d7_0003957_jpg.rf.df8203c6340f6f36927cd98fa952a22e_f2530ad95a.jpg,labels/val/d7/d7_0003957_jpg.rf.df8203c6340f6f36927cd98fa952a22e_f2530ad95a.txt,labels/train/d7/d7_0003957_jpg.rf.df8203c6340f6f36927cd98fa952a22e_f2530ad95a.txt,7e3c31aa4730fa466c176edb3f6cde426e6b647d5370e6e93af1632c7ca3e17d,ac89598b7fe89bbede837c456a036af392db01429ab074b2f9d296d0b3834f57
1,d7,d7_sequence_0011,val,train,images/val/d7/d7_0005326_jpg.rf.2c26526c2572bbbb79a98de29d4e035d_2800d464ef.jpg,images/train/d7/d7_0005326_jpg.rf.2c26526c2572bbbb79a98de29d4e035d_2800d464ef.jpg,labels/val/d7/d7_0005326_jpg.rf.2c26526c2572bbbb79a98de29d4e035d_2800d464ef.txt,labels/train/d7/d7_0005326_jpg.rf.2c26526c2572bbbb79a98de29d4e035d_2800d464ef.txt,5b94e73da31bc28840d79e7a3e55e621c59e5e1af44b40f8c71683cb0d28ad29,1c165da1fd6511930fc4950512b00626a02a70e0dec22a59d108dd23c6661fd6
1,d7,d7_sequence_0012,train,test,images/train/d7/d7_0003015_jpg.rf.2c2ed66f8bb4be774b0897d44d769d51_95d606d6cc.jpg,images/test/d7/d7_0003015_jpg.rf.2c2ed66f8bb4be774b0897d44d769d51_95d606d6cc.jpg,labels/train/d7/d7_0003015_jpg.rf.2c2ed66f8bb4be774b0897d44d769d51_95d606d6cc.txt,labels/test/d7/d7_0003015_jpg.rf.2c2ed66f8bb4be774b0897d44d769d51_95d606d6cc.txt,9c6ad0d82e4ac9116a98905ab04498953022aba7bf21cf3513311d7c6a019c5d,ee69c80cc485220109c416fbcb251d15dda9c1a549482d4de06400b1171c9dc3
1,d7,d7_sequence_0013,train,test,images/train/d7/d7_0003734_jpg.rf.5b4d4060bfeeb728296ce6cdc8c47289_ce7bceafff.jpg,images/test/d7/d7_0003734_jpg.rf.5b4d4060bfeeb728296ce6cdc8c47289_ce7bceafff.jpg,labels/train/d7/d7_0003734_jpg.rf.5b4d4060bfeeb728296ce6cdc8c47289_ce7bceafff.txt,labels/test/d7/d7_0003734_jpg.rf.5b4d4060bfeeb728296ce6cdc8c47289_ce7bceafff.txt,2aa13b5e6792200b401681ff0a2c6510e8374aafc17aa7e01d04ce60cab9da0d,cb8065e9a21442d0581b7ab5eb90b96b90dec2254228c7781e31d8ff95f8bd48
1,d7,d7_sequence_0014,train,test,images/train/d7/d7_0002004_jpg.rf.992eb4aff318e6e88124246ffe9ebac9_ce6cb65de9.jpg,images/test/d7/d7_0002004_jpg.rf.992eb4aff318e6e88124246ffe9ebac9_ce6cb65de9.jpg,labels/train/d7/d7_0002004_jpg.rf.992eb4aff318e6e88124246ffe9ebac9_ce6cb65de9.txt,labels/test/d7/d7_0002004_jpg.rf.992eb4aff318e6e88124246ffe9ebac9_ce6cb65de9.txt,84e4eea1233e36de7357169927065ac7dc7181a578dfa106ee370daf6ad5a401,196a07d8babfcdb724764d0596ba4396c8537b02c0baa2a8287dd9b44afd4770
1,d7,d7_sequence_0015,test,train,images/test/d7/d7_0004696_jpg.rf.2efb169a6551cbb37ca3c40e8a44d9d9_c37ef0ef51.jpg,images/train/d7/d7_0004696_jpg.rf.2efb169a6551cbb37ca3c40e8a44d9d9_c37ef0ef51.jpg,labels/test/d7/d7_0004696_jpg.rf.2efb169a6551cbb37ca3c40e8a44d9d9_c37ef0ef51.txt,labels/train/d7/d7_0004696_jpg.rf.2efb169a6551cbb37ca3c40e8a44d9d9_c37ef0ef51.txt,fc6f73721600884089635aa991d12feec64bf346aa078722e0a9081f7aebd0ae,b64e05b48739711ba7bca2ee3e36ce792d8a1a7210cfb92d400947f17f520532
1,d7,d7_sequence_0016,train,test,images/train/d7/d7_0000341_jpg.rf.0fe1d4072f461e020bc2ce8ec18ae5dd_06449d1755.jpg,images/test/d7/d7_0000341_jpg.rf.0fe1d4072f461e020bc2ce8ec18ae5dd_06449d1755.jpg,labels/train/d7/d7_0000341_jpg.rf.0fe1d4072f461e020bc2ce8ec18ae5dd_06449d1755.txt,labels/test/d7/d7_0000341_jpg.rf.0fe1d4072f461e020bc2ce8ec18ae5dd_06449d1755.txt,742fe302469d12c3c7861d41d12a0fb99202a699a0981e60a4eb047916e32b01,3d73c767c7769a0b989d016c9470111e29aff0be03df1bc6b01ddfdb7010f70f
1,d7,d7_sequence_0017,test,val,images/test/d7/d7_0005165_jpg.rf.56835c620ea09ce8cb542fe9dd94d3bf_fce2d968a9.jpg,images/val/d7/d7_0005165_jpg.rf.56835c620ea09ce8cb542fe9dd94d3bf_fce2d968a9.jpg,labels/test/d7/d7_0005165_jpg.rf.56835c620ea09ce8cb542fe9dd94d3bf_fce2d968a9.txt,labels/val/d7/d7_0005165_jpg.rf.56835c620ea09ce8cb542fe9dd94d3bf_fce2d968a9.txt,28c50e2942579f1f3eff52d08c76ab4463ae4d772952682511b13bde3e936369,1fc514640b9a76c8cf48fc68f7c2384c9688b73aac26be4204ddf3bf3d03e747
1,d7,d7_sequence_0017,train,val,images/train/d7/d7_0003045_jpg.rf.0b129cca159f6aa76888c3b8370bd17f_0d18a552a0.jpg,images/val/d7/d7_0003045_jpg.rf.0b129cca159f6aa76888c3b8370bd17f_0d18a552a0.jpg,labels/train/d7/d7_0003045_jpg.rf.0b129cca159f6aa76888c3b8370bd17f_0d18a552a0.txt,labels/val/d7/d7_0003045_jpg.rf.0b129cca159f6aa76888c3b8370bd17f_0d18a552a0.txt,6333fe640ef1da5d464e2d1b3a8efdd7ff4e338873e63e5e0eb4680e9a06d9e4,4e803e21d3c4e376cab84b5bc13dffce7611c3206e6f760192956fcbce69a365
1,d7,d7_sequence_0017,train,val,images/train/d7/d7_0005908_jpg.rf.43024f5d7f7712cbd466171ed5f4b7e4_0f270b1946.jpg,images/val/d7/d7_0005908_jpg.rf.43024f5d7f7712cbd466171ed5f4b7e4_0f270b1946.jpg,labels/train/d7/d7_0005908_jpg.rf.43024f5d7f7712cbd466171ed5f4b7e4_0f270b1946.txt,labels/val/d7/d7_0005908_jpg.rf.43024f5d7f7712cbd466171ed5f4b7e4_0f270b1946.txt,fe592448c961f18681af7edbb354b79e387bb9300c494e13433574b9648b3c25,03127a17fd79de0f0e56edfd7d817146a5c00f4e30dafcd8592f900b0e756d5a
1,d7,d7_sequence_0017,train,val,images/train/d7/d7_0006054_jpg.rf.6f9dabb642975c0509c0e4b0fba5a15e_dca587d501.jpg,images/val/d7/d7_0006054_jpg.rf.6f9dabb642975c0509c0e4b0fba5a15e_dca587d501.jpg,labels/train/d7/d7_0006054_jpg.rf.6f9dabb642975c0509c0e4b0fba5a15e_dca587d501.txt,labels/val/d7/d7_0006054_jpg.rf.6f9dabb642975c0509c0e4b0fba5a15e_dca587d501.txt,8ae2dad8fdd3f51a71805514626e280100ac3151b38d316fc6becdea0f63a475,56560ef1eaa945bc81b6fd39f7f01e226da2c383f066cb75b36caeb2ad7b428d
1,d7,d7_sequence_0018,train,test,images/train/d7/d7_0002187_jpg.rf.3904fbd280c044940865b0042aef0ea6_2a833d7eab.jpg,images/test/d7/d7_0002187_jpg.rf.3904fbd280c044940865b0042aef0ea6_2a833d7eab.jpg,labels/train/d7/d7_0002187_jpg.rf.3904fbd280c044940865b0042aef0ea6_2a833d7eab.txt,labels/test/d7/d7_0002187_jpg.rf.3904fbd280c044940865b0042aef0ea6_2a833d7eab.txt,4610bd598d2f507cdd2c20ab19c5175778b153cecddb6d7b4a53ec6f94eb2555,f5bcad5649cf30c05f52997b51fe8de3d716d05329e245295a4b82ba7b8f81c6
1,d7,d7_sequence_0019,train,test,images/train/d7/d7_0006135_jpg.rf.4a4c8a063ef8cadbf2254242e8facfd3_f49e3e5727.jpg,images/test/d7/d7_0006135_jpg.rf.4a4c8a063ef8cadbf2254242e8facfd3_f49e3e5727.jpg,labels/train/d7/d7_0006135_jpg.rf.4a4c8a063ef8cadbf2254242e8facfd3_f49e3e5727.txt,labels/test/d7/d7_0006135_jpg.rf.4a4c8a063ef8cadbf2254242e8facfd3_f49e3e5727.txt,242b48c5332624760e621469f6374fdbd22adce86be4e77c1173f8f30b7911b6,aa3e58108002ecec73de453b996b7116322ec7b22351b893aba50bf3e7c6b52d
1,d7,d7_sequence_0019,val,test,images/val/d7/d7_0002251_jpg.rf.40aba0b000da281c753035838dc38507_d9b1ceeaa0.jpg,images/test/d7/d7_0002251_jpg.rf.40aba0b000da281c753035838dc38507_d9b1ceeaa0.jpg,labels/val/d7/d7_0002251_jpg.rf.40aba0b000da281c753035838dc38507_d9b1ceeaa0.txt,labels/test/d7/d7_0002251_jpg.rf.40aba0b000da281c753035838dc38507_d9b1ceeaa0.txt,170f094e4c4e7d8164009b58470ec0fe8f38c59c933db47a35a65d9437660a5e,f9a7faa27ae018354384d31a5c0de86028d52aa3c3bc616e3efac2fa485e0116
1,d7,d7_sequence_0020,test,val,images/test/d7/d7_0005608_jpg.rf.a4723de2dc0a409f4026938246be7be4_9714bae5bb.jpg,images/val/d7/d7_0005608_jpg.rf.a4723de2dc0a409f4026938246be7be4_9714bae5bb.jpg,labels/test/d7/d7_0005608_jpg.rf.a4723de2dc0a409f4026938246be7be4_9714bae5bb.txt,labels/val/d7/d7_0005608_jpg.rf.a4723de2dc0a409f4026938246be7be4_9714bae5bb.txt,ee82e2f4ae761adb06451c0c523f0e5a67798d99dad691772b23c45f5b85ace7,522b092d80c1b3c3fa1d37a2bee3fe7fd32ea6f87feef70c431616e22bd26a1b
1,d7,d7_sequence_0021,val,test,images/val/d7/d7_0003366_jpg.rf.8677faf5a9b277fa414cd747a5ea92f6_c274654152.jpg,images/test/d7/d7_0003366_jpg.rf.8677faf5a9b277fa414cd747a5ea92f6_c274654152.jpg,labels/val/d7/d7_0003366_jpg.rf.8677faf5a9b277fa414cd747a5ea92f6_c274654152.txt,labels/test/d7/d7_0003366_jpg.rf.8677faf5a9b277fa414cd747a5ea92f6_c274654152.txt,f580d315daac5db3f569448c7ca9b7b4c9087c5e759e9c7ec0833cca355c7866,7bf03a281f388e3e7b92ee69ed5f29db3ac1ab6ac5968457e9851859b4fdf9b1
1,d7,d7_sequence_0022,train,test,images/train/d7/d7_0001569_jpg.rf.76a03cc3dc885167dded899d0bf7fa89_adce2a00e9.jpg,images/test/d7/d7_0001569_jpg.rf.76a03cc3dc885167dded899d0bf7fa89_adce2a00e9.jpg,labels/train/d7/d7_0001569_jpg.rf.76a03cc3dc885167dded899d0bf7fa89_adce2a00e9.txt,labels/test/d7/d7_0001569_jpg.rf.76a03cc3dc885167dded899d0bf7fa89_adce2a00e9.txt,7a50118cec89a754987fb35df67dde3cfed2ca93963fae499487e1a850d11b60,109b2b7ff1b5d43dff06fe972e5cf8bbc73da9fa37d6fca43997dc9bc5e10b1f
1,d7,d7_sequence_0023,train,val,images/train/d7/d7_0001116_jpg.rf.c3825d39ad349842fa51497697e65659_83fe4aef06.jpg,images/val/d7/d7_0001116_jpg.rf.c3825d39ad349842fa51497697e65659_83fe4aef06.jpg,labels/train/d7/d7_0001116_jpg.rf.c3825d39ad349842fa51497697e65659_83fe4aef06.txt,labels/val/d7/d7_0001116_jpg.rf.c3825d39ad349842fa51497697e65659_83fe4aef06.txt,c941f7c69df119ad51070cec3030d85b3c4c104dca412c1aa6166e7769e87634,151ea4ff054f8bfe01709347ba6e327afb5ecb1d3072728646f9a390899095e1
1,d7,d7_sequence_0024,train,val,images/train/d7/d7_0001736_jpg.rf.44ba01bafc278253894c755aefde7864_a55c8a426b.jpg,images/val/d7/d7_0001736_jpg.rf.44ba01bafc278253894c755aefde7864_a55c8a426b.jpg,labels/train/d7/d7_0001736_jpg.rf.44ba01bafc278253894c755aefde7864_a55c8a426b.txt,labels/val/d7/d7_0001736_jpg.rf.44ba01bafc278253894c755aefde7864_a55c8a426b.txt,c401115658c6dad6f85928c65b51588e472f1fbdf67022ad5c140fb42a9d746c,f9d0be74333c35df06988120e6590919575639cea1adcd35f7cf0ca31630e43d
1,d7,d7_sequence_0025,val,train,images/val/d7/d7_0004200_jpg.rf.1122b8c4d74047063f80e6bdb1fd73b3_bf377b6b24.jpg,images/train/d7/d7_0004200_jpg.rf.1122b8c4d74047063f80e6bdb1fd73b3_bf377b6b24.jpg,labels/val/d7/d7_0004200_jpg.rf.1122b8c4d74047063f80e6bdb1fd73b3_bf377b6b24.txt,labels/train/d7/d7_0004200_jpg.rf.1122b8c4d74047063f80e6bdb1fd73b3_bf377b6b24.txt,0924cc2c20d5aee85f46b58965b28e23d13e3b816bf4c1e0478547fbb479ed41,215ded4d0c9bc87fe49e75e5c98f78b7d5bd5d39b9a0dc351b732db038ac1208
1,d7,d7_sequence_0026,train,val,images/train/d7/d7_0002230_jpg.rf.e52a4cd7f5ded679928f75f50339910f_e5cde1cc35.jpg,images/val/d7/d7_0002230_jpg.rf.e52a4cd7f5ded679928f75f50339910f_e5cde1cc35.jpg,labels/train/d7/d7_0002230_jpg.rf.e52a4cd7f5ded679928f75f50339910f_e5cde1cc35.txt,labels/val/d7/d7_0002230_jpg.rf.e52a4cd7f5ded679928f75f50339910f_e5cde1cc35.txt,f76c6a0bc93010feecbdfe41f7a3e0cec16e9ff823c3a49cdc5e42caa1b19953,9cbd74100e0c0222d739fcecf0b864e7e6d41ffb5ff5072a848baa864ac83462
1,d7,d7_sequence_0027,val,train,images/val/d7/d7_0004516_jpg.rf.d26dcc726f42dd532123d46edd85a757_f5512a7d74.jpg,images/train/d7/d7_0004516_jpg.rf.d26dcc726f42dd532123d46edd85a757_f5512a7d74.jpg,labels/val/d7/d7_0004516_jpg.rf.d26dcc726f42dd532123d46edd85a757_f5512a7d74.txt,labels/train/d7/d7_0004516_jpg.rf.d26dcc726f42dd532123d46edd85a757_f5512a7d74.txt,abb393b307134442b3a7d133ce83f186fd65c3ed7e60b868db9b0398d83c2dd5,f92b16492d0da7e45a97a5480c50e850b46c5b28c440b25b3d5d7c894bb8e18c
1,d7,d7_sequence_0028,val,train,images/val/d7/d7_0004750_jpg.rf.43745bbe00a2b458bf38bfb7ee79fa48_5d0d4de9e4.jpg,images/train/d7/d7_0004750_jpg.rf.43745bbe00a2b458bf38bfb7ee79fa48_5d0d4de9e4.jpg,labels/val/d7/d7_0004750_jpg.rf.43745bbe00a2b458bf38bfb7ee79fa48_5d0d4de9e4.txt,labels/train/d7/d7_0004750_jpg.rf.43745bbe00a2b458bf38bfb7ee79fa48_5d0d4de9e4.txt,9335139473557771cb43f217b0c2510a6ee9be1e2e95aa69ddccdeb9b37b67a3,86fa134b731c6bcbb9ec6242da59cca56452626e4272ab8ece02a4905d6f3322
1,d7,d7_sequence_0029,val,train,images/val/d7/d7_0002966_jpg.rf.bb71c64c970aaa62fce1eb3519b73891_bbfc0bf65c.jpg,images/train/d7/d7_0002966_jpg.rf.bb71c64c970aaa62fce1eb3519b73891_bbfc0bf65c.jpg,labels/val/d7/d7_0002966_jpg.rf.bb71c64c970aaa62fce1eb3519b73891_bbfc0bf65c.txt,labels/train/d7/d7_0002966_jpg.rf.bb71c64c970aaa62fce1eb3519b73891_bbfc0bf65c.txt,6a4ecc73232bbf2e276996f66d2fd92a0740ceddf3f7c551f68dc683ef7270fa,0e499993d5841af726fdbbe307b83f12f0d6033b4db1789eb69e41c77afe79e4
1,d7,d7_sequence_0030,val,train,images/val/d7/d7_0006100_jpg.rf.effca3ab8e576df78b61083b1c9acb4c_d4808e1058.jpg,images/train/d7/d7_0006100_jpg.rf.effca3ab8e576df78b61083b1c9acb4c_d4808e1058.jpg,labels/val/d7/d7_0006100_jpg.rf.effca3ab8e576df78b61083b1c9acb4c_d4808e1058.txt,labels/train/d7/d7_0006100_jpg.rf.effca3ab8e576df78b61083b1c9acb4c_d4808e1058.txt,cb317daaec69f10ee4793db9e74fcc4d9f5d0b6a87f88003bf147546096eb8f2,cb22224b3f83f035ed873ae3a01434199ef639cbc85d3d410eafbd6dbea99fc1
1,d7,d7_sequence_0031,train,val,images/train/d7/d7_0004382_jpg.rf.6c211705fa13ee4252f3d5ce8c6bb9e4_a13d250ee0.jpg,images/val/d7/d7_0004382_jpg.rf.6c211705fa13ee4252f3d5ce8c6bb9e4_a13d250ee0.jpg,labels/train/d7/d7_0004382_jpg.rf.6c211705fa13ee4252f3d5ce8c6bb9e4_a13d250ee0.txt,labels/val/d7/d7_0004382_jpg.rf.6c211705fa13ee4252f3d5ce8c6bb9e4_a13d250ee0.txt,174fffdc2d49547d6b601627a65008ce8eba7c079eb9b1b220049d52f88d677d,bb1881602058671e29dfb799c551792479f2b7559b190998b9669146f33d7e55
1,d7,d7_sequence_0032,train,val,images/train/d7/d7_0005328_jpg.rf.d505f8e4ede8c7f76a52cd9756493d68_af0e8b06e7.jpg,images/val/d7/d7_0005328_jpg.rf.d505f8e4ede8c7f76a52cd9756493d68_af0e8b06e7.jpg,labels/train/d7/d7_0005328_jpg.rf.d505f8e4ede8c7f76a52cd9756493d68_af0e8b06e7.txt,labels/val/d7/d7_0005328_jpg.rf.d505f8e4ede8c7f76a52cd9756493d68_af0e8b06e7.txt,e285f4bf0df14b7988f12b652c5616e6cad70b0c15663be27f22e87306de3d49,2a7b293e5483c8bf1ac590427a395beb16ea1cd982dbff6d1aa0b48947ec157b
2,d6,d6_r2_asset_0001,test,train,images/test/d6/d6_Heavy_Equipment_2034_jpg.rf.a5a9f0a1fc0f984ca863b693ea0f52b2_a56b5bdb0c.jpg,images/train/d6/d6_Heavy_Equipment_2034_jpg.rf.a5a9f0a1fc0f984ca863b693ea0f52b2_a56b5bdb0c.jpg,labels/test/d6/d6_Heavy_Equipment_2034_jpg.rf.a5a9f0a1fc0f984ca863b693ea0f52b2_a56b5bdb0c.txt,labels/train/d6/d6_Heavy_Equipment_2034_jpg.rf.a5a9f0a1fc0f984ca863b693ea0f52b2_a56b5bdb0c.txt,40e709a2f753dde074fd7f762aa5ecc8a98ecec179a2e7660ada5fbe9c4f26b5,edeeafbac76048c08b161d3d99be1e36fa7ef02f6a61f7f3b0d0c9e20e22dcb1
2,d6,d6_r2_asset_0002,train,test,images/train/d6/d6_Heavy_Equipment_2383_jpg.rf.2afa9d2c971a89dd2438bf99337c0f4e_955d5080cd.jpg,images/test/d6/d6_Heavy_Equipment_2383_jpg.rf.2afa9d2c971a89dd2438bf99337c0f4e_955d5080cd.jpg,labels/train/d6/d6_Heavy_Equipment_2383_jpg.rf.2afa9d2c971a89dd2438bf99337c0f4e_955d5080cd.txt,labels/test/d6/d6_Heavy_Equipment_2383_jpg.rf.2afa9d2c971a89dd2438bf99337c0f4e_955d5080cd.txt,fe39c2c5102fb1472ac3b3dc21b64cbec73fb23012f83996d0e65014ec693b0f,9f6188ff10650105ae4dd0ae99cd9e89a2ce560549b463e5d2d3cb0e28d30028
2,d6,d6_r2_asset_0003,train,test,images/train/d6/d6_Heavy_Equipment_5122_jpg.rf.5ee4aacb2bd8cf3c09275e21293f44ae_c11023a5bd.jpg,images/test/d6/d6_Heavy_Equipment_5122_jpg.rf.5ee4aacb2bd8cf3c09275e21293f44ae_c11023a5bd.jpg,labels/train/d6/d6_Heavy_Equipment_5122_jpg.rf.5ee4aacb2bd8cf3c09275e21293f44ae_c11023a5bd.txt,labels/test/d6/d6_Heavy_Equipment_5122_jpg.rf.5ee4aacb2bd8cf3c09275e21293f44ae_c11023a5bd.txt,1853cfea532be3a5d87e72ab126075b154ed6296a817a03639d2e310ea3817d6,adaab279ab9a9e99b63bf1e7f91f325355efae65e77b7dfbc217c0b1411e691b
2,d6,d6_r2_asset_0004,train,test,images/train/d6/d6_Heavy_Equipment_4824_jpg.rf.3e2a30fc7a46e7f68cca32e3d1453585_3827faa6cb.jpg,images/test/d6/d6_Heavy_Equipment_4824_jpg.rf.3e2a30fc7a46e7f68cca32e3d1453585_3827faa6cb.jpg,labels/train/d6/d6_Heavy_Equipment_4824_jpg.rf.3e2a30fc7a46e7f68cca32e3d1453585_3827faa6cb.txt,labels/test/d6/d6_Heavy_Equipment_4824_jpg.rf.3e2a30fc7a46e7f68cca32e3d1453585_3827faa6cb.txt,60c8cfe2fcb3fc9a30387d10274487da4b287112afaa0a0e765b83270bb84991,f8d449ea6ebec7fac84762259923ed27d507354e2ca9f223bdbf28f9d5bd00c8
2,d6,d6_r2_asset_0005,test,val,images/test/d6/d6_Heavy_Equipment_3178_jpg.rf.d61cba44c02f335487da962e19a1232d_b62f6346b2.jpg,images/val/d6/d6_Heavy_Equipment_3178_jpg.rf.d61cba44c02f335487da962e19a1232d_b62f6346b2.jpg,labels/test/d6/d6_Heavy_Equipment_3178_jpg.rf.d61cba44c02f335487da962e19a1232d_b62f6346b2.txt,labels/val/d6/d6_Heavy_Equipment_3178_jpg.rf.d61cba44c02f335487da962e19a1232d_b62f6346b2.txt,8757aca4dee289a2e301cdfca47245a58468659d761bdd95ca326b55bbb1f996,d1945273b4a6fd7bc980783a40186546c2f376c6e6a750dd1e5a205c97dd4e82
2,d6,d6_r2_asset_0006,train,test,images/train/d6/d6_Heavy_Equipment_4805_jpg.rf.5cda41847d762914bcdfec4cf6c7f3c5_15fc8e260a.jpg,images/test/d6/d6_Heavy_Equipment_4805_jpg.rf.5cda41847d762914bcdfec4cf6c7f3c5_15fc8e260a.jpg,labels/train/d6/d6_Heavy_Equipment_4805_jpg.rf.5cda41847d762914bcdfec4cf6c7f3c5_15fc8e260a.txt,labels/test/d6/d6_Heavy_Equipment_4805_jpg.rf.5cda41847d762914bcdfec4cf6c7f3c5_15fc8e260a.txt,8bf915248715e81162adc5cc15a31106ee595346b5165617266c927f62d3d936,671b9422a470313b62d9f59eb332311ddd3ce50fae45d556804047f5051892b2
2,d6,d6_r2_asset_0007,train,test,images/train/d6/d6_Heavy_Equipment_3774_jpg.rf.23c27c3b986a74d52a68f0867128c6bb_9c34c8c356.jpg,images/test/d6/d6_Heavy_Equipment_3774_jpg.rf.23c27c3b986a74d52a68f0867128c6bb_9c34c8c356.jpg,labels/train/d6/d6_Heavy_Equipment_3774_jpg.rf.23c27c3b986a74d52a68f0867128c6bb_9c34c8c356.txt,labels/test/d6/d6_Heavy_Equipment_3774_jpg.rf.23c27c3b986a74d52a68f0867128c6bb_9c34c8c356.txt,676217195f4b697274bfab2fbad1db9d8502bcc14457824841b1d43fe3f18cde,1fb69316081fd3d8233ba280a38e3661da6dd453802af742e5e1cead0529b089
2,d6,d6_r2_asset_0008,test,train,images/test/d6/d6_Heavy_Equipment_3296_jpg.rf.c0fcadbca4a32a8d14bd3c0faa322ae9_2a3869433b.jpg,images/train/d6/d6_Heavy_Equipment_3296_jpg.rf.c0fcadbca4a32a8d14bd3c0faa322ae9_2a3869433b.jpg,labels/test/d6/d6_Heavy_Equipment_3296_jpg.rf.c0fcadbca4a32a8d14bd3c0faa322ae9_2a3869433b.txt,labels/train/d6/d6_Heavy_Equipment_3296_jpg.rf.c0fcadbca4a32a8d14bd3c0faa322ae9_2a3869433b.txt,590d37c2a80d14ebf8124dc89d82a863c3956bfc71f3ec382e3312fde0cdbbe6,f2dcd81d3a927e74bb4cbaf7aaa7de25ad73276be922bbf7798bf38fd7922107
2,d6,d6_r2_asset_0009,test,train,images/test/d6/d6_Heavy_Equipment_3350_jpg.rf.92437a80f1e122630de4be9982c3231b_fd82131782.jpg,images/train/d6/d6_Heavy_Equipment_3350_jpg.rf.92437a80f1e122630de4be9982c3231b_fd82131782.jpg,labels/test/d6/d6_Heavy_Equipment_3350_jpg.rf.92437a80f1e122630de4be9982c3231b_fd82131782.txt,labels/train/d6/d6_Heavy_Equipment_3350_jpg.rf.92437a80f1e122630de4be9982c3231b_fd82131782.txt,dba313da0629c04d582a1aaba192a842ce89fe522c15be68440040c02379921c,09cae0b458b28640cfb31c1b1200c97f75b2c09071a8b5a458ea017f58865dd8
2,d6,d6_r2_asset_0010,train,test,images/train/d6/d6_Heavy_Equipment_4379_jpg.rf.8a625c8bfe8a1384a692a6d777ea68c2_b985978724.jpg,images/test/d6/d6_Heavy_Equipment_4379_jpg.rf.8a625c8bfe8a1384a692a6d777ea68c2_b985978724.jpg,labels/train/d6/d6_Heavy_Equipment_4379_jpg.rf.8a625c8bfe8a1384a692a6d777ea68c2_b985978724.txt,labels/test/d6/d6_Heavy_Equipment_4379_jpg.rf.8a625c8bfe8a1384a692a6d777ea68c2_b985978724.txt,54e49cd5b8e28c958e3cbdafdfeb0d8e7a1ba613a491a39f4f41da4e0a6ed4aa,1b8307911719035e249fdb61762732178532f2bc53395c8d85fd61e310cef618
2,d6,d6_r2_asset_0011,test,train,images/test/d6/d6_Heavy_Equipment_3459_jpg.rf.24898b8547035ab29e479ed4b30e87ea_27354614b3.jpg,images/train/d6/d6_Heavy_Equipment_3459_jpg.rf.24898b8547035ab29e479ed4b30e87ea_27354614b3.jpg,labels/test/d6/d6_Heavy_Equipment_3459_jpg.rf.24898b8547035ab29e479ed4b30e87ea_27354614b3.txt,labels/train/d6/d6_Heavy_Equipment_3459_jpg.rf.24898b8547035ab29e479ed4b30e87ea_27354614b3.txt,494e81af7ac3e69bba7afe1d82600198a3a37bf4fddbcd9f876810a99577d694,2f279aee8b6a840cda36ff67a5bdf2ed2d152089f9a1e3288f5fdad463bef3f5
2,d6,d6_r2_asset_0012,train,test,images/train/d6/d6_Heavy_Equipment_4823_jpg.rf.4fd4991906a37224ea1eb8666172e3f9_20f0543450.jpg,images/test/d6/d6_Heavy_Equipment_4823_jpg.rf.4fd4991906a37224ea1eb8666172e3f9_20f0543450.jpg,labels/train/d6/d6_Heavy_Equipment_4823_jpg.rf.4fd4991906a37224ea1eb8666172e3f9_20f0543450.txt,labels/test/d6/d6_Heavy_Equipment_4823_jpg.rf.4fd4991906a37224ea1eb8666172e3f9_20f0543450.txt,adbe17fd55d613bbab6668d8e491c5320af31953453a1b237994b9ba363e5d0d,f0af9c234978eced548647039e09597889cb4cf17de1c23c02b859988aaacb25
2,d6,d6_r2_asset_0013,test,val,images/test/d6/d6_Heavy_Equipment_3959_jpg.rf.d5fd6f85cb26b95a60fa8298305132b2_ee1de6dc0c.jpg,images/val/d6/d6_Heavy_Equipment_3959_jpg.rf.d5fd6f85cb26b95a60fa8298305132b2_ee1de6dc0c.jpg,labels/test/d6/d6_Heavy_Equipment_3959_jpg.rf.d5fd6f85cb26b95a60fa8298305132b2_ee1de6dc0c.txt,labels/val/d6/d6_Heavy_Equipment_3959_jpg.rf.d5fd6f85cb26b95a60fa8298305132b2_ee1de6dc0c.txt,99e977b5507bf2ef9d47ff65c0a38e30acaded563cea8abcac76b9bf5173d1f8,609798a41933e1df3c53824081cd52a89ec20ba59f42191b3bd8309c5e45cf50
2,d6,d6_r2_asset_0014,test,train,images/test/d6/d6_Heavy_Equipment_4001_jpg.rf.14f1d77459a654d78deedbcd3d209676_eec5515748.jpg,images/train/d6/d6_Heavy_Equipment_4001_jpg.rf.14f1d77459a654d78deedbcd3d209676_eec5515748.jpg,labels/test/d6/d6_Heavy_Equipment_4001_jpg.rf.14f1d77459a654d78deedbcd3d209676_eec5515748.txt,labels/train/d6/d6_Heavy_Equipment_4001_jpg.rf.14f1d77459a654d78deedbcd3d209676_eec5515748.txt,731f92fe852cd39ddcb2a90d66e5ae8a71a08fa70d6d17e2b6b58df42b0e6978,f050eb43949a7759b11f7a35d60b054fed1e1036616e7477e04c57f0da0efeeb
2,d6,d6_r2_asset_0015,train,test,images/train/d6/d6_Heavy_Equipment_3665_jpg.rf.763aaca9faf70ea8b89b20b1c72f93a5_a4c14dd4cd.jpg,images/test/d6/d6_Heavy_Equipment_3665_jpg.rf.763aaca9faf70ea8b89b20b1c72f93a5_a4c14dd4cd.jpg,labels/train/d6/d6_Heavy_Equipment_3665_jpg.rf.763aaca9faf70ea8b89b20b1c72f93a5_a4c14dd4cd.txt,labels/test/d6/d6_Heavy_Equipment_3665_jpg.rf.763aaca9faf70ea8b89b20b1c72f93a5_a4c14dd4cd.txt,12d7c2ece4cb4f20582ceb4877896ca05437f0449342a098ff70bc63a8686cba,fcb2e82e6b9eb3dfcac54841eb89ca5efdc4ad10b1f86ebf40d9de2e19ac6d04
2,d6,d6_r2_asset_0016,test,train,images/test/d6/d6_Heavy_Equipment_4211_jpg.rf.12af383cea9e4a1e5ddf810624babb74_c95a5789e6.jpg,images/train/d6/d6_Heavy_Equipment_4211_jpg.rf.12af383cea9e4a1e5ddf810624babb74_c95a5789e6.jpg,labels/test/d6/d6_Heavy_Equipment_4211_jpg.rf.12af383cea9e4a1e5ddf810624babb74_c95a5789e6.txt,labels/train/d6/d6_Heavy_Equipment_4211_jpg.rf.12af383cea9e4a1e5ddf810624babb74_c95a5789e6.txt,94d7bf1aa0d5847d60bd654b624bf80b4a2eb98374bb3a0812a946d0f9efc57b,747c606ad34e26358b23ac30e79da77a2b33e798cc68e58357d2f137850a1c28
2,d6,d6_r2_asset_0017,test,train,images/test/d6/d6_Heavy_Equipment_4267_jpg.rf.d0d4ffb62f2caf60d7c441cb89f671c1_9f6c32d85e.jpg,images/train/d6/d6_Heavy_Equipment_4267_jpg.rf.d0d4ffb62f2caf60d7c441cb89f671c1_9f6c32d85e.jpg,labels/test/d6/d6_Heavy_Equipment_4267_jpg.rf.d0d4ffb62f2caf60d7c441cb89f671c1_9f6c32d85e.txt,labels/train/d6/d6_Heavy_Equipment_4267_jpg.rf.d0d4ffb62f2caf60d7c441cb89f671c1_9f6c32d85e.txt,13d7c5a0e805f454cfdd3cfe7d7f8dac2fbc6da18d10dbb6358cb914581a7865,3ddf82ac2470166cb8e2513a7d9e1579ac7cb9b851f62031777dfd3449925ae3
2,d6,d6_r2_asset_0018,train,test,images/train/d6/d6_Heavy_Equipment_3095_jpg.rf.56475a8898e886678d439878f931f464_c202ee6f49.jpg,images/test/d6/d6_Heavy_Equipment_3095_jpg.rf.56475a8898e886678d439878f931f464_c202ee6f49.jpg,labels/train/d6/d6_Heavy_Equipment_3095_jpg.rf.56475a8898e886678d439878f931f464_c202ee6f49.txt,labels/test/d6/d6_Heavy_Equipment_3095_jpg.rf.56475a8898e886678d439878f931f464_c202ee6f49.txt,54193bbb18551d14343f9d8ad6e2362401a24f3943dc1067179cda04d9095e23,adc031b9b22f72e796e65845977f283305dc94aeee377bb76274447084270c42
2,d6,d6_r2_asset_0019,test,train,images/test/d6/d6_Heavy_Equipment_4478_jpg.rf.47654881cc1e515222ae31fceac87c63_c54195380b.jpg,images/train/d6/d6_Heavy_Equipment_4478_jpg.rf.47654881cc1e515222ae31fceac87c63_c54195380b.jpg,labels/test/d6/d6_Heavy_Equipment_4478_jpg.rf.47654881cc1e515222ae31fceac87c63_c54195380b.txt,labels/train/d6/d6_Heavy_Equipment_4478_jpg.rf.47654881cc1e515222ae31fceac87c63_c54195380b.txt,3bc47e988decbb49a4186c8d7bddee9bd3ab7ebfc8335c3abf8ab4659fc77eaf,535e4964cdbfac97fcd0387f05e797f6a94350ff3af1cc2b1a76607040999173
2,d6,d6_r2_asset_0020,test,train,images/test/d6/d6_Heavy_Equipment_4548_jpg.rf.2c2f53c5b99a9978af84f99b238d3c9a_707a842cfc.jpg,images/train/d6/d6_Heavy_Equipment_4548_jpg.rf.2c2f53c5b99a9978af84f99b238d3c9a_707a842cfc.jpg,labels/test/d6/d6_Heavy_Equipment_4548_jpg.rf.2c2f53c5b99a9978af84f99b238d3c9a_707a842cfc.txt,labels/train/d6/d6_Heavy_Equipment_4548_jpg.rf.2c2f53c5b99a9978af84f99b238d3c9a_707a842cfc.txt,953ed4641f9a28b768f679c8f628dcc8d6b4161d449003e00d470df7dfaac381,ed961f3637fa7fc8e4a8a11bb35ccc1820d94ddd076a25bfe7a7c9169f823b06
2,d6,d6_r2_asset_0021,train,test,images/train/d6/d6_Heavy_Equipment_4266_jpg.rf.95e7573551f27d8c8dd2d4127836f6a6_bb335af8d7.jpg,images/test/d6/d6_Heavy_Equipment_4266_jpg.rf.95e7573551f27d8c8dd2d4127836f6a6_bb335af8d7.jpg,labels/train/d6/d6_Heavy_Equipment_4266_jpg.rf.95e7573551f27d8c8dd2d4127836f6a6_bb335af8d7.txt,labels/test/d6/d6_Heavy_Equipment_4266_jpg.rf.95e7573551f27d8c8dd2d4127836f6a6_bb335af8d7.txt,b0b8094f77dce3f75697ba59d73cae68714911417cbf799c08c236de41846a70,7805e92a3997727849015124ecf8184511fadc1623aa4b2d86153a9ad1b8d0c8
2,d6,d6_r2_asset_0022,train,test,images/train/d6/d6_Heavy_Equipment_3300_jpg.rf.b7c903c2fa8a6f731b21c7474794f48c_a35f62a1fb.jpg,images/test/d6/d6_Heavy_Equipment_3300_jpg.rf.b7c903c2fa8a6f731b21c7474794f48c_a35f62a1fb.jpg,labels/train/d6/d6_Heavy_Equipment_3300_jpg.rf.b7c903c2fa8a6f731b21c7474794f48c_a35f62a1fb.txt,labels/test/d6/d6_Heavy_Equipment_3300_jpg.rf.b7c903c2fa8a6f731b21c7474794f48c_a35f62a1fb.txt,0bb554be643d543cd9100ab553376cfa858b4f63385ed2e28cbec109d7bde90b,fc8856f7c52d0eaaf12929288f49af20d344d147309e422f94a67e1d3f08ef55
2,d6,d6_r2_asset_0023,train,test,images/train/d6/d6_Heavy_Equipment_95_jpg.rf.e53036f37bbdfb205e82a5b04faf80a4_ab39a141d5.jpg,images/test/d6/d6_Heavy_Equipment_95_jpg.rf.e53036f37bbdfb205e82a5b04faf80a4_ab39a141d5.jpg,labels/train/d6/d6_Heavy_Equipment_95_jpg.rf.e53036f37bbdfb205e82a5b04faf80a4_ab39a141d5.txt,labels/test/d6/d6_Heavy_Equipment_95_jpg.rf.e53036f37bbdfb205e82a5b04faf80a4_ab39a141d5.txt,8e9342212da763f4e5a8d5dbf618f631da0040b248693fcce70b0790bb2f3bfc,7d0f7467b9c49a3feaf102368268effbced02a8a25493d6edd0b3b1b0bdb41b2
2,d6,d6_r2_asset_0024,test,train,images/test/d6/d6_Heavy_Equipment_5018_jpg.rf.772bba3eb6b2670bbb2d8cead78ba014_dbcb2b614a.jpg,images/train/d6/d6_Heavy_Equipment_5018_jpg.rf.772bba3eb6b2670bbb2d8cead78ba014_dbcb2b614a.jpg,labels/test/d6/d6_Heavy_Equipment_5018_jpg.rf.772bba3eb6b2670bbb2d8cead78ba014_dbcb2b614a.txt,labels/train/d6/d6_Heavy_Equipment_5018_jpg.rf.772bba3eb6b2670bbb2d8cead78ba014_dbcb2b614a.txt,3cf64b13270e844d7d0effc7c2939b889651950f3b6a6f302b899bcf2c07a00b,12c7e551c1fb3bad2c3df5187973f9ea81d1b8cc477ede46c457bf3e6194c4d3
2,d6,d6_r2_asset_0025,test,val,images/test/d6/d6_Heavy_Equipment_5096_jpg.rf.6a1863c4bddb64978ef8a025c3e4d915_135ede26c6.jpg,images/val/d6/d6_Heavy_Equipment_5096_jpg.rf.6a1863c4bddb64978ef8a025c3e4d915_135ede26c6.jpg,labels/test/d6/d6_Heavy_Equipment_5096_jpg.rf.6a1863c4bddb64978ef8a025c3e4d915_135ede26c6.txt,labels/val/d6/d6_Heavy_Equipment_5096_jpg.rf.6a1863c4bddb64978ef8a025c3e4d915_135ede26c6.txt,cea798780b1c31b1d65919342ee99fbe20ddca06bb7a36a06b0a30260e9854b4,43a0c57b4e58ccffc16afc23375d19e5edb18b138ac78ab541cdd573a486f57f
2,d6,d6_r2_asset_0026,test,train,images/test/d6/d6_Heavy_Equipment_6237_jpg.rf.4712a92e88ee0109bccc93078e6fd0cc_3561c68b06.jpg,images/train/d6/d6_Heavy_Equipment_6237_jpg.rf.4712a92e88ee0109bccc93078e6fd0cc_3561c68b06.jpg,labels/test/d6/d6_Heavy_Equipment_6237_jpg.rf.4712a92e88ee0109bccc93078e6fd0cc_3561c68b06.txt,labels/train/d6/d6_Heavy_Equipment_6237_jpg.rf.4712a92e88ee0109bccc93078e6fd0cc_3561c68b06.txt,d474aa96141a71d98864a55376a910c3fb6ee0cd1012e298b6b0512e7a06f25d,10e00814ad18b681b53f9c2c5915d174a53866bcb3a56fe0fdae05a5fa2cc901
2,d6,d6_r2_asset_0027,train,test,images/train/d6/d6_Heavy_Equipment_4826_jpg.rf.780889a38563aa8a84e0e177e5a05d8b_8eaf59f60f.jpg,images/test/d6/d6_Heavy_Equipment_4826_jpg.rf.780889a38563aa8a84e0e177e5a05d8b_8eaf59f60f.jpg,labels/train/d6/d6_Heavy_Equipment_4826_jpg.rf.780889a38563aa8a84e0e177e5a05d8b_8eaf59f60f.txt,labels/test/d6/d6_Heavy_Equipment_4826_jpg.rf.780889a38563aa8a84e0e177e5a05d8b_8eaf59f60f.txt,37be91fad88e148b0005a1bfaae3b7c45dddf92eea2853977f12610db9b98115,a6f54657d80cf177ea774f3437c243f086f9e522b2d19acece6ef71b558169b4
2,d6,d6_r2_asset_0028,test,train,images/test/d6/d6_Heavy_Equipment_6274_jpg.rf.11e8109982a4b15f39649a8a182d4b7e_d6d85041d9.jpg,images/train/d6/d6_Heavy_Equipment_6274_jpg.rf.11e8109982a4b15f39649a8a182d4b7e_d6d85041d9.jpg,labels/test/d6/d6_Heavy_Equipment_6274_jpg.rf.11e8109982a4b15f39649a8a182d4b7e_d6d85041d9.txt,labels/train/d6/d6_Heavy_Equipment_6274_jpg.rf.11e8109982a4b15f39649a8a182d4b7e_d6d85041d9.txt,5755707301c27b1e2018a4770ef58c1d30403f0573d1e2802504d38c6b2be787,aca22f40d9271d66dda5a35646a991791943fe9a45b09ad4c96d1021854fe06d
2,d6,d6_r2_asset_0029,train,test,images/train/d6/d6_Heavy_Equipment_4323_jpg.rf.a25270170bcaafb453ee1a9d01e3bfa9_66d9b46644.jpg,images/test/d6/d6_Heavy_Equipment_4323_jpg.rf.a25270170bcaafb453ee1a9d01e3bfa9_66d9b46644.jpg,labels/train/d6/d6_Heavy_Equipment_4323_jpg.rf.a25270170bcaafb453ee1a9d01e3bfa9_66d9b46644.txt,labels/test/d6/d6_Heavy_Equipment_4323_jpg.rf.a25270170bcaafb453ee1a9d01e3bfa9_66d9b46644.txt,84e836e554f3ce338dbd57aac36924f50e74427270918d6baa58b0cb9a76cf3f,49477274f57172659f4176d422c1c0f671d8693db0e311da11b0bd4234038545
2,d6,d6_r2_asset_0030,train,test,images/train/d6/d6_M_B_9649_3538338184162_jpg.rf.4fb68174d4753609d5de437427f8cf29_20ac3b5fac.jpg,images/test/d6/d6_M_B_9649_3538338184162_jpg.rf.4fb68174d4753609d5de437427f8cf29_20ac3b5fac.jpg,labels/train/d6/d6_M_B_9649_3538338184162_jpg.rf.4fb68174d4753609d5de437427f8cf29_20ac3b5fac.txt,labels/test/d6/d6_M_B_9649_3538338184162_jpg.rf.4fb68174d4753609d5de437427f8cf29_20ac3b5fac.txt,865d3ee2a74290d89903b5591a85df9967dc26fe0e4512b70cffd7b158c1eb53,c5b39eabac562aebed67d49f35fa1b5f492f9660ac8e0a0ef778d8fa3d5a148c
2,d6,d6_r2_asset_0031,test,val,images/test/d6/d6_M_D_14ac1b9a21668d4cb3109b77a7b904e1_jpg.rf.bd4f32ddd4e687da0cc908e757af45af_6a563ecb73.jpg,images/val/d6/d6_M_D_14ac1b9a21668d4cb3109b77a7b904e1_jpg.rf.bd4f32ddd4e687da0cc908e757af45af_6a563ecb73.jpg,labels/test/d6/d6_M_D_14ac1b9a21668d4cb3109b77a7b904e1_jpg.rf.bd4f32ddd4e687da0cc908e757af45af_6a563ecb73.txt,labels/val/d6/d6_M_D_14ac1b9a21668d4cb3109b77a7b904e1_jpg.rf.bd4f32ddd4e687da0cc908e757af45af_6a563ecb73.txt,a32cfbb2b38b57882a7caf673baaba6e876464a18e31f14d3132e48973396746,1f99800a2393e9603a7a3f30ffc82f36a24ed3054cbeeda406c5f907272d08d1
2,d6,d6_r2_asset_0032,val,test,images/val/d6/d6_M_D_image21_jpeg.rf.1e7cb069440689051374f08b8b380251_35a479e5ed.jpg,images/test/d6/d6_M_D_image21_jpeg.rf.1e7cb069440689051374f08b8b380251_35a479e5ed.jpg,labels/val/d6/d6_M_D_image21_jpeg.rf.1e7cb069440689051374f08b8b380251_35a479e5ed.txt,labels/test/d6/d6_M_D_image21_jpeg.rf.1e7cb069440689051374f08b8b380251_35a479e5ed.txt,f313279ac4f44528abbbcbbafe621bd54ab263cc38c2a9c92856e331227447df,b56ff11b9e37137340dd026e3071414d8b807393327bf838d2e3a2c6c94b0535
2,d6,d6_r2_asset_0033,train,test,images/train/d6/d6_M_H_images25_jpg.rf.28f639f9f36ea7a6b524f70f5be82b72_ebe9ea27ed.jpg,images/test/d6/d6_M_H_images25_jpg.rf.28f639f9f36ea7a6b524f70f5be82b72_ebe9ea27ed.jpg,labels/train/d6/d6_M_H_images25_jpg.rf.28f639f9f36ea7a6b524f70f5be82b72_ebe9ea27ed.txt,labels/test/d6/d6_M_H_images25_jpg.rf.28f639f9f36ea7a6b524f70f5be82b72_ebe9ea27ed.txt,76e41839401fe90fc5deae60df15e6eed4be00bed9018fcf683514b43424a031,b7b72a8f5b3834f37f964d621120f2bbebe8d3303f4115147f82c1d34948a901
2,d6,d6_r2_asset_0034,val,test,images/val/d6/d6_M_M_images55_jpg.rf.5ec200f0dc56c139e66ec8d759327de1_8860da9483.jpg,images/test/d6/d6_M_M_images55_jpg.rf.5ec200f0dc56c139e66ec8d759327de1_8860da9483.jpg,labels/val/d6/d6_M_M_images55_jpg.rf.5ec200f0dc56c139e66ec8d759327de1_8860da9483.txt,labels/test/d6/d6_M_M_images55_jpg.rf.5ec200f0dc56c139e66ec8d759327de1_8860da9483.txt,38fa274824811ce13ca66f60d44e239587867eb540922903c92829a5f9b75f01,12c71d20d0fa3c7e222db9875c67962ff8705ef58536af94642a8f6204cff54d
2,d6,d6_r2_asset_0035,test,val,images/test/d6/d6_M_M_ENTMIXER-IMER-9-M3-58-000-KM-1653477638849729416_big-22052514165518853000_jpg.rf.ff21d2de35b38b9_d2e5850493.jpg,images/val/d6/d6_M_M_ENTMIXER-IMER-9-M3-58-000-KM-1653477638849729416_big-22052514165518853000_jpg.rf.ff21d2de35b38b9_d2e5850493.jpg,labels/test/d6/d6_M_M_ENTMIXER-IMER-9-M3-58-000-KM-1653477638849729416_big-22052514165518853000_jpg.rf.ff21d2de35b38b9_d2e5850493.txt,labels/val/d6/d6_M_M_ENTMIXER-IMER-9-M3-58-000-KM-1653477638849729416_big-22052514165518853000_jpg.rf.ff21d2de35b38b9_d2e5850493.txt,cf42f2247c904feba28eff2710066b2e6b3438185651d8ff59c0289b464019ad,eb90773315f9f18f7e31de901b69d4b8b9417e4f7eddca680c7b3e9156152e75
2,d6,d6_r2_asset_0036,train,test,images/train/d6/d6_M_M_image13_jpeg.rf.ec1663f34f0a88bd45cddc24c6293806_9e7ecf80ad.jpg,images/test/d6/d6_M_M_image13_jpeg.rf.ec1663f34f0a88bd45cddc24c6293806_9e7ecf80ad.jpg,labels/train/d6/d6_M_M_image13_jpeg.rf.ec1663f34f0a88bd45cddc24c6293806_9e7ecf80ad.txt,labels/test/d6/d6_M_M_image13_jpeg.rf.ec1663f34f0a88bd45cddc24c6293806_9e7ecf80ad.txt,c72378bab951e2aa944fdb0a47f3c1734c6a1e851673a84de7b1b2107a461d9d,55f8c7f88c5587d0f8889ef8c13fc97347117c5c77e24261e085820e0c632ce5
2,d6,d6_r2_asset_0037,test,train,images/test/d6/d6_M_M_sddefault_jpg.rf.5235754c729dea3e538be7cb7129ec87_def50cce06.jpg,images/train/d6/d6_M_M_sddefault_jpg.rf.5235754c729dea3e538be7cb7129ec87_def50cce06.jpg,labels/test/d6/d6_M_M_sddefault_jpg.rf.5235754c729dea3e538be7cb7129ec87_def50cce06.txt,labels/train/d6/d6_M_M_sddefault_jpg.rf.5235754c729dea3e538be7cb7129ec87_def50cce06.txt,a2044bcf41528e66417067b9c69dd5e2f7b8097bd8f1eab401c3d06a8e8f4473,ab81a0a1defc3e41532b0e9f1e6dc155b6bb64bdc8f253ff8b6a32377b507ecb
2,d6,d6_r2_asset_0038,test,train,images/test/d6/d6_M_S_concrete_mixer_truck_scania_p370_370_e6_mixer_9m_2015_7110072_jpg.rf.eb6d3866514c5e120183590d471_8b3494aa4b.jpg,images/train/d6/d6_M_S_concrete_mixer_truck_scania_p370_370_e6_mixer_9m_2015_7110072_jpg.rf.eb6d3866514c5e120183590d471_8b3494aa4b.jpg,labels/test/d6/d6_M_S_concrete_mixer_truck_scania_p370_370_e6_mixer_9m_2015_7110072_jpg.rf.eb6d3866514c5e120183590d471_8b3494aa4b.txt,labels/train/d6/d6_M_S_concrete_mixer_truck_scania_p370_370_e6_mixer_9m_2015_7110072_jpg.rf.eb6d3866514c5e120183590d471_8b3494aa4b.txt,13a1fac3de4480c921d9a53f58f59b813ff4845457702030db01fc3fc7345e36,f3d03ea2863001a0a54d4c2f9f32dfbbffa006f419a2de78197d98b04394ecba
2,d6,d6_r2_asset_0039,test,val,images/test/d6/d6_M_S_images53_jpg.rf.edbe86ade7f7c940f3e7f9ceb9c9bf8e_102b710a6a.jpg,images/val/d6/d6_M_S_images53_jpg.rf.edbe86ade7f7c940f3e7f9ceb9c9bf8e_102b710a6a.jpg,labels/test/d6/d6_M_S_images53_jpg.rf.edbe86ade7f7c940f3e7f9ceb9c9bf8e_102b710a6a.txt,labels/val/d6/d6_M_S_images53_jpg.rf.edbe86ade7f7c940f3e7f9ceb9c9bf8e_102b710a6a.txt,017773b37f746fb1f186f8d0922bb59d9bc31800b9ef69a224ad8acf638fe54e,84fbbe07743184e273b6cbb231fd0532e3d37f37d80e5381534a40aca57f9c65
2,d6,d6_r2_asset_0040,train,test,images/train/d6/d6_M_S_30938275-2_jpg.rf.6c7ed9fcd87e549d874c3232a33330aa_2a2683e2aa.jpg,images/test/d6/d6_M_S_30938275-2_jpg.rf.6c7ed9fcd87e549d874c3232a33330aa_2a2683e2aa.jpg,labels/train/d6/d6_M_S_30938275-2_jpg.rf.6c7ed9fcd87e549d874c3232a33330aa_2a2683e2aa.txt,labels/test/d6/d6_M_S_30938275-2_jpg.rf.6c7ed9fcd87e549d874c3232a33330aa_2a2683e2aa.txt,f55b900eeefec6f83da2dcfc15aeba4b60f049b99b6ddead96cfb47e07fad315,58599b295c4c3065d1e94214318745edab5f775baf6deba2a6b930dbbdd96b42
2,d6,d6_r2_asset_0041,val,train,images/val/d6/d6_Heavy_Equipment_2174_jpg.rf.1ab732bdf845f0c5373306a04db33b5e_753ad325e4.jpg,images/train/d6/d6_Heavy_Equipment_2174_jpg.rf.1ab732bdf845f0c5373306a04db33b5e_753ad325e4.jpg,labels/val/d6/d6_Heavy_Equipment_2174_jpg.rf.1ab732bdf845f0c5373306a04db33b5e_753ad325e4.txt,labels/train/d6/d6_Heavy_Equipment_2174_jpg.rf.1ab732bdf845f0c5373306a04db33b5e_753ad325e4.txt,95f18f43c081c8aa68220b29dba2f9d166c22e1161d127ea4859fdf85b7845a8,4f9a4ca3e5af65fb58bd23fdc2930dacb1333c173ed9f9e612703358cbcf5afb
2,d6,d6_r2_asset_0042,train,val,images/train/d6/d6_Heavy_Equipment_182_jpg.rf.c70786af68f55b60cf2d1bd5f5de7e4b_9bb8c4bfbe.jpg,images/val/d6/d6_Heavy_Equipment_182_jpg.rf.c70786af68f55b60cf2d1bd5f5de7e4b_9bb8c4bfbe.jpg,labels/train/d6/d6_Heavy_Equipment_182_jpg.rf.c70786af68f55b60cf2d1bd5f5de7e4b_9bb8c4bfbe.txt,labels/val/d6/d6_Heavy_Equipment_182_jpg.rf.c70786af68f55b60cf2d1bd5f5de7e4b_9bb8c4bfbe.txt,e01c7a8df422722068e8c379f00bcb0c7055422120e69a0c786d8acf6fcb6b67,b80f29935c92df625d736a6d1aec21c1163684231fd98b1280c1fea8b207b87e
2,d6,d6_r2_asset_0043,train,val,images/train/d6/d6_Heavy_Equipment_1927_jpg.rf.1349d7a228dbf5647379827ed49c7427_9f87c8eb1f.jpg,images/val/d6/d6_Heavy_Equipment_1927_jpg.rf.1349d7a228dbf5647379827ed49c7427_9f87c8eb1f.jpg,labels/train/d6/d6_Heavy_Equipment_1927_jpg.rf.1349d7a228dbf5647379827ed49c7427_9f87c8eb1f.txt,labels/val/d6/d6_Heavy_Equipment_1927_jpg.rf.1349d7a228dbf5647379827ed49c7427_9f87c8eb1f.txt,31c4d71425a64ff8e3a99beab7bf7a1f882a559df9775a8e7c4826ff4aa9c1f7,b9bdb2de558e24c898bee7090718577e32beaf3ecac1535869e78ac3c818a008
2,d6,d6_r2_asset_0044,val,train,images/val/d6/d6_Heavy_Equipment_2085_jpg.rf.ded85db5968530c6dc8053c6c539e151_af654cd098.jpg,images/train/d6/d6_Heavy_Equipment_2085_jpg.rf.ded85db5968530c6dc8053c6c539e151_af654cd098.jpg,labels/val/d6/d6_Heavy_Equipment_2085_jpg.rf.ded85db5968530c6dc8053c6c539e151_af654cd098.txt,labels/train/d6/d6_Heavy_Equipment_2085_jpg.rf.ded85db5968530c6dc8053c6c539e151_af654cd098.txt,9face0b19c843a169d98c368957ff5244646e75472ab6b80d814985f1a6bf437,3085658cd8d54cfc1c9fae1da53d14adad8142112e1e07ebc62650c9d400e1a5
2,d6,d6_r2_asset_0045,train,val,images/train/d6/d6_Heavy_Equipment_28_jpg.rf.8c8e5e9f0be5037fd5dda5bb03bd2352_1faa45162b.jpg,images/val/d6/d6_Heavy_Equipment_28_jpg.rf.8c8e5e9f0be5037fd5dda5bb03bd2352_1faa45162b.jpg,labels/train/d6/d6_Heavy_Equipment_28_jpg.rf.8c8e5e9f0be5037fd5dda5bb03bd2352_1faa45162b.txt,labels/val/d6/d6_Heavy_Equipment_28_jpg.rf.8c8e5e9f0be5037fd5dda5bb03bd2352_1faa45162b.txt,322d10a15d5cb6691980336f55620878287db77ee8deecc4612fbb6820bba0e8,9b5de3220635e42a6f56534d79f6feafbe3f689090a9ead758a7331403619f4d
2,d6,d6_r2_asset_0046,val,train,images/val/d6/d6_Heavy_Equipment_4614_jpg.rf.e7dc7422bb0ecdc974bfc901abc1686f_1926d690bc.jpg,images/train/d6/d6_Heavy_Equipment_4614_jpg.rf.e7dc7422bb0ecdc974bfc901abc1686f_1926d690bc.jpg,labels/val/d6/d6_Heavy_Equipment_4614_jpg.rf.e7dc7422bb0ecdc974bfc901abc1686f_1926d690bc.txt,labels/train/d6/d6_Heavy_Equipment_4614_jpg.rf.e7dc7422bb0ecdc974bfc901abc1686f_1926d690bc.txt,160e3675bb5939f35bc9bfe2e751f70ef2c2ed7e288e9756ae0bea53ef9ba29a,2aff63d3fbe6235886fc6774856e9e7161ef5988f268fac018571dc1bff500e7
2,d6,d6_r2_asset_0047,val,train,images/val/d6/d6_Heavy_Equipment_5013_jpg.rf.0d81e22c41ff03a8f0fcf1a040bf3c87_38e311eda5.jpg,images/train/d6/d6_Heavy_Equipment_5013_jpg.rf.0d81e22c41ff03a8f0fcf1a040bf3c87_38e311eda5.jpg,labels/val/d6/d6_Heavy_Equipment_5013_jpg.rf.0d81e22c41ff03a8f0fcf1a040bf3c87_38e311eda5.txt,labels/train/d6/d6_Heavy_Equipment_5013_jpg.rf.0d81e22c41ff03a8f0fcf1a040bf3c87_38e311eda5.txt,acc2f9087a0025e462c2e120a72affa5a6cd126e85c6b9e2897b4b508b6cafe6,47cf6cbdc0957ad804be2ba7b679815317cf3a46baff4ab4945066d705537bae
2,d6,d6_r2_asset_0048,train,val,images/train/d6/d6_Heavy_Equipment_3086_jpg.rf.924fd22d0e47209f629a964139eb4a6e_33ffce17b5.jpg,images/val/d6/d6_Heavy_Equipment_3086_jpg.rf.924fd22d0e47209f629a964139eb4a6e_33ffce17b5.jpg,labels/train/d6/d6_Heavy_Equipment_3086_jpg.rf.924fd22d0e47209f629a964139eb4a6e_33ffce17b5.txt,labels/val/d6/d6_Heavy_Equipment_3086_jpg.rf.924fd22d0e47209f629a964139eb4a6e_33ffce17b5.txt,852ed0ae1d6fcee6cf072aaa8ce440cc67e3d7e00c2f9b6b5df836c11b332a35,07656f5be105d2f49782dc8e7d216aef3d3d95d8a73e5e0193558d6c195ff345
2,d6,d6_r2_asset_0049,train,val,images/train/d6/d6_Heavy_Equipment_3090_jpg.rf.572ca2e32373e8167604403996bc02ad_53e0795006.jpg,images/val/d6/d6_Heavy_Equipment_3090_jpg.rf.572ca2e32373e8167604403996bc02ad_53e0795006.jpg,labels/train/d6/d6_Heavy_Equipment_3090_jpg.rf.572ca2e32373e8167604403996bc02ad_53e0795006.txt,labels/val/d6/d6_Heavy_Equipment_3090_jpg.rf.572ca2e32373e8167604403996bc02ad_53e0795006.txt,980898feb0585ab7fa300516c86d405c45cd51241688cfb12a33b385f45bd75f,6a907ffee5db69d9c1c2f7f6830d8a9b184b84fa59a9946095ef5dd3dc4b4609
2,d6,d6_r2_asset_0050,val,train,images/val/d6/d6_Heavy_Equipment_4311_jpg.rf.5b8fc53e70230f97aa9b1bcb287b8ee4_0d36ef4359.jpg,images/train/d6/d6_Heavy_Equipment_4311_jpg.rf.5b8fc53e70230f97aa9b1bcb287b8ee4_0d36ef4359.jpg,labels/val/d6/d6_Heavy_Equipment_4311_jpg.rf.5b8fc53e70230f97aa9b1bcb287b8ee4_0d36ef4359.txt,labels/train/d6/d6_Heavy_Equipment_4311_jpg.rf.5b8fc53e70230f97aa9b1bcb287b8ee4_0d36ef4359.txt,f9d294648e3a81d19cd44f25efa8471f69d23fef65597bcb2691d006569a7a46,12caf615eb9ea5f37278468ee1b2147727eaca02cbd8a1ecbdf6b08534ccab06
2,d6,d6_r2_asset_0051,val,train,images/val/d6/d6_Heavy_Equipment_3638_jpg.rf.242a077d4d0f1ceca1ac4579b6dcdc34_6addc681e0.jpg,images/train/d6/d6_Heavy_Equipment_3638_jpg.rf.242a077d4d0f1ceca1ac4579b6dcdc34_6addc681e0.jpg,labels/val/d6/d6_Heavy_Equipment_3638_jpg.rf.242a077d4d0f1ceca1ac4579b6dcdc34_6addc681e0.txt,labels/train/d6/d6_Heavy_Equipment_3638_jpg.rf.242a077d4d0f1ceca1ac4579b6dcdc34_6addc681e0.txt,541e905f304a8c67d2eb8f0c9faa81c302ed0ef24eb4d8a501a20afdaf53a995,54fea1cec40127521a3aa2bfdc4a79ae241d716fd4061aca434ba8c67c1c2aaa
2,d6,d6_r2_asset_0052,train,val,images/train/d6/d6_Heavy_Equipment_3349_jpg.rf.2fe9d18dd210870755bf6f47dd7b65c5_01ce12830d.jpg,images/val/d6/d6_Heavy_Equipment_3349_jpg.rf.2fe9d18dd210870755bf6f47dd7b65c5_01ce12830d.jpg,labels/train/d6/d6_Heavy_Equipment_3349_jpg.rf.2fe9d18dd210870755bf6f47dd7b65c5_01ce12830d.txt,labels/val/d6/d6_Heavy_Equipment_3349_jpg.rf.2fe9d18dd210870755bf6f47dd7b65c5_01ce12830d.txt,a583b3398f0a10e98ac13f1eefd7143c62b7fe89629ed1cd458bb6fee8ed9b23,40edc80841c586794562ee338572ec4cbe1350c1ec6360ffac9e2aaa33b3745b
2,d6,d6_r2_asset_0053,val,train,images/val/d6/d6_Heavy_Equipment_4409_jpg.rf.f47cf67f971d51d8c08545a9abac5402_345e8edc53.jpg,images/train/d6/d6_Heavy_Equipment_4409_jpg.rf.f47cf67f971d51d8c08545a9abac5402_345e8edc53.jpg,labels/val/d6/d6_Heavy_Equipment_4409_jpg.rf.f47cf67f971d51d8c08545a9abac5402_345e8edc53.txt,labels/train/d6/d6_Heavy_Equipment_4409_jpg.rf.f47cf67f971d51d8c08545a9abac5402_345e8edc53.txt,3677cae28c74141ea8ad31260214a2255fcfbe38f4dfa107285f444c011e1d87,f2c3d1bd980cd770e235715e2dfbfe53573309e7933f3e7b54686377307e5c04
2,d6,d6_r2_asset_0054,train,val,images/train/d6/d6_Heavy_Equipment_3417_jpg.rf.9447f3ea58c88c909a3cbdee1ca0f7bd_41cb78df2f.jpg,images/val/d6/d6_Heavy_Equipment_3417_jpg.rf.9447f3ea58c88c909a3cbdee1ca0f7bd_41cb78df2f.jpg,labels/train/d6/d6_Heavy_Equipment_3417_jpg.rf.9447f3ea58c88c909a3cbdee1ca0f7bd_41cb78df2f.txt,labels/val/d6/d6_Heavy_Equipment_3417_jpg.rf.9447f3ea58c88c909a3cbdee1ca0f7bd_41cb78df2f.txt,bdd03dcf15015dc67de66ea28806ba2d805cc8442e89c1d42dfdba4ab9aee6f5,5d3786785fc6da7fb8360b56f2d17ac2deea7749b1b1b0de5bacd0f8abf8b7bd
2,d6,d6_r2_asset_0055,train,val,images/train/d6/d6_Heavy_Equipment_34_jpg.rf.51b124e99878457f537019c355606310_236f32f690.jpg,images/val/d6/d6_Heavy_Equipment_34_jpg.rf.51b124e99878457f537019c355606310_236f32f690.jpg,labels/train/d6/d6_Heavy_Equipment_34_jpg.rf.51b124e99878457f537019c355606310_236f32f690.txt,labels/val/d6/d6_Heavy_Equipment_34_jpg.rf.51b124e99878457f537019c355606310_236f32f690.txt,188ecaa909e559bdfe8e8309e7fa941fd3cefdc69295e6debbb85a65aaa925a9,81fd3bab65f31a42ff4434c8f2c279f2bfcae6ac086ca2b85869bb22236f2b1b
2,d6,d6_r2_asset_0056,train,val,images/train/d6/d6_Heavy_Equipment_3656_jpg.rf.6aa8846b14ceb0cd7192dca6163f5304_f4b95bd96f.jpg,images/val/d6/d6_Heavy_Equipment_3656_jpg.rf.6aa8846b14ceb0cd7192dca6163f5304_f4b95bd96f.jpg,labels/train/d6/d6_Heavy_Equipment_3656_jpg.rf.6aa8846b14ceb0cd7192dca6163f5304_f4b95bd96f.txt,labels/val/d6/d6_Heavy_Equipment_3656_jpg.rf.6aa8846b14ceb0cd7192dca6163f5304_f4b95bd96f.txt,dbdcee0883d53c22bf4f35040c067a9ffd018e727755c70d6a567f66ac8b76a0,a92db97de1ae094c3c37f8facd7c1c954a25d7a364e1aedd7f683a34ad5c16a5
2,d6,d6_r2_asset_0057,val,train,images/val/d6/d6_Heavy_Equipment_4487_jpg.rf.e5e260bf7cd240c50791847e01038c63_6361b26fda.jpg,images/train/d6/d6_Heavy_Equipment_4487_jpg.rf.e5e260bf7cd240c50791847e01038c63_6361b26fda.jpg,labels/val/d6/d6_Heavy_Equipment_4487_jpg.rf.e5e260bf7cd240c50791847e01038c63_6361b26fda.txt,labels/train/d6/d6_Heavy_Equipment_4487_jpg.rf.e5e260bf7cd240c50791847e01038c63_6361b26fda.txt,98234d91eb453fe471f156c9b4e3667fe01be30adab0d0ed61a1a57777567815,1de35233bf1d5f967377d2b29cbf11dae265925cad6950e2f0c52aa72b063365
2,d6,d6_r2_asset_0058,train,val,images/train/d6/d6_Heavy_Equipment_4158_jpg.rf.d14edfb1bf07d1f0e1e4b9d7c6d5ba9c_05081bcdd7.jpg,images/val/d6/d6_Heavy_Equipment_4158_jpg.rf.d14edfb1bf07d1f0e1e4b9d7c6d5ba9c_05081bcdd7.jpg,labels/train/d6/d6_Heavy_Equipment_4158_jpg.rf.d14edfb1bf07d1f0e1e4b9d7c6d5ba9c_05081bcdd7.txt,labels/val/d6/d6_Heavy_Equipment_4158_jpg.rf.d14edfb1bf07d1f0e1e4b9d7c6d5ba9c_05081bcdd7.txt,7261cea8802b190dbec26e456928548ef0364580ab32dfbb50b9282048a7f08e,ba5ecef5c115547cae3a255c914c83c232bca1680e9139907c366b2342ec7ce0
2,d6,d6_r2_asset_0059,val,train,images/val/d6/d6_Heavy_Equipment_4556_jpg.rf.865548214e2447380d478e573e40c077_2a7015fabb.jpg,images/train/d6/d6_Heavy_Equipment_4556_jpg.rf.865548214e2447380d478e573e40c077_2a7015fabb.jpg,labels/val/d6/d6_Heavy_Equipment_4556_jpg.rf.865548214e2447380d478e573e40c077_2a7015fabb.txt,labels/train/d6/d6_Heavy_Equipment_4556_jpg.rf.865548214e2447380d478e573e40c077_2a7015fabb.txt,cc150b675e5e2fad822703abc52601d019181d84fcfdcc8d684596a9e498bc5f,6ee1622cff498491fab7898016fe772a833495ed4814d70d60f2e60431fee1b3
2,d6,d6_r2_asset_0060,val,train,images/val/d6/d6_Heavy_Equipment_5033_jpg.rf.43c30d66025043e8c57e6b1be1d18c15_531d8bc624.jpg,images/train/d6/d6_Heavy_Equipment_5033_jpg.rf.43c30d66025043e8c57e6b1be1d18c15_531d8bc624.jpg,labels/val/d6/d6_Heavy_Equipment_5033_jpg.rf.43c30d66025043e8c57e6b1be1d18c15_531d8bc624.txt,labels/train/d6/d6_Heavy_Equipment_5033_jpg.rf.43c30d66025043e8c57e6b1be1d18c15_531d8bc624.txt,6967973ce9a78c74695ed38d5711648f4d1823f57a1e94b8052190f8a3ce6c30,aabb45b7f2e19b78792b0a8eb287180500967312fdf2bd37317ec071ffbb14d2
2,d6,d6_r2_asset_0061,train,val,images/train/d6/d6_Heavy_Equipment_4281_jpg.rf.cd25027e21f1ad1c31455cd24bdb71eb_181b4537d9.jpg,images/val/d6/d6_Heavy_Equipment_4281_jpg.rf.cd25027e21f1ad1c31455cd24bdb71eb_181b4537d9.jpg,labels/train/d6/d6_Heavy_Equipment_4281_jpg.rf.cd25027e21f1ad1c31455cd24bdb71eb_181b4537d9.txt,labels/val/d6/d6_Heavy_Equipment_4281_jpg.rf.cd25027e21f1ad1c31455cd24bdb71eb_181b4537d9.txt,8a555184b29881e9b0b73d3c81d394e95173466c8ac941a7cb0953380697433c,b37cc61e5bfd43a53e4a109cc3ba4f3fce08f67b3ae1b2241308ba88741867c7
2,d6,d6_r2_asset_0062,val,train,images/val/d6/d6_Heavy_Equipment_4343_jpg.rf.230bfbda4f2c05630baaa25727df45dd_e1f25f76af.jpg,images/train/d6/d6_Heavy_Equipment_4343_jpg.rf.230bfbda4f2c05630baaa25727df45dd_e1f25f76af.jpg,labels/val/d6/d6_Heavy_Equipment_4343_jpg.rf.230bfbda4f2c05630baaa25727df45dd_e1f25f76af.txt,labels/train/d6/d6_Heavy_Equipment_4343_jpg.rf.230bfbda4f2c05630baaa25727df45dd_e1f25f76af.txt,389e09931c95464ee1360440e5119bf599d77e79ba7a2dba5fe28c2318c309a3,d82dfce753ff307254d73cefa5b53b7bcdd81772e41837f3cf08e0d3031465ea
2,d6,d6_r2_asset_0063,train,val,images/train/d6/d6_Heavy_Equipment_4350_jpg.rf.8e5be1cae41476c7d3d368e34845372a_651b836715.jpg,images/val/d6/d6_Heavy_Equipment_4350_jpg.rf.8e5be1cae41476c7d3d368e34845372a_651b836715.jpg,labels/train/d6/d6_Heavy_Equipment_4350_jpg.rf.8e5be1cae41476c7d3d368e34845372a_651b836715.txt,labels/val/d6/d6_Heavy_Equipment_4350_jpg.rf.8e5be1cae41476c7d3d368e34845372a_651b836715.txt,a69ca535b73c09253b6674ee4aefb905642223e5f870520cfa3d9b00db7b73d1,a2c5170c33451e33e0aa408fe849998a0fcd1c008d1b9bba78c016a51db90351
2,d6,d6_r2_asset_0064,val,train,images/val/d6/d6_Heavy_Equipment_3101_jpg.rf.13f4d966b262afe413c7cffa1691fa4e_1f164837b8.jpg,images/train/d6/d6_Heavy_Equipment_3101_jpg.rf.13f4d966b262afe413c7cffa1691fa4e_1f164837b8.jpg,labels/val/d6/d6_Heavy_Equipment_3101_jpg.rf.13f4d966b262afe413c7cffa1691fa4e_1f164837b8.txt,labels/train/d6/d6_Heavy_Equipment_3101_jpg.rf.13f4d966b262afe413c7cffa1691fa4e_1f164837b8.txt,c041db8b83b9ea8d45d7670d5bce98d58bfc6944b92147e44ec97471492e7efe,60f62aa19e1410570e1a08487bc659fc143c4d95a5c6a78d480c9d97d054d5f2
2,d6,d6_r2_asset_0065,val,train,images/val/d6/d6_Heavy_Equipment_4271_jpg.rf.9ef099e7951f56a68ed1b5aa2211672b_b1ae25f7b8.jpg,images/train/d6/d6_Heavy_Equipment_4271_jpg.rf.9ef099e7951f56a68ed1b5aa2211672b_b1ae25f7b8.jpg,labels/val/d6/d6_Heavy_Equipment_4271_jpg.rf.9ef099e7951f56a68ed1b5aa2211672b_b1ae25f7b8.txt,labels/train/d6/d6_Heavy_Equipment_4271_jpg.rf.9ef099e7951f56a68ed1b5aa2211672b_b1ae25f7b8.txt,f2fb5787d7ea2493a54af900b24e5d46ec8f56e4bf11a03d94c67c81b3ba5653,a7e3d83d7f7624f37ff3493e247ae120b55d4967bea0dd47594d613b3c4f40b3
2,d6,d6_r2_asset_0066,train,val,images/train/d6/d6_Heavy_Equipment_4806_jpg.rf.59d072440ccae73a1f3fa87628901c6c_b523586bb5.jpg,images/val/d6/d6_Heavy_Equipment_4806_jpg.rf.59d072440ccae73a1f3fa87628901c6c_b523586bb5.jpg,labels/train/d6/d6_Heavy_Equipment_4806_jpg.rf.59d072440ccae73a1f3fa87628901c6c_b523586bb5.txt,labels/val/d6/d6_Heavy_Equipment_4806_jpg.rf.59d072440ccae73a1f3fa87628901c6c_b523586bb5.txt,89700efd146ef32a725e7b5b174714bd2f9a97329605696c73da2b77a792bec1,03d7717a58a0f7b70acac22837c5948262ce3b8c7984bbad9c82e57595cbd940
2,d6,d6_r2_asset_0067,val,train,images/val/d6/d6_Heavy_Equipment_4250_jpg.rf.6d8a13e49e261d4bfab1d1027bb10e92_4be5cf0a1a.jpg,images/train/d6/d6_Heavy_Equipment_4250_jpg.rf.6d8a13e49e261d4bfab1d1027bb10e92_4be5cf0a1a.jpg,labels/val/d6/d6_Heavy_Equipment_4250_jpg.rf.6d8a13e49e261d4bfab1d1027bb10e92_4be5cf0a1a.txt,labels/train/d6/d6_Heavy_Equipment_4250_jpg.rf.6d8a13e49e261d4bfab1d1027bb10e92_4be5cf0a1a.txt,be63098d6a5a98bcca9943ffecf33fa23f9a5743b3298a9f215026a4f919e948,886f15501b1f5c84f36b466bb460e83fe19cc24fee2f8db7bd395622135efb9c
2,d6,d6_r2_asset_0068,val,train,images/val/d6/d6_Heavy_Equipment_6223_jpg.rf.bbffead4e71d92f6d1c04e021166440d_08458d3728.jpg,images/train/d6/d6_Heavy_Equipment_6223_jpg.rf.bbffead4e71d92f6d1c04e021166440d_08458d3728.jpg,labels/val/d6/d6_Heavy_Equipment_6223_jpg.rf.bbffead4e71d92f6d1c04e021166440d_08458d3728.txt,labels/train/d6/d6_Heavy_Equipment_6223_jpg.rf.bbffead4e71d92f6d1c04e021166440d_08458d3728.txt,4fd84af130d35f9b8dacff873f5c3ef8c95d88c858a6a0224bcba2373ced9e32,34a8b9332b6cc825131c9b4fc043e675a2f5fec6619d0e06bcfa4054d0b7d477
2,d6,d6_r2_asset_0069,train,val,images/train/d6/d6_Heavy_Equipment_4974_jpg.rf.3c4c83078372414482c60eb733d28325_4597d0d80b.jpg,images/val/d6/d6_Heavy_Equipment_4974_jpg.rf.3c4c83078372414482c60eb733d28325_4597d0d80b.jpg,labels/train/d6/d6_Heavy_Equipment_4974_jpg.rf.3c4c83078372414482c60eb733d28325_4597d0d80b.txt,labels/val/d6/d6_Heavy_Equipment_4974_jpg.rf.3c4c83078372414482c60eb733d28325_4597d0d80b.txt,96950038b27129fea5cce20889a3497d66873108984c5ea5810835759d4ba4b6,d4b796b71dd0ab7911d06f6f61ce8801edf566fe399bb63be28dc01cc28b958f
2,d6,d6_r2_asset_0070,train,val,images/train/d6/d6_Heavy_Equipment_5036_jpg.rf.f072ac4e4e3143e11404f3b716e0b3bc_4abfb228a8.jpg,images/val/d6/d6_Heavy_Equipment_5036_jpg.rf.f072ac4e4e3143e11404f3b716e0b3bc_4abfb228a8.jpg,labels/train/d6/d6_Heavy_Equipment_5036_jpg.rf.f072ac4e4e3143e11404f3b716e0b3bc_4abfb228a8.txt,labels/val/d6/d6_Heavy_Equipment_5036_jpg.rf.f072ac4e4e3143e11404f3b716e0b3bc_4abfb228a8.txt,ad24829315a35e7d15b96c18c66a05827a7099f730d45ad2dd14331eef3f40db,6da2e34ed89494257d0e6f23c29f8076e0bb7f3ddd7953d4fbc8b270e624cf7b
2,d6,d6_r2_asset_0071,train,val,images/train/d6/d6_Heavy_Equipment_5061_jpg.rf.7be7c3ea7e161be76af9917ab19c82da_803a053de6.jpg,images/val/d6/d6_Heavy_Equipment_5061_jpg.rf.7be7c3ea7e161be76af9917ab19c82da_803a053de6.jpg,labels/train/d6/d6_Heavy_Equipment_5061_jpg.rf.7be7c3ea7e161be76af9917ab19c82da_803a053de6.txt,labels/val/d6/d6_Heavy_Equipment_5061_jpg.rf.7be7c3ea7e161be76af9917ab19c82da_803a053de6.txt,e5fe664cab077f71ac49125436b9535e46d66ae446279d14988671a2fea8f4a8,63edf3128efc2082ca6b7d86c1aef395a3fbac663d515460b04f9a0344ebd517
2,d6,d6_r2_asset_0072,val,train,images/val/d6/d6_Heavy_Equipment_3051_jpg.rf.73848eae75c42a649647bbc661ee7a21_4645cdbdff.jpg,images/train/d6/d6_Heavy_Equipment_3051_jpg.rf.73848eae75c42a649647bbc661ee7a21_4645cdbdff.jpg,labels/val/d6/d6_Heavy_Equipment_3051_jpg.rf.73848eae75c42a649647bbc661ee7a21_4645cdbdff.txt,labels/train/d6/d6_Heavy_Equipment_3051_jpg.rf.73848eae75c42a649647bbc661ee7a21_4645cdbdff.txt,4fd8456453866450777a2774a02d691a3a2109992ef99b976e27061e50f2ef8b,6ac3496f3a1e6999cfc015cfc9320291a47b77efed1e87b6ae49aa78374e331f
2,d6,d6_r2_asset_0073,train,val,images/train/d6/d6_Heavy_Equipment_5175_jpg.rf.d512d20a0500fd2d2702f7c672d919d7_4574a92612.jpg,images/val/d6/d6_Heavy_Equipment_5175_jpg.rf.d512d20a0500fd2d2702f7c672d919d7_4574a92612.jpg,labels/train/d6/d6_Heavy_Equipment_5175_jpg.rf.d512d20a0500fd2d2702f7c672d919d7_4574a92612.txt,labels/val/d6/d6_Heavy_Equipment_5175_jpg.rf.d512d20a0500fd2d2702f7c672d919d7_4574a92612.txt,e2864859b8c59fdcf095fd11d6e9e461599f489af7ee5ccaf4f10272b3811dba,b414c14a89bc2cd77d98931dfff2085f485711dfb0d49642009c15f03c61426a
2,d6,d6_r2_asset_0074,val,train,images/val/d6/d6_Heavy_Equipment_4832_jpg.rf.db80f50cbfdaa3c23718ebedff80c953_071848a854.jpg,images/train/d6/d6_Heavy_Equipment_4832_jpg.rf.db80f50cbfdaa3c23718ebedff80c953_071848a854.jpg,labels/val/d6/d6_Heavy_Equipment_4832_jpg.rf.db80f50cbfdaa3c23718ebedff80c953_071848a854.txt,labels/train/d6/d6_Heavy_Equipment_4832_jpg.rf.db80f50cbfdaa3c23718ebedff80c953_071848a854.txt,e3727c2b98cc23921eb0ef253531cebe05f18307066fe6804d9d1efd583f53e7,1592377eb049630febbcbcaa4911856ae0547a33d04e25e2dff3b378f03d94f0
2,d6,d6_r2_asset_0075,val,train,images/val/d6/d6_Heavy_Equipment_5089_jpg.rf.d8bcadc6a214e81ac89a87836f32eed2_06639db3b5.jpg,images/train/d6/d6_Heavy_Equipment_5089_jpg.rf.d8bcadc6a214e81ac89a87836f32eed2_06639db3b5.jpg,labels/val/d6/d6_Heavy_Equipment_5089_jpg.rf.d8bcadc6a214e81ac89a87836f32eed2_06639db3b5.txt,labels/train/d6/d6_Heavy_Equipment_5089_jpg.rf.d8bcadc6a214e81ac89a87836f32eed2_06639db3b5.txt,2757d6c3ebd697854e05b720fb448241de0c345e341bcbd74ba99a11c1e55dbe,ed4ffc68a90903270ff1bb15710958b0e2f91e5a8afcbbce3643c7a838217ec7
2,d6,d6_r2_asset_0076,val,train,images/val/d6/d6_Heavy_Equipment_4521_jpg.rf.d689d26fed45c37968b05a51bc4ae6a3_459a60314d.jpg,images/train/d6/d6_Heavy_Equipment_4521_jpg.rf.d689d26fed45c37968b05a51bc4ae6a3_459a60314d.jpg,labels/val/d6/d6_Heavy_Equipment_4521_jpg.rf.d689d26fed45c37968b05a51bc4ae6a3_459a60314d.txt,labels/train/d6/d6_Heavy_Equipment_4521_jpg.rf.d689d26fed45c37968b05a51bc4ae6a3_459a60314d.txt,d64f9e8d8f5ad80fec4609d2fc83cfd487ee3a145143def6efac6cc994cb2da7,e6772cc20c9df809d0be340c14ebd66094fcba0d4ce6e11397d2c04d5235044a
2,d6,d6_r2_asset_0077,val,train,images/val/d6/d6_Heavy_Equipment_4983_jpg.rf.978382cbc79e4c3ac967c1bb557c9b3e_f718105580.jpg,images/train/d6/d6_Heavy_Equipment_4983_jpg.rf.978382cbc79e4c3ac967c1bb557c9b3e_f718105580.jpg,labels/val/d6/d6_Heavy_Equipment_4983_jpg.rf.978382cbc79e4c3ac967c1bb557c9b3e_f718105580.txt,labels/train/d6/d6_Heavy_Equipment_4983_jpg.rf.978382cbc79e4c3ac967c1bb557c9b3e_f718105580.txt,a3d960ac1f8b225445c5d4ffd83b86d74db47ef04c2a9b83d048faed37f4ecbc,d5355089130b3d2a55b208879d3624282487fda588d3811b4ee7a7483f822732
2,d6,d6_r2_asset_0078,val,train,images/val/d6/d6_Heavy_Equipment_4401_jpg.rf.d7cc51fe410c4e7f185105e7dd390595_ee1bcb9c38.jpg,images/train/d6/d6_Heavy_Equipment_4401_jpg.rf.d7cc51fe410c4e7f185105e7dd390595_ee1bcb9c38.jpg,labels/val/d6/d6_Heavy_Equipment_4401_jpg.rf.d7cc51fe410c4e7f185105e7dd390595_ee1bcb9c38.txt,labels/train/d6/d6_Heavy_Equipment_4401_jpg.rf.d7cc51fe410c4e7f185105e7dd390595_ee1bcb9c38.txt,88e39df890bc4088e262dcd7de2010189617cd4b099f2c583fb32fee664ef3c1,6626337e1a7765beeb901be7bcdb3cc7b8556e0a7fd72f56e29bca9018bce1cb
2,d6,d6_r2_asset_0079,train,val,images/train/d6/d6_Heavy_Equipment_955_jpg.rf.fea91f83b3a88ef91e01feb6bffb4770_ebd53e84c3.jpg,images/val/d6/d6_Heavy_Equipment_955_jpg.rf.fea91f83b3a88ef91e01feb6bffb4770_ebd53e84c3.jpg,labels/train/d6/d6_Heavy_Equipment_955_jpg.rf.fea91f83b3a88ef91e01feb6bffb4770_ebd53e84c3.txt,labels/val/d6/d6_Heavy_Equipment_955_jpg.rf.fea91f83b3a88ef91e01feb6bffb4770_ebd53e84c3.txt,e609d9d3fee9812b046aaa0e00c40a44c7040755b245ce24ee48ceeb6bb75975,e7f0ed0e065f3749211bc53f905b557c2c04d4d94bf3a7122c49a8d405778213
2,d6,d6_r2_asset_0080,train,val,images/train/d6/d6_M_B_images132_jpg.rf.c913dfa876501987132aae826dfe6534_d1549c942f.jpg,images/val/d6/d6_M_B_images132_jpg.rf.c913dfa876501987132aae826dfe6534_d1549c942f.jpg,labels/train/d6/d6_M_B_images132_jpg.rf.c913dfa876501987132aae826dfe6534_d1549c942f.txt,labels/val/d6/d6_M_B_images132_jpg.rf.c913dfa876501987132aae826dfe6534_d1549c942f.txt,70e346e9edd0205b00be9f4131913ec3b0babe6aebab9b3ab952616ee4d02e3e,a4b24c9b85a61a7cecf1a9a30740c75678a232eeda1e237cd19071c1b697040b
2,d6,d6_r2_asset_0081,train,val,images/train/d6/d6_M_B_new-mercedes-benz-axor-3240-concrete-mixer-truck-at-the-international-CXFC5T_jpg.rf.ad9a8e631f3f_db32f9ef05.jpg,images/val/d6/d6_M_B_new-mercedes-benz-axor-3240-concrete-mixer-truck-at-the-international-CXFC5T_jpg.rf.ad9a8e631f3f_db32f9ef05.jpg,labels/train/d6/d6_M_B_new-mercedes-benz-axor-3240-concrete-mixer-truck-at-the-international-CXFC5T_jpg.rf.ad9a8e631f3f_db32f9ef05.txt,labels/val/d6/d6_M_B_new-mercedes-benz-axor-3240-concrete-mixer-truck-at-the-international-CXFC5T_jpg.rf.ad9a8e631f3f_db32f9ef05.txt,e3f9daf684da36609c20664cca70584bfc6fb2dfe6fefc228b5636e8579a70f4,13379daa0f149676778d1b2d9f6cd1a8a7161edf193c09632333915cea0c29e9
2,d6,d6_r2_asset_0082,val,train,images/val/d6/d6_M_H_images174_jpg.rf.28ce496d35f0e0bc59e644ef102c3ba4_990d40153c.jpg,images/train/d6/d6_M_H_images174_jpg.rf.28ce496d35f0e0bc59e644ef102c3ba4_990d40153c.jpg,labels/val/d6/d6_M_H_images174_jpg.rf.28ce496d35f0e0bc59e644ef102c3ba4_990d40153c.txt,labels/train/d6/d6_M_H_images174_jpg.rf.28ce496d35f0e0bc59e644ef102c3ba4_990d40153c.txt,9b73ef71c5a629e93bf610b48106fd7b929b34fe24386a8507180647f2b457cf,75342c422f7452e34cfcf9f29ded1a7a23b7aee10eb2a96f8af8ecf155f4dcb6
2,d6,d6_r2_asset_0083,val,train,images/val/d6/d6_M_M_images91_jpg.rf.bb80253397d13b269e82a4e7cb1ec84f_2d394952f6.jpg,images/train/d6/d6_M_M_images91_jpg.rf.bb80253397d13b269e82a4e7cb1ec84f_2d394952f6.jpg,labels/val/d6/d6_M_M_images91_jpg.rf.bb80253397d13b269e82a4e7cb1ec84f_2d394952f6.txt,labels/train/d6/d6_M_M_images91_jpg.rf.bb80253397d13b269e82a4e7cb1ec84f_2d394952f6.txt,806bf6d14aeb55fbf11f888412b7cb1d097362d8d70c8e7648234f4d53115618,2963bb4df3e0bd500361b7b4182e30a8f07e268886a70c9029ccee2b8d902c50
2,d6,d6_r2_asset_0084,train,val,images/train/d6/d6_M_M_Betonmischer-8x4-Top-Zustand-1649171726156916474_big-22040518151346395200_jpg.rf.7c4fb3f72f1822e_8eb85429c7.jpg,images/val/d6/d6_M_M_Betonmischer-8x4-Top-Zustand-1649171726156916474_big-22040518151346395200_jpg.rf.7c4fb3f72f1822e_8eb85429c7.jpg,labels/train/d6/d6_M_M_Betonmischer-8x4-Top-Zustand-1649171726156916474_big-22040518151346395200_jpg.rf.7c4fb3f72f1822e_8eb85429c7.txt,labels/val/d6/d6_M_M_Betonmischer-8x4-Top-Zustand-1649171726156916474_big-22040518151346395200_jpg.rf.7c4fb3f72f1822e_8eb85429c7.txt,dc6a1fb235ea0bd6a28dc9f83f103b7c83b4e8098e0208b114b1344a28395550,0c022daf8135c87596e9fd96a8ae754ef4407d64d1a34aea07f0d6291279380f
2,d6,d6_r2_asset_0085,train,val,images/train/d6/d6_M_M_Man_TGS_32360E5EEVMIXER_9MC2B3_4_2_jpg.rf.383e35c19561b1d4b90a5ee5d7c8fa26_82b471d70a.jpg,images/val/d6/d6_M_M_Man_TGS_32360E5EEVMIXER_9MC2B3_4_2_jpg.rf.383e35c19561b1d4b90a5ee5d7c8fa26_82b471d70a.jpg,labels/train/d6/d6_M_M_Man_TGS_32360E5EEVMIXER_9MC2B3_4_2_jpg.rf.383e35c19561b1d4b90a5ee5d7c8fa26_82b471d70a.txt,labels/val/d6/d6_M_M_Man_TGS_32360E5EEVMIXER_9MC2B3_4_2_jpg.rf.383e35c19561b1d4b90a5ee5d7c8fa26_82b471d70a.txt,1fc4344465504b8b06a6f6293208e6d25c64cc9ecedf9541fb50d582a37bfd56,fe8d994c23b9f28b94dc3d49666608748ee06741ad438d09d55541bd4c46f25f
2,d6,d6_r2_asset_0086,val,train,images/val/d6/d6_M_M_images100_jpg.rf.ac90def8d437b0c2d865d93660c7fefb_a7e8a63e06.jpg,images/train/d6/d6_M_M_images100_jpg.rf.ac90def8d437b0c2d865d93660c7fefb_a7e8a63e06.jpg,labels/val/d6/d6_M_M_images100_jpg.rf.ac90def8d437b0c2d865d93660c7fefb_a7e8a63e06.txt,labels/train/d6/d6_M_M_images100_jpg.rf.ac90def8d437b0c2d865d93660c7fefb_a7e8a63e06.txt,1f8f46a7942a22f2626ef38bd76d21f112be1fb4019583ddadeaa4accd963d3a,31d19707cad0d774b8cc7f7cc743502231acac122396818ae4c63df9d47423c7
2,d6,d6_r2_asset_0087,val,train,images/val/d6/d6_M_M_IMG_0465-JPG_jpg.rf.069161df0a2e8645261948101ba43684_0ded9e064f.jpg,images/train/d6/d6_M_M_IMG_0465-JPG_jpg.rf.069161df0a2e8645261948101ba43684_0ded9e064f.jpg,labels/val/d6/d6_M_M_IMG_0465-JPG_jpg.rf.069161df0a2e8645261948101ba43684_0ded9e064f.txt,labels/train/d6/d6_M_M_IMG_0465-JPG_jpg.rf.069161df0a2e8645261948101ba43684_0ded9e064f.txt,a59203a4d8282f0bc7a95fd59c47bc174c3ee5c0d089eaec341f00a37d1bb375,89caa3b107e38c9833c7c5661868760055fcb2824d40993ed78b30721acb5b57
2,d6,d6_r2_asset_0088,val,train,images/val/d6/d6_M_M_concrete_mixer_truck_man_tga_41_man_tga_41_dot_460_2003_7140679_jpg.rf.f6f70a2d7b8de54ff03a723b1_bea638d1f6.jpg,images/train/d6/d6_M_M_concrete_mixer_truck_man_tga_41_man_tga_41_dot_460_2003_7140679_jpg.rf.f6f70a2d7b8de54ff03a723b1_bea638d1f6.jpg,labels/val/d6/d6_M_M_concrete_mixer_truck_man_tga_41_man_tga_41_dot_460_2003_7140679_jpg.rf.f6f70a2d7b8de54ff03a723b1_bea638d1f6.txt,labels/train/d6/d6_M_M_concrete_mixer_truck_man_tga_41_man_tga_41_dot_460_2003_7140679_jpg.rf.f6f70a2d7b8de54ff03a723b1_bea638d1f6.txt,2c16a7c76b6c665ae5d1e3c97587ed8ec7ad27a04162bf8642ab74fe89f0fa58,3ea1b52efda38c7971a5e3a5ea74f74919a9191dab360dd5e7d39c92cee6c531
2,d6,d6_r2_asset_0089,train,val,images/train/d6/d6_M_M_images46_jpg.rf.5b949f6c96abfdf1d5d6c420f4cd7139_75c2c22f94.jpg,images/val/d6/d6_M_M_images46_jpg.rf.5b949f6c96abfdf1d5d6c420f4cd7139_75c2c22f94.jpg,labels/train/d6/d6_M_M_images46_jpg.rf.5b949f6c96abfdf1d5d6c420f4cd7139_75c2c22f94.txt,labels/val/d6/d6_M_M_images46_jpg.rf.5b949f6c96abfdf1d5d6c420f4cd7139_75c2c22f94.txt,72e3e4d93b83b4cd333a9f343448279ece031275521ee22d8b2d324624dde3b6,dc9ec54d35f04e0c3b65b33fe9d0d27f15c766e0808c0a78bf7ea89be695db47
2,d6,d6_r2_asset_0090,train,val,images/train/d6/d6_M_M_images71_jpg.rf.4fcf76423a17af52c5c292aaf1150c53_897c52cc51.jpg,images/val/d6/d6_M_M_images71_jpg.rf.4fcf76423a17af52c5c292aaf1150c53_897c52cc51.jpg,labels/train/d6/d6_M_M_images71_jpg.rf.4fcf76423a17af52c5c292aaf1150c53_897c52cc51.txt,labels/val/d6/d6_M_M_images71_jpg.rf.4fcf76423a17af52c5c292aaf1150c53_897c52cc51.txt,4cce5bc95bcb7018b5fc81ea923e7554a63d3b1178e1d106e0b034509189c76a,8f4b4e5983d5d46b3e791b9a1176a35367c4f884037410df49747d06b6fa1653
2,d6,d6_r2_asset_0091,train,val,images/train/d6/d6_M_S_23275-15611944_jpg.rf.ff3e3965b185d4fd0ec50092483caf8e_cc784e71f1.jpg,images/val/d6/d6_M_S_23275-15611944_jpg.rf.ff3e3965b185d4fd0ec50092483caf8e_cc784e71f1.jpg,labels/train/d6/d6_M_S_23275-15611944_jpg.rf.ff3e3965b185d4fd0ec50092483caf8e_cc784e71f1.txt,labels/val/d6/d6_M_S_23275-15611944_jpg.rf.ff3e3965b185d4fd0ec50092483caf8e_cc784e71f1.txt,a1d43cfc949125be2095c7dc219ea74e2688b05b07f5795522dff954052b5f7e,9588826e2e534641d37e30f25488b541b423d22f6a7170d929ffcd0eaa5c859e
2,d6,d6_r2_asset_0092,val,train,images/val/d6/d6_M_S_ac5b252a284ae113_800x800ar_jpg.rf.5af2dba1483b737834e2a7379f9b86d9_0561ec1242.jpg,images/train/d6/d6_M_S_ac5b252a284ae113_800x800ar_jpg.rf.5af2dba1483b737834e2a7379f9b86d9_0561ec1242.jpg,labels/val/d6/d6_M_S_ac5b252a284ae113_800x800ar_jpg.rf.5af2dba1483b737834e2a7379f9b86d9_0561ec1242.txt,labels/train/d6/d6_M_S_ac5b252a284ae113_800x800ar_jpg.rf.5af2dba1483b737834e2a7379f9b86d9_0561ec1242.txt,db9dfc7b9126589b0d17473659e766dfee956c3a05b447c96acc276276198aa9,89429ad6a74b025342c06aa57e77132033cd867dc8dbc6be12e11b6f4f1ca5c1
2,d6,d6_r2_asset_0093,val,train,images/val/d6/d6_M_S_150252_1_jpg.rf.69ccf188a76ef3a1d7a0181cc50fee00_b37beb5d25.jpg,images/train/d6/d6_M_S_150252_1_jpg.rf.69ccf188a76ef3a1d7a0181cc50fee00_b37beb5d25.jpg,labels/val/d6/d6_M_S_150252_1_jpg.rf.69ccf188a76ef3a1d7a0181cc50fee00_b37beb5d25.txt,labels/train/d6/d6_M_S_150252_1_jpg.rf.69ccf188a76ef3a1d7a0181cc50fee00_b37beb5d25.txt,3805d9ac44b43699655fabe8b9818de582d84fb00aeb59274fcc4f25c1948fc0,df1d4bab7de067457de61e77f5ee03c11c16d4319bb5c8cc22ae98ede7da106f
2,d7,d7_r2_sequence_0001,train,test,images/train/d7/d7_0002020_jpg.rf.89b49435426f206da2ba91e616b4f892_765ee67415.jpg,images/test/d7/d7_0002020_jpg.rf.89b49435426f206da2ba91e616b4f892_765ee67415.jpg,labels/train/d7/d7_0002020_jpg.rf.89b49435426f206da2ba91e616b4f892_765ee67415.txt,labels/test/d7/d7_0002020_jpg.rf.89b49435426f206da2ba91e616b4f892_765ee67415.txt,996a21ebcdf54484e3354d2c55fb13433de62ce083de7af5cb13faf6c5fc5d94,550559ff35cef16600c9af1c6dc76e54c2aecd8675f55bb332780ab442f1cc3f
2,d7,d7_r2_sequence_0002,test,train,images/test/d7/d7_0000677_jpg.rf.e974a594907ab72558d3894fc2699720_731715e6d7.jpg,images/train/d7/d7_0000677_jpg.rf.e974a594907ab72558d3894fc2699720_731715e6d7.jpg,labels/test/d7/d7_0000677_jpg.rf.e974a594907ab72558d3894fc2699720_731715e6d7.txt,labels/train/d7/d7_0000677_jpg.rf.e974a594907ab72558d3894fc2699720_731715e6d7.txt,67b3b3735b266b349386f20a8ba1f515f2cc2d765e2785b8454f2753c18e4066,16240eeaac5b3af5acf08e2dfdff1c79fa598a0ba4368958bd38b018ec3d268b
2,d7,d7_r2_sequence_0002,test,train,images/test/d7/d7_0003346_jpg.rf.9362abbd125684f5439136a3cdcaed6e_3e31793c1c.jpg,images/train/d7/d7_0003346_jpg.rf.9362abbd125684f5439136a3cdcaed6e_3e31793c1c.jpg,labels/test/d7/d7_0003346_jpg.rf.9362abbd125684f5439136a3cdcaed6e_3e31793c1c.txt,labels/train/d7/d7_0003346_jpg.rf.9362abbd125684f5439136a3cdcaed6e_3e31793c1c.txt,29cf157ee3bb4846de0c9c23d0d6107111c5191be273e74abb4c2e49d5a6429e,fa524074bad856f208279a790a4d1abe9f66ecce1239dc90d891e84926cbb7ec
2,d7,d7_r2_sequence_0002,test,train,images/test/d7/d7_0004117_jpg.rf.a1a070bb053d7f7fa0e9c45cb411faf2_995b59b4ce.jpg,images/train/d7/d7_0004117_jpg.rf.a1a070bb053d7f7fa0e9c45cb411faf2_995b59b4ce.jpg,labels/test/d7/d7_0004117_jpg.rf.a1a070bb053d7f7fa0e9c45cb411faf2_995b59b4ce.txt,labels/train/d7/d7_0004117_jpg.rf.a1a070bb053d7f7fa0e9c45cb411faf2_995b59b4ce.txt,d4bf255cb781a92737009483fa1a85f055a33e0217a74f02bb35cb744fd4da6f,75ab3aca4e43c162cc597b63f4c228580329fa9c744145720fcde7eff852c3a5
2,d7,d7_r2_sequence_0003,test,train,images/test/d7/d7_0000923_jpg.rf.c2ba18d7340b9687b41ad3b49caafa46_2db5cb5a24.jpg,images/train/d7/d7_0000923_jpg.rf.c2ba18d7340b9687b41ad3b49caafa46_2db5cb5a24.jpg,labels/test/d7/d7_0000923_jpg.rf.c2ba18d7340b9687b41ad3b49caafa46_2db5cb5a24.txt,labels/train/d7/d7_0000923_jpg.rf.c2ba18d7340b9687b41ad3b49caafa46_2db5cb5a24.txt,476d835bddf42a9b9af72aefb917a4eb92524122542d43e0fdec78c785432274,0aa63651c6a8784c578de572259864d933b656fef0ccc030318ca2c9da46067d
2,d7,d7_r2_sequence_0004,train,test,images/train/d7/d7_0005632_jpg.rf.0571372c4d403183641728c6802b048c_fc780bd36e.jpg,images/test/d7/d7_0005632_jpg.rf.0571372c4d403183641728c6802b048c_fc780bd36e.jpg,labels/train/d7/d7_0005632_jpg.rf.0571372c4d403183641728c6802b048c_fc780bd36e.txt,labels/test/d7/d7_0005632_jpg.rf.0571372c4d403183641728c6802b048c_fc780bd36e.txt,7e0c6967e47cde0b1754102f7e48cd94fb8172c90f094fc36cef0955754b8fdb,83968b454f14fa57affc9dd8080d8ef317885c7d1438a33e1ad0b443f9d88bad
2,d7,d7_r2_sequence_0005,test,train,images/test/d7/d7_0002141_jpg.rf.e7184299482fc90bb0f24971520dbda3_97c488fca4.jpg,images/train/d7/d7_0002141_jpg.rf.e7184299482fc90bb0f24971520dbda3_97c488fca4.jpg,labels/test/d7/d7_0002141_jpg.rf.e7184299482fc90bb0f24971520dbda3_97c488fca4.txt,labels/train/d7/d7_0002141_jpg.rf.e7184299482fc90bb0f24971520dbda3_97c488fca4.txt,5913ca584d16c12b0b183b93d0bda0a7ff74842bf62cc79472495909827b2b1a,2c61cfe96351838236c4b3459ed76bbeb4bb1c39b9e34e9c2cbb361a36107973
2,d7,d7_r2_sequence_0006,test,val,images/test/d7/d7_0003313_jpg.rf.562826edf89e4f6f0a041cb81245e8f4_9153805dde.jpg,images/val/d7/d7_0003313_jpg.rf.562826edf89e4f6f0a041cb81245e8f4_9153805dde.jpg,labels/test/d7/d7_0003313_jpg.rf.562826edf89e4f6f0a041cb81245e8f4_9153805dde.txt,labels/val/d7/d7_0003313_jpg.rf.562826edf89e4f6f0a041cb81245e8f4_9153805dde.txt,07239bb85bb03307040c9c8b8450a449fbe4bbee487daf9844c0b742c88411cb,025500dbf4588e342fc0b0c7df64c66dff7e89098bfe4b169810a4547a6fd874
2,d7,d7_r2_sequence_0006,train,val,images/train/d7/d7_0000810_jpg.rf.f7bf1cb79bae49d3761d2cbf53035049_30bc22f0a7.jpg,images/val/d7/d7_0000810_jpg.rf.f7bf1cb79bae49d3761d2cbf53035049_30bc22f0a7.jpg,labels/train/d7/d7_0000810_jpg.rf.f7bf1cb79bae49d3761d2cbf53035049_30bc22f0a7.txt,labels/val/d7/d7_0000810_jpg.rf.f7bf1cb79bae49d3761d2cbf53035049_30bc22f0a7.txt,e02231ee791a9ac3fa450d50719d767332b65a761c1b90f80917b50226d78cfc,969e07fc88c83562c2094bf8afb48107ddb0a9f2aff624dec4ea7efb589004c6
2,d7,d7_r2_sequence_0006,train,val,images/train/d7/d7_0001456_jpg.rf.dd1fe75f6af332342bfe68496210a968_33c6576eb7.jpg,images/val/d7/d7_0001456_jpg.rf.dd1fe75f6af332342bfe68496210a968_33c6576eb7.jpg,labels/train/d7/d7_0001456_jpg.rf.dd1fe75f6af332342bfe68496210a968_33c6576eb7.txt,labels/val/d7/d7_0001456_jpg.rf.dd1fe75f6af332342bfe68496210a968_33c6576eb7.txt,0edfdd5689410701edc300ca51565b773be631e5fedef5c31bfe7c4c5ef8b29c,96caee45e6946a7c849cd35e6ffa3e6ec1c5d2b0b4ad3969bd1085260ba622d7
2,d7,d7_r2_sequence_0006,train,val,images/train/d7/d7_0003159_jpg.rf.fe72abcaea2b521b3c49c9abe7ae8dc6_6f9c567847.jpg,images/val/d7/d7_0003159_jpg.rf.fe72abcaea2b521b3c49c9abe7ae8dc6_6f9c567847.jpg,labels/train/d7/d7_0003159_jpg.rf.fe72abcaea2b521b3c49c9abe7ae8dc6_6f9c567847.txt,labels/val/d7/d7_0003159_jpg.rf.fe72abcaea2b521b3c49c9abe7ae8dc6_6f9c567847.txt,691d2e44198196cbbbb285e3429642eebe1ded896a5fc9c37b3925aca55cb652,15883c55359ddec0034fd23b5b7a55f02db2f3de01ca9718902e5b06186a9a37
2,d7,d7_r2_sequence_0006,train,val,images/train/d7/d7_0003744_jpg.rf.8086c4802a9a39d493857be6ff8d2fc0_d5a6f97cea.jpg,images/val/d7/d7_0003744_jpg.rf.8086c4802a9a39d493857be6ff8d2fc0_d5a6f97cea.jpg,labels/train/d7/d7_0003744_jpg.rf.8086c4802a9a39d493857be6ff8d2fc0_d5a6f97cea.txt,labels/val/d7/d7_0003744_jpg.rf.8086c4802a9a39d493857be6ff8d2fc0_d5a6f97cea.txt,ca42968db5e8c9732e58bf9d63a7a2f0760b376944d90fe37c6c26c6178d551e,076dd806b7fce6d8c664a55aac5bf7fbf481e6d5865608f92d38701a1063d839
2,d7,d7_r2_sequence_0006,train,val,images/train/d7/d7_0003746_jpg.rf.286d924ee4a5ef4731f62b0c28f0e588_60193a2821.jpg,images/val/d7/d7_0003746_jpg.rf.286d924ee4a5ef4731f62b0c28f0e588_60193a2821.jpg,labels/train/d7/d7_0003746_jpg.rf.286d924ee4a5ef4731f62b0c28f0e588_60193a2821.txt,labels/val/d7/d7_0003746_jpg.rf.286d924ee4a5ef4731f62b0c28f0e588_60193a2821.txt,ae725a09ba90ecd36be101d4799579f24629ea57ebe891ed50a99be0220c229b,b55d8af8dca7535007352d7c428ea698c35fa7c3403e6eed26332da50e5e47aa
2,d7,d7_r2_sequence_0006,train,val,images/train/d7/d7_0004185_jpg.rf.919caeeaca52b67b23353194be97c513_88842c09df.jpg,images/val/d7/d7_0004185_jpg.rf.919caeeaca52b67b23353194be97c513_88842c09df.jpg,labels/train/d7/d7_0004185_jpg.rf.919caeeaca52b67b23353194be97c513_88842c09df.txt,labels/val/d7/d7_0004185_jpg.rf.919caeeaca52b67b23353194be97c513_88842c09df.txt,ded983fe3166ff21b10cd9d79426850e68f7938cded74c1f3f16b44765c6f16b,fc93e48b5f030815cec17da3ea30c2421c53c1071f7b32109f5a5bcb2ac839ed
2,d7,d7_r2_sequence_0006,train,val,images/train/d7/d7_0004554_jpg.rf.631f7d5e412a85f6ce7d6f101a8bee13_618ce88aa6.jpg,images/val/d7/d7_0004554_jpg.rf.631f7d5e412a85f6ce7d6f101a8bee13_618ce88aa6.jpg,labels/train/d7/d7_0004554_jpg.rf.631f7d5e412a85f6ce7d6f101a8bee13_618ce88aa6.txt,labels/val/d7/d7_0004554_jpg.rf.631f7d5e412a85f6ce7d6f101a8bee13_618ce88aa6.txt,a5f49e845ab2e69f4e64e5736d900164ae3b3078a00a4c80c6f83969747d7bfd,27c927f532808663ca67b667896ad0f0dcc2c45f5c6d14f97ad4d7058d93958b
2,d7,d7_r2_sequence_0006,train,val,images/train/d7/d7_0004812_jpg.rf.f2f47784fd912c2bf23cbd66804b1e14_2547630318.jpg,images/val/d7/d7_0004812_jpg.rf.f2f47784fd912c2bf23cbd66804b1e14_2547630318.jpg,labels/train/d7/d7_0004812_jpg.rf.f2f47784fd912c2bf23cbd66804b1e14_2547630318.txt,labels/val/d7/d7_0004812_jpg.rf.f2f47784fd912c2bf23cbd66804b1e14_2547630318.txt,53bfbc136b07175a64382542cfdf72bc3e426589acd53f396d927b4df58c7646,810de6463d7a23b63c475549bc305b4d0ff9f27f1c8395279eb07f959f6506a0
2,d7,d7_r2_sequence_0006,train,val,images/train/d7/d7_0005094_jpg.rf.724fff1d358285d8984a809d926bcd1f_7c3b1b9055.jpg,images/val/d7/d7_0005094_jpg.rf.724fff1d358285d8984a809d926bcd1f_7c3b1b9055.jpg,labels/train/d7/d7_0005094_jpg.rf.724fff1d358285d8984a809d926bcd1f_7c3b1b9055.txt,labels/val/d7/d7_0005094_jpg.rf.724fff1d358285d8984a809d926bcd1f_7c3b1b9055.txt,3547b6829f12d4cbd9b7aa1a69deb24a82b2214217b2b07b0c66fcf36e90bee8,7d615d8243c6abed8fa2b95ce37bc9cc3b3554cfd41806f1d05b4683046f279d
2,d7,d7_r2_sequence_0006,train,val,images/train/d7/d7_0005258_jpg.rf.0955bccf58a3e1ee5d142faefe9bdf88_f059daa201.jpg,images/val/d7/d7_0005258_jpg.rf.0955bccf58a3e1ee5d142faefe9bdf88_f059daa201.jpg,labels/train/d7/d7_0005258_jpg.rf.0955bccf58a3e1ee5d142faefe9bdf88_f059daa201.txt,labels/val/d7/d7_0005258_jpg.rf.0955bccf58a3e1ee5d142faefe9bdf88_f059daa201.txt,cdd359ec36c42f8933bdb05f6052d5e24cdb2ee9bd9b08c0987db77c3d7869f6,13e75724704f785ce2fe1401e575bcb6bf9c7438f833c5ff2c61ff99c354658f
2,d7,d7_r2_sequence_0006,train,val,images/train/d7/d7_0005405_jpg.rf.00c36880c7f8bd4feeea2fc252bff052_d10869f6b4.jpg,images/val/d7/d7_0005405_jpg.rf.00c36880c7f8bd4feeea2fc252bff052_d10869f6b4.jpg,labels/train/d7/d7_0005405_jpg.rf.00c36880c7f8bd4feeea2fc252bff052_d10869f6b4.txt,labels/val/d7/d7_0005405_jpg.rf.00c36880c7f8bd4feeea2fc252bff052_d10869f6b4.txt,9da3607d6e0832e5098a2f94001a1e70690ae70dbc7871f585e2b1d95e4fbcff,3787da174b96eb1bc871213c1960f99087269b96e23e931a69bbbfb03973c1ed
2,d7,d7_r2_sequence_0007,test,train,images/test/d7/d7_0005873_jpg.rf.05b8163b74d0b177ffb183aa5757f08b_6543616be9.jpg,images/train/d7/d7_0005873_jpg.rf.05b8163b74d0b177ffb183aa5757f08b_6543616be9.jpg,labels/test/d7/d7_0005873_jpg.rf.05b8163b74d0b177ffb183aa5757f08b_6543616be9.txt,labels/train/d7/d7_0005873_jpg.rf.05b8163b74d0b177ffb183aa5757f08b_6543616be9.txt,7e0c1b7890a36d1f6af188a816d87c00bf9b6e7b96df16a03e1c0ae985b54e2e,436f7cbc58e547335a09e59e36a525d0f5d2adeb611e35ca45c9a5d9adcdcdff
2,d7,d7_r2_sequence_0008,val,train,images/val/d7/d7_0005454_jpg.rf.3dade91131e9c4e3d9069c1d96b13e00_2678b25a60.jpg,images/train/d7/d7_0005454_jpg.rf.3dade91131e9c4e3d9069c1d96b13e00_2678b25a60.jpg,labels/val/d7/d7_0005454_jpg.rf.3dade91131e9c4e3d9069c1d96b13e00_2678b25a60.txt,labels/train/d7/d7_0005454_jpg.rf.3dade91131e9c4e3d9069c1d96b13e00_2678b25a60.txt,e0bf7bf93fc129f5f88e6bdd843a93941e4a7b87e23a894ae94323076591625c,b5ad5ce4f738237ae36238e5518671720d5b317c8059ecac2e91631ee264d06b
2,d7,d7_r2_sequence_0009,val,train,images/val/d7/d7_0001244_jpg.rf.a02e3b18370f777e29a23962ba2b4d72_fd98c25bae.jpg,images/train/d7/d7_0001244_jpg.rf.a02e3b18370f777e29a23962ba2b4d72_fd98c25bae.jpg,labels/val/d7/d7_0001244_jpg.rf.a02e3b18370f777e29a23962ba2b4d72_fd98c25bae.txt,labels/train/d7/d7_0001244_jpg.rf.a02e3b18370f777e29a23962ba2b4d72_fd98c25bae.txt,5b88e69773603ed880e7adef682164d8d2ec86549ab4adb5a86b5ae63b4be1a4,70f306a4c6b10d01c93a9e1d76338084ef12ef824054f055344a51217084e5e1
2,d7,d7_r2_sequence_0010,val,train,images/val/d7/d7_0002973_jpg.rf.159e76d3e566b1c47404e509da139ea6_6a740baf15.jpg,images/train/d7/d7_0002973_jpg.rf.159e76d3e566b1c47404e509da139ea6_6a740baf15.jpg,labels/val/d7/d7_0002973_jpg.rf.159e76d3e566b1c47404e509da139ea6_6a740baf15.txt,labels/train/d7/d7_0002973_jpg.rf.159e76d3e566b1c47404e509da139ea6_6a740baf15.txt,ad97d5f19c083442cb56b3b694342b1f89b524e4b0ca3fd034c3813608f948cc,423a4e09d536c7ec1ab6fc4ce6b55a07d4f731c32c4aac3b8cc6a0cafb22f526
2,d7,d7_r2_sequence_0011,val,train,images/val/d7/d7_0005565_jpg.rf.a1c25c34103a3b479a957342df6bbc29_dad7500413.jpg,images/train/d7/d7_0005565_jpg.rf.a1c25c34103a3b479a957342df6bbc29_dad7500413.jpg,labels/val/d7/d7_0005565_jpg.rf.a1c25c34103a3b479a957342df6bbc29_dad7500413.txt,labels/train/d7/d7_0005565_jpg.rf.a1c25c34103a3b479a957342df6bbc29_dad7500413.txt,0480f2bec45cb2a9b121fa0401790d026eea77e67a35463c74fadd0575e95867,fb5ddbb1de991d7c7fe389b766dcbc27218b7d79e71a85d071dbbc4ef7810dcc
2,d7,d7_r2_sequence_0012,val,train,images/val/d7/d7_0005233_jpg.rf.a08827c777418304e29a9ba3faa37aec_9ff9eae8bb.jpg,images/train/d7/d7_0005233_jpg.rf.a08827c777418304e29a9ba3faa37aec_9ff9eae8bb.jpg,labels/val/d7/d7_0005233_jpg.rf.a08827c777418304e29a9ba3faa37aec_9ff9eae8bb.txt,labels/train/d7/d7_0005233_jpg.rf.a08827c777418304e29a9ba3faa37aec_9ff9eae8bb.txt,2c963f6e7ba2336e516e406a75638d4dfb2c67f88e88e192681f999d7013654e,ab40d400983a675f5ef089f8b5b33404e05ac76c7c0f97a36381eb7f4cf33542
2,d7,d7_r2_sequence_0013,val,train,images/val/d7/d7_0005524_jpg.rf.82662c9b69d41db07e8b14947c9232ec_e6043b5f12.jpg,images/train/d7/d7_0005524_jpg.rf.82662c9b69d41db07e8b14947c9232ec_e6043b5f12.jpg,labels/val/d7/d7_0005524_jpg.rf.82662c9b69d41db07e8b14947c9232ec_e6043b5f12.txt,labels/train/d7/d7_0005524_jpg.rf.82662c9b69d41db07e8b14947c9232ec_e6043b5f12.txt,812f57b1a9e257c246daf33203f8c6ce75d28bf9be413bd47711a7e2f2d30f50,d4bf364dc99854ba9da013bbb23f9fe3ced58c3dd1118d630f2bd08f6021dab4
2,d7,d7_r2_sequence_0014,val,train,images/val/d7/d7_0003676_jpg.rf.4f719b422721cf12709d6367340afa39_5e5c75e0f4.jpg,images/train/d7/d7_0003676_jpg.rf.4f719b422721cf12709d6367340afa39_5e5c75e0f4.jpg,labels/val/d7/d7_0003676_jpg.rf.4f719b422721cf12709d6367340afa39_5e5c75e0f4.txt,labels/train/d7/d7_0003676_jpg.rf.4f719b422721cf12709d6367340afa39_5e5c75e0f4.txt,e3e48925b0155e46911bf40366b85d8cc6ef322aad787611f862a9492535a892,a426b2ce2f9a6301a69919e1c9beaa36c8b0bf2ade589a9279167d8de5d8f895
3,d6,d6_r3_asset_0001,train,test,images/train/d6/d6_Heavy_Equipment_1004_jpg.rf.a7abc7426dd27dc8903f312770f12df9_3be5a6b0f6.jpg,images/test/d6/d6_Heavy_Equipment_1004_jpg.rf.a7abc7426dd27dc8903f312770f12df9_3be5a6b0f6.jpg,labels/train/d6/d6_Heavy_Equipment_1004_jpg.rf.a7abc7426dd27dc8903f312770f12df9_3be5a6b0f6.txt,labels/test/d6/d6_Heavy_Equipment_1004_jpg.rf.a7abc7426dd27dc8903f312770f12df9_3be5a6b0f6.txt,a29355119da0a0658c12e46f4cc38d82024548d10d99f1e58cc235740337cb7b,3c9b48168d52bd2585c3bc5be3410bc42fbe7a708839bc8569b64df5f67aa287
3,d6,d6_r3_asset_0002,test,val,images/test/d6/d6_Heavy_Equipment_1558_jpg.rf.8871c93d2d444388e16dabab3e0d877d_e254ee44e6.jpg,images/val/d6/d6_Heavy_Equipment_1558_jpg.rf.8871c93d2d444388e16dabab3e0d877d_e254ee44e6.jpg,labels/test/d6/d6_Heavy_Equipment_1558_jpg.rf.8871c93d2d444388e16dabab3e0d877d_e254ee44e6.txt,labels/val/d6/d6_Heavy_Equipment_1558_jpg.rf.8871c93d2d444388e16dabab3e0d877d_e254ee44e6.txt,b41d824f50d7c53a4106d8c595b1a58479b96acb764c117491f8ad167765d42f,8b18e6299ffc5105646cadbbec62e9b2f4ee2269e01dd5f5093d0ce206babd3c
3,d6,d6_r3_asset_0003,train,test,images/train/d6/d6_Heavy_Equipment_2314_jpg.rf.657b4bfd90c616bcca8c2bde1d3a9f24_ffe5b1bd9c.jpg,images/test/d6/d6_Heavy_Equipment_2314_jpg.rf.657b4bfd90c616bcca8c2bde1d3a9f24_ffe5b1bd9c.jpg,labels/train/d6/d6_Heavy_Equipment_2314_jpg.rf.657b4bfd90c616bcca8c2bde1d3a9f24_ffe5b1bd9c.txt,labels/test/d6/d6_Heavy_Equipment_2314_jpg.rf.657b4bfd90c616bcca8c2bde1d3a9f24_ffe5b1bd9c.txt,f686ed24b2159a82ec96ef3d1ce3ce01412b47053f9b4e85ad9d0f5e7d718bfe,eb4c8c121df8230be431bd3569a9d30db02ad8ebac3b27ee3000cb9c92de6a20
3,d6,d6_r3_asset_0004,train,test,images/train/d6/d6_Heavy_Equipment_1383_jpg.rf.a3737cd6f8aa2f81d2244d24e1a3cc71_7bbb1e6a2c.jpg,images/test/d6/d6_Heavy_Equipment_1383_jpg.rf.a3737cd6f8aa2f81d2244d24e1a3cc71_7bbb1e6a2c.jpg,labels/train/d6/d6_Heavy_Equipment_1383_jpg.rf.a3737cd6f8aa2f81d2244d24e1a3cc71_7bbb1e6a2c.txt,labels/test/d6/d6_Heavy_Equipment_1383_jpg.rf.a3737cd6f8aa2f81d2244d24e1a3cc71_7bbb1e6a2c.txt,d6c34c86e0d475b9bb1cda1e1c0eba4d17cb34276f5345b3d8f36c38d2bd2829,8f9ed01d838f85fc9fcbae085882b9f2f7a08c7723a740e344d7c282b39a6b98
3,d6,d6_r3_asset_0005,test,train,images/test/d6/d6_Heavy_Equipment_1761_jpg.rf.5f04ac7ebe5a56e7d35c015eceb24209_5f6b64f766.jpg,images/train/d6/d6_Heavy_Equipment_1761_jpg.rf.5f04ac7ebe5a56e7d35c015eceb24209_5f6b64f766.jpg,labels/test/d6/d6_Heavy_Equipment_1761_jpg.rf.5f04ac7ebe5a56e7d35c015eceb24209_5f6b64f766.txt,labels/train/d6/d6_Heavy_Equipment_1761_jpg.rf.5f04ac7ebe5a56e7d35c015eceb24209_5f6b64f766.txt,5cd93a780841d00e1d7330bf988a3fd82f0443dc96c3f9e5d2ea80dbf7a27707,bc56ce5dbc4b872794c44b1fcefaf9b9847dd12202bc21d7b77854255c8371de
3,d6,d6_r3_asset_0006,val,test,images/val/d6/d6_Heavy_Equipment_2881_jpg.rf.480b472c618b3260cd90a6b5d9e0a1cf_a1d8e1a463.jpg,images/test/d6/d6_Heavy_Equipment_2881_jpg.rf.480b472c618b3260cd90a6b5d9e0a1cf_a1d8e1a463.jpg,labels/val/d6/d6_Heavy_Equipment_2881_jpg.rf.480b472c618b3260cd90a6b5d9e0a1cf_a1d8e1a463.txt,labels/test/d6/d6_Heavy_Equipment_2881_jpg.rf.480b472c618b3260cd90a6b5d9e0a1cf_a1d8e1a463.txt,63512bf9e4559d481a41c59140690e93a65eda880bf35c9c1ab2c3601b44d66e,a4fccb7993d49c0bc5879e9853ed39b3232b367e83e7d5bbf56204206a014ce1
3,d6,d6_r3_asset_0007,train,test,images/train/d6/d6_Heavy_Equipment_602_jpg.rf.a507b7da7e750510a85a1905e5082408_ce68bf80fa.jpg,images/test/d6/d6_Heavy_Equipment_602_jpg.rf.a507b7da7e750510a85a1905e5082408_ce68bf80fa.jpg,labels/train/d6/d6_Heavy_Equipment_602_jpg.rf.a507b7da7e750510a85a1905e5082408_ce68bf80fa.txt,labels/test/d6/d6_Heavy_Equipment_602_jpg.rf.a507b7da7e750510a85a1905e5082408_ce68bf80fa.txt,fb299b1b823e11628cabb1ea13a1805e3e49db175a8831f6fac2c8e83a54d96f,5331ee2b848520ab5a6d4dac11bd6e091763ec53499cf33bcaaa6df894ef67c7
3,d6,d6_r3_asset_0008,test,train,images/test/d6/d6_Heavy_Equipment_2598_jpg.rf.b8bf2ecaab480eee8210e0f44c7001fb_d2b61c4b10.jpg,images/train/d6/d6_Heavy_Equipment_2598_jpg.rf.b8bf2ecaab480eee8210e0f44c7001fb_d2b61c4b10.jpg,labels/test/d6/d6_Heavy_Equipment_2598_jpg.rf.b8bf2ecaab480eee8210e0f44c7001fb_d2b61c4b10.txt,labels/train/d6/d6_Heavy_Equipment_2598_jpg.rf.b8bf2ecaab480eee8210e0f44c7001fb_d2b61c4b10.txt,f2c11ef881d0b3e352e9bfdbac3bc50cb0e04b091efcab0d212b834b97f53357,099741cfa640ff436710029d840a9c0ee574b6cf52a4071f5fed348eb40f04fe
3,d6,d6_r3_asset_0009,train,test,images/train/d6/d6_Heavy_Equipment_4996_jpg.rf.8f2eaccdb0e3d6cbb4431fb51ab06633_0e92f78580.jpg,images/test/d6/d6_Heavy_Equipment_4996_jpg.rf.8f2eaccdb0e3d6cbb4431fb51ab06633_0e92f78580.jpg,labels/train/d6/d6_Heavy_Equipment_4996_jpg.rf.8f2eaccdb0e3d6cbb4431fb51ab06633_0e92f78580.txt,labels/test/d6/d6_Heavy_Equipment_4996_jpg.rf.8f2eaccdb0e3d6cbb4431fb51ab06633_0e92f78580.txt,e8b188f1f62a787f6cc71a3b5cfeadf91518249a95f746ab3ee40838b375644d,1e1f00b7a1548d0f6e05d74981d5f178c1439a40d6c381dbe9ffbcd951474634
3,d6,d6_r3_asset_0010,train,test,images/train/d6/d6_Heavy_Equipment_4959_jpg.rf.d4d69b7b08600d46a514fee5bf9f7ed1_54dd17d5e2.jpg,images/test/d6/d6_Heavy_Equipment_4959_jpg.rf.d4d69b7b08600d46a514fee5bf9f7ed1_54dd17d5e2.jpg,labels/train/d6/d6_Heavy_Equipment_4959_jpg.rf.d4d69b7b08600d46a514fee5bf9f7ed1_54dd17d5e2.txt,labels/test/d6/d6_Heavy_Equipment_4959_jpg.rf.d4d69b7b08600d46a514fee5bf9f7ed1_54dd17d5e2.txt,225833e75ac0b94bcc29c6addaa72f8bc3318a246d3bcb2775dbad8191ea87bd,e9e16f78dcb3d4e0c383e285399a0b87db447596721a05dc21da5be8cad51c28
3,d6,d6_r3_asset_0011,train,test,images/train/d6/d6_Heavy_Equipment_4339_jpg.rf.a84e69b15ecd1144b38790742cdef0c6_600303f80e.jpg,images/test/d6/d6_Heavy_Equipment_4339_jpg.rf.a84e69b15ecd1144b38790742cdef0c6_600303f80e.jpg,labels/train/d6/d6_Heavy_Equipment_4339_jpg.rf.a84e69b15ecd1144b38790742cdef0c6_600303f80e.txt,labels/test/d6/d6_Heavy_Equipment_4339_jpg.rf.a84e69b15ecd1144b38790742cdef0c6_600303f80e.txt,79420c64ec24490685779bef546d8ef3107297e537495f481d17befe4e5fcdfa,b8f0b8946745292a79b677c16b0abead96e6a8c6877373db3400de20c90568b6
3,d6,d6_r3_asset_0012,train,test,images/train/d6/d6_Heavy_Equipment_4536_jpg.rf.86ee370203a56aa947a0834c4f5c9581_97f89bdad4.jpg,images/test/d6/d6_Heavy_Equipment_4536_jpg.rf.86ee370203a56aa947a0834c4f5c9581_97f89bdad4.jpg,labels/train/d6/d6_Heavy_Equipment_4536_jpg.rf.86ee370203a56aa947a0834c4f5c9581_97f89bdad4.txt,labels/test/d6/d6_Heavy_Equipment_4536_jpg.rf.86ee370203a56aa947a0834c4f5c9581_97f89bdad4.txt,67218554657132c80801ced14674c846b3d01347422df2f0b59d2e98b1c25f54,4b2965ec0cf45456fd91ccf6b4254454610b55c1620a5fab75f9ceecee7f941f
3,d6,d6_r3_asset_0013,test,val,images/test/d6/d6_Heavy_Equipment_3182_jpg.rf.ffa88e911cb1ff6dfa74cd371cacd828_a6ec5df827.jpg,images/val/d6/d6_Heavy_Equipment_3182_jpg.rf.ffa88e911cb1ff6dfa74cd371cacd828_a6ec5df827.jpg,labels/test/d6/d6_Heavy_Equipment_3182_jpg.rf.ffa88e911cb1ff6dfa74cd371cacd828_a6ec5df827.txt,labels/val/d6/d6_Heavy_Equipment_3182_jpg.rf.ffa88e911cb1ff6dfa74cd371cacd828_a6ec5df827.txt,5b885ce740f3f5d21d947a7b9cb82ac36c743eb6b7659d131ac60dc33dde79d9,a7cdd8742cd0c92d6466f0e36e8bb814f790a42c5a778210a5349c70bf31b4cd
3,d6,d6_r3_asset_0014,train,test,images/train/d6/d6_Heavy_Equipment_4653_jpg.rf.b7fb8c76270f843c2d1343914384913d_b12493684a.jpg,images/test/d6/d6_Heavy_Equipment_4653_jpg.rf.b7fb8c76270f843c2d1343914384913d_b12493684a.jpg,labels/train/d6/d6_Heavy_Equipment_4653_jpg.rf.b7fb8c76270f843c2d1343914384913d_b12493684a.txt,labels/test/d6/d6_Heavy_Equipment_4653_jpg.rf.b7fb8c76270f843c2d1343914384913d_b12493684a.txt,8c320a94c425108038a2adf392d354f910f5489c77c8c1bbd53e9517a52f2f54,2f76fac1212c1f71c39daea09667aef56bae449d17483f800c1f87fe8f7ff0e5
3,d6,d6_r3_asset_0015,test,train,images/test/d6/d6_Heavy_Equipment_3259_jpg.rf.088861613d13ced935b9036751dd7b0f_ed72911353.jpg,images/train/d6/d6_Heavy_Equipment_3259_jpg.rf.088861613d13ced935b9036751dd7b0f_ed72911353.jpg,labels/test/d6/d6_Heavy_Equipment_3259_jpg.rf.088861613d13ced935b9036751dd7b0f_ed72911353.txt,labels/train/d6/d6_Heavy_Equipment_3259_jpg.rf.088861613d13ced935b9036751dd7b0f_ed72911353.txt,139439c32b0e23c67423a7833caa010b88300d77f07913b56ddef8f0ac24504d,0c4f1ca032ec2d392922dabda12d7dde0122ff89de6bcc5cb50cdfdf9b28754e
3,d6,d6_r3_asset_0016,test,train,images/test/d6/d6_Heavy_Equipment_3300_jpg.rf.b7c903c2fa8a6f731b21c7474794f48c_a35f62a1fb.jpg,images/train/d6/d6_Heavy_Equipment_3300_jpg.rf.b7c903c2fa8a6f731b21c7474794f48c_a35f62a1fb.jpg,labels/test/d6/d6_Heavy_Equipment_3300_jpg.rf.b7c903c2fa8a6f731b21c7474794f48c_a35f62a1fb.txt,labels/train/d6/d6_Heavy_Equipment_3300_jpg.rf.b7c903c2fa8a6f731b21c7474794f48c_a35f62a1fb.txt,0bb554be643d543cd9100ab553376cfa858b4f63385ed2e28cbec109d7bde90b,fc8856f7c52d0eaaf12929288f49af20d344d147309e422f94a67e1d3f08ef55
3,d6,d6_r3_asset_0016,test,train,images/test/d6/d6_Heavy_Equipment_4686_jpg.rf.657bb6857b5fd52ea87ba31ff99bda8f_ea877bb18c.jpg,images/train/d6/d6_Heavy_Equipment_4686_jpg.rf.657bb6857b5fd52ea87ba31ff99bda8f_ea877bb18c.jpg,labels/test/d6/d6_Heavy_Equipment_4686_jpg.rf.657bb6857b5fd52ea87ba31ff99bda8f_ea877bb18c.txt,labels/train/d6/d6_Heavy_Equipment_4686_jpg.rf.657bb6857b5fd52ea87ba31ff99bda8f_ea877bb18c.txt,2bfc322c399a7f6a8904d055e01aa2c4d350721a3df3cb23741eacb2896a9c99,ab2fec3dcb4b5300d4219d9e3c48d12d9841717ccb8130d22363a347ba337654
3,d6,d6_r3_asset_0017,train,test,images/train/d6/d6_Heavy_Equipment_4144_jpg.rf.8fc49a1d669c4182c2914d5ee8b34795_1e523b241b.jpg,images/test/d6/d6_Heavy_Equipment_4144_jpg.rf.8fc49a1d669c4182c2914d5ee8b34795_1e523b241b.jpg,labels/train/d6/d6_Heavy_Equipment_4144_jpg.rf.8fc49a1d669c4182c2914d5ee8b34795_1e523b241b.txt,labels/test/d6/d6_Heavy_Equipment_4144_jpg.rf.8fc49a1d669c4182c2914d5ee8b34795_1e523b241b.txt,97ada62122dc0883a6426bac1e05bd6d60e7fc40e2b802076e85acfc0f8d3462,530237e2360e4020736b78d0488f02ef4735a8b0f892d5b689de3659d0dd1d65
3,d6,d6_r3_asset_0018,test,train,images/test/d6/d6_Heavy_Equipment_3680_jpg.rf.29921281b65d3c3746e93ab0d5a24a62_04a7b5045a.jpg,images/train/d6/d6_Heavy_Equipment_3680_jpg.rf.29921281b65d3c3746e93ab0d5a24a62_04a7b5045a.jpg,labels/test/d6/d6_Heavy_Equipment_3680_jpg.rf.29921281b65d3c3746e93ab0d5a24a62_04a7b5045a.txt,labels/train/d6/d6_Heavy_Equipment_3680_jpg.rf.29921281b65d3c3746e93ab0d5a24a62_04a7b5045a.txt,4e60ae88e90fb72d3978d3dbf9c021142a4678c70b2cbcd1def377a58c73e953,e6fa10637b5cf0e05711f15214f9c6a0393bbd38031c155823f11c6dd1b6af58
3,d6,d6_r3_asset_0019,test,train,images/test/d6/d6_Heavy_Equipment_4072_jpg.rf.c439100ccdfa1f08c16ae76024de6d38_b86e99f90b.jpg,images/train/d6/d6_Heavy_Equipment_4072_jpg.rf.c439100ccdfa1f08c16ae76024de6d38_b86e99f90b.jpg,labels/test/d6/d6_Heavy_Equipment_4072_jpg.rf.c439100ccdfa1f08c16ae76024de6d38_b86e99f90b.txt,labels/train/d6/d6_Heavy_Equipment_4072_jpg.rf.c439100ccdfa1f08c16ae76024de6d38_b86e99f90b.txt,fbde66560fa106cfafdcd4bab00ebc6a10ccfe848720523e712d6adaa3120872,b04c528c98d6c09aba0fbfa2e5fa75cd771812920ff0f7cf0092cd6d986d65ef
3,d6,d6_r3_asset_0020,train,test,images/train/d6/d6_Heavy_Equipment_4480_jpg.rf.8de677ae8198c589f8f40769088b7844_1a07dfb052.jpg,images/test/d6/d6_Heavy_Equipment_4480_jpg.rf.8de677ae8198c589f8f40769088b7844_1a07dfb052.jpg,labels/train/d6/d6_Heavy_Equipment_4480_jpg.rf.8de677ae8198c589f8f40769088b7844_1a07dfb052.txt,labels/test/d6/d6_Heavy_Equipment_4480_jpg.rf.8de677ae8198c589f8f40769088b7844_1a07dfb052.txt,e394f3b1dc04e62fbd16b3f80194c717a2627aabc7ae7a0b67e5fda9ac1f65a5,b5e31654f94cf12a2bbdcdbccdf13a6e2c3b0aff16ce75854cd0798a942675dc
3,d6,d6_r3_asset_0021,test,train,images/test/d6/d6_Heavy_Equipment_4232_jpg.rf.9af245a4d5d372634c46b78f1d359067_b4de1f5c07.jpg,images/train/d6/d6_Heavy_Equipment_4232_jpg.rf.9af245a4d5d372634c46b78f1d359067_b4de1f5c07.jpg,labels/test/d6/d6_Heavy_Equipment_4232_jpg.rf.9af245a4d5d372634c46b78f1d359067_b4de1f5c07.txt,labels/train/d6/d6_Heavy_Equipment_4232_jpg.rf.9af245a4d5d372634c46b78f1d359067_b4de1f5c07.txt,1e8e7637b344860489cead9f4565b1df05d978500111d6d29ad760cd38d37877,ba5e3082fb624f1be1bb96176812d554c9c42010db0d46ad54868a188f9a2cf2
3,d6,d6_r3_asset_0022,test,train,images/test/d6/d6_Heavy_Equipment_4358_jpg.rf.6392bb7b238e6d9c758f78d69d693f55_1171c76b47.jpg,images/train/d6/d6_Heavy_Equipment_4358_jpg.rf.6392bb7b238e6d9c758f78d69d693f55_1171c76b47.jpg,labels/test/d6/d6_Heavy_Equipment_4358_jpg.rf.6392bb7b238e6d9c758f78d69d693f55_1171c76b47.txt,labels/train/d6/d6_Heavy_Equipment_4358_jpg.rf.6392bb7b238e6d9c758f78d69d693f55_1171c76b47.txt,a82ada6e91c0baa04659859f6f49ecb3a833c248ac117983c2a50d04e6977b32,22cbbc7842cea01ab1390abe1381f541900d28734dfa965c9d9e83a48cba5e91
3,d6,d6_r3_asset_0023,train,test,images/train/d6/d6_Heavy_Equipment_5179_jpg.rf.da677dd03bb62138a39d0718f68a2a52_14ba446b83.jpg,images/test/d6/d6_Heavy_Equipment_5179_jpg.rf.da677dd03bb62138a39d0718f68a2a52_14ba446b83.jpg,labels/train/d6/d6_Heavy_Equipment_5179_jpg.rf.da677dd03bb62138a39d0718f68a2a52_14ba446b83.txt,labels/test/d6/d6_Heavy_Equipment_5179_jpg.rf.da677dd03bb62138a39d0718f68a2a52_14ba446b83.txt,323f971f6227b8c6406c33b5d1784981d0480e28b95c3b19dde921a03ec44c68,507a426f3108f7acb67ae1e186db837d30630d039cf8a753c8cec85ae9e2cdf7
3,d6,d6_r3_asset_0024,test,train,images/test/d6/d6_Heavy_Equipment_4586_jpg.rf.f95267cde2d9c7f60a4823535c511586_cca55b2476.jpg,images/train/d6/d6_Heavy_Equipment_4586_jpg.rf.f95267cde2d9c7f60a4823535c511586_cca55b2476.jpg,labels/test/d6/d6_Heavy_Equipment_4586_jpg.rf.f95267cde2d9c7f60a4823535c511586_cca55b2476.txt,labels/train/d6/d6_Heavy_Equipment_4586_jpg.rf.f95267cde2d9c7f60a4823535c511586_cca55b2476.txt,6994bd1a289c14dd955b9b1de6352e52983b2ebbf8ba12faa32334a578dc430d,bcc9ea2b6beb61737db4ae0b8d514425efa9881c685b8454b1aef264edd4dbdd
3,d6,d6_r3_asset_0024,val,train,images/val/d6/d6_Heavy_Equipment_4822_jpg.rf.416c1c41bb36209f7afd6ab517f3a22d_1412a55931.jpg,images/train/d6/d6_Heavy_Equipment_4822_jpg.rf.416c1c41bb36209f7afd6ab517f3a22d_1412a55931.jpg,labels/val/d6/d6_Heavy_Equipment_4822_jpg.rf.416c1c41bb36209f7afd6ab517f3a22d_1412a55931.txt,labels/train/d6/d6_Heavy_Equipment_4822_jpg.rf.416c1c41bb36209f7afd6ab517f3a22d_1412a55931.txt,e466fb797864016c19eb7f76bb9313553643601a03eeb4524153663ce7d099aa,37b8506d5ee79d8250481ec0a9a61abebc5eeadf47215c5334cd7c451ae38863
3,d6,d6_r3_asset_0025,train,test,images/train/d6/d6_Heavy_Equipment_3141_jpg.rf.e2071aa9e0bdd1cb85e8e61d6f21fa43_ee8a8fceaa.jpg,images/test/d6/d6_Heavy_Equipment_3141_jpg.rf.e2071aa9e0bdd1cb85e8e61d6f21fa43_ee8a8fceaa.jpg,labels/train/d6/d6_Heavy_Equipment_3141_jpg.rf.e2071aa9e0bdd1cb85e8e61d6f21fa43_ee8a8fceaa.txt,labels/test/d6/d6_Heavy_Equipment_3141_jpg.rf.e2071aa9e0bdd1cb85e8e61d6f21fa43_ee8a8fceaa.txt,b5c8009788e0fd35d64fd9108b699e26c1f722e35839fecfec5e8556d1173805,6e3fd13b90008f2ffb68ee09afadfda4266cb711bea2b16f1b1436312d7f71bd
3,d6,d6_r3_asset_0026,test,train,images/test/d6/d6_Heavy_Equipment_4597_jpg.rf.4c9f3642e1f8cb8d6ac5b704bc81f86c_dd2c2a3f3e.jpg,images/train/d6/d6_Heavy_Equipment_4597_jpg.rf.4c9f3642e1f8cb8d6ac5b704bc81f86c_dd2c2a3f3e.jpg,labels/test/d6/d6_Heavy_Equipment_4597_jpg.rf.4c9f3642e1f8cb8d6ac5b704bc81f86c_dd2c2a3f3e.txt,labels/train/d6/d6_Heavy_Equipment_4597_jpg.rf.4c9f3642e1f8cb8d6ac5b704bc81f86c_dd2c2a3f3e.txt,c8dd2d89690bd96cd26f60d5230e24795271335211607aaf71bb3954ffef2437,54f9d1867e4784819e809b2e0f209327c463c3fcc4b353d85b7eafe5036bcdff
3,d6,d6_r3_asset_0027,train,test,images/train/d6/d6_Heavy_Equipment_6282_jpg.rf.38c74849be4da4a4da09fae9086f1554_3b0319510a.jpg,images/test/d6/d6_Heavy_Equipment_6282_jpg.rf.38c74849be4da4a4da09fae9086f1554_3b0319510a.jpg,labels/train/d6/d6_Heavy_Equipment_6282_jpg.rf.38c74849be4da4a4da09fae9086f1554_3b0319510a.txt,labels/test/d6/d6_Heavy_Equipment_6282_jpg.rf.38c74849be4da4a4da09fae9086f1554_3b0319510a.txt,f85ef83f07d8a7ff64e668a9b1122449506eaf4330605d88f6f50212cae181be,7cd7cfccbdcd456ecb3cd6bc4c18ca630bddc2f769c92c713bddfe0575b1b590
3,d6,d6_r3_asset_0028,test,val,images/test/d6/d6_Heavy_Equipment_4649_jpg.rf.e5e9b9a0e639707db6cfae13fc0ed915_05c08edde0.jpg,images/val/d6/d6_Heavy_Equipment_4649_jpg.rf.e5e9b9a0e639707db6cfae13fc0ed915_05c08edde0.jpg,labels/test/d6/d6_Heavy_Equipment_4649_jpg.rf.e5e9b9a0e639707db6cfae13fc0ed915_05c08edde0.txt,labels/val/d6/d6_Heavy_Equipment_4649_jpg.rf.e5e9b9a0e639707db6cfae13fc0ed915_05c08edde0.txt,a475a88a53573adac7b37840b257a2f81fbb7b81209932023237d5add1725d1f,1ac4f788bf84779a28bb42e583bd37e9cd4dcbf5b7a50757d984213cf91b04d0
3,d6,d6_r3_asset_0029,test,val,images/test/d6/d6_Heavy_Equipment_4658_jpg.rf.a96ebe3a23323fcb3e4b9c3475e3f4a9_d76fa1642a.jpg,images/val/d6/d6_Heavy_Equipment_4658_jpg.rf.a96ebe3a23323fcb3e4b9c3475e3f4a9_d76fa1642a.jpg,labels/test/d6/d6_Heavy_Equipment_4658_jpg.rf.a96ebe3a23323fcb3e4b9c3475e3f4a9_d76fa1642a.txt,labels/val/d6/d6_Heavy_Equipment_4658_jpg.rf.a96ebe3a23323fcb3e4b9c3475e3f4a9_d76fa1642a.txt,7ad8b3f47507579d1c7d59c0e3ef85ddd07474801f1ed267362691daa361304b,a23e2b82d991a0014d46cb1b2a510322c0a21222e3ef34175837bff17ba21875
3,d6,d6_r3_asset_0030,val,test,images/val/d6/d6_Heavy_Equipment_5186_jpg.rf.b6fa85a3fb3c243ef00632b45c339960_9b27d573c2.jpg,images/test/d6/d6_Heavy_Equipment_5186_jpg.rf.b6fa85a3fb3c243ef00632b45c339960_9b27d573c2.jpg,labels/val/d6/d6_Heavy_Equipment_5186_jpg.rf.b6fa85a3fb3c243ef00632b45c339960_9b27d573c2.txt,labels/test/d6/d6_Heavy_Equipment_5186_jpg.rf.b6fa85a3fb3c243ef00632b45c339960_9b27d573c2.txt,141b35fc1ed2b4ff15bc9f6c4214589f5dd85eadc7f53d6b02fa1e55f0394d73,f79b37c4333984bfd8377a2e35ad8357a9b4ecf65c34b982fdf0c7a14438cb0e
3,d6,d6_r3_asset_0031,test,train,images/test/d6/d6_Heavy_Equipment_4901_jpg.rf.d8556ae2159f36deb81daff698d2655f_f77ac544b8.jpg,images/train/d6/d6_Heavy_Equipment_4901_jpg.rf.d8556ae2159f36deb81daff698d2655f_f77ac544b8.jpg,labels/test/d6/d6_Heavy_Equipment_4901_jpg.rf.d8556ae2159f36deb81daff698d2655f_f77ac544b8.txt,labels/train/d6/d6_Heavy_Equipment_4901_jpg.rf.d8556ae2159f36deb81daff698d2655f_f77ac544b8.txt,afb0c116b1fcbf71a7107d16d63a2fb981956da0f6d4162d82da3ab54868b86b,40a4f1ae99dbfb80ca55ccc455e3c280198f5aa67470ab264f096730cb412085
3,d6,d6_r3_asset_0032,train,test,images/train/d6/d6_Heavy_Equipment_4206_jpg.rf.7220d21b01d0c0b004d6ff91def907af_136a243a87.jpg,images/test/d6/d6_Heavy_Equipment_4206_jpg.rf.7220d21b01d0c0b004d6ff91def907af_136a243a87.jpg,labels/train/d6/d6_Heavy_Equipment_4206_jpg.rf.7220d21b01d0c0b004d6ff91def907af_136a243a87.txt,labels/test/d6/d6_Heavy_Equipment_4206_jpg.rf.7220d21b01d0c0b004d6ff91def907af_136a243a87.txt,e0969fc9a0fabdfd0e85559063838c93a8a0580f1484c801ac31fe107d6e29b9,6251e58cfdad66393dca2eaf7bf53b99619685360894918a2d890e33a24fa1d7
3,d6,d6_r3_asset_0033,train,test,images/train/d6/d6_Heavy_Equipment_3277_jpg.rf.12bb8a1a0c266f5c7cd941a63cb10065_85f97eec7f.jpg,images/test/d6/d6_Heavy_Equipment_3277_jpg.rf.12bb8a1a0c266f5c7cd941a63cb10065_85f97eec7f.jpg,labels/train/d6/d6_Heavy_Equipment_3277_jpg.rf.12bb8a1a0c266f5c7cd941a63cb10065_85f97eec7f.txt,labels/test/d6/d6_Heavy_Equipment_3277_jpg.rf.12bb8a1a0c266f5c7cd941a63cb10065_85f97eec7f.txt,2207ee7d36cd0bc3eea47414cfd8aaf333ebd38d8d321f625880d48a47b6d680,c53b8d04d9034307721e03fce1e61e2a8efb3d484d05bbb96e5de3942fa94a6c
3,d6,d6_r3_asset_0034,test,train,images/test/d6/d6_Heavy_Equipment_5216_jpg.rf.b01ef40b0c0090a389f5936eeddf59c4_d59dd6882a.jpg,images/train/d6/d6_Heavy_Equipment_5216_jpg.rf.b01ef40b0c0090a389f5936eeddf59c4_d59dd6882a.jpg,labels/test/d6/d6_Heavy_Equipment_5216_jpg.rf.b01ef40b0c0090a389f5936eeddf59c4_d59dd6882a.txt,labels/train/d6/d6_Heavy_Equipment_5216_jpg.rf.b01ef40b0c0090a389f5936eeddf59c4_d59dd6882a.txt,688f6f1e503e7828b4bc4c2118cab41543eecec16c6c143abf17e522ef02384e,70b6e68e01199cd11019f86eceee04701b7819989cfa0026df6a3388e5cde5a8
3,d6,d6_r3_asset_0035,test,train,images/test/d6/d6_Heavy_Equipment_621_jpg.rf.295839b14e5d0028353a244c1e8aa48f_ec40575ac4.jpg,images/train/d6/d6_Heavy_Equipment_621_jpg.rf.295839b14e5d0028353a244c1e8aa48f_ec40575ac4.jpg,labels/test/d6/d6_Heavy_Equipment_621_jpg.rf.295839b14e5d0028353a244c1e8aa48f_ec40575ac4.txt,labels/train/d6/d6_Heavy_Equipment_621_jpg.rf.295839b14e5d0028353a244c1e8aa48f_ec40575ac4.txt,afd70f1af55f357777ffec83c939e102f9ad40c479e7265805236a9076639816,40061d743e4c7010c17010d642120e02f8d161c66a1aeaae4b8ea15f65d12715
3,d6,d6_r3_asset_0036,test,train,images/test/d6/d6_Heavy_Equipment_877_jpg.rf.804a61e086f02e2ab917fc5270664ce5_f7625b4e99.jpg,images/train/d6/d6_Heavy_Equipment_877_jpg.rf.804a61e086f02e2ab917fc5270664ce5_f7625b4e99.jpg,labels/test/d6/d6_Heavy_Equipment_877_jpg.rf.804a61e086f02e2ab917fc5270664ce5_f7625b4e99.txt,labels/train/d6/d6_Heavy_Equipment_877_jpg.rf.804a61e086f02e2ab917fc5270664ce5_f7625b4e99.txt,f3dc7aef8c4aa8ee54beedf6376bf1903cacb2bdede01709caccf2c6ba099d61,5945a4c758c38541429f869b3616fad7ff83645144637034e606c0b4d0999a82
3,d6,d6_r3_asset_0037,train,test,images/train/d6/d6_M_B_Used-Truck-Mercedes-Actros-10X4-2021_176373_1_jpg.rf.0537189ab5ddefc050774e944c046604_6a10f0333a.jpg,images/test/d6/d6_M_B_Used-Truck-Mercedes-Actros-10X4-2021_176373_1_jpg.rf.0537189ab5ddefc050774e944c046604_6a10f0333a.jpg,labels/train/d6/d6_M_B_Used-Truck-Mercedes-Actros-10X4-2021_176373_1_jpg.rf.0537189ab5ddefc050774e944c046604_6a10f0333a.txt,labels/test/d6/d6_M_B_Used-Truck-Mercedes-Actros-10X4-2021_176373_1_jpg.rf.0537189ab5ddefc050774e944c046604_6a10f0333a.txt,424abf888aa094af354865e26e31bc1412d585b3dfc6eff9dc3ab37716ea0330,a8d31560ec4641d305e4c10457f65c6d5a8fd2923af9b4ea99314a923ba253ce
3,d6,d6_r3_asset_0038,test,val,images/test/d6/d6_M_D_images16_jpg.rf.5dc7c927440a88aa500d7b563250a4ab_096789033d.jpg,images/val/d6/d6_M_D_images16_jpg.rf.5dc7c927440a88aa500d7b563250a4ab_096789033d.jpg,labels/test/d6/d6_M_D_images16_jpg.rf.5dc7c927440a88aa500d7b563250a4ab_096789033d.txt,labels/val/d6/d6_M_D_images16_jpg.rf.5dc7c927440a88aa500d7b563250a4ab_096789033d.txt,b281ffdd5ced8d45a6278f792b3d40d86b97435a33f43c035f47064dae1733d5,8e466f34362bcc4dfd91c9536ad55221f5e7b19074f9138b120b9ac771af4adc
3,d6,d6_r3_asset_0039,train,test,images/train/d6/d6_M_M_187_4506839458636_jpg.rf.0b5008f9db9676d9f7d9c54ed2bdb1cc_724a375390.jpg,images/test/d6/d6_M_M_187_4506839458636_jpg.rf.0b5008f9db9676d9f7d9c54ed2bdb1cc_724a375390.jpg,labels/train/d6/d6_M_M_187_4506839458636_jpg.rf.0b5008f9db9676d9f7d9c54ed2bdb1cc_724a375390.txt,labels/test/d6/d6_M_M_187_4506839458636_jpg.rf.0b5008f9db9676d9f7d9c54ed2bdb1cc_724a375390.txt,c78fd6d33a349439a3b403b5ac0225fb011393752a0edfca5a8f053576eb0c13,213b363f29f3c4a5c43c8854e77a86850266205e5616452d464e8bf569a37346
3,d6,d6_r3_asset_0040,test,val,images/test/d6/d6_M_M_image32_jpeg.rf.be19245211b7656eb975dcdf604c48fe_959a7a2321.jpg,images/val/d6/d6_M_M_image32_jpeg.rf.be19245211b7656eb975dcdf604c48fe_959a7a2321.jpg,labels/test/d6/d6_M_M_image32_jpeg.rf.be19245211b7656eb975dcdf604c48fe_959a7a2321.txt,labels/val/d6/d6_M_M_image32_jpeg.rf.be19245211b7656eb975dcdf604c48fe_959a7a2321.txt,dd65f7a4e36e05d1d9d8386f36ce68fcea22126e1048e0daab063556b07d24f4,cdd2786a3e285f9d36703281716094e225cbd2228fcf87b0403d0fd5f1848eb6
3,d6,d6_r3_asset_0041,train,test,images/train/d6/d6_M_M_flock-beton-man-concrete-mixer-on-motorway-2D1AEJX_jpg.rf.412f66584f40973b7d783dc1f856020d_f47cb6ca37.jpg,images/test/d6/d6_M_M_flock-beton-man-concrete-mixer-on-motorway-2D1AEJX_jpg.rf.412f66584f40973b7d783dc1f856020d_f47cb6ca37.jpg,labels/train/d6/d6_M_M_flock-beton-man-concrete-mixer-on-motorway-2D1AEJX_jpg.rf.412f66584f40973b7d783dc1f856020d_f47cb6ca37.txt,labels/test/d6/d6_M_M_flock-beton-man-concrete-mixer-on-motorway-2D1AEJX_jpg.rf.412f66584f40973b7d783dc1f856020d_f47cb6ca37.txt,f8a51768d3bcd982000b514a46905b209455516b72e94e6c02eb8fab6038213f,f1d7d1360b77274e5e468cc0ef584e25edd835c371e76faec948b4fd5e46d0ea
3,d6,d6_r3_asset_0042,val,train,images/val/d6/d6_Heavy_Equipment_1797_jpg.rf.e639272a96f0f368b0810b3587ba1910_5c69713496.jpg,images/train/d6/d6_Heavy_Equipment_1797_jpg.rf.e639272a96f0f368b0810b3587ba1910_5c69713496.jpg,labels/val/d6/d6_Heavy_Equipment_1797_jpg.rf.e639272a96f0f368b0810b3587ba1910_5c69713496.txt,labels/train/d6/d6_Heavy_Equipment_1797_jpg.rf.e639272a96f0f368b0810b3587ba1910_5c69713496.txt,906efea614a5a21e3bb11c0129fff111eb60d51e187f1124646849f337c6b1e3,f856e7ae6b8c9bb46444e56cf3744124f0f3a410f018ac8b426499a11f41a8d3
3,d6,d6_r3_asset_0042,val,train,images/val/d6/d6_Heavy_Equipment_2241_jpg.rf.c15baa750516844e8369ae9db3fba0c2_e9ac4d32ea.jpg,images/train/d6/d6_Heavy_Equipment_2241_jpg.rf.c15baa750516844e8369ae9db3fba0c2_e9ac4d32ea.jpg,labels/val/d6/d6_Heavy_Equipment_2241_jpg.rf.c15baa750516844e8369ae9db3fba0c2_e9ac4d32ea.txt,labels/train/d6/d6_Heavy_Equipment_2241_jpg.rf.c15baa750516844e8369ae9db3fba0c2_e9ac4d32ea.txt,124a5f94cab434e067ff049a64ff89ad64bac9ec7049603a12c29d07f59b846c,8b822d9231f6d514734b934b04679a97ffbd582122ac7d31238e1f1e498237cb
3,d6,d6_r3_asset_0043,train,val,images/train/d6/d6_Heavy_Equipment_1884_jpg.rf.cd9567adb8afed8cd315a605498265f8_a678ccf139.jpg,images/val/d6/d6_Heavy_Equipment_1884_jpg.rf.cd9567adb8afed8cd315a605498265f8_a678ccf139.jpg,labels/train/d6/d6_Heavy_Equipment_1884_jpg.rf.cd9567adb8afed8cd315a605498265f8_a678ccf139.txt,labels/val/d6/d6_Heavy_Equipment_1884_jpg.rf.cd9567adb8afed8cd315a605498265f8_a678ccf139.txt,d45dfae9328a223cdb6c39d864d1b62a23079310f5f95049de55b6d3e07fad7d,d9cb961ecf02ee617c3e8f39a9aa3e1ad85f87709df60c58fb105e0a70f2264b
3,d6,d6_r3_asset_0044,train,val,images/train/d6/d6_Heavy_Equipment_2067_jpg.rf.3668eb388291193062b5830e7bf27ca8_b755c613bd.jpg,images/val/d6/d6_Heavy_Equipment_2067_jpg.rf.3668eb388291193062b5830e7bf27ca8_b755c613bd.jpg,labels/train/d6/d6_Heavy_Equipment_2067_jpg.rf.3668eb388291193062b5830e7bf27ca8_b755c613bd.txt,labels/val/d6/d6_Heavy_Equipment_2067_jpg.rf.3668eb388291193062b5830e7bf27ca8_b755c613bd.txt,15f8bc9848d23306bd78b57ad6f136096f25f7f3699c009d1176b141af56b9cb,9d668aa81bde4cf00a627704e29b20ac31635aca6ef5b7b55831f4a1010643e4
3,d6,d6_r3_asset_0045,train,val,images/train/d6/d6_Heavy_Equipment_2346_jpg.rf.92aad301d411510611ffdf1856513bad_a36d920162.jpg,images/val/d6/d6_Heavy_Equipment_2346_jpg.rf.92aad301d411510611ffdf1856513bad_a36d920162.jpg,labels/train/d6/d6_Heavy_Equipment_2346_jpg.rf.92aad301d411510611ffdf1856513bad_a36d920162.txt,labels/val/d6/d6_Heavy_Equipment_2346_jpg.rf.92aad301d411510611ffdf1856513bad_a36d920162.txt,94e5b16b94ffa5c71af3332b2b3b8b7a2f98085d1d1dc68958acb3500e5d2870,79570c31eed1f4f1abc9cbfbf9eb77e2569e8d6031965f081a3a355fa92def84
3,d6,d6_r3_asset_0046,train,val,images/train/d6/d6_Heavy_Equipment_251_jpg.rf.ec43a3ac3ec9743a7467b0edb1c46281_6c79af6c64.jpg,images/val/d6/d6_Heavy_Equipment_251_jpg.rf.ec43a3ac3ec9743a7467b0edb1c46281_6c79af6c64.jpg,labels/train/d6/d6_Heavy_Equipment_251_jpg.rf.ec43a3ac3ec9743a7467b0edb1c46281_6c79af6c64.txt,labels/val/d6/d6_Heavy_Equipment_251_jpg.rf.ec43a3ac3ec9743a7467b0edb1c46281_6c79af6c64.txt,82cb1cb5ff93346f6f4bb6251dd835c6c2cd69f3fb9b3db2300746740aa9b503,438f2cd637eda3ce4e137356df88418c602689d11d3c0277cf516d7a1e2be9ac
3,d6,d6_r3_asset_0047,train,val,images/train/d6/d6_Heavy_Equipment_2566_jpg.rf.c2c8d9e4a6b581a9ce99b2c2f1e25550_7ec6fed0ad.jpg,images/val/d6/d6_Heavy_Equipment_2566_jpg.rf.c2c8d9e4a6b581a9ce99b2c2f1e25550_7ec6fed0ad.jpg,labels/train/d6/d6_Heavy_Equipment_2566_jpg.rf.c2c8d9e4a6b581a9ce99b2c2f1e25550_7ec6fed0ad.txt,labels/val/d6/d6_Heavy_Equipment_2566_jpg.rf.c2c8d9e4a6b581a9ce99b2c2f1e25550_7ec6fed0ad.txt,d73fa0cd8cce0b74a7b66fca31948f7fcff75dc6c94d8c5dbd4b701a41803301,024b77c4feb4fb26ce105253bc01f0f1084831ed251098a417d15a9dba63dcb6
3,d6,d6_r3_asset_0048,val,train,images/val/d6/d6_Heavy_Equipment_1592_jpg.rf.f947259c06091d05f7114443cbfa032e_9c361d0f24.jpg,images/train/d6/d6_Heavy_Equipment_1592_jpg.rf.f947259c06091d05f7114443cbfa032e_9c361d0f24.jpg,labels/val/d6/d6_Heavy_Equipment_1592_jpg.rf.f947259c06091d05f7114443cbfa032e_9c361d0f24.txt,labels/train/d6/d6_Heavy_Equipment_1592_jpg.rf.f947259c06091d05f7114443cbfa032e_9c361d0f24.txt,9f20bfd84ceaef4c7673798e7afcf0b1c6c286dca574dbe95ca2a90aa02715d6,3335116cf00938b5844aefde619c00b4528b6b6ad469ea2e5cb3fde920dec0e3
3,d6,d6_r3_asset_0049,train,val,images/train/d6/d6_Heavy_Equipment_2998_jpg.rf.15e0ae8c53c81a3c85f72daf99129816_2097261457.jpg,images/val/d6/d6_Heavy_Equipment_2998_jpg.rf.15e0ae8c53c81a3c85f72daf99129816_2097261457.jpg,labels/train/d6/d6_Heavy_Equipment_2998_jpg.rf.15e0ae8c53c81a3c85f72daf99129816_2097261457.txt,labels/val/d6/d6_Heavy_Equipment_2998_jpg.rf.15e0ae8c53c81a3c85f72daf99129816_2097261457.txt,bcce6acff4c961033302c8a80784c7f0f7b56bac62596758f9ff4c44d8948b2b,6b15f56a236356c012233fc9ca73e1a0248de43eb35fa2b54728749eee80296e
3,d6,d6_r3_asset_0050,val,train,images/val/d6/d6_Heavy_Equipment_4571_jpg.rf.fb6da0c9ed1c11dd8b4c7b5d6497d55c_bf16dc0c63.jpg,images/train/d6/d6_Heavy_Equipment_4571_jpg.rf.fb6da0c9ed1c11dd8b4c7b5d6497d55c_bf16dc0c63.jpg,labels/val/d6/d6_Heavy_Equipment_4571_jpg.rf.fb6da0c9ed1c11dd8b4c7b5d6497d55c_bf16dc0c63.txt,labels/train/d6/d6_Heavy_Equipment_4571_jpg.rf.fb6da0c9ed1c11dd8b4c7b5d6497d55c_bf16dc0c63.txt,ad89385ded5cd40957a69b847f51ea060b0d1dbfb936a2518e3b26e731509dfb,620b430656e520e8658a0de486c20fbba41e9bb76ed1157e3bb53140c64b957b
3,d6,d6_r3_asset_0051,val,train,images/val/d6/d6_Heavy_Equipment_4752_jpg.rf.7344b83b44501ed57b06e94d923d959b_fe8b878731.jpg,images/train/d6/d6_Heavy_Equipment_4752_jpg.rf.7344b83b44501ed57b06e94d923d959b_fe8b878731.jpg,labels/val/d6/d6_Heavy_Equipment_4752_jpg.rf.7344b83b44501ed57b06e94d923d959b_fe8b878731.txt,labels/train/d6/d6_Heavy_Equipment_4752_jpg.rf.7344b83b44501ed57b06e94d923d959b_fe8b878731.txt,91ef2263730a23dfef1c6f1a4b7437961984f0b5084f050cbcfe5babec0cc887,b3c013eeb7c21c98edec2a447a2c9a0e8ac03c4ff2b9b775c33be3928db2086e
3,d6,d6_r3_asset_0052,val,train,images/val/d6/d6_Heavy_Equipment_4353_jpg.rf.2cb061b7991c8ed0c8aee66e5eeae294_bc63204584.jpg,images/train/d6/d6_Heavy_Equipment_4353_jpg.rf.2cb061b7991c8ed0c8aee66e5eeae294_bc63204584.jpg,labels/val/d6/d6_Heavy_Equipment_4353_jpg.rf.2cb061b7991c8ed0c8aee66e5eeae294_bc63204584.txt,labels/train/d6/d6_Heavy_Equipment_4353_jpg.rf.2cb061b7991c8ed0c8aee66e5eeae294_bc63204584.txt,fb062120bd64396dbb71b141b7e97f612a1f2b242d01bfd7c4510475bb7364af,7f043e0b6f9ccd2b0a4e9c7c53b53fd3756ef437c67130a6b3cab5f54134068f
3,d6,d6_r3_asset_0053,val,train,images/val/d6/d6_Heavy_Equipment_4389_jpg.rf.ccbb16780887cc73d6432a01ad49fa87_670b45f206.jpg,images/train/d6/d6_Heavy_Equipment_4389_jpg.rf.ccbb16780887cc73d6432a01ad49fa87_670b45f206.jpg,labels/val/d6/d6_Heavy_Equipment_4389_jpg.rf.ccbb16780887cc73d6432a01ad49fa87_670b45f206.txt,labels/train/d6/d6_Heavy_Equipment_4389_jpg.rf.ccbb16780887cc73d6432a01ad49fa87_670b45f206.txt,a29a1cb7288552978b7d4e9b66022cf50fb158972597a8434ac3f023fdfa02da,087389951f68b40ceecac2dc91ba6715c1c369d9fed4dff9b8d49844bf238efa
3,d6,d6_r3_asset_0054,val,train,images/val/d6/d6_Heavy_Equipment_4770_jpg.rf.099eba3fdfd0a5cfa149ff16c695ed1a_456f5ace71.jpg,images/train/d6/d6_Heavy_Equipment_4770_jpg.rf.099eba3fdfd0a5cfa149ff16c695ed1a_456f5ace71.jpg,labels/val/d6/d6_Heavy_Equipment_4770_jpg.rf.099eba3fdfd0a5cfa149ff16c695ed1a_456f5ace71.txt,labels/train/d6/d6_Heavy_Equipment_4770_jpg.rf.099eba3fdfd0a5cfa149ff16c695ed1a_456f5ace71.txt,7525dac44c3d9d1d5099b40a64661dd946799638c5bcf758cb9437825376d871,5d3b44382160c64dfe19a3d64cca9a6bdb22838836566ecef79733e18fd8665d
3,d6,d6_r3_asset_0055,train,val,images/train/d6/d6_Heavy_Equipment_3551_jpg.rf.df84611b64de2de7e85e6e8b16eb04ff_315f28ab97.jpg,images/val/d6/d6_Heavy_Equipment_3551_jpg.rf.df84611b64de2de7e85e6e8b16eb04ff_315f28ab97.jpg,labels/train/d6/d6_Heavy_Equipment_3551_jpg.rf.df84611b64de2de7e85e6e8b16eb04ff_315f28ab97.txt,labels/val/d6/d6_Heavy_Equipment_3551_jpg.rf.df84611b64de2de7e85e6e8b16eb04ff_315f28ab97.txt,ddccc048bb12a2af59bbe65258a1e55e99d2e0c122d3be284787d9ed509e385c,fd6f0b3368b1df3a01c09ebfed702360e3e3812f69fd8e40e1cac12fb17ad460
3,d6,d6_r3_asset_0056,train,val,images/train/d6/d6_Heavy_Equipment_3658_jpg.rf.2bf1a1c255d8e9e142404681d1cd5968_6a159c1a49.jpg,images/val/d6/d6_Heavy_Equipment_3658_jpg.rf.2bf1a1c255d8e9e142404681d1cd5968_6a159c1a49.jpg,labels/train/d6/d6_Heavy_Equipment_3658_jpg.rf.2bf1a1c255d8e9e142404681d1cd5968_6a159c1a49.txt,labels/val/d6/d6_Heavy_Equipment_3658_jpg.rf.2bf1a1c255d8e9e142404681d1cd5968_6a159c1a49.txt,6bfd4e7818ab7125eb8e93b2295c01e62dc87898a236dee27d1413edf1ab773c,cd819a003c43e7eb70182fda74961cf7ff2fd3f47eec9a8b9e75e5da9dad00ef
3,d6,d6_r3_asset_0057,val,train,images/val/d6/d6_Heavy_Equipment_4906_jpg.rf.133e43168f547a8743d462f52c148731_af7124db84.jpg,images/train/d6/d6_Heavy_Equipment_4906_jpg.rf.133e43168f547a8743d462f52c148731_af7124db84.jpg,labels/val/d6/d6_Heavy_Equipment_4906_jpg.rf.133e43168f547a8743d462f52c148731_af7124db84.txt,labels/train/d6/d6_Heavy_Equipment_4906_jpg.rf.133e43168f547a8743d462f52c148731_af7124db84.txt,d5d560ae4eb32db365f5bf44acf8faa1e912bf7cf35c7466b6517ef26b4c633a,91918798b5261801b39f8d3d7d4073828e3e55f5ebe8ebbfa902650f4da22757
3,d6,d6_r3_asset_0058,val,train,images/val/d6/d6_Heavy_Equipment_4609_jpg.rf.d1ca8dffbc94b1a0dabe61be5b6d2cfc_49e7bff3c5.jpg,images/train/d6/d6_Heavy_Equipment_4609_jpg.rf.d1ca8dffbc94b1a0dabe61be5b6d2cfc_49e7bff3c5.jpg,labels/val/d6/d6_Heavy_Equipment_4609_jpg.rf.d1ca8dffbc94b1a0dabe61be5b6d2cfc_49e7bff3c5.txt,labels/train/d6/d6_Heavy_Equipment_4609_jpg.rf.d1ca8dffbc94b1a0dabe61be5b6d2cfc_49e7bff3c5.txt,d6ea5704db9ad9cc1ec19dd695b11e2b41bacb5f23710f66e5c83858edea300f,1a53e0d00809d7c3523ce5ad07a19f3f9fa41d72cef583a83c077decd5f4ccd1
3,d6,d6_r3_asset_0059,val,train,images/val/d6/d6_Heavy_Equipment_4455_jpg.rf.936fb547f9553776bd16564442bc7daa_06f99a46f9.jpg,images/train/d6/d6_Heavy_Equipment_4455_jpg.rf.936fb547f9553776bd16564442bc7daa_06f99a46f9.jpg,labels/val/d6/d6_Heavy_Equipment_4455_jpg.rf.936fb547f9553776bd16564442bc7daa_06f99a46f9.txt,labels/train/d6/d6_Heavy_Equipment_4455_jpg.rf.936fb547f9553776bd16564442bc7daa_06f99a46f9.txt,4ca82dc6ff4f74845e426bd8d797c654b1aec09467361bea6c858a9b2db3645f,f7123142d34891f224d48262c41707901bd55bb39781fb4e191b47017f1be274
3,d6,d6_r3_asset_0060,train,val,images/train/d6/d6_Heavy_Equipment_4193_jpg.rf.2a859fbcf7f7412ed8ab544145c4aa85_4a8b1701ee.jpg,images/val/d6/d6_Heavy_Equipment_4193_jpg.rf.2a859fbcf7f7412ed8ab544145c4aa85_4a8b1701ee.jpg,labels/train/d6/d6_Heavy_Equipment_4193_jpg.rf.2a859fbcf7f7412ed8ab544145c4aa85_4a8b1701ee.txt,labels/val/d6/d6_Heavy_Equipment_4193_jpg.rf.2a859fbcf7f7412ed8ab544145c4aa85_4a8b1701ee.txt,82aa65638fa7098e729e17af61c668ebceb36c878c37bf4817baa98665972cd0,c4fe0a58419e37f264a21d26a435fe8f4cd7debf2726b5af1a8ff6a62d1f910a
3,d6,d6_r3_asset_0061,train,val,images/train/d6/d6_Heavy_Equipment_4262_jpg.rf.691afdfaade0d5a34675df29d7ae93f4_0768cce21c.jpg,images/val/d6/d6_Heavy_Equipment_4262_jpg.rf.691afdfaade0d5a34675df29d7ae93f4_0768cce21c.jpg,labels/train/d6/d6_Heavy_Equipment_4262_jpg.rf.691afdfaade0d5a34675df29d7ae93f4_0768cce21c.txt,labels/val/d6/d6_Heavy_Equipment_4262_jpg.rf.691afdfaade0d5a34675df29d7ae93f4_0768cce21c.txt,ede55f4916694c06694c0c3820def8373cacbecceaf9d0c510028fc445b18071,91b404f62fa201e4269e9a628113e86daa1dfb60b1f7fba211d5e43aa7b5c83b
3,d6,d6_r3_asset_0062,val,train,images/val/d6/d6_Heavy_Equipment_3015_jpg.rf.52650d0319da7de6add3ddbe9b43515c_1a20de109a.jpg,images/train/d6/d6_Heavy_Equipment_3015_jpg.rf.52650d0319da7de6add3ddbe9b43515c_1a20de109a.jpg,labels/val/d6/d6_Heavy_Equipment_3015_jpg.rf.52650d0319da7de6add3ddbe9b43515c_1a20de109a.txt,labels/train/d6/d6_Heavy_Equipment_3015_jpg.rf.52650d0319da7de6add3ddbe9b43515c_1a20de109a.txt,d917c64ee7a7057427f0e64235364f99be5b678f6357a2c9897d0ebc0dfc30da,eafb1d5de0de710bdd53ded787e7894f6cbedbe3bd953ce289df09f1b5e36fda
3,d6,d6_r3_asset_0063,val,train,images/val/d6/d6_Heavy_Equipment_3240_jpg.rf.f8713933c5a323530751e5ea2e7eda24_ac90bea723.jpg,images/train/d6/d6_Heavy_Equipment_3240_jpg.rf.f8713933c5a323530751e5ea2e7eda24_ac90bea723.jpg,labels/val/d6/d6_Heavy_Equipment_3240_jpg.rf.f8713933c5a323530751e5ea2e7eda24_ac90bea723.txt,labels/train/d6/d6_Heavy_Equipment_3240_jpg.rf.f8713933c5a323530751e5ea2e7eda24_ac90bea723.txt,5cee4fa83b0fc57fc21fe8a20f5b283acafe8506237d2087e324d312381758e2,7241b2c8fe6d7cde577f2a5ada4dcb6f26c529c2941def6d24916a4e771f4f69
3,d6,d6_r3_asset_0064,train,val,images/train/d6/d6_Heavy_Equipment_4404_jpg.rf.3be3b44ed6bb4de7582cfd11f0786ef7_15b528216b.jpg,images/val/d6/d6_Heavy_Equipment_4404_jpg.rf.3be3b44ed6bb4de7582cfd11f0786ef7_15b528216b.jpg,labels/train/d6/d6_Heavy_Equipment_4404_jpg.rf.3be3b44ed6bb4de7582cfd11f0786ef7_15b528216b.txt,labels/val/d6/d6_Heavy_Equipment_4404_jpg.rf.3be3b44ed6bb4de7582cfd11f0786ef7_15b528216b.txt,13dabe0bda117c12555e28133e7a900e1205b1ff8fec9a2cd566dd83351a0c60,8f5723917da0ecaa8561e5f29e0bec0557f002924ffced67917659860b5eb902
3,d6,d6_r3_asset_0065,train,val,images/train/d6/d6_Heavy_Equipment_4473_jpg.rf.4f0f0dd5519a4c6c297bb95c944efffa_a77d5581ef.jpg,images/val/d6/d6_Heavy_Equipment_4473_jpg.rf.4f0f0dd5519a4c6c297bb95c944efffa_a77d5581ef.jpg,labels/train/d6/d6_Heavy_Equipment_4473_jpg.rf.4f0f0dd5519a4c6c297bb95c944efffa_a77d5581ef.txt,labels/val/d6/d6_Heavy_Equipment_4473_jpg.rf.4f0f0dd5519a4c6c297bb95c944efffa_a77d5581ef.txt,9afed08cdada6f6e4d9ad5c8f04d4244ae0089ab13166c3ca02d3fdddccb4f08,2226a456aedab1ee229c472d69a1f2fa08fbf0454312c619a0ae5ac18a995df1
3,d6,d6_r3_asset_0066,train,val,images/train/d6/d6_Heavy_Equipment_4503_jpg.rf.9c79f27f5d0433ef579175145c4c3fc9_39da3847a9.jpg,images/val/d6/d6_Heavy_Equipment_4503_jpg.rf.9c79f27f5d0433ef579175145c4c3fc9_39da3847a9.jpg,labels/train/d6/d6_Heavy_Equipment_4503_jpg.rf.9c79f27f5d0433ef579175145c4c3fc9_39da3847a9.txt,labels/val/d6/d6_Heavy_Equipment_4503_jpg.rf.9c79f27f5d0433ef579175145c4c3fc9_39da3847a9.txt,43757a0e374520dee24112a05c56705a435aa411be62f62e06bfba603c3d91a9,925bf281586c5c0276853755986ea37af8114e70a199aaca804166e0a3b9cde4
3,d6,d6_r3_asset_0067,val,train,images/val/d6/d6_Heavy_Equipment_3194_jpg.rf.4608a7a4922e064f0531b9503305ac17_ce50845c3e.jpg,images/train/d6/d6_Heavy_Equipment_3194_jpg.rf.4608a7a4922e064f0531b9503305ac17_ce50845c3e.jpg,labels/val/d6/d6_Heavy_Equipment_3194_jpg.rf.4608a7a4922e064f0531b9503305ac17_ce50845c3e.txt,labels/train/d6/d6_Heavy_Equipment_3194_jpg.rf.4608a7a4922e064f0531b9503305ac17_ce50845c3e.txt,20c0ba7d40952dc1af0e65e3eee55cef193d64c6f7179a90a38948c1747e1ab9,8982c0c19a937cff80592e0703c3f5edce632fb5f681d78ef9575ba36cf7f87a
3,d6,d6_r3_asset_0068,val,train,images/val/d6/d6_Heavy_Equipment_2977_jpg.rf.99b5c9ae0d5ff7dfe08a098114b5c3fa_43b8f9956c.jpg,images/train/d6/d6_Heavy_Equipment_2977_jpg.rf.99b5c9ae0d5ff7dfe08a098114b5c3fa_43b8f9956c.jpg,labels/val/d6/d6_Heavy_Equipment_2977_jpg.rf.99b5c9ae0d5ff7dfe08a098114b5c3fa_43b8f9956c.txt,labels/train/d6/d6_Heavy_Equipment_2977_jpg.rf.99b5c9ae0d5ff7dfe08a098114b5c3fa_43b8f9956c.txt,99c21068a8c5eadf462858a073f6fdbe5d5b715618847072d938fc59ab3ca506,48a16fe5dc62e7c1c2681c07fd0c8498f148334691d2b2eae0807d69ccaf4415
3,d6,d6_r3_asset_0069,train,val,images/train/d6/d6_Heavy_Equipment_4647_jpg.rf.fbe8c3069963a9013521cebdacb1f0db_0719efa126.jpg,images/val/d6/d6_Heavy_Equipment_4647_jpg.rf.fbe8c3069963a9013521cebdacb1f0db_0719efa126.jpg,labels/train/d6/d6_Heavy_Equipment_4647_jpg.rf.fbe8c3069963a9013521cebdacb1f0db_0719efa126.txt,labels/val/d6/d6_Heavy_Equipment_4647_jpg.rf.fbe8c3069963a9013521cebdacb1f0db_0719efa126.txt,abdebb6bba0857ae5022be24d4b72d940959f4b422d722bffa5e9a9324486f3d,2c6eb5bb5c3733e987cd07e5ac48cbf3844816784d6464e10a43700d45b0a978
3,d6,d6_r3_asset_0070,train,val,images/train/d6/d6_Heavy_Equipment_4747_jpg.rf.c813e78f42b114561b4bda704f220370_6cb5e0d97a.jpg,images/val/d6/d6_Heavy_Equipment_4747_jpg.rf.c813e78f42b114561b4bda704f220370_6cb5e0d97a.jpg,labels/train/d6/d6_Heavy_Equipment_4747_jpg.rf.c813e78f42b114561b4bda704f220370_6cb5e0d97a.txt,labels/val/d6/d6_Heavy_Equipment_4747_jpg.rf.c813e78f42b114561b4bda704f220370_6cb5e0d97a.txt,007ffd9dd0f5b1d834f57deb1c737facc59b4792109cadbe1dfc26bacc51db96,8f249cc0a40fb7d9a24be8623c9e6c27009064bc3d862d5ea7d9ccc580e48de4
3,d6,d6_r3_asset_0071,train,val,images/train/d6/d6_Heavy_Equipment_4762_jpg.rf.a3eaf65b249ef7334fb0f9ef4e468389_4188fc788b.jpg,images/val/d6/d6_Heavy_Equipment_4762_jpg.rf.a3eaf65b249ef7334fb0f9ef4e468389_4188fc788b.jpg,labels/train/d6/d6_Heavy_Equipment_4762_jpg.rf.a3eaf65b249ef7334fb0f9ef4e468389_4188fc788b.txt,labels/val/d6/d6_Heavy_Equipment_4762_jpg.rf.a3eaf65b249ef7334fb0f9ef4e468389_4188fc788b.txt,ed24b953a3127be24756b3f74c0bca3f42f09ab5be0c9686720f43c4d2023715,e46fc9af4004cff59b12566c734c54fa8c4aa8dc174a7888e3679103eb67a04d
3,d6,d6_r3_asset_0072,train,val,images/train/d6/d6_Heavy_Equipment_4819_jpg.rf.7fa9bf3eff686bf5a10b2bcec9bd677e_e227efe6bc.jpg,images/val/d6/d6_Heavy_Equipment_4819_jpg.rf.7fa9bf3eff686bf5a10b2bcec9bd677e_e227efe6bc.jpg,labels/train/d6/d6_Heavy_Equipment_4819_jpg.rf.7fa9bf3eff686bf5a10b2bcec9bd677e_e227efe6bc.txt,labels/val/d6/d6_Heavy_Equipment_4819_jpg.rf.7fa9bf3eff686bf5a10b2bcec9bd677e_e227efe6bc.txt,e9a7c3684331cb0f42ccb1569be880126416a5196faafa7ff06fa7c98a5e4b9f,f34f88860adc8e3fb75528af26f889f9dd264063a926cc40c5ce9989680bd202
3,d6,d6_r3_asset_0073,val,train,images/val/d6/d6_Heavy_Equipment_683_jpg.rf.a0f63c2e9d82d3c73ac491c3213b8a3e_ed685fac24.jpg,images/train/d6/d6_Heavy_Equipment_683_jpg.rf.a0f63c2e9d82d3c73ac491c3213b8a3e_ed685fac24.jpg,labels/val/d6/d6_Heavy_Equipment_683_jpg.rf.a0f63c2e9d82d3c73ac491c3213b8a3e_ed685fac24.txt,labels/train/d6/d6_Heavy_Equipment_683_jpg.rf.a0f63c2e9d82d3c73ac491c3213b8a3e_ed685fac24.txt,08cc34ca13622e491942f0fa71ec3b3fee291789bfbc737345fb27ba61d2a074,27e83ee787e30d35ecd60b8130746b8bada3ae18ff628aaed27b4e551e88579b
3,d6,d6_r3_asset_0074,val,train,images/val/d6/d6_Heavy_Equipment_77_jpg.rf.1ec43c45fb50c41883c38e77b050b6ad_814193f37e.jpg,images/train/d6/d6_Heavy_Equipment_77_jpg.rf.1ec43c45fb50c41883c38e77b050b6ad_814193f37e.jpg,labels/val/d6/d6_Heavy_Equipment_77_jpg.rf.1ec43c45fb50c41883c38e77b050b6ad_814193f37e.txt,labels/train/d6/d6_Heavy_Equipment_77_jpg.rf.1ec43c45fb50c41883c38e77b050b6ad_814193f37e.txt,8a2d11b6f79cf8917450cdea430f31a6c7b72a43737d8deaee6674822bf02718,4d88380693ab485dcadf6e9c6bb4c22bf9cd01b2815d857c8143707dad742791
3,d6,d6_r3_asset_0075,val,train,images/val/d6/d6_Heavy_Equipment_6308_jpg.rf.c7df33d556db96d823d21535b5ca854e_695fd7cf9d.jpg,images/train/d6/d6_Heavy_Equipment_6308_jpg.rf.c7df33d556db96d823d21535b5ca854e_695fd7cf9d.jpg,labels/val/d6/d6_Heavy_Equipment_6308_jpg.rf.c7df33d556db96d823d21535b5ca854e_695fd7cf9d.txt,labels/train/d6/d6_Heavy_Equipment_6308_jpg.rf.c7df33d556db96d823d21535b5ca854e_695fd7cf9d.txt,3c31db0a778dbe849383c22d0a937d18c2cb55307943bc8966dd433ab71a0157,7dae94cbe02f24f9e8ae711d59cfb2fd67d671d851415e762c5979035a700b94
3,d6,d6_r3_asset_0076,val,train,images/val/d6/d6_Heavy_Equipment_4249_jpg.rf.75475dcf20ce5b51e449245aa025e7b6_0ed40928af.jpg,images/train/d6/d6_Heavy_Equipment_4249_jpg.rf.75475dcf20ce5b51e449245aa025e7b6_0ed40928af.jpg,labels/val/d6/d6_Heavy_Equipment_4249_jpg.rf.75475dcf20ce5b51e449245aa025e7b6_0ed40928af.txt,labels/train/d6/d6_Heavy_Equipment_4249_jpg.rf.75475dcf20ce5b51e449245aa025e7b6_0ed40928af.txt,0f254dd17d03b31dd46589517001568781c067d1dd568bb2e8b2688c88b4d324,271b9853586744ecff09ad7d7b926b710825cffee595392c449fb39b1671973e
3,d6,d6_r3_asset_0077,train,val,images/train/d6/d6_Heavy_Equipment_5118_jpg.rf.d28650bb65a7b6b15226f2e7a0108f08_aa92878587.jpg,images/val/d6/d6_Heavy_Equipment_5118_jpg.rf.d28650bb65a7b6b15226f2e7a0108f08_aa92878587.jpg,labels/train/d6/d6_Heavy_Equipment_5118_jpg.rf.d28650bb65a7b6b15226f2e7a0108f08_aa92878587.txt,labels/val/d6/d6_Heavy_Equipment_5118_jpg.rf.d28650bb65a7b6b15226f2e7a0108f08_aa92878587.txt,29ff76850cc44af3556c75f5dc2a6acd74b2d24c00c9dc7246db1d1638e02293,e8d73809a037b64127ba6a2b537e60657552a32f698bb7ac964de82c8dea20b0
3,d6,d6_r3_asset_0078,val,train,images/val/d6/d6_Heavy_Equipment_3442_jpg.rf.78f933670a493e7555ed05531f153f03_eb6a8f1d04.jpg,images/train/d6/d6_Heavy_Equipment_3442_jpg.rf.78f933670a493e7555ed05531f153f03_eb6a8f1d04.jpg,labels/val/d6/d6_Heavy_Equipment_3442_jpg.rf.78f933670a493e7555ed05531f153f03_eb6a8f1d04.txt,labels/train/d6/d6_Heavy_Equipment_3442_jpg.rf.78f933670a493e7555ed05531f153f03_eb6a8f1d04.txt,97297338f588f8e5bf9adc54e5a559e3c5df2e81b753f3074f53c096596b5399,34b60eef99e2282d21faee3b55349ce4282101e1fd033809c4c2b562f8b80514
3,d6,d6_r3_asset_0079,train,val,images/train/d6/d6_Heavy_Equipment_5135_jpg.rf.8392cce9a2a095ab8d4306cb9283bf6f_a30b143ff6.jpg,images/val/d6/d6_Heavy_Equipment_5135_jpg.rf.8392cce9a2a095ab8d4306cb9283bf6f_a30b143ff6.jpg,labels/train/d6/d6_Heavy_Equipment_5135_jpg.rf.8392cce9a2a095ab8d4306cb9283bf6f_a30b143ff6.txt,labels/val/d6/d6_Heavy_Equipment_5135_jpg.rf.8392cce9a2a095ab8d4306cb9283bf6f_a30b143ff6.txt,b56bdf18669c88fce660ce34fd41afe4e173aaf5a8bf185810f241e2ee8e0b45,b5d18a9fbf4203a51cae43dc1d27d1d110207a2d2bcf5da60f9407b6cd60c778
3,d6,d6_r3_asset_0080,val,train,images/val/d6/d6_Heavy_Equipment_3104_jpg.rf.38df8115fb1992b4a42e11098554dddc_f6140b25a6.jpg,images/train/d6/d6_Heavy_Equipment_3104_jpg.rf.38df8115fb1992b4a42e11098554dddc_f6140b25a6.jpg,labels/val/d6/d6_Heavy_Equipment_3104_jpg.rf.38df8115fb1992b4a42e11098554dddc_f6140b25a6.txt,labels/train/d6/d6_Heavy_Equipment_3104_jpg.rf.38df8115fb1992b4a42e11098554dddc_f6140b25a6.txt,e62b486003eadf2fb89db398f758124bb2c3646c1b4192daac34346b3f654e3e,39a3a6c253a4be30c4dadbdb26051a936c40df2e060b161387cdf51eddbd8d83
3,d6,d6_r3_asset_0081,val,train,images/val/d6/d6_Heavy_Equipment_4796_jpg.rf.7ed73f194a05066aa6b5015817244668_62c183eebf.jpg,images/train/d6/d6_Heavy_Equipment_4796_jpg.rf.7ed73f194a05066aa6b5015817244668_62c183eebf.jpg,labels/val/d6/d6_Heavy_Equipment_4796_jpg.rf.7ed73f194a05066aa6b5015817244668_62c183eebf.txt,labels/train/d6/d6_Heavy_Equipment_4796_jpg.rf.7ed73f194a05066aa6b5015817244668_62c183eebf.txt,9d46fcf1aea78275b7e9b6157cd10b8581fb9b551f50f0cc71edd688d3e5d572,be6733ea8809aeef7683b471f16ac8ce656a4d159936f6159953136dc66a4193
3,d6,d6_r3_asset_0082,train,val,images/train/d6/d6_Heavy_Equipment_5218_jpg.rf.0dd112ad445b8311af9bd39dc8472aa2_d715ab0fab.jpg,images/val/d6/d6_Heavy_Equipment_5218_jpg.rf.0dd112ad445b8311af9bd39dc8472aa2_d715ab0fab.jpg,labels/train/d6/d6_Heavy_Equipment_5218_jpg.rf.0dd112ad445b8311af9bd39dc8472aa2_d715ab0fab.txt,labels/val/d6/d6_Heavy_Equipment_5218_jpg.rf.0dd112ad445b8311af9bd39dc8472aa2_d715ab0fab.txt,7134a641bea69405fa6da60f725d51ec5379871cd9350b848496c0b79c872c83,2fdb321428e0fa2f6477882938d1899df26323989f0ca2f6797a2e09d1ece63c
3,d6,d6_r3_asset_0083,train,val,images/train/d6/d6_Heavy_Equipment_6285_jpg.rf.10562daf4302ad951f485bd69427b38b_4d4f19369c.jpg,images/val/d6/d6_Heavy_Equipment_6285_jpg.rf.10562daf4302ad951f485bd69427b38b_4d4f19369c.jpg,labels/train/d6/d6_Heavy_Equipment_6285_jpg.rf.10562daf4302ad951f485bd69427b38b_4d4f19369c.txt,labels/val/d6/d6_Heavy_Equipment_6285_jpg.rf.10562daf4302ad951f485bd69427b38b_4d4f19369c.txt,106a10eb3defd43804c8d5d59a11a17d152c940a9a9b090803d4b8280bdbce82,98945f5776ab0c8a92c24d74f8c23f706ecb9a435b73cd5789dce4eee57eedf1
3,d6,d6_r3_asset_0084,val,train,images/val/d6/d6_M_B_images20_jpg.rf.498203ce30742a5d554768437a74fbc6_6c80979766.jpg,images/train/d6/d6_M_B_images20_jpg.rf.498203ce30742a5d554768437a74fbc6_6c80979766.jpg,labels/val/d6/d6_M_B_images20_jpg.rf.498203ce30742a5d554768437a74fbc6_6c80979766.txt,labels/train/d6/d6_M_B_images20_jpg.rf.498203ce30742a5d554768437a74fbc6_6c80979766.txt,0d0a6290901d904388a2714af173311ccd85eb4cb352068d3ee1f2f8d1c84260,0f4bb93288624de0a53a0d63f7a350bb28fdf92a2e8d66010bffe0a8cdd545bf
3,d6,d6_r3_asset_0085,val,train,images/val/d6/d6_M_H_image20_jpeg.rf.565b232edc28347f4fb8b231b0c5e51c_7c5b0d2e59.jpg,images/train/d6/d6_M_H_image20_jpeg.rf.565b232edc28347f4fb8b231b0c5e51c_7c5b0d2e59.jpg,labels/val/d6/d6_M_H_image20_jpeg.rf.565b232edc28347f4fb8b231b0c5e51c_7c5b0d2e59.txt,labels/train/d6/d6_M_H_image20_jpeg.rf.565b232edc28347f4fb8b231b0c5e51c_7c5b0d2e59.txt,12f04c1007d163ccd7de90d73d9e1e9dbddca24486375dad91eb6d2b29576553,464451014abe105dd90ca12b59ddb4a4ba82074b6335579a3bc84e5997524284
3,d6,d6_r3_asset_0086,val,train,images/val/d6/d6_M_M_6472_5806000277671_jpg.rf.a2140e21fb873aba7593976c3afa78f9_c764b68cb7.jpg,images/train/d6/d6_M_M_6472_5806000277671_jpg.rf.a2140e21fb873aba7593976c3afa78f9_c764b68cb7.jpg,labels/val/d6/d6_M_M_6472_5806000277671_jpg.rf.a2140e21fb873aba7593976c3afa78f9_c764b68cb7.txt,labels/train/d6/d6_M_M_6472_5806000277671_jpg.rf.a2140e21fb873aba7593976c3afa78f9_c764b68cb7.txt,ded032b58cbee42fef188e5c7c43028c99e402b0671e84987a3a4ad4d9616dd4,a486068f1ae1400da67d66a9e7ea7e9248a563bc381e34addc8f6dbf6d2d2516
3,d6,d6_r3_asset_0087,train,val,images/train/d6/d6_M_S_images8_jpg.rf.e0e8e5998bf6f5e8633bf994f4289156_d9f40bfa58.jpg,images/val/d6/d6_M_S_images8_jpg.rf.e0e8e5998bf6f5e8633bf994f4289156_d9f40bfa58.jpg,labels/train/d6/d6_M_S_images8_jpg.rf.e0e8e5998bf6f5e8633bf994f4289156_d9f40bfa58.txt,labels/val/d6/d6_M_S_images8_jpg.rf.e0e8e5998bf6f5e8633bf994f4289156_d9f40bfa58.txt,c662737be4fed4e45d3b6b4ac7eacf65201dab471eb3e917df2f23525f608e27,8c8153bd07089ac1908371864ea23ed0d8be7a98fad0b771024bf5487aa2fcba
3,d7,d7_r3_sequence_0001,train,test,images/train/d7/d7_0006478_jpg.rf.b2d1e6b7caf23b65876e719c752b6c07_6e16a6f758.jpg,images/test/d7/d7_0006478_jpg.rf.b2d1e6b7caf23b65876e719c752b6c07_6e16a6f758.jpg,labels/train/d7/d7_0006478_jpg.rf.b2d1e6b7caf23b65876e719c752b6c07_6e16a6f758.txt,labels/test/d7/d7_0006478_jpg.rf.b2d1e6b7caf23b65876e719c752b6c07_6e16a6f758.txt,28da15eeee48b5140377110f635e33cedd8eb4a1f3b6d39b478cab618f381e5e,46b97e955241d49662b2427aadf8e510bc2a94d3b3e02bc46dd3dd333fe474df
3,d7,d7_r3_sequence_0002,train,test,images/train/d7/d7_0000089_jpg.rf.ad808e4e5eb82a27f514165a2f995d00_8f01fe5341.jpg,images/test/d7/d7_0000089_jpg.rf.ad808e4e5eb82a27f514165a2f995d00_8f01fe5341.jpg,labels/train/d7/d7_0000089_jpg.rf.ad808e4e5eb82a27f514165a2f995d00_8f01fe5341.txt,labels/test/d7/d7_0000089_jpg.rf.ad808e4e5eb82a27f514165a2f995d00_8f01fe5341.txt,e9cdf6bf5a46844106e5e0b23f492b183588a987a1b88b8522b090aa30577c2d,3343a280907665438474a61386c870c39d560cc91e3de91313cf6a74177c03d0
3,d7,d7_r3_sequence_0003,train,test,images/train/d7/d7_0002557_jpg.rf.463bf11ae4a1cbe7920db9854548465b_a6edff62db.jpg,images/test/d7/d7_0002557_jpg.rf.463bf11ae4a1cbe7920db9854548465b_a6edff62db.jpg,labels/train/d7/d7_0002557_jpg.rf.463bf11ae4a1cbe7920db9854548465b_a6edff62db.txt,labels/test/d7/d7_0002557_jpg.rf.463bf11ae4a1cbe7920db9854548465b_a6edff62db.txt,ea24ce78cb75f3b2c65c71b38d96cd98f4780f6e867e9b6187c8704dd44739c6,991e696a7bb0aa27177f57d0cf829fa06e5698b1e08c9b75fd1b779316d36968
3,d7,d7_r3_sequence_0004,test,train,images/test/d7/d7_0001707_jpg.rf.1519675c54982bbb3ae722cbf2d8e7a0_1acbde94d6.jpg,images/train/d7/d7_0001707_jpg.rf.1519675c54982bbb3ae722cbf2d8e7a0_1acbde94d6.jpg,labels/test/d7/d7_0001707_jpg.rf.1519675c54982bbb3ae722cbf2d8e7a0_1acbde94d6.txt,labels/train/d7/d7_0001707_jpg.rf.1519675c54982bbb3ae722cbf2d8e7a0_1acbde94d6.txt,125d794e1cab40ea4c4be6c605461e1ab4e0cff46de6689e54dc70ce97f7c26a,a845933bed7b9ddfd45ffad683a35d85d44a4290efa415645cb4cc6682b23d6b
3,d7,d7_r3_sequence_0004,test,train,images/test/d7/d7_0002356_jpg.rf.d6a83fc238883b67e415b7054a773679_2caa40ea48.jpg,images/train/d7/d7_0002356_jpg.rf.d6a83fc238883b67e415b7054a773679_2caa40ea48.jpg,labels/test/d7/d7_0002356_jpg.rf.d6a83fc238883b67e415b7054a773679_2caa40ea48.txt,labels/train/d7/d7_0002356_jpg.rf.d6a83fc238883b67e415b7054a773679_2caa40ea48.txt,3485f6bb315b88b4bc16205200b544ab0b899b38457bed85bacf38513f7f3e1b,379416a19fe1546ab8a8c91b5f99ca2be8e4fd2c9c0e0f6f7fef3d6b43cfd37d
3,d7,d7_r3_sequence_0004,val,train,images/val/d7/d7_0005477_jpg.rf.bdf72cc178e35aa7f3265406dd6a56db_732b642252.jpg,images/train/d7/d7_0005477_jpg.rf.bdf72cc178e35aa7f3265406dd6a56db_732b642252.jpg,labels/val/d7/d7_0005477_jpg.rf.bdf72cc178e35aa7f3265406dd6a56db_732b642252.txt,labels/train/d7/d7_0005477_jpg.rf.bdf72cc178e35aa7f3265406dd6a56db_732b642252.txt,ff7db886f61af447044bf7606de7d0bace8ca982585dbd9d7f506247bc15506c,668c87aae6c73755dc6071d47ff1811b8e252e0a1f440d82f2f03339e8a6531e
3,d7,d7_r3_sequence_0005,train,test,images/train/d7/d7_0003420_jpg.rf.d924429e9f4e136d1eeee1f6d74bb28a_d080a79c61.jpg,images/test/d7/d7_0003420_jpg.rf.d924429e9f4e136d1eeee1f6d74bb28a_d080a79c61.jpg,labels/train/d7/d7_0003420_jpg.rf.d924429e9f4e136d1eeee1f6d74bb28a_d080a79c61.txt,labels/test/d7/d7_0003420_jpg.rf.d924429e9f4e136d1eeee1f6d74bb28a_d080a79c61.txt,1530ad37c34d014cc2694321c290c13b68ae434fa5d62d8fbf62a4e533942f3e,34532d43fbcf5f52d77b85a6705eab63da4262148834e54d02d4c89ef5cb6bf7
3,d7,d7_r3_sequence_0006,test,train,images/test/d7/d7_0002428_jpg.rf.f5f4cfd21b1afe46ae9f7bd745c4a925_1c043c8f84.jpg,images/train/d7/d7_0002428_jpg.rf.f5f4cfd21b1afe46ae9f7bd745c4a925_1c043c8f84.jpg,labels/test/d7/d7_0002428_jpg.rf.f5f4cfd21b1afe46ae9f7bd745c4a925_1c043c8f84.txt,labels/train/d7/d7_0002428_jpg.rf.f5f4cfd21b1afe46ae9f7bd745c4a925_1c043c8f84.txt,93e94f987c5ec22e0a24fdbe864457beda92b0df1109df50fc7030a9f85b42fc,d56f3b6095dfa53eaebad4acc854a4be81e5bf713a0fdbc6998b0416d76d5652
3,d7,d7_r3_sequence_0006,val,train,images/val/d7/d7_0003547_jpg.rf.a6b67db44f141668e73c8f3491aed0f0_74527ab3f4.jpg,images/train/d7/d7_0003547_jpg.rf.a6b67db44f141668e73c8f3491aed0f0_74527ab3f4.jpg,labels/val/d7/d7_0003547_jpg.rf.a6b67db44f141668e73c8f3491aed0f0_74527ab3f4.txt,labels/train/d7/d7_0003547_jpg.rf.a6b67db44f141668e73c8f3491aed0f0_74527ab3f4.txt,e76ef65e64e981b96016aaf2b04d8cfac4cebfb97756f4e61b5a6b24a0e9678c,c70d805cb03bddce8274c04bb2444993f74d292498fcec62524c1243e4241e87
3,d7,d7_r3_sequence_0007,train,test,images/train/d7/d7_0001685_jpg.rf.2d0b0df823f836ee8c4da91e4dc2469f_6b23cdd67c.jpg,images/test/d7/d7_0001685_jpg.rf.2d0b0df823f836ee8c4da91e4dc2469f_6b23cdd67c.jpg,labels/train/d7/d7_0001685_jpg.rf.2d0b0df823f836ee8c4da91e4dc2469f_6b23cdd67c.txt,labels/test/d7/d7_0001685_jpg.rf.2d0b0df823f836ee8c4da91e4dc2469f_6b23cdd67c.txt,20d2824ccd5a2bfdb4a90b38182705faf8f5bab88b16a381e861c9fc5a591000,3dded46f6cef99436fb88f2e1a7ff4585e3a854766566a2172ddbd2d8cbb4320
3,d7,d7_r3_sequence_0008,test,train,images/test/d7/d7_0002955_jpg.rf.a7bd5ef52e1dbc6ab4c925dbe514e4e0_4536e9549a.jpg,images/train/d7/d7_0002955_jpg.rf.a7bd5ef52e1dbc6ab4c925dbe514e4e0_4536e9549a.jpg,labels/test/d7/d7_0002955_jpg.rf.a7bd5ef52e1dbc6ab4c925dbe514e4e0_4536e9549a.txt,labels/train/d7/d7_0002955_jpg.rf.a7bd5ef52e1dbc6ab4c925dbe514e4e0_4536e9549a.txt,458ecb7c05b4795a2083243cb2c2396e3d822a3d23e03afe0275e20aa2b47168,db29cff9b0e7a03ba61291348e4ce23baa3f09c449dd81da16fc1b01186db490
3,d7,d7_r3_sequence_0009,train,test,images/train/d7/d7_0001548_jpg.rf.9b1551f64a53ddac4b5a454b82bc31e5_8555bf6e42.jpg,images/test/d7/d7_0001548_jpg.rf.9b1551f64a53ddac4b5a454b82bc31e5_8555bf6e42.jpg,labels/train/d7/d7_0001548_jpg.rf.9b1551f64a53ddac4b5a454b82bc31e5_8555bf6e42.txt,labels/test/d7/d7_0001548_jpg.rf.9b1551f64a53ddac4b5a454b82bc31e5_8555bf6e42.txt,1c6e9518e767ce6c8fe98051637628c776f36e0c7a99d072e52e9495ec7f2365,1847002f53f8e205ad00ddded3f83ac35e36976e15553b241a81a89014f5c04b
3,d7,d7_r3_sequence_0009,val,test,images/val/d7/d7_0004842_jpg.rf.54df3d50007f5ccf19d451bb0d45a6a9_88e4c16612.jpg,images/test/d7/d7_0004842_jpg.rf.54df3d50007f5ccf19d451bb0d45a6a9_88e4c16612.jpg,labels/val/d7/d7_0004842_jpg.rf.54df3d50007f5ccf19d451bb0d45a6a9_88e4c16612.txt,labels/test/d7/d7_0004842_jpg.rf.54df3d50007f5ccf19d451bb0d45a6a9_88e4c16612.txt,98043c365453815012ca4faf5643797444c6dca5ca5d81bda9d8b372ea9b4255,b0211c47a9c88467c11818f37b7fd02ac2fbc43c9ae7f25d9eb91de22b45a66e
3,d7,d7_r3_sequence_0010,test,train,images/test/d7/d7_0003813_jpg.rf.e4c36897e302fb21cc87e13e95e0e603_fb8e1394bf.jpg,images/train/d7/d7_0003813_jpg.rf.e4c36897e302fb21cc87e13e95e0e603_fb8e1394bf.jpg,labels/test/d7/d7_0003813_jpg.rf.e4c36897e302fb21cc87e13e95e0e603_fb8e1394bf.txt,labels/train/d7/d7_0003813_jpg.rf.e4c36897e302fb21cc87e13e95e0e603_fb8e1394bf.txt,e1bf80d6bcf8a5630da30b38b46e3c2b424968e5043171eb9cb35a1fafa6acec,c079f3e46b743648ae7d33b4cac6d1f53abccccf9d3d2be6cb27df5b16cee4d0
3,d7,d7_r3_sequence_0011,test,train,images/test/d7/d7_0004391_jpg.rf.d8840aa6edd282ede2c5796ddddafe8b_6181399184.jpg,images/train/d7/d7_0004391_jpg.rf.d8840aa6edd282ede2c5796ddddafe8b_6181399184.jpg,labels/test/d7/d7_0004391_jpg.rf.d8840aa6edd282ede2c5796ddddafe8b_6181399184.txt,labels/train/d7/d7_0004391_jpg.rf.d8840aa6edd282ede2c5796ddddafe8b_6181399184.txt,ee0f3c2f108bbe0e978799b00c0fa1b2eafe26eab025b2ae4307e3a11cb34a3e,634add514fbc62abb0e0176e7397e0cbe0c0a24eb94dabf9807cb783ee0e6a68
3,d7,d7_r3_sequence_0012,train,test,images/train/d7/d7_0003657_jpg.rf.e9de2831197545d598406f16ba5651c8_8dca0f07ab.jpg,images/test/d7/d7_0003657_jpg.rf.e9de2831197545d598406f16ba5651c8_8dca0f07ab.jpg,labels/train/d7/d7_0003657_jpg.rf.e9de2831197545d598406f16ba5651c8_8dca0f07ab.txt,labels/test/d7/d7_0003657_jpg.rf.e9de2831197545d598406f16ba5651c8_8dca0f07ab.txt,b63d7b0a2999abaf2c56cf8fc0251c5781a703b628290febf351c437e980d680,4a7e131a14439dfd5680639ad92d35b4999114e2180359920f1a794bdf72cc01
3,d7,d7_r3_sequence_0013,test,train,images/test/d7/d7_0005482_jpg.rf.750adea49eaf62849004f0e28b81ca9a_9f987b212f.jpg,images/train/d7/d7_0005482_jpg.rf.750adea49eaf62849004f0e28b81ca9a_9f987b212f.jpg,labels/test/d7/d7_0005482_jpg.rf.750adea49eaf62849004f0e28b81ca9a_9f987b212f.txt,labels/train/d7/d7_0005482_jpg.rf.750adea49eaf62849004f0e28b81ca9a_9f987b212f.txt,df1242394d9d74d9b7b9b0972fa8a9dcf8641b0fb2d2672bb630235d223e1c1b,e7983bb095f836a46960f6c5dd0e5827dff608e0eba43cbe9c893d267ce406da
3,d7,d7_r3_sequence_0014,test,train,images/test/d7/d7_0006113_jpg.rf.13a46c843400906639690f7327eaa823_dc983cf9f7.jpg,images/train/d7/d7_0006113_jpg.rf.13a46c843400906639690f7327eaa823_dc983cf9f7.jpg,labels/test/d7/d7_0006113_jpg.rf.13a46c843400906639690f7327eaa823_dc983cf9f7.txt,labels/train/d7/d7_0006113_jpg.rf.13a46c843400906639690f7327eaa823_dc983cf9f7.txt,9c0a9e64627e5814a9b48651627a7c3b1e37690d23a88506e0e0e8411712ed4c,120abf5e67021c6a0b6152fd41e9f2818668c6fdcaee4650f6dba3c72bd8b6be
3,d7,d7_r3_sequence_0015,test,val,images/test/d7/d7_0006420_jpg.rf.265d09d9f06f079d257d5bb4ec7702cb_a891a77945.jpg,images/val/d7/d7_0006420_jpg.rf.265d09d9f06f079d257d5bb4ec7702cb_a891a77945.jpg,labels/test/d7/d7_0006420_jpg.rf.265d09d9f06f079d257d5bb4ec7702cb_a891a77945.txt,labels/val/d7/d7_0006420_jpg.rf.265d09d9f06f079d257d5bb4ec7702cb_a891a77945.txt,25664cde86569163266b4f9fed52451dc88c39d5c9cae8632dcf492607795781,39d10192d87eb1bd2bb538a4535af5b3ab0a8724ec615674247c7cabc52afc38
3,d7,d7_r3_sequence_0015,train,val,images/train/d7/d7_0002795_jpg.rf.b69f8a72c93a91850109f2ce26378854_7a141a86ae.jpg,images/val/d7/d7_0002795_jpg.rf.b69f8a72c93a91850109f2ce26378854_7a141a86ae.jpg,labels/train/d7/d7_0002795_jpg.rf.b69f8a72c93a91850109f2ce26378854_7a141a86ae.txt,labels/val/d7/d7_0002795_jpg.rf.b69f8a72c93a91850109f2ce26378854_7a141a86ae.txt,24e921a4c2e93bd00293c76ae8607c7faded1750065a2b55d22dcb2c0e572a7a,cb42da65ff7a5b84439a93f3eb4e6541fe58cd6c983d60090915a19df6632f65
3,d7,d7_r3_sequence_0016,train,val,images/train/d7/d7_0000719_jpg.rf.1dd11dffeae0678623aaa58d0308c84d_f315e8cac8.jpg,images/val/d7/d7_0000719_jpg.rf.1dd11dffeae0678623aaa58d0308c84d_f315e8cac8.jpg,labels/train/d7/d7_0000719_jpg.rf.1dd11dffeae0678623aaa58d0308c84d_f315e8cac8.txt,labels/val/d7/d7_0000719_jpg.rf.1dd11dffeae0678623aaa58d0308c84d_f315e8cac8.txt,3a92d691a779429062bef65299d5b036a330615ca8bc867ddce8a3b24917329c,d95e11d9f374c9f8c93d98e1c3158fe3f549dc9e82a7782d225d832d1b3c5f25
3,d7,d7_r3_sequence_0017,train,val,images/train/d7/d7_0000832_jpg.rf.018f95d32ad46bbbf7a441de41ffa5d2_6ae8edca86.jpg,images/val/d7/d7_0000832_jpg.rf.018f95d32ad46bbbf7a441de41ffa5d2_6ae8edca86.jpg,labels/train/d7/d7_0000832_jpg.rf.018f95d32ad46bbbf7a441de41ffa5d2_6ae8edca86.txt,labels/val/d7/d7_0000832_jpg.rf.018f95d32ad46bbbf7a441de41ffa5d2_6ae8edca86.txt,813f81c7f2acde3037a90ff1715044ed2894fc024335e31ca47f998e7f1ac252,e2d6e2acff3a996589f5a9e3c2542daee2ca874aee517268161a0b88837ea7a0
3,d7,d7_r3_sequence_0018,val,train,images/val/d7/d7_0005522_jpg.rf.cadf05b5a8f1b9e24a0d504f48aec050_f6387696ce.jpg,images/train/d7/d7_0005522_jpg.rf.cadf05b5a8f1b9e24a0d504f48aec050_f6387696ce.jpg,labels/val/d7/d7_0005522_jpg.rf.cadf05b5a8f1b9e24a0d504f48aec050_f6387696ce.txt,labels/train/d7/d7_0005522_jpg.rf.cadf05b5a8f1b9e24a0d504f48aec050_f6387696ce.txt,f8d9776d1cffa03b1f38d912450e6f18f2457d4f4b540d4262678cd330d949d1,86c22a0ac92684d5fb2007af5fe48cc0cd48314759e88d881950f65ab9ce3fb0
3,d7,d7_r3_sequence_0019,val,train,images/val/d7/d7_0000989_jpg.rf.79e16343ad92f12a94fde3205f249ff2_168d34f8f9.jpg,images/train/d7/d7_0000989_jpg.rf.79e16343ad92f12a94fde3205f249ff2_168d34f8f9.jpg,labels/val/d7/d7_0000989_jpg.rf.79e16343ad92f12a94fde3205f249ff2_168d34f8f9.txt,labels/train/d7/d7_0000989_jpg.rf.79e16343ad92f12a94fde3205f249ff2_168d34f8f9.txt,169faf93bd6f200e0a78ac2f1a8dd8d2b9207e416f8831244189cf817520a833,af348ef2247c157b09735f3721679c1f285266402ff8ae8db0ae95f8ca2a0212
3,d7,d7_r3_sequence_0020,val,train,images/val/d7/d7_0002184_jpg.rf.4c9aa5bd7b37dd6aee6dd37ccdbf3023_5116e9cd08.jpg,images/train/d7/d7_0002184_jpg.rf.4c9aa5bd7b37dd6aee6dd37ccdbf3023_5116e9cd08.jpg,labels/val/d7/d7_0002184_jpg.rf.4c9aa5bd7b37dd6aee6dd37ccdbf3023_5116e9cd08.txt,labels/train/d7/d7_0002184_jpg.rf.4c9aa5bd7b37dd6aee6dd37ccdbf3023_5116e9cd08.txt,a4b0d92f668e7e9aa3b45a2548f2090b747f422fac6a7114329ef19b28b66761,b8566ce3e4021016096cf5b095407a8f731edeb3f86dc3396e207ad66e3f679d
3,d7,d7_r3_sequence_0021,val,train,images/val/d7/d7_0006422_jpg.rf.f9110d8375959e9524a18f32c80a85ac_811a1a869a.jpg,images/train/d7/d7_0006422_jpg.rf.f9110d8375959e9524a18f32c80a85ac_811a1a869a.jpg,labels/val/d7/d7_0006422_jpg.rf.f9110d8375959e9524a18f32c80a85ac_811a1a869a.txt,labels/train/d7/d7_0006422_jpg.rf.f9110d8375959e9524a18f32c80a85ac_811a1a869a.txt,3c98e3b4849dc70f775c69da4bc08b4f7f3924f20ec0eea03be12468b90a1b12,3bd576fb59f7c9a457db1edf5800f71af4788a6a82a6306aec0590df692f9a77
3,d7,d7_r3_sequence_0022,train,val,images/train/d7/d7_0003592_jpg.rf.c695079013f690e3c60d06bab57e01a9_ce6ca4afd2.jpg,images/val/d7/d7_0003592_jpg.rf.c695079013f690e3c60d06bab57e01a9_ce6ca4afd2.jpg,labels/train/d7/d7_0003592_jpg.rf.c695079013f690e3c60d06bab57e01a9_ce6ca4afd2.txt,labels/val/d7/d7_0003592_jpg.rf.c695079013f690e3c60d06bab57e01a9_ce6ca4afd2.txt,041b060c7250cd025ffb88717b60f5bf58f8196c2feca49a41047611f23d2767,308c2ed0eecc081084fd239b0eafb7a10f2011532bac28c6956f04edcb2085a3
3,d7,d7_r3_sequence_0023,val,train,images/val/d7/d7_0002528_jpg.rf.82b41b995bea8a10d8def87921767d45_72ea92fb89.jpg,images/train/d7/d7_0002528_jpg.rf.82b41b995bea8a10d8def87921767d45_72ea92fb89.jpg,labels/val/d7/d7_0002528_jpg.rf.82b41b995bea8a10d8def87921767d45_72ea92fb89.txt,labels/train/d7/d7_0002528_jpg.rf.82b41b995bea8a10d8def87921767d45_72ea92fb89.txt,a09b5bd09be2042ebce730c889031f690924647ce6dea6137f9364c5d34309a5,6bd0f9de5924d88965163df20692450f7f568003336c53bc8168e0e602ca4ee3
3,d7,d7_r3_sequence_0024,train,val,images/train/d7/d7_0004405_jpg.rf.b2327477c6c908e2f902ae19ac6e3c54_972cd3aeca.jpg,images/val/d7/d7_0004405_jpg.rf.b2327477c6c908e2f902ae19ac6e3c54_972cd3aeca.jpg,labels/train/d7/d7_0004405_jpg.rf.b2327477c6c908e2f902ae19ac6e3c54_972cd3aeca.txt,labels/val/d7/d7_0004405_jpg.rf.b2327477c6c908e2f902ae19ac6e3c54_972cd3aeca.txt,19099c2bc1855ef44bc0429346b96931539a2b4819d4b643c953c8520e349f4e,de8cac96dcae3d94e90682fe851aa4dab9be465a8b474ca31d9ef5b33f4983d8
3,d7,d7_r3_sequence_0025,train,val,images/train/d7/d7_0004543_jpg.rf.56545dac8e6f65129088c594ee218888_7a032d4008.jpg,images/val/d7/d7_0004543_jpg.rf.56545dac8e6f65129088c594ee218888_7a032d4008.jpg,labels/train/d7/d7_0004543_jpg.rf.56545dac8e6f65129088c594ee218888_7a032d4008.txt,labels/val/d7/d7_0004543_jpg.rf.56545dac8e6f65129088c594ee218888_7a032d4008.txt,49081bc364067f51a84bc11775ad0d4f61c2fcb121d6a73ca7a8fb5b2dc5ae27,083e50e14a18a26d5155705a403a90059a2da670b39a8472296705adf232c220
3,d7,d7_r3_sequence_0026,train,val,images/train/d7/d7_0005211_jpg.rf.9d6adb330a5ff66b5d20cafbf95b173a_9144e7c44e.jpg,images/val/d7/d7_0005211_jpg.rf.9d6adb330a5ff66b5d20cafbf95b173a_9144e7c44e.jpg,labels/train/d7/d7_0005211_jpg.rf.9d6adb330a5ff66b5d20cafbf95b173a_9144e7c44e.txt,labels/val/d7/d7_0005211_jpg.rf.9d6adb330a5ff66b5d20cafbf95b173a_9144e7c44e.txt,ed9d005aae287364db183e07520bff88df8e69e4dbbb3e8972bbdebf58436b52,4bc8165b096d0847021baef7e0879e4a8ff53c3ed611e6a68d8459f0cf674416
3,d7,d7_r3_sequence_0027,val,train,images/val/d7/d7_0001687_jpg.rf.20c0459119f72113317c75c12dfd0124_fcd1dccb38.jpg,images/train/d7/d7_0001687_jpg.rf.20c0459119f72113317c75c12dfd0124_fcd1dccb38.jpg,labels/val/d7/d7_0001687_jpg.rf.20c0459119f72113317c75c12dfd0124_fcd1dccb38.txt,labels/train/d7/d7_0001687_jpg.rf.20c0459119f72113317c75c12dfd0124_fcd1dccb38.txt,e5b160718c9028e55e2eee0646740efc4eea9c10ccdf93458228b924d9b8889d,e8ebfbe0901350ab6f6f9918c4390a9cea6890fba1790bb9c7c1e1e463e5a09c
3,d7,d7_r3_sequence_0028,train,val,images/train/d7/d7_0005849_jpg.rf.3237a95b6888eac41413f099d8a24105_762c478731.jpg,images/val/d7/d7_0005849_jpg.rf.3237a95b6888eac41413f099d8a24105_762c478731.jpg,labels/train/d7/d7_0005849_jpg.rf.3237a95b6888eac41413f099d8a24105_762c478731.txt,labels/val/d7/d7_0005849_jpg.rf.3237a95b6888eac41413f099d8a24105_762c478731.txt,b387e3f934fadef6740ae8779e8639be8e36166eb3408c6224f35c02101ed971,2a1a927019199046762d89cc2836636d35e0671912878faca41ccea883de03e0
3,d7,d7_r3_sequence_0029,val,train,images/val/d7/d7_0003292_jpg.rf.777786ad65e6cd1b1818e432c3fe7e62_b39ca44bf6.jpg,images/train/d7/d7_0003292_jpg.rf.777786ad65e6cd1b1818e432c3fe7e62_b39ca44bf6.jpg,labels/val/d7/d7_0003292_jpg.rf.777786ad65e6cd1b1818e432c3fe7e62_b39ca44bf6.txt,labels/train/d7/d7_0003292_jpg.rf.777786ad65e6cd1b1818e432c3fe7e62_b39ca44bf6.txt,864fece362c17fc8db2a96d9da4c4afb98fb90b9e1e894843d9e0d84c07834dd,08997bfff4ff5d3958db3eb911cc20bcf714da34b40c3e1c689e81a667aa27b4
3,d7,d7_r3_sequence_0030,train,val,images/train/d7/d7_0006277_jpg.rf.95281bae69a4fc971a91afda97729780_aef86d1f93.jpg,images/val/d7/d7_0006277_jpg.rf.95281bae69a4fc971a91afda97729780_aef86d1f93.jpg,labels/train/d7/d7_0006277_jpg.rf.95281bae69a4fc971a91afda97729780_aef86d1f93.txt,labels/val/d7/d7_0006277_jpg.rf.95281bae69a4fc971a91afda97729780_aef86d1f93.txt,f4feaa0878a4fe23b082eaa1b91d463ec5ff99969db0657a213e60a4ec470604,3f8d3177fb29883a82e7700f788915cdd3fd0ffb410a5234e479997f92e9d6cb
4,d6,d6_r4_asset_0001,train,test,images/train/d6/d6_Heavy_Equipment_2027_jpg.rf.769bdb7555040f77fd1fc9a3200a6f65_94919c443a.jpg,images/test/d6/d6_Heavy_Equipment_2027_jpg.rf.769bdb7555040f77fd1fc9a3200a6f65_94919c443a.jpg,labels/train/d6/d6_Heavy_Equipment_2027_jpg.rf.769bdb7555040f77fd1fc9a3200a6f65_94919c443a.txt,labels/test/d6/d6_Heavy_Equipment_2027_jpg.rf.769bdb7555040f77fd1fc9a3200a6f65_94919c443a.txt,ba048450ed62f3b4d0c464f475761b5a9208f63fd940633a8bcda3bc58f34226,da83cc6e17718c064092cfc3184aef825309e1e38372fbcfd2f836826b6e943b
4,d6,d6_r4_asset_0002,val,test,images/val/d6/d6_Heavy_Equipment_1151_jpg.rf.ba56d0b3c5ffb7bf3b84f57c2216c438_76434196f2.jpg,images/test/d6/d6_Heavy_Equipment_1151_jpg.rf.ba56d0b3c5ffb7bf3b84f57c2216c438_76434196f2.jpg,labels/val/d6/d6_Heavy_Equipment_1151_jpg.rf.ba56d0b3c5ffb7bf3b84f57c2216c438_76434196f2.txt,labels/test/d6/d6_Heavy_Equipment_1151_jpg.rf.ba56d0b3c5ffb7bf3b84f57c2216c438_76434196f2.txt,6f725c40c302d3a0d6c9bd504b95e7ef20a9dc13fbab714088e2ff246ce3ce1c,c327e8af942086844302eb5a818c643bca0c27425d8cb52e33c8b76a3a41edcb
4,d6,d6_r4_asset_0003,test,train,images/test/d6/d6_Heavy_Equipment_1214_jpg.rf.b961254884627aaac072a980d1306876_cdb17af865.jpg,images/train/d6/d6_Heavy_Equipment_1214_jpg.rf.b961254884627aaac072a980d1306876_cdb17af865.jpg,labels/test/d6/d6_Heavy_Equipment_1214_jpg.rf.b961254884627aaac072a980d1306876_cdb17af865.txt,labels/train/d6/d6_Heavy_Equipment_1214_jpg.rf.b961254884627aaac072a980d1306876_cdb17af865.txt,61bc3c8e92ae1dd8c7b1996f4cd95c98294d7cf35c22e241d88763aea942e838,9e8e504c71eca96d95842b8ad60f54d884eb11258eaa506c3cbc6648f183896d
4,d6,d6_r4_asset_0004,train,test,images/train/d6/d6_Heavy_Equipment_1065_jpg.rf.17344ddcdf310815c28f86f612ab4db1_47183e0a1c.jpg,images/test/d6/d6_Heavy_Equipment_1065_jpg.rf.17344ddcdf310815c28f86f612ab4db1_47183e0a1c.jpg,labels/train/d6/d6_Heavy_Equipment_1065_jpg.rf.17344ddcdf310815c28f86f612ab4db1_47183e0a1c.txt,labels/test/d6/d6_Heavy_Equipment_1065_jpg.rf.17344ddcdf310815c28f86f612ab4db1_47183e0a1c.txt,9fa7eb85fe41c89eaeabf53d8883a575dd614eda1b0b88f603ecbbcf5065bad3,518119fb90012d4fc4a2563c2aa33f1a9cf6fbce45be75edd164e4a800009f85
4,d6,d6_r4_asset_0005,test,train,images/test/d6/d6_Heavy_Equipment_1429_jpg.rf.ad88fd7e9eddb42ac800994a5cffda82_3844f00318.jpg,images/train/d6/d6_Heavy_Equipment_1429_jpg.rf.ad88fd7e9eddb42ac800994a5cffda82_3844f00318.jpg,labels/test/d6/d6_Heavy_Equipment_1429_jpg.rf.ad88fd7e9eddb42ac800994a5cffda82_3844f00318.txt,labels/train/d6/d6_Heavy_Equipment_1429_jpg.rf.ad88fd7e9eddb42ac800994a5cffda82_3844f00318.txt,ede2a5018a50e081d480200a4ff89e711f06d573b68556babf095982dbce005a,5c8f37bbb8e72c2162c21a608938743aa44d96dfb838fb8eb96b1315c1eb594c
4,d6,d6_r4_asset_0006,train,test,images/train/d6/d6_Heavy_Equipment_2909_jpg.rf.f7df54d09e74d0adef50ab742cfa2ff4_d8640467bc.jpg,images/test/d6/d6_Heavy_Equipment_2909_jpg.rf.f7df54d09e74d0adef50ab742cfa2ff4_d8640467bc.jpg,labels/train/d6/d6_Heavy_Equipment_2909_jpg.rf.f7df54d09e74d0adef50ab742cfa2ff4_d8640467bc.txt,labels/test/d6/d6_Heavy_Equipment_2909_jpg.rf.f7df54d09e74d0adef50ab742cfa2ff4_d8640467bc.txt,fe841660f57dc2c5610021927a6844df2b3f97a15c0d1c04126fed00c838c198,3d6823a65ea4e625f2e30775f743cb3797bfc890e6240c00fbd2edb407083827
4,d6,d6_r4_asset_0007,test,train,images/test/d6/d6_Heavy_Equipment_189_jpg.rf.a90c391a7761e56914c4dbf04e363214_5bddf37b51.jpg,images/train/d6/d6_Heavy_Equipment_189_jpg.rf.a90c391a7761e56914c4dbf04e363214_5bddf37b51.jpg,labels/test/d6/d6_Heavy_Equipment_189_jpg.rf.a90c391a7761e56914c4dbf04e363214_5bddf37b51.txt,labels/train/d6/d6_Heavy_Equipment_189_jpg.rf.a90c391a7761e56914c4dbf04e363214_5bddf37b51.txt,d2e72192654f54deedfac7ae32723ed26a326eb4b3ca7c64c3a07fde6c485322,15c6d4926e90806e844d96b5e551089f5b8dbecfb91c27bd7129a9a37ea04b0a
4,d6,d6_r4_asset_0008,test,train,images/test/d6/d6_Heavy_Equipment_2125_jpg.rf.7115040776a30517e6b04ba845a43b54_cca87ba9ee.jpg,images/train/d6/d6_Heavy_Equipment_2125_jpg.rf.7115040776a30517e6b04ba845a43b54_cca87ba9ee.jpg,labels/test/d6/d6_Heavy_Equipment_2125_jpg.rf.7115040776a30517e6b04ba845a43b54_cca87ba9ee.txt,labels/train/d6/d6_Heavy_Equipment_2125_jpg.rf.7115040776a30517e6b04ba845a43b54_cca87ba9ee.txt,cb8c89933648fc58aac4faff0654c36477ab8a51ef5c8fb824ba93042034f3ca,3c3f7c6ceaf5f6449f5327f8045638a33e7144be5243383fdaca1a71b223ba2a
4,d6,d6_r4_asset_0009,val,test,images/val/d6/d6_Heavy_Equipment_445_jpg.rf.2cc0b6a11d59c6bce644b2f62f86b4ed_612fd9cca5.jpg,images/test/d6/d6_Heavy_Equipment_445_jpg.rf.2cc0b6a11d59c6bce644b2f62f86b4ed_612fd9cca5.jpg,labels/val/d6/d6_Heavy_Equipment_445_jpg.rf.2cc0b6a11d59c6bce644b2f62f86b4ed_612fd9cca5.txt,labels/test/d6/d6_Heavy_Equipment_445_jpg.rf.2cc0b6a11d59c6bce644b2f62f86b4ed_612fd9cca5.txt,965283e52fbd04fc03bb390e8fe3ac1b482b8f19a259dfcc082d8b75ca412bcf,9fa10c827d1a69c4984a1a75382a0d44650ed3a55947c33ccf6c9c561b68671a
4,d6,d6_r4_asset_0010,test,train,images/test/d6/d6_Heavy_Equipment_2604_jpg.rf.a51f26a91a3b59105ff60b8a06757be9_2473bcec17.jpg,images/train/d6/d6_Heavy_Equipment_2604_jpg.rf.a51f26a91a3b59105ff60b8a06757be9_2473bcec17.jpg,labels/test/d6/d6_Heavy_Equipment_2604_jpg.rf.a51f26a91a3b59105ff60b8a06757be9_2473bcec17.txt,labels/train/d6/d6_Heavy_Equipment_2604_jpg.rf.a51f26a91a3b59105ff60b8a06757be9_2473bcec17.txt,c28fdff6e92333085a696f9f61c6eca6043b39d628d3a10d9cbe14136f93bd12,af499ff7a74ed747a257f58433d59a1e1db654082a67cba6d2e76ba398655bea
4,d6,d6_r4_asset_0010,val,train,images/val/d6/d6_Heavy_Equipment_1080_jpg.rf.7f78fcbaeaf23e89a07bd6c303bc5c2a_aa4392d14d.jpg,images/train/d6/d6_Heavy_Equipment_1080_jpg.rf.7f78fcbaeaf23e89a07bd6c303bc5c2a_aa4392d14d.jpg,labels/val/d6/d6_Heavy_Equipment_1080_jpg.rf.7f78fcbaeaf23e89a07bd6c303bc5c2a_aa4392d14d.txt,labels/train/d6/d6_Heavy_Equipment_1080_jpg.rf.7f78fcbaeaf23e89a07bd6c303bc5c2a_aa4392d14d.txt,b3dccb89449b2bfce2b96e09e74752dc4d3105c36240bc85f6730cd1bc702533,97a1a442bcfd05ac5e47b61105da2398edf5dda3e0f0f56004f811807563ce03
4,d6,d6_r4_asset_0011,test,train,images/test/d6/d6_Heavy_Equipment_2753_jpg.rf.73af9d8e715a506aa29243965355e9d7_b50c453ae4.jpg,images/train/d6/d6_Heavy_Equipment_2753_jpg.rf.73af9d8e715a506aa29243965355e9d7_b50c453ae4.jpg,labels/test/d6/d6_Heavy_Equipment_2753_jpg.rf.73af9d8e715a506aa29243965355e9d7_b50c453ae4.txt,labels/train/d6/d6_Heavy_Equipment_2753_jpg.rf.73af9d8e715a506aa29243965355e9d7_b50c453ae4.txt,e7cdbbd020e40922bbdf60a3892dac72718ace57a4db3d95c7544e08218c3b6a,833c1c9f1197157399eadc0439faa181b8d054aff3866ccd1779040c81afa8ee
4,d6,d6_r4_asset_0012,val,test,images/val/d6/d6_Heavy_Equipment_4530_jpg.rf.ac2ef0a7d39957d4209790012ed7ecbc_1f7382456f.jpg,images/test/d6/d6_Heavy_Equipment_4530_jpg.rf.ac2ef0a7d39957d4209790012ed7ecbc_1f7382456f.jpg,labels/val/d6/d6_Heavy_Equipment_4530_jpg.rf.ac2ef0a7d39957d4209790012ed7ecbc_1f7382456f.txt,labels/test/d6/d6_Heavy_Equipment_4530_jpg.rf.ac2ef0a7d39957d4209790012ed7ecbc_1f7382456f.txt,27c5ecd0ee3e9f4ace4997441a644d7e16adf8110830637b0cac9cf5720ba10c,12706aa7ace7b22e168c6283aded78d532356b8c5a591cbfa92ae82da3ac7a94
4,d6,d6_r4_asset_0013,test,train,images/test/d6/d6_Heavy_Equipment_2956_jpg.rf.4f642880b8e069ae3be57a5cdfffcff9_dae35d9521.jpg,images/train/d6/d6_Heavy_Equipment_2956_jpg.rf.4f642880b8e069ae3be57a5cdfffcff9_dae35d9521.jpg,labels/test/d6/d6_Heavy_Equipment_2956_jpg.rf.4f642880b8e069ae3be57a5cdfffcff9_dae35d9521.txt,labels/train/d6/d6_Heavy_Equipment_2956_jpg.rf.4f642880b8e069ae3be57a5cdfffcff9_dae35d9521.txt,15956543d34066ce0b5a66215596f140550354ec87954377ca4cc46a2ec2bf1e,39b6adebe15e5753f4768abffaaf061aca61a547997f855bc31511f7668725e3
4,d6,d6_r4_asset_0014,train,test,images/train/d6/d6_Heavy_Equipment_4610_jpg.rf.2140e302f4764b53e7943e30ad5f83fe_35436de8fb.jpg,images/test/d6/d6_Heavy_Equipment_4610_jpg.rf.2140e302f4764b53e7943e30ad5f83fe_35436de8fb.jpg,labels/train/d6/d6_Heavy_Equipment_4610_jpg.rf.2140e302f4764b53e7943e30ad5f83fe_35436de8fb.txt,labels/test/d6/d6_Heavy_Equipment_4610_jpg.rf.2140e302f4764b53e7943e30ad5f83fe_35436de8fb.txt,b798b47dccae7f740c86e3fe80c4fdccfb1730682f00e8327d6c406059411ccd,b3bfd2f0fb18847a3576999e4d286735acd9e7436dba7c70f706356dc6374350
4,d6,d6_r4_asset_0015,val,test,images/val/d6/d6_Heavy_Equipment_4763_jpg.rf.e1497e4d738f7e33f8082917745ae1bf_262be9b22e.jpg,images/test/d6/d6_Heavy_Equipment_4763_jpg.rf.e1497e4d738f7e33f8082917745ae1bf_262be9b22e.jpg,labels/val/d6/d6_Heavy_Equipment_4763_jpg.rf.e1497e4d738f7e33f8082917745ae1bf_262be9b22e.txt,labels/test/d6/d6_Heavy_Equipment_4763_jpg.rf.e1497e4d738f7e33f8082917745ae1bf_262be9b22e.txt,b1b3458dc6ebe9555394256c530af1253fd7cf449953bca6ba31da1d0d4109bc,e67754cfa952ff3b5a3098b53045f9b061e2b2de3692db664ef9a0db689db5b5
4,d6,d6_r4_asset_0016,val,test,images/val/d6/d6_Heavy_Equipment_4642_jpg.rf.bf33ad1f5403267960249bb5c4d81396_bad8b4f7a6.jpg,images/test/d6/d6_Heavy_Equipment_4642_jpg.rf.bf33ad1f5403267960249bb5c4d81396_bad8b4f7a6.jpg,labels/val/d6/d6_Heavy_Equipment_4642_jpg.rf.bf33ad1f5403267960249bb5c4d81396_bad8b4f7a6.txt,labels/test/d6/d6_Heavy_Equipment_4642_jpg.rf.bf33ad1f5403267960249bb5c4d81396_bad8b4f7a6.txt,092ea1f9c36fb57be906863a9a16c0e3bec18e2dfc25cbef1f66736cfc5ad18e,b01d2c7e06763d15ee32e6229d875f29f60cf19b9124928c0f631699807071ba
4,d6,d6_r4_asset_0017,train,test,images/train/d6/d6_Heavy_Equipment_4427_jpg.rf.9c30fbd984d38dd96368b05c54b2fa42_082de24f4b.jpg,images/test/d6/d6_Heavy_Equipment_4427_jpg.rf.9c30fbd984d38dd96368b05c54b2fa42_082de24f4b.jpg,labels/train/d6/d6_Heavy_Equipment_4427_jpg.rf.9c30fbd984d38dd96368b05c54b2fa42_082de24f4b.txt,labels/test/d6/d6_Heavy_Equipment_4427_jpg.rf.9c30fbd984d38dd96368b05c54b2fa42_082de24f4b.txt,e5ad58beb1ebd9bea7648e85e34cbb0661f8010bd0a79ec66031bb13c82f088a,b4caf91d41e9fa2eeca89718042f250a7d1930c5099bbbf3271ef50eabf188a0
4,d6,d6_r4_asset_0018,test,train,images/test/d6/d6_Heavy_Equipment_339_jpg.rf.0d9e53543a60bc00f65c337b6c19f658_0dd96df610.jpg,images/train/d6/d6_Heavy_Equipment_339_jpg.rf.0d9e53543a60bc00f65c337b6c19f658_0dd96df610.jpg,labels/test/d6/d6_Heavy_Equipment_339_jpg.rf.0d9e53543a60bc00f65c337b6c19f658_0dd96df610.txt,labels/train/d6/d6_Heavy_Equipment_339_jpg.rf.0d9e53543a60bc00f65c337b6c19f658_0dd96df610.txt,796be7fb79f1bd7816ee1274096c5cd06a0f1fd462ce59c4bcc48d50193ec9fc,f0b236f6512378c672db1935efd17e838d27e9e50682721f0e3b14d7c7f8ffb6
4,d6,d6_r4_asset_0019,train,test,images/train/d6/d6_Heavy_Equipment_2233_jpg.rf.2ceae6db1f05db994e8f9bec92357261_64b0b81c4f.jpg,images/test/d6/d6_Heavy_Equipment_2233_jpg.rf.2ceae6db1f05db994e8f9bec92357261_64b0b81c4f.jpg,labels/train/d6/d6_Heavy_Equipment_2233_jpg.rf.2ceae6db1f05db994e8f9bec92357261_64b0b81c4f.txt,labels/test/d6/d6_Heavy_Equipment_2233_jpg.rf.2ceae6db1f05db994e8f9bec92357261_64b0b81c4f.txt,5bd743702159c10a587f35935167137bab4e435911664592b84108f267c01916,de86ce14c33e4977ebe22aac0dcbba701636f914c1ce1288e26e3a79c2ec6016
4,d6,d6_r4_asset_0020,train,test,images/train/d6/d6_Heavy_Equipment_5053_jpg.rf.4b302b35aa80824416688b2afc70673e_5c08cfacd7.jpg,images/test/d6/d6_Heavy_Equipment_5053_jpg.rf.4b302b35aa80824416688b2afc70673e_5c08cfacd7.jpg,labels/train/d6/d6_Heavy_Equipment_5053_jpg.rf.4b302b35aa80824416688b2afc70673e_5c08cfacd7.txt,labels/test/d6/d6_Heavy_Equipment_5053_jpg.rf.4b302b35aa80824416688b2afc70673e_5c08cfacd7.txt,1c4dcbc34b8effac35054873ac7edf841b8c61a0132d15a0f1bffa9c93dd4fa4,222882a55351929524f981cce15e5976dda5590757f80ea6d502f036eeb64049
4,d6,d6_r4_asset_0021,test,train,images/test/d6/d6_Heavy_Equipment_4090_jpg.rf.ba53160d3dc1ca55143351e7c5c6529c_75934537b1.jpg,images/train/d6/d6_Heavy_Equipment_4090_jpg.rf.ba53160d3dc1ca55143351e7c5c6529c_75934537b1.jpg,labels/test/d6/d6_Heavy_Equipment_4090_jpg.rf.ba53160d3dc1ca55143351e7c5c6529c_75934537b1.txt,labels/train/d6/d6_Heavy_Equipment_4090_jpg.rf.ba53160d3dc1ca55143351e7c5c6529c_75934537b1.txt,dc84b47c329fa617e2172d61b8e6f7551e5af428273affafe2dc3d1fdae49ed9,c990d0b0a31a4e45c4fa612f384f21aaea0300625e6a76ae4b40d147106d44a7
4,d6,d6_r4_asset_0022,test,train,images/test/d6/d6_Heavy_Equipment_4125_jpg.rf.fd24e6bdf9f3d69183eee7ad33dd41b9_e1aafd378a.jpg,images/train/d6/d6_Heavy_Equipment_4125_jpg.rf.fd24e6bdf9f3d69183eee7ad33dd41b9_e1aafd378a.jpg,labels/test/d6/d6_Heavy_Equipment_4125_jpg.rf.fd24e6bdf9f3d69183eee7ad33dd41b9_e1aafd378a.txt,labels/train/d6/d6_Heavy_Equipment_4125_jpg.rf.fd24e6bdf9f3d69183eee7ad33dd41b9_e1aafd378a.txt,0c772d7f8022b937436c507e0ab9996e779cf12c02e1db73a7e674e12cbed3a5,5c0f88b7a84ccb6307ad6e388d9f28073517c7831a4afb92926365d167a4a4d9
4,d6,d6_r4_asset_0022,val,train,images/val/d6/d6_Heavy_Equipment_4801_jpg.rf.db0eaaa67a7e2a7bd31d5bfb267f701b_6b374bb126.jpg,images/train/d6/d6_Heavy_Equipment_4801_jpg.rf.db0eaaa67a7e2a7bd31d5bfb267f701b_6b374bb126.jpg,labels/val/d6/d6_Heavy_Equipment_4801_jpg.rf.db0eaaa67a7e2a7bd31d5bfb267f701b_6b374bb126.txt,labels/train/d6/d6_Heavy_Equipment_4801_jpg.rf.db0eaaa67a7e2a7bd31d5bfb267f701b_6b374bb126.txt,8fa48508ec9f02944400b06e75bfeba207d060901578fa526e8fc78dfb209461,e89c9dcde9eb44d9dcc652158a215c29ae9253152b54038735ff4e1dda7c4bab
4,d6,d6_r4_asset_0023,test,train,images/test/d6/d6_Heavy_Equipment_4222_jpg.rf.6b8655618374e139187bf9fc5cf7678c_0ad1325e27.jpg,images/train/d6/d6_Heavy_Equipment_4222_jpg.rf.6b8655618374e139187bf9fc5cf7678c_0ad1325e27.jpg,labels/test/d6/d6_Heavy_Equipment_4222_jpg.rf.6b8655618374e139187bf9fc5cf7678c_0ad1325e27.txt,labels/train/d6/d6_Heavy_Equipment_4222_jpg.rf.6b8655618374e139187bf9fc5cf7678c_0ad1325e27.txt,2fc76bda00723f3822cd89d75395e952a5795c4fab5ae0b013f430bbfdc3f9a2,fab620301838a4e826af1a4c58f642377a7c4349bdbe80a02a14c9b89b158997
4,d6,d6_r4_asset_0024,test,train,images/test/d6/d6_Heavy_Equipment_4472_jpg.rf.03a59b3f1c205648b2e9038e642e72f4_ff039d06c6.jpg,images/train/d6/d6_Heavy_Equipment_4472_jpg.rf.03a59b3f1c205648b2e9038e642e72f4_ff039d06c6.jpg,labels/test/d6/d6_Heavy_Equipment_4472_jpg.rf.03a59b3f1c205648b2e9038e642e72f4_ff039d06c6.txt,labels/train/d6/d6_Heavy_Equipment_4472_jpg.rf.03a59b3f1c205648b2e9038e642e72f4_ff039d06c6.txt,156089144feecd889ded2dfc09aa596155908ac22a8171468d1a923e5b32a5d8,0267c29e14c068cc2c311946b538a3e16a12849799621b36f7b759cfd11bc88e
4,d6,d6_r4_asset_0025,train,test,images/train/d6/d6_Heavy_Equipment_3510_jpg.rf.e6f7e9a0c639b5e7f8201670ace9047d_63a643fe7d.jpg,images/test/d6/d6_Heavy_Equipment_3510_jpg.rf.e6f7e9a0c639b5e7f8201670ace9047d_63a643fe7d.jpg,labels/train/d6/d6_Heavy_Equipment_3510_jpg.rf.e6f7e9a0c639b5e7f8201670ace9047d_63a643fe7d.txt,labels/test/d6/d6_Heavy_Equipment_3510_jpg.rf.e6f7e9a0c639b5e7f8201670ace9047d_63a643fe7d.txt,6deda832915f71fa392afe5df61a2291c87473231fa91fadacd700ea5a99b7d1,be3132efa0255a2d90ba1b3bbfbfe510b048d6dda12e150de8928143fe555d02
4,d6,d6_r4_asset_0026,train,test,images/train/d6/d6_Heavy_Equipment_3150_jpg.rf.d057d5631f5667a90293766a19407f86_25626b1ca7.jpg,images/test/d6/d6_Heavy_Equipment_3150_jpg.rf.d057d5631f5667a90293766a19407f86_25626b1ca7.jpg,labels/train/d6/d6_Heavy_Equipment_3150_jpg.rf.d057d5631f5667a90293766a19407f86_25626b1ca7.txt,labels/test/d6/d6_Heavy_Equipment_3150_jpg.rf.d057d5631f5667a90293766a19407f86_25626b1ca7.txt,e5f38c6c9d5ea2981a082886064709220a723f055eb0e7469f5e7bf2011a01aa,9c76f0400e0af74b3d2d1ff15823bdf8cebebca7d2223d5e7ac113b4fcf7bbd4
4,d6,d6_r4_asset_0027,train,test,images/train/d6/d6_Heavy_Equipment_2230_jpg.rf.da824cc27965eaceec0eac88b1621569_2f09bf0d14.jpg,images/test/d6/d6_Heavy_Equipment_2230_jpg.rf.da824cc27965eaceec0eac88b1621569_2f09bf0d14.jpg,labels/train/d6/d6_Heavy_Equipment_2230_jpg.rf.da824cc27965eaceec0eac88b1621569_2f09bf0d14.txt,labels/test/d6/d6_Heavy_Equipment_2230_jpg.rf.da824cc27965eaceec0eac88b1621569_2f09bf0d14.txt,13b6e1c706913803a1a4258e9dfb90e2cb3d96547c9adc914349546cef72b7e2,e9dc13de9700e788baa5186d24745313b53048a5f664fbcfe561c75cf406010b
4,d6,d6_r4_asset_0028,val,test,images/val/d6/d6_Heavy_Equipment_4809_jpg.rf.2cbff31482a80b480b7dc29e731f68bf_857f8037ad.jpg,images/test/d6/d6_Heavy_Equipment_4809_jpg.rf.2cbff31482a80b480b7dc29e731f68bf_857f8037ad.jpg,labels/val/d6/d6_Heavy_Equipment_4809_jpg.rf.2cbff31482a80b480b7dc29e731f68bf_857f8037ad.txt,labels/test/d6/d6_Heavy_Equipment_4809_jpg.rf.2cbff31482a80b480b7dc29e731f68bf_857f8037ad.txt,6d085a7fb978985344cbc16e72ba3b03b1ab17488e146b11fe832891878bf213,15ae7575ea4be46d629a98408f564b0d8eaee3a625ee3e7705acb25fe2a636ec
4,d6,d6_r4_asset_0029,test,train,images/test/d6/d6_Heavy_Equipment_4778_jpg.rf.41298659ed7b3fdf15826681e554e7e6_89f42b3caa.jpg,images/train/d6/d6_Heavy_Equipment_4778_jpg.rf.41298659ed7b3fdf15826681e554e7e6_89f42b3caa.jpg,labels/test/d6/d6_Heavy_Equipment_4778_jpg.rf.41298659ed7b3fdf15826681e554e7e6_89f42b3caa.txt,labels/train/d6/d6_Heavy_Equipment_4778_jpg.rf.41298659ed7b3fdf15826681e554e7e6_89f42b3caa.txt,9908352330b98df4c1768134df7e1255e7d4eb64cac28904bccfe3eb3a51e845,279d59f9eabbbd927d5cc42cb2529c7d3f9a689bf7d131788f1f89b88d7d7626
4,d6,d6_r4_asset_0030,test,train,images/test/d6/d6_Heavy_Equipment_4881_jpg.rf.519ac4c2242b7b38ccb97c50a8ba5741_c5b68fd82b.jpg,images/train/d6/d6_Heavy_Equipment_4881_jpg.rf.519ac4c2242b7b38ccb97c50a8ba5741_c5b68fd82b.jpg,labels/test/d6/d6_Heavy_Equipment_4881_jpg.rf.519ac4c2242b7b38ccb97c50a8ba5741_c5b68fd82b.txt,labels/train/d6/d6_Heavy_Equipment_4881_jpg.rf.519ac4c2242b7b38ccb97c50a8ba5741_c5b68fd82b.txt,26a413408af79e3cce5813a8c43fcd88ab39b31965e119122e33d6ca1074bb92,56ac52198f7abf1f49232ad66c1e9dc02d345ebd5c78dc28a84b20a37e1424b0
4,d6,d6_r4_asset_0031,test,train,images/test/d6/d6_Heavy_Equipment_4926_jpg.rf.388957253692e4fbee3917eec896264e_08a618fab2.jpg,images/train/d6/d6_Heavy_Equipment_4926_jpg.rf.388957253692e4fbee3917eec896264e_08a618fab2.jpg,labels/test/d6/d6_Heavy_Equipment_4926_jpg.rf.388957253692e4fbee3917eec896264e_08a618fab2.txt,labels/train/d6/d6_Heavy_Equipment_4926_jpg.rf.388957253692e4fbee3917eec896264e_08a618fab2.txt,c98f8fcbef6d01ef3afe7acb8cf99da016bdd9aba51da65b0cb07d9c697bc9e0,d85c4c22701ed5be587b2f990ece7c7795291af192857a3b44108972e0b3ccc3
4,d6,d6_r4_asset_0032,test,train,images/test/d6/d6_Heavy_Equipment_68_jpg.rf.cfb2eb00bedeaf66acf79f49f7a980d7_cec175f6f2.jpg,images/train/d6/d6_Heavy_Equipment_68_jpg.rf.cfb2eb00bedeaf66acf79f49f7a980d7_cec175f6f2.jpg,labels/test/d6/d6_Heavy_Equipment_68_jpg.rf.cfb2eb00bedeaf66acf79f49f7a980d7_cec175f6f2.txt,labels/train/d6/d6_Heavy_Equipment_68_jpg.rf.cfb2eb00bedeaf66acf79f49f7a980d7_cec175f6f2.txt,ea0fa2e00b297bf19c7840df25fcc14ac5dd62889dd2fbb0e1d4d2e591504b52,3e89a9816ef5bcfa9b286d30204e0a18155dc87b07bf1e5412dbc97c4cbd1f82
4,d6,d6_r4_asset_0033,train,val,images/train/d6/d6_Heavy_Equipment_1324_jpg.rf.780114c6dabb6bd184913ccd5846aa95_aff540bf00.jpg,images/val/d6/d6_Heavy_Equipment_1324_jpg.rf.780114c6dabb6bd184913ccd5846aa95_aff540bf00.jpg,labels/train/d6/d6_Heavy_Equipment_1324_jpg.rf.780114c6dabb6bd184913ccd5846aa95_aff540bf00.txt,labels/val/d6/d6_Heavy_Equipment_1324_jpg.rf.780114c6dabb6bd184913ccd5846aa95_aff540bf00.txt,26fc174133616b61da8029fe42af5cdee33cfb39fe208db171d6f524edd385e8,f29c70852370cc3325e861f75d719059f0a31452a66526ecefd1c33ec1b04171
4,d6,d6_r4_asset_0034,train,val,images/train/d6/d6_Heavy_Equipment_1608_jpg.rf.52edc583251e0f8632b39112b5edf08e_45bccb0213.jpg,images/val/d6/d6_Heavy_Equipment_1608_jpg.rf.52edc583251e0f8632b39112b5edf08e_45bccb0213.jpg,labels/train/d6/d6_Heavy_Equipment_1608_jpg.rf.52edc583251e0f8632b39112b5edf08e_45bccb0213.txt,labels/val/d6/d6_Heavy_Equipment_1608_jpg.rf.52edc583251e0f8632b39112b5edf08e_45bccb0213.txt,8cef7808998c3eca701968bd71d0f654694b2a399c805a6bfb8737c6c23723b0,8c4b18656df2ed2108bf672adbc5888722d9cfa00dbbe246003bbf67ca5050f7
4,d6,d6_r4_asset_0035,train,val,images/train/d6/d6_Heavy_Equipment_1691_jpg.rf.8b4f818d6d50be7a463f7889860571b6_bab8291846.jpg,images/val/d6/d6_Heavy_Equipment_1691_jpg.rf.8b4f818d6d50be7a463f7889860571b6_bab8291846.jpg,labels/train/d6/d6_Heavy_Equipment_1691_jpg.rf.8b4f818d6d50be7a463f7889860571b6_bab8291846.txt,labels/val/d6/d6_Heavy_Equipment_1691_jpg.rf.8b4f818d6d50be7a463f7889860571b6_bab8291846.txt,0a1635c9d12d7bd8ed79236cd81946bd3d927509efd82601ff90953015f25454,9519db7732af1f43bba4e18dba01436db42e01261d92c94771acf03959f7da7c
4,d6,d6_r4_asset_0036,train,val,images/train/d6/d6_Heavy_Equipment_1774_jpg.rf.9b41017f9e5db40d2bd1dc834e952384_27bf59b25b.jpg,images/val/d6/d6_Heavy_Equipment_1774_jpg.rf.9b41017f9e5db40d2bd1dc834e952384_27bf59b25b.jpg,labels/train/d6/d6_Heavy_Equipment_1774_jpg.rf.9b41017f9e5db40d2bd1dc834e952384_27bf59b25b.txt,labels/val/d6/d6_Heavy_Equipment_1774_jpg.rf.9b41017f9e5db40d2bd1dc834e952384_27bf59b25b.txt,96d5900bc94e8ef458ceabf73c48833d32450b0912f459119b20573e2e3be4d5,5e01cd93716b567dac52925524501d67f3e165a9feaef3691b9ca116d6f05106
4,d6,d6_r4_asset_0037,train,val,images/train/d6/d6_Heavy_Equipment_198_jpg.rf.9067fd44449b281cc21e80ab14687b9e_c3caf79106.jpg,images/val/d6/d6_Heavy_Equipment_198_jpg.rf.9067fd44449b281cc21e80ab14687b9e_c3caf79106.jpg,labels/train/d6/d6_Heavy_Equipment_198_jpg.rf.9067fd44449b281cc21e80ab14687b9e_c3caf79106.txt,labels/val/d6/d6_Heavy_Equipment_198_jpg.rf.9067fd44449b281cc21e80ab14687b9e_c3caf79106.txt,f0105ea3cda49c6300ddd08f6572b622fd3a1d1ecf33f5a1b1aea1814b3ccff9,9ba265e2f3c31b6e9ecffe717f746b3b8c214efd7571f00cad13769588585b18
4,d6,d6_r4_asset_0037,train,val,images/train/d6/d6_Heavy_Equipment_3193_jpg.rf.f6368705c9de5a2107ca4220fcc586a1_afbcd1620f.jpg,images/val/d6/d6_Heavy_Equipment_3193_jpg.rf.f6368705c9de5a2107ca4220fcc586a1_afbcd1620f.jpg,labels/train/d6/d6_Heavy_Equipment_3193_jpg.rf.f6368705c9de5a2107ca4220fcc586a1_afbcd1620f.txt,labels/val/d6/d6_Heavy_Equipment_3193_jpg.rf.f6368705c9de5a2107ca4220fcc586a1_afbcd1620f.txt,5776422fa1d53ee539c0d36d6fb19054d91ff537fb16053fa42e2a4332043789,176749413a5c46595a395e441492080bf6a6443034b229acd1c3a17016c4a14d
4,d6,d6_r4_asset_0038,val,train,images/val/d6/d6_Heavy_Equipment_1844_jpg.rf.d942642e740c080ddaf6be461d80b879_dcaea06132.jpg,images/train/d6/d6_Heavy_Equipment_1844_jpg.rf.d942642e740c080ddaf6be461d80b879_dcaea06132.jpg,labels/val/d6/d6_Heavy_Equipment_1844_jpg.rf.d942642e740c080ddaf6be461d80b879_dcaea06132.txt,labels/train/d6/d6_Heavy_Equipment_1844_jpg.rf.d942642e740c080ddaf6be461d80b879_dcaea06132.txt,aa2d08891f33169f24c4beefd0e25e0fed067ad6f8c9d96a819b966960ddc2ac,d2ff34e3a65538bcf1592e37a37c91f2e0a3348e4dc1f8ac574dad9e82262617
4,d6,d6_r4_asset_0039,train,val,images/train/d6/d6_Heavy_Equipment_2286_jpg.rf.59e40f0e1125b284b83b370208b4a8a4_9399ac6312.jpg,images/val/d6/d6_Heavy_Equipment_2286_jpg.rf.59e40f0e1125b284b83b370208b4a8a4_9399ac6312.jpg,labels/train/d6/d6_Heavy_Equipment_2286_jpg.rf.59e40f0e1125b284b83b370208b4a8a4_9399ac6312.txt,labels/val/d6/d6_Heavy_Equipment_2286_jpg.rf.59e40f0e1125b284b83b370208b4a8a4_9399ac6312.txt,0a4ea879ff5a15ce8972d6a5265b980f3a0d5cca64698abbc96b196cae1cbeb8,201a497614182a69e422c4aed2fb02199d7c5121829c83634b92e3561ccab284
4,d6,d6_r4_asset_0040,val,train,images/val/d6/d6_Heavy_Equipment_1588_jpg.rf.c31ba173396fe85be6016b012a53b8ba_245e359e7f.jpg,images/train/d6/d6_Heavy_Equipment_1588_jpg.rf.c31ba173396fe85be6016b012a53b8ba_245e359e7f.jpg,labels/val/d6/d6_Heavy_Equipment_1588_jpg.rf.c31ba173396fe85be6016b012a53b8ba_245e359e7f.txt,labels/train/d6/d6_Heavy_Equipment_1588_jpg.rf.c31ba173396fe85be6016b012a53b8ba_245e359e7f.txt,2c5747053a90052524c9fc8e2509162fe1c933d0bb9372bc7e1499407963da05,9ac7d2a2b1cb7f1eac3292190bb343e8b2c22cbb78202d519878f731e735b7fd
4,d6,d6_r4_asset_0041,train,val,images/train/d6/d6_Heavy_Equipment_2586_jpg.rf.4a7a5badb25bef053f0776bdc900704f_6b843c1d69.jpg,images/val/d6/d6_Heavy_Equipment_2586_jpg.rf.4a7a5badb25bef053f0776bdc900704f_6b843c1d69.jpg,labels/train/d6/d6_Heavy_Equipment_2586_jpg.rf.4a7a5badb25bef053f0776bdc900704f_6b843c1d69.txt,labels/val/d6/d6_Heavy_Equipment_2586_jpg.rf.4a7a5badb25bef053f0776bdc900704f_6b843c1d69.txt,c04664df2719b2b0db149240a51b6610f69af7fc0477d74f073c23b31ce86654,9d586fa7dfd73d5ec6f0a810b148ea078667821ac88165995f44a8a9aada011e
4,d6,d6_r4_asset_0042,val,train,images/val/d6/d6_Heavy_Equipment_493_jpg.rf.83798ecfeffa8f82e1e55db1b5fd3615_0435b26976.jpg,images/train/d6/d6_Heavy_Equipment_493_jpg.rf.83798ecfeffa8f82e1e55db1b5fd3615_0435b26976.jpg,labels/val/d6/d6_Heavy_Equipment_493_jpg.rf.83798ecfeffa8f82e1e55db1b5fd3615_0435b26976.txt,labels/train/d6/d6_Heavy_Equipment_493_jpg.rf.83798ecfeffa8f82e1e55db1b5fd3615_0435b26976.txt,abf1736259686648556cfd7d4c9da5b5ecd1c54d373d95086edcd907c74a3b5c,76b7db86b70c2d288022409f062d5f471d600e13ebee5b80248193602a0ee057
4,d6,d6_r4_asset_0043,val,train,images/val/d6/d6_Heavy_Equipment_4811_jpg.rf.60cc85938d428e6494b5692421548f36_ea142dd6ae.jpg,images/train/d6/d6_Heavy_Equipment_4811_jpg.rf.60cc85938d428e6494b5692421548f36_ea142dd6ae.jpg,labels/val/d6/d6_Heavy_Equipment_4811_jpg.rf.60cc85938d428e6494b5692421548f36_ea142dd6ae.txt,labels/train/d6/d6_Heavy_Equipment_4811_jpg.rf.60cc85938d428e6494b5692421548f36_ea142dd6ae.txt,8564d2a59648a04dd5abb54ceea14e6626bec58d7ef0fc3d3ad1903e96a19314,1906bd0de78e09c0024bfdbfc5cbf8cdb87537eecfd895c6ec111d4a537f2373
4,d6,d6_r4_asset_0044,val,train,images/val/d6/d6_Heavy_Equipment_4554_jpg.rf.177a026ba6c1faf730702b3230944890_63c386d089.jpg,images/train/d6/d6_Heavy_Equipment_4554_jpg.rf.177a026ba6c1faf730702b3230944890_63c386d089.jpg,labels/val/d6/d6_Heavy_Equipment_4554_jpg.rf.177a026ba6c1faf730702b3230944890_63c386d089.txt,labels/train/d6/d6_Heavy_Equipment_4554_jpg.rf.177a026ba6c1faf730702b3230944890_63c386d089.txt,c7365f5a135b99694b48ed6e7afe99b68d2cedd2c107d33e4f63bda190c289e7,f88246ff4b9f0e084f54a15b5d2b07de465772146efd76f674ccaaa79d460c5b
4,d6,d6_r4_asset_0045,val,train,images/val/d6/d6_Heavy_Equipment_4780_jpg.rf.eb46ba48f663c6fe53c938d81fdd14b2_a8a01c1c36.jpg,images/train/d6/d6_Heavy_Equipment_4780_jpg.rf.eb46ba48f663c6fe53c938d81fdd14b2_a8a01c1c36.jpg,labels/val/d6/d6_Heavy_Equipment_4780_jpg.rf.eb46ba48f663c6fe53c938d81fdd14b2_a8a01c1c36.txt,labels/train/d6/d6_Heavy_Equipment_4780_jpg.rf.eb46ba48f663c6fe53c938d81fdd14b2_a8a01c1c36.txt,b45d9f7fa77a0ba807a99b984beaa4528a82934cf83ad9a8eb70fba16c8b5ac4,ad40db78450e700b50c9ca6045b1128a11afd87c1c92d2dc88ca3378775f0a31
4,d6,d6_r4_asset_0046,val,train,images/val/d6/d6_Heavy_Equipment_4426_jpg.rf.2498811acde1029e24bfb905648007f4_ad14053b33.jpg,images/train/d6/d6_Heavy_Equipment_4426_jpg.rf.2498811acde1029e24bfb905648007f4_ad14053b33.jpg,labels/val/d6/d6_Heavy_Equipment_4426_jpg.rf.2498811acde1029e24bfb905648007f4_ad14053b33.txt,labels/train/d6/d6_Heavy_Equipment_4426_jpg.rf.2498811acde1029e24bfb905648007f4_ad14053b33.txt,fc258ba054707d8e076766683ff1f9351619dd7f2d16b0491adac10f3d1cea32,6b47a5c753677d3248af228ae3f19289acb96525d6327e108910d81249ec1c88
4,d6,d6_r4_asset_0047,train,val,images/train/d6/d6_Heavy_Equipment_3154_jpg.rf.06648598602a02751392552b767bf21a_2a5ebd7dbb.jpg,images/val/d6/d6_Heavy_Equipment_3154_jpg.rf.06648598602a02751392552b767bf21a_2a5ebd7dbb.jpg,labels/train/d6/d6_Heavy_Equipment_3154_jpg.rf.06648598602a02751392552b767bf21a_2a5ebd7dbb.txt,labels/val/d6/d6_Heavy_Equipment_3154_jpg.rf.06648598602a02751392552b767bf21a_2a5ebd7dbb.txt,27be25a1d38547efae73016047749c83375c0f4814a7e5b2ab3846c4b5cf160f,69ed1a9fc7ba10d687e4e06a6c81b9237186c9937afc670854d561417c1b9ffe
4,d6,d6_r4_asset_0048,val,train,images/val/d6/d6_Heavy_Equipment_5132_jpg.rf.bf75df3d26294a7c26471c6a87c2b37c_cd62219b6e.jpg,images/train/d6/d6_Heavy_Equipment_5132_jpg.rf.bf75df3d26294a7c26471c6a87c2b37c_cd62219b6e.jpg,labels/val/d6/d6_Heavy_Equipment_5132_jpg.rf.bf75df3d26294a7c26471c6a87c2b37c_cd62219b6e.txt,labels/train/d6/d6_Heavy_Equipment_5132_jpg.rf.bf75df3d26294a7c26471c6a87c2b37c_cd62219b6e.txt,917783a3eb09fb4c82bd92184c4cea83b3f22ea008f69800fe9ae31faa0d874d,19769800463c581ee7a3fda3198b0ffaaf9530d9fd8edfb81a3ddf1c4abf305e
4,d6,d6_r4_asset_0049,val,train,images/val/d6/d6_Heavy_Equipment_4896_jpg.rf.87ee563cf9d3859a9ba81105da6c3446_e924b9682b.jpg,images/train/d6/d6_Heavy_Equipment_4896_jpg.rf.87ee563cf9d3859a9ba81105da6c3446_e924b9682b.jpg,labels/val/d6/d6_Heavy_Equipment_4896_jpg.rf.87ee563cf9d3859a9ba81105da6c3446_e924b9682b.txt,labels/train/d6/d6_Heavy_Equipment_4896_jpg.rf.87ee563cf9d3859a9ba81105da6c3446_e924b9682b.txt,c464a5e3d0592cace998a61591e9b81270b3cb4a458cb5029506b99d00a05afd,465baea7d657bbb577db4a53f1127bb2600b69133032ab2fdc6ba510722101bd
4,d6,d6_r4_asset_0050,train,val,images/train/d6/d6_Heavy_Equipment_3411_jpg.rf.12b74744fab58894cfb7fdcef213bab9_a6c0ba5f08.jpg,images/val/d6/d6_Heavy_Equipment_3411_jpg.rf.12b74744fab58894cfb7fdcef213bab9_a6c0ba5f08.jpg,labels/train/d6/d6_Heavy_Equipment_3411_jpg.rf.12b74744fab58894cfb7fdcef213bab9_a6c0ba5f08.txt,labels/val/d6/d6_Heavy_Equipment_3411_jpg.rf.12b74744fab58894cfb7fdcef213bab9_a6c0ba5f08.txt,9d4230783c2f8084770a605a8ebef2036fdd0c0acb1ac7a7dd1efb159b6090e2,d4b8af8499dfed56fb417b5bdf4484c1d973d71ae1ce34812e42903541607f0c
4,d6,d6_r4_asset_0051,val,train,images/val/d6/d6_Heavy_Equipment_4304_jpg.rf.bdf2c6d82ea345c57641600e63a495ec_dedb41d2ce.jpg,images/train/d6/d6_Heavy_Equipment_4304_jpg.rf.bdf2c6d82ea345c57641600e63a495ec_dedb41d2ce.jpg,labels/val/d6/d6_Heavy_Equipment_4304_jpg.rf.bdf2c6d82ea345c57641600e63a495ec_dedb41d2ce.txt,labels/train/d6/d6_Heavy_Equipment_4304_jpg.rf.bdf2c6d82ea345c57641600e63a495ec_dedb41d2ce.txt,ec25b13d2d45e75f2aff4d4e702e8124ee90f53d8d3b1e246ec19e6d3c907e04,581757bfe667aab616a23a00d852cd8eb527c0d67cf2ca3b4acaeffa722ffed9
4,d6,d6_r4_asset_0052,val,train,images/val/d6/d6_Heavy_Equipment_5164_jpg.rf.579e7af9aa40f66001647088aa35e177_4efac2f70b.jpg,images/train/d6/d6_Heavy_Equipment_5164_jpg.rf.579e7af9aa40f66001647088aa35e177_4efac2f70b.jpg,labels/val/d6/d6_Heavy_Equipment_5164_jpg.rf.579e7af9aa40f66001647088aa35e177_4efac2f70b.txt,labels/train/d6/d6_Heavy_Equipment_5164_jpg.rf.579e7af9aa40f66001647088aa35e177_4efac2f70b.txt,30b4d6aef77ba97e89b5301c9361a8bd9ee4ccedacc287354c3e9357c2731ac1,6bc314aed8d7f4c40011a29fd60659fd84f21570aec2d766a3a14581ccad8cdd
4,d6,d6_r4_asset_0053,train,val,images/train/d6/d6_Heavy_Equipment_3605_jpg.rf.b9be61c07c532b3bb29b98f5d98c40c2_c011647f2b.jpg,images/val/d6/d6_Heavy_Equipment_3605_jpg.rf.b9be61c07c532b3bb29b98f5d98c40c2_c011647f2b.jpg,labels/train/d6/d6_Heavy_Equipment_3605_jpg.rf.b9be61c07c532b3bb29b98f5d98c40c2_c011647f2b.txt,labels/val/d6/d6_Heavy_Equipment_3605_jpg.rf.b9be61c07c532b3bb29b98f5d98c40c2_c011647f2b.txt,4433dcf051f6e66581b1a5acaa65b43af5c2b913695c95f861e16166aaa526a9,271ffa68bf793f51f2e416b8a8f792a4f9b8e7c4ae37f60832aa2a7481d1fcbc
4,d6,d6_r4_asset_0054,val,train,images/val/d6/d6_Heavy_Equipment_5043_jpg.rf.9127cf1672e3e00a56da22d6f5351de6_d04868e318.jpg,images/train/d6/d6_Heavy_Equipment_5043_jpg.rf.9127cf1672e3e00a56da22d6f5351de6_d04868e318.jpg,labels/val/d6/d6_Heavy_Equipment_5043_jpg.rf.9127cf1672e3e00a56da22d6f5351de6_d04868e318.txt,labels/train/d6/d6_Heavy_Equipment_5043_jpg.rf.9127cf1672e3e00a56da22d6f5351de6_d04868e318.txt,0cc111d2700ad7e3ec115297c2c011f86a6001f830efb64e803f5109e5db412c,cf2b3c68ee5d018e3a4cc999744f0bf2ccf0941b513bac716cb109ce5fc62f04
4,d6,d6_r4_asset_0055,train,val,images/train/d6/d6_Heavy_Equipment_4186_jpg.rf.a88b10c04e0b35d76ce7d451916c8dbe_4c1b7f27a2.jpg,images/val/d6/d6_Heavy_Equipment_4186_jpg.rf.a88b10c04e0b35d76ce7d451916c8dbe_4c1b7f27a2.jpg,labels/train/d6/d6_Heavy_Equipment_4186_jpg.rf.a88b10c04e0b35d76ce7d451916c8dbe_4c1b7f27a2.txt,labels/val/d6/d6_Heavy_Equipment_4186_jpg.rf.a88b10c04e0b35d76ce7d451916c8dbe_4c1b7f27a2.txt,ee72c523f4f87d89547b6fdabb734fcb036e61a13f76dc2dbc61988ffccdd1a9,d17fec3382d197ad4b9eb3521e6015e7895778bb1f4d5e818be882f1c91cf73e
4,d6,d6_r4_asset_0056,train,val,images/train/d6/d6_Heavy_Equipment_4324_jpg.rf.c30d89bea37a17fa3211eac6a9e26166_5dcdb60ad4.jpg,images/val/d6/d6_Heavy_Equipment_4324_jpg.rf.c30d89bea37a17fa3211eac6a9e26166_5dcdb60ad4.jpg,labels/train/d6/d6_Heavy_Equipment_4324_jpg.rf.c30d89bea37a17fa3211eac6a9e26166_5dcdb60ad4.txt,labels/val/d6/d6_Heavy_Equipment_4324_jpg.rf.c30d89bea37a17fa3211eac6a9e26166_5dcdb60ad4.txt,3ff323be3e059776b1766e6afd0ee9d879f8519be051b73e1457b2127b3b261e,2c4c10c7b9066d1561930ea91e4876bee4c320b7fe9f4275a1fbbb5f1873da56
4,d6,d6_r4_asset_0057,train,val,images/train/d6/d6_Heavy_Equipment_4334_jpg.rf.398d45cf3be2be723291fcce87f970d5_605e561318.jpg,images/val/d6/d6_Heavy_Equipment_4334_jpg.rf.398d45cf3be2be723291fcce87f970d5_605e561318.jpg,labels/train/d6/d6_Heavy_Equipment_4334_jpg.rf.398d45cf3be2be723291fcce87f970d5_605e561318.txt,labels/val/d6/d6_Heavy_Equipment_4334_jpg.rf.398d45cf3be2be723291fcce87f970d5_605e561318.txt,bc3a32013d909b78630760af5d604b6b901a523873bd9d909654b7a83da9ca3d,e817faf4c97e5a457fa925593c475084e6a54ef3742d4150674f4a18ee84692b
4,d6,d6_r4_asset_0058,train,val,images/train/d6/d6_Heavy_Equipment_4382_jpg.rf.a0dbd396ca59145809c9a52855af7cde_0d75b070f3.jpg,images/val/d6/d6_Heavy_Equipment_4382_jpg.rf.a0dbd396ca59145809c9a52855af7cde_0d75b070f3.jpg,labels/train/d6/d6_Heavy_Equipment_4382_jpg.rf.a0dbd396ca59145809c9a52855af7cde_0d75b070f3.txt,labels/val/d6/d6_Heavy_Equipment_4382_jpg.rf.a0dbd396ca59145809c9a52855af7cde_0d75b070f3.txt,34229d59cf78a6b9436acdbfd00de4481a69ca924b181a4783cf2a6b3ba42840,0dd32eb445c29762f73ca930c7764bf84b451331b7e92b50f2be2219b5046b45
4,d6,d6_r4_asset_0059,train,val,images/train/d6/d6_Heavy_Equipment_4428_jpg.rf.c8c23459ea8c756a415ffaf1302bae77_c16c2c96e9.jpg,images/val/d6/d6_Heavy_Equipment_4428_jpg.rf.c8c23459ea8c756a415ffaf1302bae77_c16c2c96e9.jpg,labels/train/d6/d6_Heavy_Equipment_4428_jpg.rf.c8c23459ea8c756a415ffaf1302bae77_c16c2c96e9.txt,labels/val/d6/d6_Heavy_Equipment_4428_jpg.rf.c8c23459ea8c756a415ffaf1302bae77_c16c2c96e9.txt,7226541b897852a47ba35698d5c8926e320b9f1799c92feef03767fea1d3ccbc,34ed3a87dbeccbf37c530e63a17d13cb25bf20c84c64c9480c3e671bd10dab05
4,d6,d6_r4_asset_0060,train,val,images/train/d6/d6_Heavy_Equipment_444_jpg.rf.c4bdab8bb03005a1ab00f51974b03442_bf58202208.jpg,images/val/d6/d6_Heavy_Equipment_444_jpg.rf.c4bdab8bb03005a1ab00f51974b03442_bf58202208.jpg,labels/train/d6/d6_Heavy_Equipment_444_jpg.rf.c4bdab8bb03005a1ab00f51974b03442_bf58202208.txt,labels/val/d6/d6_Heavy_Equipment_444_jpg.rf.c4bdab8bb03005a1ab00f51974b03442_bf58202208.txt,b861c1c13ca2d8447151be07f93476334750799424402668cd183d432c5b127c,8c7f69833f46e9d911693ffd139fc536132ff129156963432848e8096fc90afd
4,d6,d6_r4_asset_0061,train,val,images/train/d6/d6_Heavy_Equipment_44_jpg.rf.077bb585708e237fbfe2a5bb3c4fe7c9_8bbd4b25a5.jpg,images/val/d6/d6_Heavy_Equipment_44_jpg.rf.077bb585708e237fbfe2a5bb3c4fe7c9_8bbd4b25a5.jpg,labels/train/d6/d6_Heavy_Equipment_44_jpg.rf.077bb585708e237fbfe2a5bb3c4fe7c9_8bbd4b25a5.txt,labels/val/d6/d6_Heavy_Equipment_44_jpg.rf.077bb585708e237fbfe2a5bb3c4fe7c9_8bbd4b25a5.txt,79537e9e1688ef3c8e2a4ebea05c03b998f47c2b283243a3e1d21981f9e25fec,40d00fffb20eeb35d72af063eb3e9c5ce2da73e67039a53f35239b5303d173d6
4,d6,d6_r4_asset_0062,train,val,images/train/d6/d6_Heavy_Equipment_4508_jpg.rf.fdf803bbcbc6d42027587b9db0c3ae52_6f62cf21cf.jpg,images/val/d6/d6_Heavy_Equipment_4508_jpg.rf.fdf803bbcbc6d42027587b9db0c3ae52_6f62cf21cf.jpg,labels/train/d6/d6_Heavy_Equipment_4508_jpg.rf.fdf803bbcbc6d42027587b9db0c3ae52_6f62cf21cf.txt,labels/val/d6/d6_Heavy_Equipment_4508_jpg.rf.fdf803bbcbc6d42027587b9db0c3ae52_6f62cf21cf.txt,2db518ff9760131167e463f637291ab5736b6c7882f3617a36c9ac390af779f8,c90d19ff425c188273664b6f7f442167da2d1e17694fb5b5498555f068f6a29c
4,d6,d6_r4_asset_0063,train,val,images/train/d6/d6_Heavy_Equipment_4562_jpg.rf.4914c05b5bbe91f53364d84a107544b5_1f3b28737a.jpg,images/val/d6/d6_Heavy_Equipment_4562_jpg.rf.4914c05b5bbe91f53364d84a107544b5_1f3b28737a.jpg,labels/train/d6/d6_Heavy_Equipment_4562_jpg.rf.4914c05b5bbe91f53364d84a107544b5_1f3b28737a.txt,labels/val/d6/d6_Heavy_Equipment_4562_jpg.rf.4914c05b5bbe91f53364d84a107544b5_1f3b28737a.txt,24917051a933d499dbf19d036be1b2156c6da5bb75ad6d0b0d2d77c2c84a8bda,8487e02428e355c3b6d2fbd6f002f68f13d3ba1db618d9db2b88a6f95e10e403
4,d6,d6_r4_asset_0064,val,train,images/val/d6/d6_Heavy_Equipment_3516_jpg.rf.e97092b4356bcba77d0bbb2201b379c4_aeb6104cc6.jpg,images/train/d6/d6_Heavy_Equipment_3516_jpg.rf.e97092b4356bcba77d0bbb2201b379c4_aeb6104cc6.jpg,labels/val/d6/d6_Heavy_Equipment_3516_jpg.rf.e97092b4356bcba77d0bbb2201b379c4_aeb6104cc6.txt,labels/train/d6/d6_Heavy_Equipment_3516_jpg.rf.e97092b4356bcba77d0bbb2201b379c4_aeb6104cc6.txt,ffa26d3928fcc86ccb5816253ec5f135f215656300bf7c460beda22171a6254b,df4e346d509de981af48a6da9e870816a66a462122f96196052677d546b81969
4,d6,d6_r4_asset_0065,train,val,images/train/d6/d6_Heavy_Equipment_4594_jpg.rf.d351b87f773b49e925f0ace205fd48ed_e3801754dc.jpg,images/val/d6/d6_Heavy_Equipment_4594_jpg.rf.d351b87f773b49e925f0ace205fd48ed_e3801754dc.jpg,labels/train/d6/d6_Heavy_Equipment_4594_jpg.rf.d351b87f773b49e925f0ace205fd48ed_e3801754dc.txt,labels/val/d6/d6_Heavy_Equipment_4594_jpg.rf.d351b87f773b49e925f0ace205fd48ed_e3801754dc.txt,6faadc51c543321747e0ca1719f9a8c6414816d1f7f4d2b8734b831e0484468c,0d295084c5149d68ed2d90984fa9b12a98ef2dde580d93739c27311b24d01b68
4,d6,d6_r4_asset_0066,train,val,images/train/d6/d6_Heavy_Equipment_4599_jpg.rf.dfeafc2bd339c2e447abdc683575da2f_54e9f0ffe0.jpg,images/val/d6/d6_Heavy_Equipment_4599_jpg.rf.dfeafc2bd339c2e447abdc683575da2f_54e9f0ffe0.jpg,labels/train/d6/d6_Heavy_Equipment_4599_jpg.rf.dfeafc2bd339c2e447abdc683575da2f_54e9f0ffe0.txt,labels/val/d6/d6_Heavy_Equipment_4599_jpg.rf.dfeafc2bd339c2e447abdc683575da2f_54e9f0ffe0.txt,a5be68453d7d2517bb6d4eeb205def968513f5b563d808a74ad2b623512780c1,f09da383a88f49fa81bb9521ce73e2700bcb33cc9b93ff05e18d837bb76913f6
4,d6,d6_r4_asset_0067,val,train,images/val/d6/d6_Heavy_Equipment_3512_jpg.rf.fac78bf13bc9e63b8eba0ef18e9b30bd_8d010361b3.jpg,images/train/d6/d6_Heavy_Equipment_3512_jpg.rf.fac78bf13bc9e63b8eba0ef18e9b30bd_8d010361b3.jpg,labels/val/d6/d6_Heavy_Equipment_3512_jpg.rf.fac78bf13bc9e63b8eba0ef18e9b30bd_8d010361b3.txt,labels/train/d6/d6_Heavy_Equipment_3512_jpg.rf.fac78bf13bc9e63b8eba0ef18e9b30bd_8d010361b3.txt,83e70b1a66adbfba025d6901d49271d258753f3701cd77b9c95202a0de2190f7,06099692baeb34267fdc7c99dda5929b0b4769540d568934e40234361bdeaa73
4,d6,d6_r4_asset_0068,train,val,images/train/d6/d6_Heavy_Equipment_4668_jpg.rf.49ef2008de8e8be5dc4718c3099c7df4_3dd7570112.jpg,images/val/d6/d6_Heavy_Equipment_4668_jpg.rf.49ef2008de8e8be5dc4718c3099c7df4_3dd7570112.jpg,labels/train/d6/d6_Heavy_Equipment_4668_jpg.rf.49ef2008de8e8be5dc4718c3099c7df4_3dd7570112.txt,labels/val/d6/d6_Heavy_Equipment_4668_jpg.rf.49ef2008de8e8be5dc4718c3099c7df4_3dd7570112.txt,41ff1c623b67c6581d1d9bde125324bc333971036f10d42d0db77710ae67a864,4b0cd88b199c0ae484e220139cfaea87087f788359e90294e4e984867e223bc0
4,d6,d6_r4_asset_0069,train,val,images/train/d6/d6_Heavy_Equipment_4698_jpg.rf.8ed50c26a2df8a1dfc9417198185cc30_e80efef5d9.jpg,images/val/d6/d6_Heavy_Equipment_4698_jpg.rf.8ed50c26a2df8a1dfc9417198185cc30_e80efef5d9.jpg,labels/train/d6/d6_Heavy_Equipment_4698_jpg.rf.8ed50c26a2df8a1dfc9417198185cc30_e80efef5d9.txt,labels/val/d6/d6_Heavy_Equipment_4698_jpg.rf.8ed50c26a2df8a1dfc9417198185cc30_e80efef5d9.txt,708e7a33efd617221f5c5004afab543d9f7d3e89d0b2fc98b01d1516a5527233,845d72f602e1b609d72bb17cf36758039c8e5b6fbfb3d289d86e62a980a36382
4,d6,d6_r4_asset_0070,val,train,images/val/d6/d6_Heavy_Equipment_4190_jpg.rf.9bcd76964801bcdaefe30c9cebeedcc2_e256c72884.jpg,images/train/d6/d6_Heavy_Equipment_4190_jpg.rf.9bcd76964801bcdaefe30c9cebeedcc2_e256c72884.jpg,labels/val/d6/d6_Heavy_Equipment_4190_jpg.rf.9bcd76964801bcdaefe30c9cebeedcc2_e256c72884.txt,labels/train/d6/d6_Heavy_Equipment_4190_jpg.rf.9bcd76964801bcdaefe30c9cebeedcc2_e256c72884.txt,6304800617a7af3d96f7bbfd8eeac741e640d7f663de7eff58f66c9e4ab2f7a0,b63f5a24a2d770feec5b370fea3d03fb46150b362662ca5130b1d1963913225a
4,d6,d6_r4_asset_0071,train,val,images/train/d6/d6_Heavy_Equipment_4825_jpg.rf.58fc473d1a1eba97600331fe1475ac0b_8cbcb98eb1.jpg,images/val/d6/d6_Heavy_Equipment_4825_jpg.rf.58fc473d1a1eba97600331fe1475ac0b_8cbcb98eb1.jpg,labels/train/d6/d6_Heavy_Equipment_4825_jpg.rf.58fc473d1a1eba97600331fe1475ac0b_8cbcb98eb1.txt,labels/val/d6/d6_Heavy_Equipment_4825_jpg.rf.58fc473d1a1eba97600331fe1475ac0b_8cbcb98eb1.txt,a2f7d100c69a5822521742eb09c2d5164abbb3a87bfff38d3a2e3d52241a6302,c9aca87cbf7419692383ee3cea6531680dcccb2da671a1fabcad81381de7fca9
4,d6,d6_r4_asset_0072,train,val,images/train/d6/d6_Heavy_Equipment_4978_jpg.rf.305d16a6cb0bb4500e6131063fbedf95_f7e1a64c55.jpg,images/val/d6/d6_Heavy_Equipment_4978_jpg.rf.305d16a6cb0bb4500e6131063fbedf95_f7e1a64c55.jpg,labels/train/d6/d6_Heavy_Equipment_4978_jpg.rf.305d16a6cb0bb4500e6131063fbedf95_f7e1a64c55.txt,labels/val/d6/d6_Heavy_Equipment_4978_jpg.rf.305d16a6cb0bb4500e6131063fbedf95_f7e1a64c55.txt,921e8b387211b80b188aa32332ca6fe206b214086643899adfdf06c22b5da1f8,7aaa79f0bd82f8d5a71846e7f7233820411b95bef2324fa47e5e5f126b5c3b05
4,d6,d6_r4_asset_0073,train,val,images/train/d6/d6_Heavy_Equipment_5046_jpg.rf.753f5ade188b2e24371ba6b71691e6e7_ba91b48d3f.jpg,images/val/d6/d6_Heavy_Equipment_5046_jpg.rf.753f5ade188b2e24371ba6b71691e6e7_ba91b48d3f.jpg,labels/train/d6/d6_Heavy_Equipment_5046_jpg.rf.753f5ade188b2e24371ba6b71691e6e7_ba91b48d3f.txt,labels/val/d6/d6_Heavy_Equipment_5046_jpg.rf.753f5ade188b2e24371ba6b71691e6e7_ba91b48d3f.txt,7878583bd97271fdca9c32b4cee9becb95452080af60384ce6e72c6ed4dd0f80,1ea7aabdb22fa1c1329965a6dd3756c553015189f1f2a4367c46d18fc766e7b6
4,d6,d6_r4_asset_0074,train,val,images/train/d6/d6_Heavy_Equipment_5056_jpg.rf.d19682eadd1b77ec7d4baad6d805a40c_95653a3cff.jpg,images/val/d6/d6_Heavy_Equipment_5056_jpg.rf.d19682eadd1b77ec7d4baad6d805a40c_95653a3cff.jpg,labels/train/d6/d6_Heavy_Equipment_5056_jpg.rf.d19682eadd1b77ec7d4baad6d805a40c_95653a3cff.txt,labels/val/d6/d6_Heavy_Equipment_5056_jpg.rf.d19682eadd1b77ec7d4baad6d805a40c_95653a3cff.txt,765bbc0c1ebed5aedf8fce43a3934189cf394378feb16fa69662eb482cfd5528,406b82729abca7d613068e4108f826479a9b8b9bfdfcd96ba73581ff062991bc
4,d6,d6_r4_asset_0075,train,val,images/train/d6/d6_Heavy_Equipment_5066_jpg.rf.0598fbb9373f4de8b91b0894f258ce0d_f04132e5b6.jpg,images/val/d6/d6_Heavy_Equipment_5066_jpg.rf.0598fbb9373f4de8b91b0894f258ce0d_f04132e5b6.jpg,labels/train/d6/d6_Heavy_Equipment_5066_jpg.rf.0598fbb9373f4de8b91b0894f258ce0d_f04132e5b6.txt,labels/val/d6/d6_Heavy_Equipment_5066_jpg.rf.0598fbb9373f4de8b91b0894f258ce0d_f04132e5b6.txt,7bac85560f0901881e9253460540bf85cb3c75e336d76483ddd661be373c4511,4ce1a9eeedd034dd88509950861247fb47077ddd63c39ea5b6491ce48758831e
4,d6,d6_r4_asset_0076,val,train,images/val/d6/d6_Heavy_Equipment_4239_jpg.rf.df2e918db952d3e7bc4fb59a43e02d34_a893252d71.jpg,images/train/d6/d6_Heavy_Equipment_4239_jpg.rf.df2e918db952d3e7bc4fb59a43e02d34_a893252d71.jpg,labels/val/d6/d6_Heavy_Equipment_4239_jpg.rf.df2e918db952d3e7bc4fb59a43e02d34_a893252d71.txt,labels/train/d6/d6_Heavy_Equipment_4239_jpg.rf.df2e918db952d3e7bc4fb59a43e02d34_a893252d71.txt,2e630a6069abb034cd355c8e4ca5ffb54650a555164d0e33d6cdaf8228662bf5,ff5f9652aee6cb11031c0686f5473425c26a79a506677da4c1cf3c89fb646193
4,d6,d6_r4_asset_0077,train,val,images/train/d6/d6_Heavy_Equipment_5123_jpg.rf.e616dc7db2b272425ee12b355b5c8185_a6402f59d4.jpg,images/val/d6/d6_Heavy_Equipment_5123_jpg.rf.e616dc7db2b272425ee12b355b5c8185_a6402f59d4.jpg,labels/train/d6/d6_Heavy_Equipment_5123_jpg.rf.e616dc7db2b272425ee12b355b5c8185_a6402f59d4.txt,labels/val/d6/d6_Heavy_Equipment_5123_jpg.rf.e616dc7db2b272425ee12b355b5c8185_a6402f59d4.txt,e53ddb5423ba5030439a6e752822e603513780dea6957a8508746c3ffe76136e,de52d57ed6402055c79f4f54e38463bc0181f7933ba042621f4323a1656b47f4
4,d6,d6_r4_asset_0078,val,train,images/val/d6/d6_Heavy_Equipment_5142_jpg.rf.ee16f62b3647414a3b85b5fa0fd02de5_9717b61f6c.jpg,images/train/d6/d6_Heavy_Equipment_5142_jpg.rf.ee16f62b3647414a3b85b5fa0fd02de5_9717b61f6c.jpg,labels/val/d6/d6_Heavy_Equipment_5142_jpg.rf.ee16f62b3647414a3b85b5fa0fd02de5_9717b61f6c.txt,labels/train/d6/d6_Heavy_Equipment_5142_jpg.rf.ee16f62b3647414a3b85b5fa0fd02de5_9717b61f6c.txt,41d958ae730f37fa994334a1944a24085ccc08335ca4cd341f26ac549fd1bd22,29590c2c8bc469fab6aaa113b7904b6d8c5fd3b1b68d2da4a397e06df5ce5bcf
4,d6,d6_r4_asset_0079,val,train,images/val/d6/d6_Heavy_Equipment_2616_jpg.rf.719f2fc48b0e9643f9a009e8fa8b31a9_8af00ed8d9.jpg,images/train/d6/d6_Heavy_Equipment_2616_jpg.rf.719f2fc48b0e9643f9a009e8fa8b31a9_8af00ed8d9.jpg,labels/val/d6/d6_Heavy_Equipment_2616_jpg.rf.719f2fc48b0e9643f9a009e8fa8b31a9_8af00ed8d9.txt,labels/train/d6/d6_Heavy_Equipment_2616_jpg.rf.719f2fc48b0e9643f9a009e8fa8b31a9_8af00ed8d9.txt,e657fb87e5d684b92b0a44f7366b593384754d1500d4c78639101a80a4ee6f33,e0dd06867b9d468f20a7503481a6f892951e25fca0098d6b99cc63da705a7e52
4,d6,d6_r4_asset_0080,val,train,images/val/d6/d6_Heavy_Equipment_4681_jpg.rf.6f255393960f151a8fbc22544de0784e_a93d27a086.jpg,images/train/d6/d6_Heavy_Equipment_4681_jpg.rf.6f255393960f151a8fbc22544de0784e_a93d27a086.jpg,labels/val/d6/d6_Heavy_Equipment_4681_jpg.rf.6f255393960f151a8fbc22544de0784e_a93d27a086.txt,labels/train/d6/d6_Heavy_Equipment_4681_jpg.rf.6f255393960f151a8fbc22544de0784e_a93d27a086.txt,09cc8232817469ae417fc732e0999ac01155881998f4897e72acec98af6ace30,3090bb701033b2cc3627f5b9dcf42c864620b9922c0e0dcd8265b0ccaf8477e2
4,d6,d6_r4_asset_0081,val,train,images/val/d6/d6_Heavy_Equipment_4601_jpg.rf.39f7d249d423e8c7c50424e7189f4aea_3477c1f318.jpg,images/train/d6/d6_Heavy_Equipment_4601_jpg.rf.39f7d249d423e8c7c50424e7189f4aea_3477c1f318.jpg,labels/val/d6/d6_Heavy_Equipment_4601_jpg.rf.39f7d249d423e8c7c50424e7189f4aea_3477c1f318.txt,labels/train/d6/d6_Heavy_Equipment_4601_jpg.rf.39f7d249d423e8c7c50424e7189f4aea_3477c1f318.txt,b166c82354ea9afc1e3339642758471569102302635129ffd39066c5255478bb,8fe22b4089d97d4128da443c3d04a9a3ace9e7aa89012a60ea8db9842216d1cd
4,d6,d6_r4_asset_0082,val,train,images/val/d6/d6_Heavy_Equipment_5155_jpg.rf.250ba64c8d59164d20354e64319c14dc_acbb73e237.jpg,images/train/d6/d6_Heavy_Equipment_5155_jpg.rf.250ba64c8d59164d20354e64319c14dc_acbb73e237.jpg,labels/val/d6/d6_Heavy_Equipment_5155_jpg.rf.250ba64c8d59164d20354e64319c14dc_acbb73e237.txt,labels/train/d6/d6_Heavy_Equipment_5155_jpg.rf.250ba64c8d59164d20354e64319c14dc_acbb73e237.txt,f09120a03279eb9ee8053134fb665487e177ea2171fa8f84ff3f55cfd68d1882,546cf52f02dd193af9a2cf130759c791f3b55e8e71fce93979df9753c0b5f16d
4,d6,d6_r4_asset_0083,train,val,images/train/d6/d6_Heavy_Equipment_6310_jpg.rf.f99ef17a8fdf34190f308204361ff78d_7b9effb67f.jpg,images/val/d6/d6_Heavy_Equipment_6310_jpg.rf.f99ef17a8fdf34190f308204361ff78d_7b9effb67f.jpg,labels/train/d6/d6_Heavy_Equipment_6310_jpg.rf.f99ef17a8fdf34190f308204361ff78d_7b9effb67f.txt,labels/val/d6/d6_Heavy_Equipment_6310_jpg.rf.f99ef17a8fdf34190f308204361ff78d_7b9effb67f.txt,17de537d725319b9ca5a20fb29d53cdc02a734c6c72786736e9cff412587bc91,3afc15f62a31555cb0d349083a94ce7ceca15ef880b99c01b4e05c2dae8e42a6
4,d6,d6_r4_asset_0084,val,train,images/val/d6/d6_M_B_Used-Truck-Mercedes-Axor-8X4-2022_141022_1_jpg.rf.ffb14343219921ba9d2fc855c5f45269_521ad8ed31.jpg,images/train/d6/d6_M_B_Used-Truck-Mercedes-Axor-8X4-2022_141022_1_jpg.rf.ffb14343219921ba9d2fc855c5f45269_521ad8ed31.jpg,labels/val/d6/d6_M_B_Used-Truck-Mercedes-Axor-8X4-2022_141022_1_jpg.rf.ffb14343219921ba9d2fc855c5f45269_521ad8ed31.txt,labels/train/d6/d6_M_B_Used-Truck-Mercedes-Axor-8X4-2022_141022_1_jpg.rf.ffb14343219921ba9d2fc855c5f45269_521ad8ed31.txt,2146d491338b0a4bc92f4096c0f0f32ff602d84597959502c33836977b0bc4d6,e340b350775852f09574f3bfeae40d4437b051ecc00ba25ec1ed19134a98fb31
4,d7,d7_r4_sequence_0001,train,test,images/train/d7/d7_0003104_jpg.rf.f469e43643d2225148935854bd2c0dbd_5e6fb14b19.jpg,images/test/d7/d7_0003104_jpg.rf.f469e43643d2225148935854bd2c0dbd_5e6fb14b19.jpg,labels/train/d7/d7_0003104_jpg.rf.f469e43643d2225148935854bd2c0dbd_5e6fb14b19.txt,labels/test/d7/d7_0003104_jpg.rf.f469e43643d2225148935854bd2c0dbd_5e6fb14b19.txt,bb00a1e7e131748a3be7fa33411ae5a86d1850a91cd752a2c795da9efe21943a,b27dfd6eb44209bf63a581bcd94fdb3ef471f06096f6b85a42b28c8b89e2a49b
4,d7,d7_r4_sequence_0002,train,test,images/train/d7/d7_0006067_jpg.rf.ac99ffcc359fc1c7918aed16a86baacc_c09b186be1.jpg,images/test/d7/d7_0006067_jpg.rf.ac99ffcc359fc1c7918aed16a86baacc_c09b186be1.jpg,labels/train/d7/d7_0006067_jpg.rf.ac99ffcc359fc1c7918aed16a86baacc_c09b186be1.txt,labels/test/d7/d7_0006067_jpg.rf.ac99ffcc359fc1c7918aed16a86baacc_c09b186be1.txt,314a6112768a87673a486b91df00e176eeea0247f559944787d472d8b4b14e4e,4af71ab4b9f6d1ced95656bba7c84219e96530622168245f03640e3df955f38f
4,d7,d7_r4_sequence_0003,train,test,images/train/d7/d7_0004340_jpg.rf.33fe4fa2c51be284d0c6ff51e1e042ee_3c782024b5.jpg,images/test/d7/d7_0004340_jpg.rf.33fe4fa2c51be284d0c6ff51e1e042ee_3c782024b5.jpg,labels/train/d7/d7_0004340_jpg.rf.33fe4fa2c51be284d0c6ff51e1e042ee_3c782024b5.txt,labels/test/d7/d7_0004340_jpg.rf.33fe4fa2c51be284d0c6ff51e1e042ee_3c782024b5.txt,153617225e1afab28c56a58a62effd159eab8b4a3f08fa5d138c67ec79309fa5,1784771985f72d00721a6508901aa72ece5b39ecefc4f710cfd7af2ec3779e13
4,d7,d7_r4_sequence_0004,train,test,images/train/d7/d7_0002436_jpg.rf.f2f7636c41d819a698d15c8b3d60ff12_6f36bbd74a.jpg,images/test/d7/d7_0002436_jpg.rf.f2f7636c41d819a698d15c8b3d60ff12_6f36bbd74a.jpg,labels/train/d7/d7_0002436_jpg.rf.f2f7636c41d819a698d15c8b3d60ff12_6f36bbd74a.txt,labels/test/d7/d7_0002436_jpg.rf.f2f7636c41d819a698d15c8b3d60ff12_6f36bbd74a.txt,e24d6d1fe8c62054e0ce2b424815ca4c71e25770e51b8209f15b6951327e5acf,b232545ce2dff92c1a1c70c32073d6708f29a2b195f27ef7f40222ba9102d1a5
4,d7,d7_r4_sequence_0005,test,val,images/test/d7/d7_0001026_jpg.rf.ec38743ac676d0e48942c9936fda0188_0cf5f8f00a.jpg,images/val/d7/d7_0001026_jpg.rf.ec38743ac676d0e48942c9936fda0188_0cf5f8f00a.jpg,labels/test/d7/d7_0001026_jpg.rf.ec38743ac676d0e48942c9936fda0188_0cf5f8f00a.txt,labels/val/d7/d7_0001026_jpg.rf.ec38743ac676d0e48942c9936fda0188_0cf5f8f00a.txt,a5c0cccec67a1b8427094ce6476f0559bccf2cd65093d11a917861016cd91b45,87697926db1fe9983779443defd334b3e0d28a53a1a0b962f4311da793b5e3f6
4,d7,d7_r4_sequence_0006,train,test,images/train/d7/d7_0002412_jpg.rf.0b73e9b5f33a8a0b65669e792064b128_bc3f8d56c4.jpg,images/test/d7/d7_0002412_jpg.rf.0b73e9b5f33a8a0b65669e792064b128_bc3f8d56c4.jpg,labels/train/d7/d7_0002412_jpg.rf.0b73e9b5f33a8a0b65669e792064b128_bc3f8d56c4.txt,labels/test/d7/d7_0002412_jpg.rf.0b73e9b5f33a8a0b65669e792064b128_bc3f8d56c4.txt,177bddd68334a31c34a7d90d82fbadb4edd0cfcd6ad7e1a5a01bc161e9afc0f0,3530d25384d8cd91975cc3d3ed1cae0f3240d6e7aa2d5d1aa8c482953f08aaaa
4,d7,d7_r4_sequence_0007,train,test,images/train/d7/d7_0002021_jpg.rf.3fc3db42b7aba5b03b1c578efad7d056_2815291852.jpg,images/test/d7/d7_0002021_jpg.rf.3fc3db42b7aba5b03b1c578efad7d056_2815291852.jpg,labels/train/d7/d7_0002021_jpg.rf.3fc3db42b7aba5b03b1c578efad7d056_2815291852.txt,labels/test/d7/d7_0002021_jpg.rf.3fc3db42b7aba5b03b1c578efad7d056_2815291852.txt,b8356cd2794084e44fd7afa13867505be2166a61c30c76deb5af58436c24c474,de15b26f5b805de33cd9d22b4ca0d87c4ed0a26e917ea9d179969914a494e7bc
4,d7,d7_r4_sequence_0008,test,train,images/test/d7/d7_0001548_jpg.rf.9b1551f64a53ddac4b5a454b82bc31e5_8555bf6e42.jpg,images/train/d7/d7_0001548_jpg.rf.9b1551f64a53ddac4b5a454b82bc31e5_8555bf6e42.jpg,labels/test/d7/d7_0001548_jpg.rf.9b1551f64a53ddac4b5a454b82bc31e5_8555bf6e42.txt,labels/train/d7/d7_0001548_jpg.rf.9b1551f64a53ddac4b5a454b82bc31e5_8555bf6e42.txt,1c6e9518e767ce6c8fe98051637628c776f36e0c7a99d072e52e9495ec7f2365,1847002f53f8e205ad00ddded3f83ac35e36976e15553b241a81a89014f5c04b
4,d7,d7_r4_sequence_0009,test,train,images/test/d7/d7_0001609_jpg.rf.d0305a3084c324c6f553521a15d35e43_c037aba1e0.jpg,images/train/d7/d7_0001609_jpg.rf.d0305a3084c324c6f553521a15d35e43_c037aba1e0.jpg,labels/test/d7/d7_0001609_jpg.rf.d0305a3084c324c6f553521a15d35e43_c037aba1e0.txt,labels/train/d7/d7_0001609_jpg.rf.d0305a3084c324c6f553521a15d35e43_c037aba1e0.txt,ae625cf8985d19f42ed10c057455013930b475f4dab0aad81fbe4e2263f9da79,b67564fec095519c200db172ec47d2894791b3c3783f9aa8ffcb08ca6b572b94
4,d7,d7_r4_sequence_0010,train,test,images/train/d7/d7_0004174_jpg.rf.e3a4cedf88805ad5b444ac3c6879bb84_177333b25f.jpg,images/test/d7/d7_0004174_jpg.rf.e3a4cedf88805ad5b444ac3c6879bb84_177333b25f.jpg,labels/train/d7/d7_0004174_jpg.rf.e3a4cedf88805ad5b444ac3c6879bb84_177333b25f.txt,labels/test/d7/d7_0004174_jpg.rf.e3a4cedf88805ad5b444ac3c6879bb84_177333b25f.txt,d6a09499131e57be46ce44201404bdfa85b16f7ab89394da4981645ee7c85bae,4d4ba8ce06cd94ad91a018f2e36e4785a10a5abe685b056eb6818447341b8d30
4,d7,d7_r4_sequence_0010,val,test,images/val/d7/d7_0003432_jpg.rf.e0859c1ccd040c02e4b3708c1baa320d_fc1540d2fe.jpg,images/test/d7/d7_0003432_jpg.rf.e0859c1ccd040c02e4b3708c1baa320d_fc1540d2fe.jpg,labels/val/d7/d7_0003432_jpg.rf.e0859c1ccd040c02e4b3708c1baa320d_fc1540d2fe.txt,labels/test/d7/d7_0003432_jpg.rf.e0859c1ccd040c02e4b3708c1baa320d_fc1540d2fe.txt,2aa85ae76b480630b095afec063f90ee474d5cdd9f4e72514bdde8ead6957c6c,93b3e4e63c41c3d80c3d6a2052964917493cdfc1ebd5860106e8843c1451ad39
4,d7,d7_r4_sequence_0011,test,train,images/test/d7/d7_0001965_jpg.rf.f18e8a28a5a4b05e3eb3474909f38ff8_0f33162d41.jpg,images/train/d7/d7_0001965_jpg.rf.f18e8a28a5a4b05e3eb3474909f38ff8_0f33162d41.jpg,labels/test/d7/d7_0001965_jpg.rf.f18e8a28a5a4b05e3eb3474909f38ff8_0f33162d41.txt,labels/train/d7/d7_0001965_jpg.rf.f18e8a28a5a4b05e3eb3474909f38ff8_0f33162d41.txt,5a0647047c79c9fc88cfa0661f1351eb28cd78ba113e584a6646c7290e474933,d8ba86c560ecb265c918696fcf671773a47e5021420ec8661bcb25e0a82db189
4,d7,d7_r4_sequence_0011,val,train,images/val/d7/d7_0002574_jpg.rf.d515a7a47ad00313e752433d4bda7800_0869492ca9.jpg,images/train/d7/d7_0002574_jpg.rf.d515a7a47ad00313e752433d4bda7800_0869492ca9.jpg,labels/val/d7/d7_0002574_jpg.rf.d515a7a47ad00313e752433d4bda7800_0869492ca9.txt,labels/train/d7/d7_0002574_jpg.rf.d515a7a47ad00313e752433d4bda7800_0869492ca9.txt,ff1768574ff16be5ed3267dafc019e4bc363f48c84c63ff813340d2dff134537,728e338717a0693179c8727192c8222f29684efd180cb5bf2e83714c25d7914b
4,d7,d7_r4_sequence_0011,val,train,images/val/d7/d7_0002795_jpg.rf.b69f8a72c93a91850109f2ce26378854_7a141a86ae.jpg,images/train/d7/d7_0002795_jpg.rf.b69f8a72c93a91850109f2ce26378854_7a141a86ae.jpg,labels/val/d7/d7_0002795_jpg.rf.b69f8a72c93a91850109f2ce26378854_7a141a86ae.txt,labels/train/d7/d7_0002795_jpg.rf.b69f8a72c93a91850109f2ce26378854_7a141a86ae.txt,24e921a4c2e93bd00293c76ae8607c7faded1750065a2b55d22dcb2c0e572a7a,cb42da65ff7a5b84439a93f3eb4e6541fe58cd6c983d60090915a19df6632f65
4,d7,d7_r4_sequence_0011,val,train,images/val/d7/d7_0006420_jpg.rf.265d09d9f06f079d257d5bb4ec7702cb_a891a77945.jpg,images/train/d7/d7_0006420_jpg.rf.265d09d9f06f079d257d5bb4ec7702cb_a891a77945.jpg,labels/val/d7/d7_0006420_jpg.rf.265d09d9f06f079d257d5bb4ec7702cb_a891a77945.txt,labels/train/d7/d7_0006420_jpg.rf.265d09d9f06f079d257d5bb4ec7702cb_a891a77945.txt,25664cde86569163266b4f9fed52451dc88c39d5c9cae8632dcf492607795781,39d10192d87eb1bd2bb538a4535af5b3ab0a8724ec615674247c7cabc52afc38
4,d7,d7_r4_sequence_0012,train,test,images/train/d7/d7_0001285_jpg.rf.a88c448927940c5923095cc9e8d8a38e_367e7b8465.jpg,images/test/d7/d7_0001285_jpg.rf.a88c448927940c5923095cc9e8d8a38e_367e7b8465.jpg,labels/train/d7/d7_0001285_jpg.rf.a88c448927940c5923095cc9e8d8a38e_367e7b8465.txt,labels/test/d7/d7_0001285_jpg.rf.a88c448927940c5923095cc9e8d8a38e_367e7b8465.txt,df6e393d54294bd520b4691714129a4c0f2651adeb3583b4fb319350dccf160b,6fcb4c6dcbf88702a8873ee7522d4f2b56d2cd3f315127b51d0127fa5cda730a
4,d7,d7_r4_sequence_0012,train,test,images/train/d7/d7_0001975_jpg.rf.2bd0e9af3e3cbd8e061f775fab989922_ab6b5bf842.jpg,images/test/d7/d7_0001975_jpg.rf.2bd0e9af3e3cbd8e061f775fab989922_ab6b5bf842.jpg,labels/train/d7/d7_0001975_jpg.rf.2bd0e9af3e3cbd8e061f775fab989922_ab6b5bf842.txt,labels/test/d7/d7_0001975_jpg.rf.2bd0e9af3e3cbd8e061f775fab989922_ab6b5bf842.txt,4be66818b74cbb1e3a2d8745f6f496c87fbcc1aa5ac830226242fc8dd678cf6f,3651d637356dd1ca66a404eb9102cb4b882f89010c495853143c8a7b4b05f4a2
4,d7,d7_r4_sequence_0013,test,train,images/test/d7/d7_0001993_jpg.rf.70f7a871200dff06c17e461a7508b8b4_8d3800afa4.jpg,images/train/d7/d7_0001993_jpg.rf.70f7a871200dff06c17e461a7508b8b4_8d3800afa4.jpg,labels/test/d7/d7_0001993_jpg.rf.70f7a871200dff06c17e461a7508b8b4_8d3800afa4.txt,labels/train/d7/d7_0001993_jpg.rf.70f7a871200dff06c17e461a7508b8b4_8d3800afa4.txt,8214825b089a1c3d3c6321fbb75802f9c14e022050a5ca5627e2ba15384f95d6,e6b6d050051aa625ea2c910edc39b18478e0e409daf0394533cd4e17df3346cf
4,d7,d7_r4_sequence_0014,test,train,images/test/d7/d7_0002122_jpg.rf.b4a10e573b443da65fc5ade5e0577b92_6103e9fb72.jpg,images/train/d7/d7_0002122_jpg.rf.b4a10e573b443da65fc5ade5e0577b92_6103e9fb72.jpg,labels/test/d7/d7_0002122_jpg.rf.b4a10e573b443da65fc5ade5e0577b92_6103e9fb72.txt,labels/train/d7/d7_0002122_jpg.rf.b4a10e573b443da65fc5ade5e0577b92_6103e9fb72.txt,32c1552aea82f919102559859995031beeff5c7d8c37e108fb5b6a2d35d52a6c,b70910194bbcb47f6f8213e1f04c8854e065766c42a3a6029f5895707148237b
4,d7,d7_r4_sequence_0015,test,train,images/test/d7/d7_0002684_jpg.rf.a805e2d5d64366ff8155d698e5b95880_d21faeb05a.jpg,images/train/d7/d7_0002684_jpg.rf.a805e2d5d64366ff8155d698e5b95880_d21faeb05a.jpg,labels/test/d7/d7_0002684_jpg.rf.a805e2d5d64366ff8155d698e5b95880_d21faeb05a.txt,labels/train/d7/d7_0002684_jpg.rf.a805e2d5d64366ff8155d698e5b95880_d21faeb05a.txt,f1aaadd87d582e26fb16bd216bcda2dd2bee314fcc27b7e1f9d34ed86603b3a9,7eec3689ea3396af18fea888aa473ca0b5821d08d25abc6cdb0864b8c797ffd1
4,d7,d7_r4_sequence_0016,train,test,images/train/d7/d7_0002113_jpg.rf.59dc01b44375c0b1edaffbfe90987249_773bddb259.jpg,images/test/d7/d7_0002113_jpg.rf.59dc01b44375c0b1edaffbfe90987249_773bddb259.jpg,labels/train/d7/d7_0002113_jpg.rf.59dc01b44375c0b1edaffbfe90987249_773bddb259.txt,labels/test/d7/d7_0002113_jpg.rf.59dc01b44375c0b1edaffbfe90987249_773bddb259.txt,1e479c2da83dbbddb6f20f57e1d15a08492f555b5ff453974f9150b2b06e2da9,700fc1825af50cef7b36b115f0f78ed87f4ec6b232fbdd092e39ce7e40768d70
4,d7,d7_r4_sequence_0017,test,train,images/test/d7/d7_0002866_jpg.rf.1268f6635d7d2dedd4b325c114b52c1a_e93e652e81.jpg,images/train/d7/d7_0002866_jpg.rf.1268f6635d7d2dedd4b325c114b52c1a_e93e652e81.jpg,labels/test/d7/d7_0002866_jpg.rf.1268f6635d7d2dedd4b325c114b52c1a_e93e652e81.txt,labels/train/d7/d7_0002866_jpg.rf.1268f6635d7d2dedd4b325c114b52c1a_e93e652e81.txt,e20c95f695a579b916e5617409171c496a820d1ca7a558c90f0c0e3080281a20,25fd61484e090a4a6d7c80a72770df6918c652af51adfee26b355d0c627215af
4,d7,d7_r4_sequence_0017,val,train,images/val/d7/d7_0000906_jpg.rf.6c486d02ee1a9cbf1f7addc57923a801_d0148782fa.jpg,images/train/d7/d7_0000906_jpg.rf.6c486d02ee1a9cbf1f7addc57923a801_d0148782fa.jpg,labels/val/d7/d7_0000906_jpg.rf.6c486d02ee1a9cbf1f7addc57923a801_d0148782fa.txt,labels/train/d7/d7_0000906_jpg.rf.6c486d02ee1a9cbf1f7addc57923a801_d0148782fa.txt,519476f1a508fd3d8e7bc695065b07ae4f7e5be43e6356005141ff62378c7260,fed0722af4ce7275dea2a68518cf3165ed69e2231c4d572de8b4583dc5a544e7
4,d7,d7_r4_sequence_0018,test,train,images/test/d7/d7_0003405_jpg.rf.7a35537796894a0fbe9c3bc6e8d54d5f_38f62c4ce9.jpg,images/train/d7/d7_0003405_jpg.rf.7a35537796894a0fbe9c3bc6e8d54d5f_38f62c4ce9.jpg,labels/test/d7/d7_0003405_jpg.rf.7a35537796894a0fbe9c3bc6e8d54d5f_38f62c4ce9.txt,labels/train/d7/d7_0003405_jpg.rf.7a35537796894a0fbe9c3bc6e8d54d5f_38f62c4ce9.txt,98c91cf69f8b413ee32d306999b3ae72fabf138c2cf44d6182da288d41914b37,469ab6c2c19e2213f2b13ecb04acec6c47e1b7b1ce9cf60bcc3ba64a033533f5
4,d7,d7_r4_sequence_0018,val,train,images/val/d7/d7_0000744_jpg.rf.3b27ddc0b6d45e7ca00ef9b22a7e50a3_33e6eae7c5.jpg,images/train/d7/d7_0000744_jpg.rf.3b27ddc0b6d45e7ca00ef9b22a7e50a3_33e6eae7c5.jpg,labels/val/d7/d7_0000744_jpg.rf.3b27ddc0b6d45e7ca00ef9b22a7e50a3_33e6eae7c5.txt,labels/train/d7/d7_0000744_jpg.rf.3b27ddc0b6d45e7ca00ef9b22a7e50a3_33e6eae7c5.txt,a2a0f953071e5a6678e3ba201abd13d8c486d4d736391be2900955281e24156d,65fada02eef27080e54d6cb32359442c1d19b571be4849ac9aab964c6d4353a7
4,d7,d7_r4_sequence_0019,test,train,images/test/d7/d7_0003497_jpg.rf.7006d125ab8a88f2aa003254d16bad70_6424b1024b.jpg,images/train/d7/d7_0003497_jpg.rf.7006d125ab8a88f2aa003254d16bad70_6424b1024b.jpg,labels/test/d7/d7_0003497_jpg.rf.7006d125ab8a88f2aa003254d16bad70_6424b1024b.txt,labels/train/d7/d7_0003497_jpg.rf.7006d125ab8a88f2aa003254d16bad70_6424b1024b.txt,950170d5f296f788f8a920525a7ec5f42781d4c58e81b2f781689161a556e97d,19c63f3a9f528877321ba7b579c9c7fe86bea7010ed53bc674e54a9a60eb37d8
4,d7,d7_r4_sequence_0020,train,test,images/train/d7/d7_0002283_jpg.rf.ace7984212c8c2e436c6dd6c6710db87_6556859dc0.jpg,images/test/d7/d7_0002283_jpg.rf.ace7984212c8c2e436c6dd6c6710db87_6556859dc0.jpg,labels/train/d7/d7_0002283_jpg.rf.ace7984212c8c2e436c6dd6c6710db87_6556859dc0.txt,labels/test/d7/d7_0002283_jpg.rf.ace7984212c8c2e436c6dd6c6710db87_6556859dc0.txt,d74680e5c463a8b92a54c060abd29b9bb47814a461cb8184d60fb4127516e380,8eb805c5526956c5f6b71cbb30d09bd44cd496c2004bd19a77778b06fd491a1b
4,d7,d7_r4_sequence_0021,test,val,images/test/d7/d7_0004041_jpg.rf.01b054c1a9c5e7b8f3e6c68ef8ae9e81_ffbee94cb6.jpg,images/val/d7/d7_0004041_jpg.rf.01b054c1a9c5e7b8f3e6c68ef8ae9e81_ffbee94cb6.jpg,labels/test/d7/d7_0004041_jpg.rf.01b054c1a9c5e7b8f3e6c68ef8ae9e81_ffbee94cb6.txt,labels/val/d7/d7_0004041_jpg.rf.01b054c1a9c5e7b8f3e6c68ef8ae9e81_ffbee94cb6.txt,1a00a679dd07e027b6981854b804fed8b9926255450f0c087619c81f225f91a3,95ac1d2ca5100812bbfec529e3d7d51b3f8c6ad11727e43a085f45b15301fb6e
4,d7,d7_r4_sequence_0022,test,val,images/test/d7/d7_0004103_jpg.rf.8bbc0c9158ecad8e342da4e6ec92b518_e32075c8bc.jpg,images/val/d7/d7_0004103_jpg.rf.8bbc0c9158ecad8e342da4e6ec92b518_e32075c8bc.jpg,labels/test/d7/d7_0004103_jpg.rf.8bbc0c9158ecad8e342da4e6ec92b518_e32075c8bc.txt,labels/val/d7/d7_0004103_jpg.rf.8bbc0c9158ecad8e342da4e6ec92b518_e32075c8bc.txt,828b077bc1daf92b2140eebbfe66cb3644675ea1e196d0755f9d5569e3636d3f,198cc57308a37a5db5531697509fd1575cc5150188f5e4fc8a121661f1e56886
4,d7,d7_r4_sequence_0023,test,val,images/test/d7/d7_0004343_jpg.rf.4e4269c6475b21bb97b88656f1560e64_f3616ba75b.jpg,images/val/d7/d7_0004343_jpg.rf.4e4269c6475b21bb97b88656f1560e64_f3616ba75b.jpg,labels/test/d7/d7_0004343_jpg.rf.4e4269c6475b21bb97b88656f1560e64_f3616ba75b.txt,labels/val/d7/d7_0004343_jpg.rf.4e4269c6475b21bb97b88656f1560e64_f3616ba75b.txt,4b946c9f1f2cdf0730529aa67caed15394a85a33e887afb0ce4c5daab650040e,8ea7f2dfc4b131a3634d7fd0b042e9b591fb9b20edf49f5836397f22d753e331
4,d7,d7_r4_sequence_0023,train,val,images/train/d7/d7_0000159_jpg.rf.00fd3a04de7ccc222e9e8853a619ce83_bc1e839cf5.jpg,images/val/d7/d7_0000159_jpg.rf.00fd3a04de7ccc222e9e8853a619ce83_bc1e839cf5.jpg,labels/train/d7/d7_0000159_jpg.rf.00fd3a04de7ccc222e9e8853a619ce83_bc1e839cf5.txt,labels/val/d7/d7_0000159_jpg.rf.00fd3a04de7ccc222e9e8853a619ce83_bc1e839cf5.txt,968d5f161d9c5dc0f743229cc94e5469a868885d36306a996eca942cb7a97856,07fb94a6d0ac140c0b05076f850f66b3161b860bebeb582f690007c33da74e20
4,d7,d7_r4_sequence_0024,train,test,images/train/d7/d7_0003089_jpg.rf.99836adfe19f8f1666865c8c85a9f51d_342e798e15.jpg,images/test/d7/d7_0003089_jpg.rf.99836adfe19f8f1666865c8c85a9f51d_342e798e15.jpg,labels/train/d7/d7_0003089_jpg.rf.99836adfe19f8f1666865c8c85a9f51d_342e798e15.txt,labels/test/d7/d7_0003089_jpg.rf.99836adfe19f8f1666865c8c85a9f51d_342e798e15.txt,61a3ca78bc12f1bf515c9fdf0c554b0a8cc547acc61bedf4fbbdac6532c867a4,0828456bbe5ed0594f16cf11c1a6a953f7cc4a4c02b59bb72fd49754daf8fe70
4,d7,d7_r4_sequence_0025,test,train,images/test/d7/d7_0004927_jpg.rf.d0877a8546f2a49b133f9d5f7423d289_98687df727.jpg,images/train/d7/d7_0004927_jpg.rf.d0877a8546f2a49b133f9d5f7423d289_98687df727.jpg,labels/test/d7/d7_0004927_jpg.rf.d0877a8546f2a49b133f9d5f7423d289_98687df727.txt,labels/train/d7/d7_0004927_jpg.rf.d0877a8546f2a49b133f9d5f7423d289_98687df727.txt,e4010a97b73bc847dd0e61816b42647c17075a6ab02701bda7b155994e5f4591,9ed8ec8bb99eb2cd1747d8c9b47483e8a6e0dffd05ca5e81c081980d8594b8ba
4,d7,d7_r4_sequence_0026,test,val,images/test/d7/d7_0005302_jpg.rf.6ac07a454716f84b6b9a150cd24fdaea_af51cb521c.jpg,images/val/d7/d7_0005302_jpg.rf.6ac07a454716f84b6b9a150cd24fdaea_af51cb521c.jpg,labels/test/d7/d7_0005302_jpg.rf.6ac07a454716f84b6b9a150cd24fdaea_af51cb521c.txt,labels/val/d7/d7_0005302_jpg.rf.6ac07a454716f84b6b9a150cd24fdaea_af51cb521c.txt,576e53c69fe86f2e6ed2b8167759e4ea4128fa19a781d55dddf3ad6774665919,65cb4a36c9dc995b66d860cf6bd87e261f4150d236ce02bc30978a20cbbf31b7
4,d7,d7_r4_sequence_0027,val,test,images/val/d7/d7_0006195_jpg.rf.11232f7c67f4fd9612d045d014ff9618_0042f58c8e.jpg,images/test/d7/d7_0006195_jpg.rf.11232f7c67f4fd9612d045d014ff9618_0042f58c8e.jpg,labels/val/d7/d7_0006195_jpg.rf.11232f7c67f4fd9612d045d014ff9618_0042f58c8e.txt,labels/test/d7/d7_0006195_jpg.rf.11232f7c67f4fd9612d045d014ff9618_0042f58c8e.txt,2f0acf9746c45db0e29dcb3f3dbf213b5eb1b98d2640365c598fec9827910c24,1d092427d40e0072f7545deec5badb2fbd7ef8c4c5b37d2effe3c11c2dd9b98d
4,d7,d7_r4_sequence_0028,test,val,images/test/d7/d7_0006285_jpg.rf.b7e3a2317cb22acebec391366daba1be_14df0c5b61.jpg,images/val/d7/d7_0006285_jpg.rf.b7e3a2317cb22acebec391366daba1be_14df0c5b61.jpg,labels/test/d7/d7_0006285_jpg.rf.b7e3a2317cb22acebec391366daba1be_14df0c5b61.txt,labels/val/d7/d7_0006285_jpg.rf.b7e3a2317cb22acebec391366daba1be_14df0c5b61.txt,0bc31cd715c24a512603b82d5fecd5e32858dc31106e4830953225f2c7e12a9f,d1c5b8570c65cbb8667c77a95152c0674dcf460c0be6321503ea2bd938748a10
4,d7,d7_r4_sequence_0028,train,val,images/train/d7/d7_0002813_jpg.rf.be4d4ccf636f15a2e4262de5df803470_0a6ade5156.jpg,images/val/d7/d7_0002813_jpg.rf.be4d4ccf636f15a2e4262de5df803470_0a6ade5156.jpg,labels/train/d7/d7_0002813_jpg.rf.be4d4ccf636f15a2e4262de5df803470_0a6ade5156.txt,labels/val/d7/d7_0002813_jpg.rf.be4d4ccf636f15a2e4262de5df803470_0a6ade5156.txt,1bc3c84ff72dfb200dbc31f30994870e769a65e51467fe276c4e6eaa81441352,da83d04155194eb8211b68e24ba32fb295237103f03d2339c6854706bdb780b4
4,d7,d7_r4_sequence_0029,train,test,images/train/d7/d7_0005955_jpg.rf.5d4a27d35f5861383c7f20ae59dc24c4_f485bd2452.jpg,images/test/d7/d7_0005955_jpg.rf.5d4a27d35f5861383c7f20ae59dc24c4_f485bd2452.jpg,labels/train/d7/d7_0005955_jpg.rf.5d4a27d35f5861383c7f20ae59dc24c4_f485bd2452.txt,labels/test/d7/d7_0005955_jpg.rf.5d4a27d35f5861383c7f20ae59dc24c4_f485bd2452.txt,86189639ceef4eea55040e1bec62440c0fcb98fe8ae1f2b668eddee0514fb5d2,729e6574ffccb21affd99ca9a8cd13772e9cffbc9e8bcd36ad1fd46620ecda30
4,d7,d7_r4_sequence_0029,val,test,images/val/d7/d7_0002808_jpg.rf.5f479293a7076a032a32adb3e9c98ec9_947892e4b3.jpg,images/test/d7/d7_0002808_jpg.rf.5f479293a7076a032a32adb3e9c98ec9_947892e4b3.jpg,labels/val/d7/d7_0002808_jpg.rf.5f479293a7076a032a32adb3e9c98ec9_947892e4b3.txt,labels/test/d7/d7_0002808_jpg.rf.5f479293a7076a032a32adb3e9c98ec9_947892e4b3.txt,6d0f847576fed3adaa442c190fd89bb5859419a14d7d141169e0df83c7840efb,ff1af1c7e40dd64c291e3ab8d91aa45801dd3ba8bacf2922d0f29612d75135b3
4,d7,d7_r4_sequence_0030,train,val,images/train/d7/d7_0000188_jpg.rf.b24da07d2f63ab250bbd39896f1b8034_863178d0e1.jpg,images/val/d7/d7_0000188_jpg.rf.b24da07d2f63ab250bbd39896f1b8034_863178d0e1.jpg,labels/train/d7/d7_0000188_jpg.rf.b24da07d2f63ab250bbd39896f1b8034_863178d0e1.txt,labels/val/d7/d7_0000188_jpg.rf.b24da07d2f63ab250bbd39896f1b8034_863178d0e1.txt,89a7644428ba1bd23af0d15d965698bc94d11849b154ce4fb223cbfd34d98af7,da582db8d120483740960e0da63cc643aa70f6a5ef6d0145332def9966daf295
4,d7,d7_r4_sequence_0031,train,val,images/train/d7/d7_0000216_jpg.rf.a82328a3dca4ac706cf6bc701bd775b7_5a036e7c38.jpg,images/val/d7/d7_0000216_jpg.rf.a82328a3dca4ac706cf6bc701bd775b7_5a036e7c38.jpg,labels/train/d7/d7_0000216_jpg.rf.a82328a3dca4ac706cf6bc701bd775b7_5a036e7c38.txt,labels/val/d7/d7_0000216_jpg.rf.a82328a3dca4ac706cf6bc701bd775b7_5a036e7c38.txt,943212390b2ced16ca2417bbde1d661872bd63b95d12f8cb4ef99ab5eda696d5,7ffbcb08dc1002dbedecffc4ecf99b75cf4b6170436c4252b9fd151c7edf2961
4,d7,d7_r4_sequence_0032,train,val,images/train/d7/d7_0000222_jpg.rf.2383c54f37e8b8189048d05980e47eb9_ce8b9b4108.jpg,images/val/d7/d7_0000222_jpg.rf.2383c54f37e8b8189048d05980e47eb9_ce8b9b4108.jpg,labels/train/d7/d7_0000222_jpg.rf.2383c54f37e8b8189048d05980e47eb9_ce8b9b4108.txt,labels/val/d7/d7_0000222_jpg.rf.2383c54f37e8b8189048d05980e47eb9_ce8b9b4108.txt,44a56bfc65baf99bc83dde0804b58af12bc0b2e8869024e14ea419b8d5a2e2e5,157e4d4850602cbe7eb2aa5c38d62dcd0dfc63680952acbed3384e37ed298553
4,d7,d7_r4_sequence_0033,train,val,images/train/d7/d7_0000233_jpg.rf.3f11c6313caea24351e7967ed3d88603_134dcd4eef.jpg,images/val/d7/d7_0000233_jpg.rf.3f11c6313caea24351e7967ed3d88603_134dcd4eef.jpg,labels/train/d7/d7_0000233_jpg.rf.3f11c6313caea24351e7967ed3d88603_134dcd4eef.txt,labels/val/d7/d7_0000233_jpg.rf.3f11c6313caea24351e7967ed3d88603_134dcd4eef.txt,04ac01fad39f142c64403e22ea73c0e56147664eda88e560c0df933d82e05db0,cf97724e611904d56ef657f84f531018f58c7a4af3ab1a7b21c6a37984a89f48
4,d7,d7_r4_sequence_0034,val,train,images/val/d7/d7_0000276_jpg.rf.6e8362d99df9b368bd4e7a7ae77238d0_d861ce4b9c.jpg,images/train/d7/d7_0000276_jpg.rf.6e8362d99df9b368bd4e7a7ae77238d0_d861ce4b9c.jpg,labels/val/d7/d7_0000276_jpg.rf.6e8362d99df9b368bd4e7a7ae77238d0_d861ce4b9c.txt,labels/train/d7/d7_0000276_jpg.rf.6e8362d99df9b368bd4e7a7ae77238d0_d861ce4b9c.txt,ba581e200ba9b5b8e55a2900d2566b920c529ddbc2aaa5b8de63995aee0b6f54,49e798ea8dcd9c8bf11c6514b6f01dfe809360ad48973ee40dde42be678313f4
4,d7,d7_r4_sequence_0035,val,train,images/val/d7/d7_0001875_jpg.rf.0b9327646804881e88423d8ee3543773_387489cb76.jpg,images/train/d7/d7_0001875_jpg.rf.0b9327646804881e88423d8ee3543773_387489cb76.jpg,labels/val/d7/d7_0001875_jpg.rf.0b9327646804881e88423d8ee3543773_387489cb76.txt,labels/train/d7/d7_0001875_jpg.rf.0b9327646804881e88423d8ee3543773_387489cb76.txt,0921f6aed36c61bccdf7131e6134dac139506c61c1492cc30256c74679e061bd,b1fa16bfc34f1125cca306387dff9c974512e472dba0354c3284984ee912c280
4,d7,d7_r4_sequence_0036,val,train,images/val/d7/d7_0004883_jpg.rf.f28a3ecc7bcca739f632565f551746fb_2df98ed151.jpg,images/train/d7/d7_0004883_jpg.rf.f28a3ecc7bcca739f632565f551746fb_2df98ed151.jpg,labels/val/d7/d7_0004883_jpg.rf.f28a3ecc7bcca739f632565f551746fb_2df98ed151.txt,labels/train/d7/d7_0004883_jpg.rf.f28a3ecc7bcca739f632565f551746fb_2df98ed151.txt,8e32803a2362f2356f9867d52bd50e4d03d05165c919090cf3ba41df5ec4e83a,3eb2ed9290e132a657015daa9cfbcee5fc2fc7bdf2f554f6217966cc09c8d316
4,d7,d7_r4_sequence_0037,val,train,images/val/d7/d7_0005976_jpg.rf.af1961c78606445fe481be9158772dea_705e9129f5.jpg,images/train/d7/d7_0005976_jpg.rf.af1961c78606445fe481be9158772dea_705e9129f5.jpg,labels/val/d7/d7_0005976_jpg.rf.af1961c78606445fe481be9158772dea_705e9129f5.txt,labels/train/d7/d7_0005976_jpg.rf.af1961c78606445fe481be9158772dea_705e9129f5.txt,f3688ef36d361b10d88d42f6cb619ed4e52785db68a49f7f632fbf1ba2437fad,cea8304392d5a1fee9ae38184fb0a1dff0e033ce353ed0a459a4ecd57d456860
4,d7,d7_r4_sequence_0038,val,train,images/val/d7/d7_0001143_jpg.rf.a38ae41722e18d71fcfee1451926d204_2edbc2e55e.jpg,images/train/d7/d7_0001143_jpg.rf.a38ae41722e18d71fcfee1451926d204_2edbc2e55e.jpg,labels/val/d7/d7_0001143_jpg.rf.a38ae41722e18d71fcfee1451926d204_2edbc2e55e.txt,labels/train/d7/d7_0001143_jpg.rf.a38ae41722e18d71fcfee1451926d204_2edbc2e55e.txt,8d155f8a2c55c6f0cd2c51e9e8e2cbbcfca0baa3538dfeaa995ab6276ce2ad66,61a6bd47c6b43aac2f5413f49ed1d5ffa8d5f99ec8c8d46e2a33b36afa439182
4,d7,d7_r4_sequence_0039,train,val,images/train/d7/d7_0001540_jpg.rf.2f13338ef7871ddcad540b6435b72e99_74ffa21956.jpg,images/val/d7/d7_0001540_jpg.rf.2f13338ef7871ddcad540b6435b72e99_74ffa21956.jpg,labels/train/d7/d7_0001540_jpg.rf.2f13338ef7871ddcad540b6435b72e99_74ffa21956.txt,labels/val/d7/d7_0001540_jpg.rf.2f13338ef7871ddcad540b6435b72e99_74ffa21956.txt,a350244b07c2565bc748e31b9fcd53efad6d63a9ccaebfe3d8487f531673701b,8b522cfd5a2d28e5a0684ce60a8fa19d618627287a835f253296823642c3f3b4
4,d7,d7_r4_sequence_0040,val,train,images/val/d7/d7_0004887_jpg.rf.8219ff0ac93ab47270943d5f24410d3d_b848ff309b.jpg,images/train/d7/d7_0004887_jpg.rf.8219ff0ac93ab47270943d5f24410d3d_b848ff309b.jpg,labels/val/d7/d7_0004887_jpg.rf.8219ff0ac93ab47270943d5f24410d3d_b848ff309b.txt,labels/train/d7/d7_0004887_jpg.rf.8219ff0ac93ab47270943d5f24410d3d_b848ff309b.txt,f586085098987515981208d364203e21fb958d89f86252b42ebe57e786abdb92,271fdb2573b48a7ea418a8bb86f68f3e665995a8740d6de10a49290770cb1c06
4,d7,d7_r4_sequence_0041,val,train,images/val/d7/d7_0002045_jpg.rf.9954f7deb386f6e8df553d4b04203cf5_957590cc51.jpg,images/train/d7/d7_0002045_jpg.rf.9954f7deb386f6e8df553d4b04203cf5_957590cc51.jpg,labels/val/d7/d7_0002045_jpg.rf.9954f7deb386f6e8df553d4b04203cf5_957590cc51.txt,labels/train/d7/d7_0002045_jpg.rf.9954f7deb386f6e8df553d4b04203cf5_957590cc51.txt,eff4131e2781ea2cf7777a838e098c5fde0948d6e4295cd8530cfdb6e1625ade,7a65016c7168b677a4bd1ffe60b890ba606366d8033d0730c75e2f94bfbef374
4,d7,d7_r4_sequence_0042,train,val,images/train/d7/d7_0002622_jpg.rf.5f280290807296e9d7c0552e84fef80a_3f5973470e.jpg,images/val/d7/d7_0002622_jpg.rf.5f280290807296e9d7c0552e84fef80a_3f5973470e.jpg,labels/train/d7/d7_0002622_jpg.rf.5f280290807296e9d7c0552e84fef80a_3f5973470e.txt,labels/val/d7/d7_0002622_jpg.rf.5f280290807296e9d7c0552e84fef80a_3f5973470e.txt,704b910add3f1dfd806690b81b46c618b3834a2ea7847dcee30d8c1e30014cbc,bbf3fbff12e4d6947acc3e04fd85d99f6c7dd8e53c3f72bb8d3737148c16edad
4,d7,d7_r4_sequence_0043,val,train,images/val/d7/d7_0000420_jpg.rf.e22acdd9c1a69ad4952bda435f5cfdb4_a5aa6cac4a.jpg,images/train/d7/d7_0000420_jpg.rf.e22acdd9c1a69ad4952bda435f5cfdb4_a5aa6cac4a.jpg,labels/val/d7/d7_0000420_jpg.rf.e22acdd9c1a69ad4952bda435f5cfdb4_a5aa6cac4a.txt,labels/train/d7/d7_0000420_jpg.rf.e22acdd9c1a69ad4952bda435f5cfdb4_a5aa6cac4a.txt,e75ddf322555033e9ceb0ece387ebbea6a8ef75a29a0001cffab7ed06bd54fae,b0c201505752953d05360fd6fefe4b70b03e3ddd541349a4b557fb5b26912f13
4,d7,d7_r4_sequence_0044,train,val,images/train/d7/d7_0002717_jpg.rf.fe9efafdd280e4e0e3946cc611178b2d_3a3e6c2cfa.jpg,images/val/d7/d7_0002717_jpg.rf.fe9efafdd280e4e0e3946cc611178b2d_3a3e6c2cfa.jpg,labels/train/d7/d7_0002717_jpg.rf.fe9efafdd280e4e0e3946cc611178b2d_3a3e6c2cfa.txt,labels/val/d7/d7_0002717_jpg.rf.fe9efafdd280e4e0e3946cc611178b2d_3a3e6c2cfa.txt,061a12e64d2d5baaf5b3d6580f50c6a82448de2219301f9c4bc30fe23c6ff3e2,331aaa3b2aa56fbcc17019d20bffd3143659e8fabb2a745da44382a2a433a96f
4,d7,d7_r4_sequence_0045,val,train,images/val/d7/d7_0003154_jpg.rf.939b4236cdfc091948b0e131dcf393aa_ed594e7982.jpg,images/train/d7/d7_0003154_jpg.rf.939b4236cdfc091948b0e131dcf393aa_ed594e7982.jpg,labels/val/d7/d7_0003154_jpg.rf.939b4236cdfc091948b0e131dcf393aa_ed594e7982.txt,labels/train/d7/d7_0003154_jpg.rf.939b4236cdfc091948b0e131dcf393aa_ed594e7982.txt,74155c927780938212c138caca7ce6e69382f1f65bba629e9551b05dc243e2c7,815a6835a38491782b973c786d4e269b78dad0d80579f77c6da5b0724f4faa0d
4,d7,d7_r4_sequence_0046,train,val,images/train/d7/d7_0002868_jpg.rf.9ca8d9174690ba9955e647a75aaa4676_483f390d3b.jpg,images/val/d7/d7_0002868_jpg.rf.9ca8d9174690ba9955e647a75aaa4676_483f390d3b.jpg,labels/train/d7/d7_0002868_jpg.rf.9ca8d9174690ba9955e647a75aaa4676_483f390d3b.txt,labels/val/d7/d7_0002868_jpg.rf.9ca8d9174690ba9955e647a75aaa4676_483f390d3b.txt,23a2ae190ecd7042e0caffc0f4efa5ce62a5281f780a517877dc2b024064518b,7a1e310ceaa9d7d88d6394cfa099e6ecc3d789a72d12ce7ee47c1a8bd5fd0f0b
4,d7,d7_r4_sequence_0047,val,train,images/val/d7/d7_0006318_jpg.rf.a879309ed98fc7144a3470d4d653ab6b_b916ec36f0.jpg,images/train/d7/d7_0006318_jpg.rf.a879309ed98fc7144a3470d4d653ab6b_b916ec36f0.jpg,labels/val/d7/d7_0006318_jpg.rf.a879309ed98fc7144a3470d4d653ab6b_b916ec36f0.txt,labels/train/d7/d7_0006318_jpg.rf.a879309ed98fc7144a3470d4d653ab6b_b916ec36f0.txt,167ffcb4970594f05116015e26d031e873a7c9a486b86fcb2e2e64a2c3b90480,a2288662cce6b0a20736dcb7a28bb56f6dc77023072585e2ac4cf3ea59b84a11
4,d7,d7_r4_sequence_0048,train,val,images/train/d7/d7_0003248_jpg.rf.7d257df80e0fd1960130465ec6a9cd31_80f97f8eb6.jpg,images/val/d7/d7_0003248_jpg.rf.7d257df80e0fd1960130465ec6a9cd31_80f97f8eb6.jpg,labels/train/d7/d7_0003248_jpg.rf.7d257df80e0fd1960130465ec6a9cd31_80f97f8eb6.txt,labels/val/d7/d7_0003248_jpg.rf.7d257df80e0fd1960130465ec6a9cd31_80f97f8eb6.txt,d1914f8a22fd7bb78db8e62f7fc28920aa2748765b8bbb6527aea9edea8b5fe3,a1183a7d097494666cc0c1e65c8e90737c8ab39ae7888fca60380c475c1223f0
4,d7,d7_r4_sequence_0049,train,val,images/train/d7/d7_0003515_jpg.rf.5b05c9a5dec77df09217c35e2c1c35ae_4bd47b10ed.jpg,images/val/d7/d7_0003515_jpg.rf.5b05c9a5dec77df09217c35e2c1c35ae_4bd47b10ed.jpg,labels/train/d7/d7_0003515_jpg.rf.5b05c9a5dec77df09217c35e2c1c35ae_4bd47b10ed.txt,labels/val/d7/d7_0003515_jpg.rf.5b05c9a5dec77df09217c35e2c1c35ae_4bd47b10ed.txt,697bedcd1c9cdada48d45d38c6d7ca35e6c7d1d98ff28d925e8ccba35d68703a,b2a7f92e843c4271e7ff7c77fae6ce0a62621853904abfae33e8f2dbb1f3f6df
4,d7,d7_r4_sequence_0050,train,val,images/train/d7/d7_0003743_jpg.rf.8c74cfaeb2c1c108ddadd4db50f5b445_e086d8431c.jpg,images/val/d7/d7_0003743_jpg.rf.8c74cfaeb2c1c108ddadd4db50f5b445_e086d8431c.jpg,labels/train/d7/d7_0003743_jpg.rf.8c74cfaeb2c1c108ddadd4db50f5b445_e086d8431c.txt,labels/val/d7/d7_0003743_jpg.rf.8c74cfaeb2c1c108ddadd4db50f5b445_e086d8431c.txt,93d3173eb6e53dbe9ab11678ecb0913264a438e717bb171a7787603f869ee41f,b12e1d7a175303dbf20ff7b179a3ed26ccd72920a4eddb5d52e37d90ad1ac717
4,d7,d7_r4_sequence_0051,val,train,images/val/d7/d7_0005502_jpg.rf.b73260232e1a5690ff6f2e188e05de70_b537a94780.jpg,images/train/d7/d7_0005502_jpg.rf.b73260232e1a5690ff6f2e188e05de70_b537a94780.jpg,labels/val/d7/d7_0005502_jpg.rf.b73260232e1a5690ff6f2e188e05de70_b537a94780.txt,labels/train/d7/d7_0005502_jpg.rf.b73260232e1a5690ff6f2e188e05de70_b537a94780.txt,bba80babea55b8ba90295fe68057adf9bfe0b479ab0f26e6c20dd87bbcc0f7db,e74772471bf60c25901965148a068307c3c3915f100fce812fb4a360eed94945
4,d7,d7_r4_sequence_0052,val,train,images/val/d7/d7_0004186_jpg.rf.648e1c61d9e10fd8046aacaa9ee4558c_aaa897bb67.jpg,images/train/d7/d7_0004186_jpg.rf.648e1c61d9e10fd8046aacaa9ee4558c_aaa897bb67.jpg,labels/val/d7/d7_0004186_jpg.rf.648e1c61d9e10fd8046aacaa9ee4558c_aaa897bb67.txt,labels/train/d7/d7_0004186_jpg.rf.648e1c61d9e10fd8046aacaa9ee4558c_aaa897bb67.txt,d88709171cdd797e06deedfb054caeaff14f7fc234453d0966fd403b72456c16,f272ef5f32143e0c26a41cbf947a41311f1d829f883a1f1fe0e2b4cbdf8136c1
4,d7,d7_r4_sequence_0053,val,train,images/val/d7/d7_0003516_jpg.rf.668825c8c427d925f4e480473535fb8d_d106a932bb.jpg,images/train/d7/d7_0003516_jpg.rf.668825c8c427d925f4e480473535fb8d_d106a932bb.jpg,labels/val/d7/d7_0003516_jpg.rf.668825c8c427d925f4e480473535fb8d_d106a932bb.txt,labels/train/d7/d7_0003516_jpg.rf.668825c8c427d925f4e480473535fb8d_d106a932bb.txt,43fd703408168e9a874019fb2e061f5b60ed659f34f7ee744ea78b16774e53fb,620ffb9abe8787e12b74b9ba6c1a545b574d2e5e9c77bc6ddf9b335d7f3ff0d7
4,d7,d7_r4_sequence_0054,val,train,images/val/d7/d7_0001936_jpg.rf.782e2a4644331779762da9d62519510c_d3df3611cf.jpg,images/train/d7/d7_0001936_jpg.rf.782e2a4644331779762da9d62519510c_d3df3611cf.jpg,labels/val/d7/d7_0001936_jpg.rf.782e2a4644331779762da9d62519510c_d3df3611cf.txt,labels/train/d7/d7_0001936_jpg.rf.782e2a4644331779762da9d62519510c_d3df3611cf.txt,3d2b802af7998c3bd3eb08a0e34bfd79eee83e27ae37b6015ed4d95cfa3415a0,835e3af9bf49fb2b20d7be65ce2406e5303e068b5f5943b92804ef93c40f7e55
4,d7,d7_r4_sequence_0055,train,val,images/train/d7/d7_0004443_jpg.rf.518aa38af2e5c40f9fa885f30226ef25_de5e8ca8f4.jpg,images/val/d7/d7_0004443_jpg.rf.518aa38af2e5c40f9fa885f30226ef25_de5e8ca8f4.jpg,labels/train/d7/d7_0004443_jpg.rf.518aa38af2e5c40f9fa885f30226ef25_de5e8ca8f4.txt,labels/val/d7/d7_0004443_jpg.rf.518aa38af2e5c40f9fa885f30226ef25_de5e8ca8f4.txt,0caae6618423fada965503d508ab680dacebe6d9b29db05d3299032c7edd0d1b,abc5d2011599f1eebe869fcc0ba6fdda0c50b8f51426f881f88732f12850d8d6
4,d7,d7_r4_sequence_0056,train,val,images/train/d7/d7_0004470_jpg.rf.80e42bc40169651631bf183668d311b4_11879706fe.jpg,images/val/d7/d7_0004470_jpg.rf.80e42bc40169651631bf183668d311b4_11879706fe.jpg,labels/train/d7/d7_0004470_jpg.rf.80e42bc40169651631bf183668d311b4_11879706fe.txt,labels/val/d7/d7_0004470_jpg.rf.80e42bc40169651631bf183668d311b4_11879706fe.txt,d468bfa3dce4513a5db65fa9ed224ef39730893ccb444aa6d23e5e6789962712,0c63a10b1e4aa9d680292c906b14f41d9f6a3e474c21a852522ab9a0aa6c24c2
4,d7,d7_r4_sequence_0057,val,train,images/val/d7/d7_0003686_jpg.rf.66ffc9372764f7c51c274898aed4d241_0da0bdb573.jpg,images/train/d7/d7_0003686_jpg.rf.66ffc9372764f7c51c274898aed4d241_0da0bdb573.jpg,labels/val/d7/d7_0003686_jpg.rf.66ffc9372764f7c51c274898aed4d241_0da0bdb573.txt,labels/train/d7/d7_0003686_jpg.rf.66ffc9372764f7c51c274898aed4d241_0da0bdb573.txt,281c9ad5071184a8f1a106c86f9e8be97b0dba163fece43ca149a5cdd109c48b,cef6c38ab79b496e38466f58e3d7a587da4bd16093997d3117d88f5380f8b451
4,d7,d7_r4_sequence_0058,val,train,images/val/d7/d7_0000186_jpg.rf.76adfe42f46bb3f0c3ff3503e82981ab_5bb15c392c.jpg,images/train/d7/d7_0000186_jpg.rf.76adfe42f46bb3f0c3ff3503e82981ab_5bb15c392c.jpg,labels/val/d7/d7_0000186_jpg.rf.76adfe42f46bb3f0c3ff3503e82981ab_5bb15c392c.txt,labels/train/d7/d7_0000186_jpg.rf.76adfe42f46bb3f0c3ff3503e82981ab_5bb15c392c.txt,46f023bbd3e71fda7deda295e0e138db012b5423e83cba81e84cd05f60cfd40a,e5df9157455de75614373bb057077d45ba9c5eaa07293333aea3b5e6e3540fd6
4,d7,d7_r4_sequence_0059,val,train,images/val/d7/d7_0003945_jpg.rf.c9b1b0c650de9f88ea94ba298ce94e5b_84491852f9.jpg,images/train/d7/d7_0003945_jpg.rf.c9b1b0c650de9f88ea94ba298ce94e5b_84491852f9.jpg,labels/val/d7/d7_0003945_jpg.rf.c9b1b0c650de9f88ea94ba298ce94e5b_84491852f9.txt,labels/train/d7/d7_0003945_jpg.rf.c9b1b0c650de9f88ea94ba298ce94e5b_84491852f9.txt,48b0c398d1018d942019b13aab164946be0172af67ba71f1d4144767df75bb9e,c874c6c2c20295de3db33bcfbd9ff1dcb1244ff9e87f489f6474f12caad26546
4,d7,d7_r4_sequence_0060,train,val,images/train/d7/d7_0004973_jpg.rf.ac0ec15467c2051eeb8a67c507190809_aa9d3389c8.jpg,images/val/d7/d7_0004973_jpg.rf.ac0ec15467c2051eeb8a67c507190809_aa9d3389c8.jpg,labels/train/d7/d7_0004973_jpg.rf.ac0ec15467c2051eeb8a67c507190809_aa9d3389c8.txt,labels/val/d7/d7_0004973_jpg.rf.ac0ec15467c2051eeb8a67c507190809_aa9d3389c8.txt,b03d89e57cc50d2a69337e80ed99d7ccc6fa807d5e868097f8f6a4ef28fe975e,45995620b68182f9a80d4ebffa38db39d8262731dc7513755501cf64919df190
4,d7,d7_r4_sequence_0060,train,val,images/train/d7/d7_0005233_jpg.rf.a08827c777418304e29a9ba3faa37aec_9ff9eae8bb.jpg,images/val/d7/d7_0005233_jpg.rf.a08827c777418304e29a9ba3faa37aec_9ff9eae8bb.jpg,labels/train/d7/d7_0005233_jpg.rf.a08827c777418304e29a9ba3faa37aec_9ff9eae8bb.txt,labels/val/d7/d7_0005233_jpg.rf.a08827c777418304e29a9ba3faa37aec_9ff9eae8bb.txt,2c963f6e7ba2336e516e406a75638d4dfb2c67f88e88e192681f999d7013654e,ab40d400983a675f5ef089f8b5b33404e05ac76c7c0f97a36381eb7f4cf33542
4,d7,d7_r4_sequence_0061,val,train,images/val/d7/d7_0002735_jpg.rf.a9a92119b76eb45446f5f7079b0fbf9d_50e5c06867.jpg,images/train/d7/d7_0002735_jpg.rf.a9a92119b76eb45446f5f7079b0fbf9d_50e5c06867.jpg,labels/val/d7/d7_0002735_jpg.rf.a9a92119b76eb45446f5f7079b0fbf9d_50e5c06867.txt,labels/train/d7/d7_0002735_jpg.rf.a9a92119b76eb45446f5f7079b0fbf9d_50e5c06867.txt,37409e106e4b51841abec280b2ff0ebb78d0aac7c1edc96de281cda1778d0bde,c0fbef9c10f43103b060bec160a5f9829d0bea81553aceaac6d12cafd6e97443
4,d7,d7_r4_sequence_0062,train,val,images/train/d7/d7_0005100_jpg.rf.b52a64628591055f81f81a4568537a29_6a8bb18fc4.jpg,images/val/d7/d7_0005100_jpg.rf.b52a64628591055f81f81a4568537a29_6a8bb18fc4.jpg,labels/train/d7/d7_0005100_jpg.rf.b52a64628591055f81f81a4568537a29_6a8bb18fc4.txt,labels/val/d7/d7_0005100_jpg.rf.b52a64628591055f81f81a4568537a29_6a8bb18fc4.txt,c42a42b781accebee85c8c6cc53e19d2106c20c5895c17b84ef4116c4697ee62,b2e9f6556516aa23292b5953ca570f62cdcf6d3173cae9715bc8d6e8518f99e4
4,d7,d7_r4_sequence_0063,val,train,images/val/d7/d7_0003444_jpg.rf.0d53073965e07bc7cb2db94366e03d28_07894a2745.jpg,images/train/d7/d7_0003444_jpg.rf.0d53073965e07bc7cb2db94366e03d28_07894a2745.jpg,labels/val/d7/d7_0003444_jpg.rf.0d53073965e07bc7cb2db94366e03d28_07894a2745.txt,labels/train/d7/d7_0003444_jpg.rf.0d53073965e07bc7cb2db94366e03d28_07894a2745.txt,3623bf53a1213701c76764ffdeaf76bdf0b94ce06f32285b65d5a20f49ab0b19,2cf9f737675e36e683391e7c9192fb56d6099fec16943eed280e5550c2907bb3
4,d7,d7_r4_sequence_0064,train,val,images/train/d7/d7_0005213_jpg.rf.1454eda0fa42e357c5a1295ec2ecc9af_15a8570f41.jpg,images/val/d7/d7_0005213_jpg.rf.1454eda0fa42e357c5a1295ec2ecc9af_15a8570f41.jpg,labels/train/d7/d7_0005213_jpg.rf.1454eda0fa42e357c5a1295ec2ecc9af_15a8570f41.txt,labels/val/d7/d7_0005213_jpg.rf.1454eda0fa42e357c5a1295ec2ecc9af_15a8570f41.txt,1d91ceafd91de1e149526e79c0377b8ddf839b780fdbf8fcfd7f749e3260ff6a,8f6e9d1d499d0871951439867d5ebd486e9e9ef6df860f2b91798d9c4d2e0832
4,d7,d7_r4_sequence_0065,train,val,images/train/d7/d7_0005395_jpg.rf.7615ec0e410ec4364e2dfa2c727e6515_f8637f9ba6.jpg,images/val/d7/d7_0005395_jpg.rf.7615ec0e410ec4364e2dfa2c727e6515_f8637f9ba6.jpg,labels/train/d7/d7_0005395_jpg.rf.7615ec0e410ec4364e2dfa2c727e6515_f8637f9ba6.txt,labels/val/d7/d7_0005395_jpg.rf.7615ec0e410ec4364e2dfa2c727e6515_f8637f9ba6.txt,9941fc362326e0853256e0e7c1f9132e6613200fc7b54b6a145a8d0117060294,06135a85e9a10e983a218a40f736fd7f824e94ed39d2396d38ad86685b927a62
5,d6,d6_r5_asset_0001,val,test,images/val/d6/d6_Heavy_Equipment_631_jpg.rf.6d237f0bc21c597d2561bb160efac06a_2eb5bbf167.jpg,images/test/d6/d6_Heavy_Equipment_631_jpg.rf.6d237f0bc21c597d2561bb160efac06a_2eb5bbf167.jpg,labels/val/d6/d6_Heavy_Equipment_631_jpg.rf.6d237f0bc21c597d2561bb160efac06a_2eb5bbf167.txt,labels/test/d6/d6_Heavy_Equipment_631_jpg.rf.6d237f0bc21c597d2561bb160efac06a_2eb5bbf167.txt,3c2ecb08bd3e200639147644496ecceecefef1ab1aafc832bd729f7dc8716f32,744aa97519c314463c07d7a89c70c802ea4de5763110c4193e1bd7763bfe73df
5,d6,d6_r5_asset_0002,test,train,images/test/d6/d6_Heavy_Equipment_1221_jpg.rf.9652ef873e085c0e3ed02644c58bb3e8_d8be6476b4.jpg,images/train/d6/d6_Heavy_Equipment_1221_jpg.rf.9652ef873e085c0e3ed02644c58bb3e8_d8be6476b4.jpg,labels/test/d6/d6_Heavy_Equipment_1221_jpg.rf.9652ef873e085c0e3ed02644c58bb3e8_d8be6476b4.txt,labels/train/d6/d6_Heavy_Equipment_1221_jpg.rf.9652ef873e085c0e3ed02644c58bb3e8_d8be6476b4.txt,4b3fcd841d6d7ec1889156f62ec6addc43cb114268ea769bb749a92a62f7bf1d,f30fe6768f226f977f57cde4ac06df7fcb6e8331e162c75e1419bc312866ae45
5,d6,d6_r5_asset_0003,test,train,images/test/d6/d6_Heavy_Equipment_1441_jpg.rf.322606173b8b226f1a43acb43c7fabef_eeaf7b941c.jpg,images/train/d6/d6_Heavy_Equipment_1441_jpg.rf.322606173b8b226f1a43acb43c7fabef_eeaf7b941c.jpg,labels/test/d6/d6_Heavy_Equipment_1441_jpg.rf.322606173b8b226f1a43acb43c7fabef_eeaf7b941c.txt,labels/train/d6/d6_Heavy_Equipment_1441_jpg.rf.322606173b8b226f1a43acb43c7fabef_eeaf7b941c.txt,60e6488e53b951c2023891ceb3a976ba6ce89c8dc7262c13d7dd3164577cbee2,33d6cf9bd9640a27505e0489c66cf8f0b558e6b6f5651deb67cf614411ef53e8
5,d6,d6_r5_asset_0004,test,train,images/test/d6/d6_Heavy_Equipment_1443_jpg.rf.f79653ce33be39f9f055313f9bf538c0_d1b9f45771.jpg,images/train/d6/d6_Heavy_Equipment_1443_jpg.rf.f79653ce33be39f9f055313f9bf538c0_d1b9f45771.jpg,labels/test/d6/d6_Heavy_Equipment_1443_jpg.rf.f79653ce33be39f9f055313f9bf538c0_d1b9f45771.txt,labels/train/d6/d6_Heavy_Equipment_1443_jpg.rf.f79653ce33be39f9f055313f9bf538c0_d1b9f45771.txt,8c168117262cc3ee8bb8f4c2c10362571adc1f69519ef8575792f71af600b258,4dc8723f6c549575aabcddc153a319c5b6cf888299f3eb5420269e9eaa1778ce
5,d6,d6_r5_asset_0005,train,test,images/train/d6/d6_Heavy_Equipment_1183_jpg.rf.1d13cd787649419e386b8672b0d7d07b_e86de0a97d.jpg,images/test/d6/d6_Heavy_Equipment_1183_jpg.rf.1d13cd787649419e386b8672b0d7d07b_e86de0a97d.jpg,labels/train/d6/d6_Heavy_Equipment_1183_jpg.rf.1d13cd787649419e386b8672b0d7d07b_e86de0a97d.txt,labels/test/d6/d6_Heavy_Equipment_1183_jpg.rf.1d13cd787649419e386b8672b0d7d07b_e86de0a97d.txt,319b3b3ac6dbb3da22b1d42b51dd0d276c63678fd917365dbbe9ce75ebdcd678,c7efeeba5204fc298ed6f18c9ce10faf71e1d475b21039fe137001025a675d1a
5,d6,d6_r5_asset_0006,train,test,images/train/d6/d6_Heavy_Equipment_193_jpg.rf.9d9249118a9236225816a60618f8f0e1_7fd05cead4.jpg,images/test/d6/d6_Heavy_Equipment_193_jpg.rf.9d9249118a9236225816a60618f8f0e1_7fd05cead4.jpg,labels/train/d6/d6_Heavy_Equipment_193_jpg.rf.9d9249118a9236225816a60618f8f0e1_7fd05cead4.txt,labels/test/d6/d6_Heavy_Equipment_193_jpg.rf.9d9249118a9236225816a60618f8f0e1_7fd05cead4.txt,25ac7d2ee19baedd68a574283614e94ee98a401e20ef7056efa6e97bdd190616,f299e941e908dacf3ab5d95b37e81ae3adfe03dd24eb088ba383f5596e3594e1
5,d6,d6_r5_asset_0007,train,test,images/train/d6/d6_Heavy_Equipment_2078_jpg.rf.e3d3efcb1c132df3ce80288a6a3cfa47_48350f5e80.jpg,images/test/d6/d6_Heavy_Equipment_2078_jpg.rf.e3d3efcb1c132df3ce80288a6a3cfa47_48350f5e80.jpg,labels/train/d6/d6_Heavy_Equipment_2078_jpg.rf.e3d3efcb1c132df3ce80288a6a3cfa47_48350f5e80.txt,labels/test/d6/d6_Heavy_Equipment_2078_jpg.rf.e3d3efcb1c132df3ce80288a6a3cfa47_48350f5e80.txt,beabe9ffbebcb23f739d3cda565a629bac1e67f919c9e2c117de0a9653e74292,0d8651c464afb5eef5e65971df1b1ace4b69396677bf6dcf40a70f584eae0607
5,d6,d6_r5_asset_0008,val,test,images/val/d6/d6_Heavy_Equipment_1122_jpg.rf.4aafaad41a320466fb5d76ed001e662f_b61658cab6.jpg,images/test/d6/d6_Heavy_Equipment_1122_jpg.rf.4aafaad41a320466fb5d76ed001e662f_b61658cab6.jpg,labels/val/d6/d6_Heavy_Equipment_1122_jpg.rf.4aafaad41a320466fb5d76ed001e662f_b61658cab6.txt,labels/test/d6/d6_Heavy_Equipment_1122_jpg.rf.4aafaad41a320466fb5d76ed001e662f_b61658cab6.txt,6cbe424689b901278db0b5a62d5283cf1011e72f67dd3db97a102485072a381b,083ecbd5f3dd15036f673bacad248706645069b9b3aa273137f30c01d857c3ea
5,d6,d6_r5_asset_0009,test,train,images/test/d6/d6_Heavy_Equipment_2890_jpg.rf.bb7cc4e88a732fd9df934d05bb6ab9bf_fae68a7faa.jpg,images/train/d6/d6_Heavy_Equipment_2890_jpg.rf.bb7cc4e88a732fd9df934d05bb6ab9bf_fae68a7faa.jpg,labels/test/d6/d6_Heavy_Equipment_2890_jpg.rf.bb7cc4e88a732fd9df934d05bb6ab9bf_fae68a7faa.txt,labels/train/d6/d6_Heavy_Equipment_2890_jpg.rf.bb7cc4e88a732fd9df934d05bb6ab9bf_fae68a7faa.txt,0b42c523a06e5a537c214bb997c0254ab5c2ffe2e3f6016a6c3825737a30ccbe,c5aab22efb89df09645b49eb0ccc3e3c40586d6db789445991778dd31e249112
5,d6,d6_r5_asset_0010,train,test,images/train/d6/d6_Heavy_Equipment_2189_jpg.rf.0f675c3de4282ab809653953133e697c_e3940b53d5.jpg,images/test/d6/d6_Heavy_Equipment_2189_jpg.rf.0f675c3de4282ab809653953133e697c_e3940b53d5.jpg,labels/train/d6/d6_Heavy_Equipment_2189_jpg.rf.0f675c3de4282ab809653953133e697c_e3940b53d5.txt,labels/test/d6/d6_Heavy_Equipment_2189_jpg.rf.0f675c3de4282ab809653953133e697c_e3940b53d5.txt,526e63b8218f8919f7a6dc44c42ae9a5c1a1781dfe8867598a8e42d69fa44c60,fcf560cd27347d920aee023f42779dae5b033f4df8d9f681a9286022dd3ab20b
5,d6,d6_r5_asset_0011,test,train,images/test/d6/d6_Heavy_Equipment_2933_jpg.rf.082edebd77855b817eb792c503e03950_79a730517a.jpg,images/train/d6/d6_Heavy_Equipment_2933_jpg.rf.082edebd77855b817eb792c503e03950_79a730517a.jpg,labels/test/d6/d6_Heavy_Equipment_2933_jpg.rf.082edebd77855b817eb792c503e03950_79a730517a.txt,labels/train/d6/d6_Heavy_Equipment_2933_jpg.rf.082edebd77855b817eb792c503e03950_79a730517a.txt,f20dcd7c850a7b1a2ecf89cd21a2adbd61d8837153eb203bb394513b4c68e909,868635b8fda695838ba91e2e43d66e906db1ea9f3c1260445f1b876c4e58c140
5,d6,d6_r5_asset_0012,val,test,images/val/d6/d6_Heavy_Equipment_1492_jpg.rf.90c5fe3e176970d86cbd0c13be8ec0ca_c196f606e3.jpg,images/test/d6/d6_Heavy_Equipment_1492_jpg.rf.90c5fe3e176970d86cbd0c13be8ec0ca_c196f606e3.jpg,labels/val/d6/d6_Heavy_Equipment_1492_jpg.rf.90c5fe3e176970d86cbd0c13be8ec0ca_c196f606e3.txt,labels/test/d6/d6_Heavy_Equipment_1492_jpg.rf.90c5fe3e176970d86cbd0c13be8ec0ca_c196f606e3.txt,839796907f6d9338a0000857cd5242d7932133dea4f5775144952166e4e9b04d,7a1e1c1ef1c922df6acb55d620a81cfb33a5911d07260bd505dc6d725a652016
5,d6,d6_r5_asset_0013,train,test,images/train/d6/d6_Heavy_Equipment_4522_jpg.rf.2aba3421acd37f47605774c1bd99bab4_9a42fc3744.jpg,images/test/d6/d6_Heavy_Equipment_4522_jpg.rf.2aba3421acd37f47605774c1bd99bab4_9a42fc3744.jpg,labels/train/d6/d6_Heavy_Equipment_4522_jpg.rf.2aba3421acd37f47605774c1bd99bab4_9a42fc3744.txt,labels/test/d6/d6_Heavy_Equipment_4522_jpg.rf.2aba3421acd37f47605774c1bd99bab4_9a42fc3744.txt,fa7151546dfacc6eed286a12b487408c819f045b301c69acc2699bb9bfd6eb15,8bd45ae963ceff89b3549384bcd0dd10c27b003cac601cae950b4ef035c62829
5,d6,d6_r5_asset_0014,test,val,images/test/d6/d6_Heavy_Equipment_3339_jpg.rf.db6a54f490d452454f64068500b727fc_ea8335c8ba.jpg,images/val/d6/d6_Heavy_Equipment_3339_jpg.rf.db6a54f490d452454f64068500b727fc_ea8335c8ba.jpg,labels/test/d6/d6_Heavy_Equipment_3339_jpg.rf.db6a54f490d452454f64068500b727fc_ea8335c8ba.txt,labels/val/d6/d6_Heavy_Equipment_3339_jpg.rf.db6a54f490d452454f64068500b727fc_ea8335c8ba.txt,1402ddfcd3eb5d29dba57b8b74e749339403f09b426dd9c63c3f7757842f79e2,7f57a6c330fb21b16cb515155ea86534a7c2b62e359ff943c8a46d5237b310e4
5,d6,d6_r5_asset_0015,test,val,images/test/d6/d6_Heavy_Equipment_3418_jpg.rf.ac717d3d27997a67cfab3a12e46c0db8_a00a8440e8.jpg,images/val/d6/d6_Heavy_Equipment_3418_jpg.rf.ac717d3d27997a67cfab3a12e46c0db8_a00a8440e8.jpg,labels/test/d6/d6_Heavy_Equipment_3418_jpg.rf.ac717d3d27997a67cfab3a12e46c0db8_a00a8440e8.txt,labels/val/d6/d6_Heavy_Equipment_3418_jpg.rf.ac717d3d27997a67cfab3a12e46c0db8_a00a8440e8.txt,a3542fea79382359eb4ebc8d834223ce4a88a56cbdbe3606821e0b6ce2bc2109,abd029cd6f56cd13cbfe649dfe9141e2cefd4bad748533c825ad1ffb6f9e5ad9
5,d6,d6_r5_asset_0016,train,test,images/train/d6/d6_Heavy_Equipment_4704_jpg.rf.27a1c7fe179e533de5b92f98512ebc17_aa396ffd38.jpg,images/test/d6/d6_Heavy_Equipment_4704_jpg.rf.27a1c7fe179e533de5b92f98512ebc17_aa396ffd38.jpg,labels/train/d6/d6_Heavy_Equipment_4704_jpg.rf.27a1c7fe179e533de5b92f98512ebc17_aa396ffd38.txt,labels/test/d6/d6_Heavy_Equipment_4704_jpg.rf.27a1c7fe179e533de5b92f98512ebc17_aa396ffd38.txt,78201475fc9b8cf0c788cb978c27e0b51f068f2ff3aabb71d865d603a82e8a73,a0f3648d3e062a11ce838b0fb97752545fa3694a626b484426abe43728d7ebd8
5,d6,d6_r5_asset_0017,train,test,images/train/d6/d6_Heavy_Equipment_3655_jpg.rf.ad3232911cb92dd240fc09519c1d176f_442b822239.jpg,images/test/d6/d6_Heavy_Equipment_3655_jpg.rf.ad3232911cb92dd240fc09519c1d176f_442b822239.jpg,labels/train/d6/d6_Heavy_Equipment_3655_jpg.rf.ad3232911cb92dd240fc09519c1d176f_442b822239.txt,labels/test/d6/d6_Heavy_Equipment_3655_jpg.rf.ad3232911cb92dd240fc09519c1d176f_442b822239.txt,2e201f7b0cbbe53c695bcea46b1060684e8df3d596341d521afdf0d2cd74da4b,1c4a7a9ec83cc7be77b74ea2776eb460bd572bc0a15c63ee95f5ed8c01beb1f3
5,d6,d6_r5_asset_0018,train,test,images/train/d6/d6_Heavy_Equipment_4019_jpg.rf.79379dd02d33be00105a0173bc9091c5_e4ca1fb47d.jpg,images/test/d6/d6_Heavy_Equipment_4019_jpg.rf.79379dd02d33be00105a0173bc9091c5_e4ca1fb47d.jpg,labels/train/d6/d6_Heavy_Equipment_4019_jpg.rf.79379dd02d33be00105a0173bc9091c5_e4ca1fb47d.txt,labels/test/d6/d6_Heavy_Equipment_4019_jpg.rf.79379dd02d33be00105a0173bc9091c5_e4ca1fb47d.txt,3a84850794a83858ca85fbe19a58e1eae9cdf7732b59332ce594c533f63615df,10f9baddf03a72b56d5f42882ad5527d91763d848648e4172be496b5cf3847e6
5,d6,d6_r5_asset_0019,test,train,images/test/d6/d6_Heavy_Equipment_4264_jpg.rf.75668ecd2ebac729d41312342581f5c0_384cebae37.jpg,images/train/d6/d6_Heavy_Equipment_4264_jpg.rf.75668ecd2ebac729d41312342581f5c0_384cebae37.jpg,labels/test/d6/d6_Heavy_Equipment_4264_jpg.rf.75668ecd2ebac729d41312342581f5c0_384cebae37.txt,labels/train/d6/d6_Heavy_Equipment_4264_jpg.rf.75668ecd2ebac729d41312342581f5c0_384cebae37.txt,531c5d78b8cc6d4228da0d68e9a5f960ae6e38ff570b171807657433b4b7fd3a,a1024683e82f571c55445ea35949ac079c26c6e9174e5a8a8ea69e746ba6f13f
5,d6,d6_r5_asset_0020,train,test,images/train/d6/d6_Heavy_Equipment_1230_jpg.rf.819828e6a1ee32944ea22cd618d12b1d_10ea4d60e7.jpg,images/test/d6/d6_Heavy_Equipment_1230_jpg.rf.819828e6a1ee32944ea22cd618d12b1d_10ea4d60e7.jpg,labels/train/d6/d6_Heavy_Equipment_1230_jpg.rf.819828e6a1ee32944ea22cd618d12b1d_10ea4d60e7.txt,labels/test/d6/d6_Heavy_Equipment_1230_jpg.rf.819828e6a1ee32944ea22cd618d12b1d_10ea4d60e7.txt,acee153c95354a2582b19ea8e02e85f2ef44ae679d282173a4e2fd83fae6faae,71b76420aef10deff15ee1e4609d307bfeb4e6512a17e987ebf224bcff2fe30e
5,d6,d6_r5_asset_0021,test,val,images/test/d6/d6_Heavy_Equipment_4853_jpg.rf.4adc9e8686b5c6d74f6a24639aa6d348_67322ed733.jpg,images/val/d6/d6_Heavy_Equipment_4853_jpg.rf.4adc9e8686b5c6d74f6a24639aa6d348_67322ed733.jpg,labels/test/d6/d6_Heavy_Equipment_4853_jpg.rf.4adc9e8686b5c6d74f6a24639aa6d348_67322ed733.txt,labels/val/d6/d6_Heavy_Equipment_4853_jpg.rf.4adc9e8686b5c6d74f6a24639aa6d348_67322ed733.txt,2ec210fc9e741a4987bbb1755f8886485bce60c48d2bbdc1caf05a8bce93e88e,0f9c21d6524319bdc60517648a30cad7538184970768f83a9c5571e9adf409da
5,d6,d6_r5_asset_0022,val,test,images/val/d6/d6_Heavy_Equipment_3128_jpg.rf.6cb76588701d0731153841ba365abf54_5e47e688e3.jpg,images/test/d6/d6_Heavy_Equipment_3128_jpg.rf.6cb76588701d0731153841ba365abf54_5e47e688e3.jpg,labels/val/d6/d6_Heavy_Equipment_3128_jpg.rf.6cb76588701d0731153841ba365abf54_5e47e688e3.txt,labels/test/d6/d6_Heavy_Equipment_3128_jpg.rf.6cb76588701d0731153841ba365abf54_5e47e688e3.txt,b0e630c0a45a5d8b33842ce369cd2bab6924e46dea9e2d8e34a7a7dced69eed7,5768517cc97eadf591d8ea8f710f853045ea37f23dfcf2f35c754a375e26668e
5,d6,d6_r5_asset_0023,train,test,images/train/d6/d6_Heavy_Equipment_3275_jpg.rf.88f2760ad998919f629779aa26c085dd_01ebb1e71b.jpg,images/test/d6/d6_Heavy_Equipment_3275_jpg.rf.88f2760ad998919f629779aa26c085dd_01ebb1e71b.jpg,labels/train/d6/d6_Heavy_Equipment_3275_jpg.rf.88f2760ad998919f629779aa26c085dd_01ebb1e71b.txt,labels/test/d6/d6_Heavy_Equipment_3275_jpg.rf.88f2760ad998919f629779aa26c085dd_01ebb1e71b.txt,a8f198ebabe8c911e63a833192f5562b96c6a0ab63949fd0fcc93549019cf6c4,c82276dc6818ca0dd53e41a76936344873ace36abaef957faf9da73abb0ae530
5,d6,d6_r5_asset_0024,test,train,images/test/d6/d6_Heavy_Equipment_5076_jpg.rf.fc6cb195015cdf9f62e6f755b44cd7df_dde55d202f.jpg,images/train/d6/d6_Heavy_Equipment_5076_jpg.rf.fc6cb195015cdf9f62e6f755b44cd7df_dde55d202f.jpg,labels/test/d6/d6_Heavy_Equipment_5076_jpg.rf.fc6cb195015cdf9f62e6f755b44cd7df_dde55d202f.txt,labels/train/d6/d6_Heavy_Equipment_5076_jpg.rf.fc6cb195015cdf9f62e6f755b44cd7df_dde55d202f.txt,f8bf7b087440a735b9b22f747af6ba503fe8c49e5b28e585b27405eea33780e6,ef6c83447d46a5443c15af08187be88f11fcfa89df57231ed980257d211d1850
5,d6,d6_r5_asset_0025,test,val,images/test/d6/d6_Heavy_Equipment_627_jpg.rf.9793c864c6ecbc93405e9890f3fa46e0_6bbc144979.jpg,images/val/d6/d6_Heavy_Equipment_627_jpg.rf.9793c864c6ecbc93405e9890f3fa46e0_6bbc144979.jpg,labels/test/d6/d6_Heavy_Equipment_627_jpg.rf.9793c864c6ecbc93405e9890f3fa46e0_6bbc144979.txt,labels/val/d6/d6_Heavy_Equipment_627_jpg.rf.9793c864c6ecbc93405e9890f3fa46e0_6bbc144979.txt,9e18ad91480b6861ad9c04b32a17d81b2c9e4692adb4bc41b017a31c797aeea7,689a0be6923caf8627aad330838b97adef52b9361f08e36413daa946ac914c79
5,d6,d6_r5_asset_0026,test,train,images/test/d6/d6_Heavy_Equipment_6320_jpg.rf.d105beeb7b5b2a860e5168092f6aee5b_9988b17159.jpg,images/train/d6/d6_Heavy_Equipment_6320_jpg.rf.d105beeb7b5b2a860e5168092f6aee5b_9988b17159.jpg,labels/test/d6/d6_Heavy_Equipment_6320_jpg.rf.d105beeb7b5b2a860e5168092f6aee5b_9988b17159.txt,labels/train/d6/d6_Heavy_Equipment_6320_jpg.rf.d105beeb7b5b2a860e5168092f6aee5b_9988b17159.txt,fc1633e6331501adc80cf632f9b29b86cca0ac3e35765a1bebaa27d40812d23a,21d379f95c739dfd5bfcf8f613db5cd07f9dff07b2563e4b944346fca6eee741
5,d6,d6_r5_asset_0027,test,val,images/test/d6/d6_Heavy_Equipment_711_jpg.rf.2c14fed3807ed3127d08a8c21993a6d3_e0871db229.jpg,images/val/d6/d6_Heavy_Equipment_711_jpg.rf.2c14fed3807ed3127d08a8c21993a6d3_e0871db229.jpg,labels/test/d6/d6_Heavy_Equipment_711_jpg.rf.2c14fed3807ed3127d08a8c21993a6d3_e0871db229.txt,labels/val/d6/d6_Heavy_Equipment_711_jpg.rf.2c14fed3807ed3127d08a8c21993a6d3_e0871db229.txt,246c7564f6bd9bd21867bdc5771895e09af7500b863a3774085daa101530034f,3f9bcb71be0533c0a0d03b13dbcf70f1a802aba6b25f68cf268cbd01a0eaa8aa
5,d6,d6_r5_asset_0028,test,train,images/test/d6/d6_Heavy_Equipment_735_jpg.rf.19a4f5f76e1c5754857fbac80d2e296e_c8476e6122.jpg,images/train/d6/d6_Heavy_Equipment_735_jpg.rf.19a4f5f76e1c5754857fbac80d2e296e_c8476e6122.jpg,labels/test/d6/d6_Heavy_Equipment_735_jpg.rf.19a4f5f76e1c5754857fbac80d2e296e_c8476e6122.txt,labels/train/d6/d6_Heavy_Equipment_735_jpg.rf.19a4f5f76e1c5754857fbac80d2e296e_c8476e6122.txt,db5f01cdef8d516dea3863afb7d192cc42da1a22b117a925894ff3757be10d74,e77d88458385c9f202ed21b0785cd535123d0ab61ade858949409944a84b5569
5,d6,d6_r5_asset_0029,train,test,images/train/d6/d6_Heavy_Equipment_432_jpg.rf.359191dc77a31aca7d700b89ca2f15a6_02902e1fb3.jpg,images/test/d6/d6_Heavy_Equipment_432_jpg.rf.359191dc77a31aca7d700b89ca2f15a6_02902e1fb3.jpg,labels/train/d6/d6_Heavy_Equipment_432_jpg.rf.359191dc77a31aca7d700b89ca2f15a6_02902e1fb3.txt,labels/test/d6/d6_Heavy_Equipment_432_jpg.rf.359191dc77a31aca7d700b89ca2f15a6_02902e1fb3.txt,6e60a6fe1eaf58f4201e68456e9012676bd5ad86e7adcef2ac5a59efd6f6993f,6d85c5c6ae560dfaa2e532938dc83d5ba3e6cfdd5abb4dd93a51ad17139e5e69
5,d6,d6_r5_asset_0030,test,train,images/test/d6/d6_Heavy_Equipment_887_jpg.rf.e53b19717263f2de0752753bd621524c_da64208b7a.jpg,images/train/d6/d6_Heavy_Equipment_887_jpg.rf.e53b19717263f2de0752753bd621524c_da64208b7a.jpg,labels/test/d6/d6_Heavy_Equipment_887_jpg.rf.e53b19717263f2de0752753bd621524c_da64208b7a.txt,labels/train/d6/d6_Heavy_Equipment_887_jpg.rf.e53b19717263f2de0752753bd621524c_da64208b7a.txt,a6ca3a09d4b6615ec3aeff202135cb8e4b4f6594a3f1ce34a7242aa295f5a001,a15e858279dd241003368028c7fc4d78ef54067ce42926e074ece5a758480ed1
5,d6,d6_r5_asset_0031,train,val,images/train/d6/d6_Heavy_Equipment_1044_jpg.rf.37cf827ee9ffd24da850215e697cf226_fedb83dc36.jpg,images/val/d6/d6_Heavy_Equipment_1044_jpg.rf.37cf827ee9ffd24da850215e697cf226_fedb83dc36.jpg,labels/train/d6/d6_Heavy_Equipment_1044_jpg.rf.37cf827ee9ffd24da850215e697cf226_fedb83dc36.txt,labels/val/d6/d6_Heavy_Equipment_1044_jpg.rf.37cf827ee9ffd24da850215e697cf226_fedb83dc36.txt,c27ce4342dc65ff5ab03a54498acc7b16dd601560cafdc4eba0f846f5334d776,0a278efc24877b4f4a6c7f2917475786b33c5805b7f2c8e20a23c6524753c148
5,d6,d6_r5_asset_0032,train,val,images/train/d6/d6_Heavy_Equipment_1095_jpg.rf.0293c3345acb43ad82ad94e684c59e5d_5b4f5c93d1.jpg,images/val/d6/d6_Heavy_Equipment_1095_jpg.rf.0293c3345acb43ad82ad94e684c59e5d_5b4f5c93d1.jpg,labels/train/d6/d6_Heavy_Equipment_1095_jpg.rf.0293c3345acb43ad82ad94e684c59e5d_5b4f5c93d1.txt,labels/val/d6/d6_Heavy_Equipment_1095_jpg.rf.0293c3345acb43ad82ad94e684c59e5d_5b4f5c93d1.txt,3bc2940141365fa4e996c36180aadc7645b7ef01ab6ee23187c3c69747bd435a,834dba4b58b2173e753428257af8d2699a9c2e6461c7a0ca0db2e7f05c2b9bf9
5,d6,d6_r5_asset_0032,train,val,images/train/d6/d6_Heavy_Equipment_684_jpg.rf.578cf2d7b5e0f290bc0fff6be5aa8cb5_be5477e71a.jpg,images/val/d6/d6_Heavy_Equipment_684_jpg.rf.578cf2d7b5e0f290bc0fff6be5aa8cb5_be5477e71a.jpg,labels/train/d6/d6_Heavy_Equipment_684_jpg.rf.578cf2d7b5e0f290bc0fff6be5aa8cb5_be5477e71a.txt,labels/val/d6/d6_Heavy_Equipment_684_jpg.rf.578cf2d7b5e0f290bc0fff6be5aa8cb5_be5477e71a.txt,ad398be9f931f23ccfaf94631d3c149dcfd4d80d96da26149f762d3b4ece3b09,b17d8ebde8b92dde113d270b67862c64cc3df2690fae72dbeccc0f6305bea5d6
5,d6,d6_r5_asset_0033,val,train,images/val/d6/d6_Heavy_Equipment_1199_jpg.rf.9f7369cd79c6afa55dcbb28ae6586de7_b935c42371.jpg,images/train/d6/d6_Heavy_Equipment_1199_jpg.rf.9f7369cd79c6afa55dcbb28ae6586de7_b935c42371.jpg,labels/val/d6/d6_Heavy_Equipment_1199_jpg.rf.9f7369cd79c6afa55dcbb28ae6586de7_b935c42371.txt,labels/train/d6/d6_Heavy_Equipment_1199_jpg.rf.9f7369cd79c6afa55dcbb28ae6586de7_b935c42371.txt,3b8f60ec90555499769ff52dd36533bec4d1e407ddca511d49068ec7e6640296,6613f6e442b003b9c3d9c84d27f16efe0011762f7bbe0edd604fc9bf53f569af
5,d6,d6_r5_asset_0033,val,train,images/val/d6/d6_Heavy_Equipment_2566_jpg.rf.c2c8d9e4a6b581a9ce99b2c2f1e25550_7ec6fed0ad.jpg,images/train/d6/d6_Heavy_Equipment_2566_jpg.rf.c2c8d9e4a6b581a9ce99b2c2f1e25550_7ec6fed0ad.jpg,labels/val/d6/d6_Heavy_Equipment_2566_jpg.rf.c2c8d9e4a6b581a9ce99b2c2f1e25550_7ec6fed0ad.txt,labels/train/d6/d6_Heavy_Equipment_2566_jpg.rf.c2c8d9e4a6b581a9ce99b2c2f1e25550_7ec6fed0ad.txt,d73fa0cd8cce0b74a7b66fca31948f7fcff75dc6c94d8c5dbd4b701a41803301,024b77c4feb4fb26ce105253bc01f0f1084831ed251098a417d15a9dba63dcb6
5,d6,d6_r5_asset_0033,val,train,images/val/d6/d6_Heavy_Equipment_2586_jpg.rf.4a7a5badb25bef053f0776bdc900704f_6b843c1d69.jpg,images/train/d6/d6_Heavy_Equipment_2586_jpg.rf.4a7a5badb25bef053f0776bdc900704f_6b843c1d69.jpg,labels/val/d6/d6_Heavy_Equipment_2586_jpg.rf.4a7a5badb25bef053f0776bdc900704f_6b843c1d69.txt,labels/train/d6/d6_Heavy_Equipment_2586_jpg.rf.4a7a5badb25bef053f0776bdc900704f_6b843c1d69.txt,c04664df2719b2b0db149240a51b6610f69af7fc0477d74f073c23b31ce86654,9d586fa7dfd73d5ec6f0a810b148ea078667821ac88165995f44a8a9aada011e
5,d6,d6_r5_asset_0034,train,val,images/train/d6/d6_Heavy_Equipment_1261_jpg.rf.472add24d6511120044097f4c0009eb4_19dabd4f07.jpg,images/val/d6/d6_Heavy_Equipment_1261_jpg.rf.472add24d6511120044097f4c0009eb4_19dabd4f07.jpg,labels/train/d6/d6_Heavy_Equipment_1261_jpg.rf.472add24d6511120044097f4c0009eb4_19dabd4f07.txt,labels/val/d6/d6_Heavy_Equipment_1261_jpg.rf.472add24d6511120044097f4c0009eb4_19dabd4f07.txt,e7176c7060a84052612873f0ef1f87e1464fce1c2e1d33cefc7f1d683d830482,fc90f7bef96c129c128c4b47d750bc8340ed58c48ea35e52caffd5a1f85299a8
5,d6,d6_r5_asset_0035,val,train,images/val/d6/d6_Heavy_Equipment_2643_jpg.rf.e81ade30062e1cf14e7bd6b83c4a9ac4_18eee4f360.jpg,images/train/d6/d6_Heavy_Equipment_2643_jpg.rf.e81ade30062e1cf14e7bd6b83c4a9ac4_18eee4f360.jpg,labels/val/d6/d6_Heavy_Equipment_2643_jpg.rf.e81ade30062e1cf14e7bd6b83c4a9ac4_18eee4f360.txt,labels/train/d6/d6_Heavy_Equipment_2643_jpg.rf.e81ade30062e1cf14e7bd6b83c4a9ac4_18eee4f360.txt,4cd8a90606b178d2e8ba658f99eefaa1121a90f30cc3451338f96a447c0965a3,7fe7409fd733cc8482a4675542c60c3334d7b639ac401bf131c4dbd4c6a26173
5,d6,d6_r5_asset_0036,val,train,images/val/d6/d6_Heavy_Equipment_245_jpg.rf.e0a9cccfe1d049c92272a281722e6252_bf310479c3.jpg,images/train/d6/d6_Heavy_Equipment_245_jpg.rf.e0a9cccfe1d049c92272a281722e6252_bf310479c3.jpg,labels/val/d6/d6_Heavy_Equipment_245_jpg.rf.e0a9cccfe1d049c92272a281722e6252_bf310479c3.txt,labels/train/d6/d6_Heavy_Equipment_245_jpg.rf.e0a9cccfe1d049c92272a281722e6252_bf310479c3.txt,84dc5b4e7533cc67ab903e0e99b0730928a4b3cc626ba84714e26e9e69f491f2,ff4933967a05371c8d0511ffe56e2428f3c9c0c7ecb2266bae4309f92207f6f1
5,d6,d6_r5_asset_0037,train,val,images/train/d6/d6_Heavy_Equipment_2055_jpg.rf.61ebd4dc00db1c10c8a12ae1a9b0869e_89705346bc.jpg,images/val/d6/d6_Heavy_Equipment_2055_jpg.rf.61ebd4dc00db1c10c8a12ae1a9b0869e_89705346bc.jpg,labels/train/d6/d6_Heavy_Equipment_2055_jpg.rf.61ebd4dc00db1c10c8a12ae1a9b0869e_89705346bc.txt,labels/val/d6/d6_Heavy_Equipment_2055_jpg.rf.61ebd4dc00db1c10c8a12ae1a9b0869e_89705346bc.txt,92c7cdb865a1c933b115854444f71ee98aeec02219dc58d592462758148d2786,1b40636e3a9e3092a903e5b91249b9ac0322abd7e702bcf8b024d7a5b8ed9c53
5,d6,d6_r5_asset_0038,val,train,images/val/d6/d6_Heavy_Equipment_134_jpg.rf.e176ded3b2e83104aa061227051dfc35_f0c26c1c86.jpg,images/train/d6/d6_Heavy_Equipment_134_jpg.rf.e176ded3b2e83104aa061227051dfc35_f0c26c1c86.jpg,labels/val/d6/d6_Heavy_Equipment_134_jpg.rf.e176ded3b2e83104aa061227051dfc35_f0c26c1c86.txt,labels/train/d6/d6_Heavy_Equipment_134_jpg.rf.e176ded3b2e83104aa061227051dfc35_f0c26c1c86.txt,e90d38095d4d9457f78795b14fafb8824e1b4baaeb4bc3b2a00e5164f06c8e2f,fc4895170b24f0d61d687b3f8d10984cc588cb533732a185c4caa882ae1eda8b
5,d6,d6_r5_asset_0038,val,train,images/val/d6/d6_Heavy_Equipment_1774_jpg.rf.9b41017f9e5db40d2bd1dc834e952384_27bf59b25b.jpg,images/train/d6/d6_Heavy_Equipment_1774_jpg.rf.9b41017f9e5db40d2bd1dc834e952384_27bf59b25b.jpg,labels/val/d6/d6_Heavy_Equipment_1774_jpg.rf.9b41017f9e5db40d2bd1dc834e952384_27bf59b25b.txt,labels/train/d6/d6_Heavy_Equipment_1774_jpg.rf.9b41017f9e5db40d2bd1dc834e952384_27bf59b25b.txt,96d5900bc94e8ef458ceabf73c48833d32450b0912f459119b20573e2e3be4d5,5e01cd93716b567dac52925524501d67f3e165a9feaef3691b9ca116d6f05106
5,d6,d6_r5_asset_0039,train,val,images/train/d6/d6_Heavy_Equipment_2312_jpg.rf.63a4690b05e9acdf251a8365e1b871c1_40d76ee3e2.jpg,images/val/d6/d6_Heavy_Equipment_2312_jpg.rf.63a4690b05e9acdf251a8365e1b871c1_40d76ee3e2.jpg,labels/train/d6/d6_Heavy_Equipment_2312_jpg.rf.63a4690b05e9acdf251a8365e1b871c1_40d76ee3e2.txt,labels/val/d6/d6_Heavy_Equipment_2312_jpg.rf.63a4690b05e9acdf251a8365e1b871c1_40d76ee3e2.txt,8b67af2fc40deb7459e2ca2d94ffb3ed245fda62dd8cb7545ff4eb561d38055d,f09132819575f42e34083e31f9d26709d13e23e3c461527ed44010c57f7f3f08
5,d6,d6_r5_asset_0040,train,val,images/train/d6/d6_Heavy_Equipment_2814_jpg.rf.1f8e551bfc47216db2341aba13b9d7e0_2b83612d4e.jpg,images/val/d6/d6_Heavy_Equipment_2814_jpg.rf.1f8e551bfc47216db2341aba13b9d7e0_2b83612d4e.jpg,labels/train/d6/d6_Heavy_Equipment_2814_jpg.rf.1f8e551bfc47216db2341aba13b9d7e0_2b83612d4e.txt,labels/val/d6/d6_Heavy_Equipment_2814_jpg.rf.1f8e551bfc47216db2341aba13b9d7e0_2b83612d4e.txt,80331fc6e89b3a7fca0f269f7ad036fb32faae0879cd928ef5def2033fe34c79,1f93231c1fdada82ad70fa5a252fd1767a70d59f85918f944a2e0c5e15c3f336
5,d6,d6_r5_asset_0041,train,val,images/train/d6/d6_Heavy_Equipment_2873_jpg.rf.193d0bb144ba27b5cb8b82abff362573_3b9f24a86b.jpg,images/val/d6/d6_Heavy_Equipment_2873_jpg.rf.193d0bb144ba27b5cb8b82abff362573_3b9f24a86b.jpg,labels/train/d6/d6_Heavy_Equipment_2873_jpg.rf.193d0bb144ba27b5cb8b82abff362573_3b9f24a86b.txt,labels/val/d6/d6_Heavy_Equipment_2873_jpg.rf.193d0bb144ba27b5cb8b82abff362573_3b9f24a86b.txt,54767666bb9a39ef6b29502ad4574c351215aad6807a9edd77cf8e3500cb0ecb,51d2fbb776c89453b8b3d88d0ffcad3182bbfa778a36ec219b4aa6e414553a55
5,d6,d6_r5_asset_0042,train,val,images/train/d6/d6_Heavy_Equipment_3100_jpg.rf.91ccbc9ec4cf2cb40f75dd1b3c737d20_0ebc9a71f7.jpg,images/val/d6/d6_Heavy_Equipment_3100_jpg.rf.91ccbc9ec4cf2cb40f75dd1b3c737d20_0ebc9a71f7.jpg,labels/train/d6/d6_Heavy_Equipment_3100_jpg.rf.91ccbc9ec4cf2cb40f75dd1b3c737d20_0ebc9a71f7.txt,labels/val/d6/d6_Heavy_Equipment_3100_jpg.rf.91ccbc9ec4cf2cb40f75dd1b3c737d20_0ebc9a71f7.txt,fc9b1de63936cabf17591a8111eca815e1aad34529fedaa1bb3143e3a27c0fec,d748defa40fcee397cfcba108992e1b379d1e7a23c8cec51810525f7d8cdff99
5,d6,d6_r5_asset_0043,val,train,images/val/d6/d6_Heavy_Equipment_5209_jpg.rf.1b4266742bd9389fc0e03f655e7febdf_bb1787bd8c.jpg,images/train/d6/d6_Heavy_Equipment_5209_jpg.rf.1b4266742bd9389fc0e03f655e7febdf_bb1787bd8c.jpg,labels/val/d6/d6_Heavy_Equipment_5209_jpg.rf.1b4266742bd9389fc0e03f655e7febdf_bb1787bd8c.txt,labels/train/d6/d6_Heavy_Equipment_5209_jpg.rf.1b4266742bd9389fc0e03f655e7febdf_bb1787bd8c.txt,f617119fde4f33c00dff73022780a873e60869585f9a7b2dd06ff888360d9ec8,2191d83a2d1051101693686f9158fb6c412713039c9cfb67a56d6c303746e7a7
5,d6,d6_r5_asset_0044,train,val,images/train/d6/d6_Heavy_Equipment_3232_jpg.rf.48a009518137376da9dceca94ddd344b_b6ed4d413a.jpg,images/val/d6/d6_Heavy_Equipment_3232_jpg.rf.48a009518137376da9dceca94ddd344b_b6ed4d413a.jpg,labels/train/d6/d6_Heavy_Equipment_3232_jpg.rf.48a009518137376da9dceca94ddd344b_b6ed4d413a.txt,labels/val/d6/d6_Heavy_Equipment_3232_jpg.rf.48a009518137376da9dceca94ddd344b_b6ed4d413a.txt,1a6dfdba7157272fcc3cfe4e4d1e24b4755ac2bf4335b7b556071984cb88ee0a,21438497dce17fd34da03f8513701b6e49bc32030656c05fa1b1758824c20cca
5,d6,d6_r5_asset_0045,val,train,images/val/d6/d6_Heavy_Equipment_5120_jpg.rf.4b3f30fc2b05f8c047f456f3716056da_7ac4c90914.jpg,images/train/d6/d6_Heavy_Equipment_5120_jpg.rf.4b3f30fc2b05f8c047f456f3716056da_7ac4c90914.jpg,labels/val/d6/d6_Heavy_Equipment_5120_jpg.rf.4b3f30fc2b05f8c047f456f3716056da_7ac4c90914.txt,labels/train/d6/d6_Heavy_Equipment_5120_jpg.rf.4b3f30fc2b05f8c047f456f3716056da_7ac4c90914.txt,a42b86a76a5a538b39595be3b2d03146383f79cde285cba016154eb25e7cd75d,d4e26caefb3a28290d108320b591c20aa48abaaa2ce7e0ce2a49860c953e6473
5,d6,d6_r5_asset_0046,train,val,images/train/d6/d6_Heavy_Equipment_3651_jpg.rf.07d3dee53988ca4f7061ddf6e0b86f83_3a4f6e7548.jpg,images/val/d6/d6_Heavy_Equipment_3651_jpg.rf.07d3dee53988ca4f7061ddf6e0b86f83_3a4f6e7548.jpg,labels/train/d6/d6_Heavy_Equipment_3651_jpg.rf.07d3dee53988ca4f7061ddf6e0b86f83_3a4f6e7548.txt,labels/val/d6/d6_Heavy_Equipment_3651_jpg.rf.07d3dee53988ca4f7061ddf6e0b86f83_3a4f6e7548.txt,970e46039037db1e49a2425eea32836dca5ba6ed59b06ec3b7d2186524f5c928,190270b913b6c60596e4cee8f846cbeb462d014a9b67cdf453e50e3d88fb6646
5,d6,d6_r5_asset_0047,train,val,images/train/d6/d6_Heavy_Equipment_4047_jpg.rf.17f9bda8e902be047197f1d06b1bcb99_999cc1f4d1.jpg,images/val/d6/d6_Heavy_Equipment_4047_jpg.rf.17f9bda8e902be047197f1d06b1bcb99_999cc1f4d1.jpg,labels/train/d6/d6_Heavy_Equipment_4047_jpg.rf.17f9bda8e902be047197f1d06b1bcb99_999cc1f4d1.txt,labels/val/d6/d6_Heavy_Equipment_4047_jpg.rf.17f9bda8e902be047197f1d06b1bcb99_999cc1f4d1.txt,56dbb17011cd37e5834df095d8ece209bfb2295cdc28733fc704676df94f5ffd,61c159136c5b17cf8edfce4e18e67e43e7677b16a29b723b1ffb603dda6fbb44
5,d6,d6_r5_asset_0048,val,train,images/val/d6/d6_Heavy_Equipment_4417_jpg.rf.1002a93c401e22df70d7300ed7082c36_1acb287ba0.jpg,images/train/d6/d6_Heavy_Equipment_4417_jpg.rf.1002a93c401e22df70d7300ed7082c36_1acb287ba0.jpg,labels/val/d6/d6_Heavy_Equipment_4417_jpg.rf.1002a93c401e22df70d7300ed7082c36_1acb287ba0.txt,labels/train/d6/d6_Heavy_Equipment_4417_jpg.rf.1002a93c401e22df70d7300ed7082c36_1acb287ba0.txt,e301555e5d0bfd6943f9d2c879eb101b3d2b8112717b1b2947b581d958a1b82d,adae922c937264cac7a5d7daddd88469d6527bfc65d0cc24925e74025efc3d79
5,d6,d6_r5_asset_0049,train,val,images/train/d6/d6_Heavy_Equipment_4166_jpg.rf.6d60ffee5837c1d51888654434552a21_9ec610c63a.jpg,images/val/d6/d6_Heavy_Equipment_4166_jpg.rf.6d60ffee5837c1d51888654434552a21_9ec610c63a.jpg,labels/train/d6/d6_Heavy_Equipment_4166_jpg.rf.6d60ffee5837c1d51888654434552a21_9ec610c63a.txt,labels/val/d6/d6_Heavy_Equipment_4166_jpg.rf.6d60ffee5837c1d51888654434552a21_9ec610c63a.txt,03bc2d161e47611b826cd4a9d6d07f891761eab7f8d0a22ad616f5c6afbd12b6,2400261e00c98148f17dc6ef77799a9918b17b64c8dc87f3188ca8085373a121
5,d6,d6_r5_asset_0050,val,train,images/val/d6/d6_Heavy_Equipment_4940_jpg.rf.ee0a6f753841bae649bdafbcb73fb57e_d97a91e469.jpg,images/train/d6/d6_Heavy_Equipment_4940_jpg.rf.ee0a6f753841bae649bdafbcb73fb57e_d97a91e469.jpg,labels/val/d6/d6_Heavy_Equipment_4940_jpg.rf.ee0a6f753841bae649bdafbcb73fb57e_d97a91e469.txt,labels/train/d6/d6_Heavy_Equipment_4940_jpg.rf.ee0a6f753841bae649bdafbcb73fb57e_d97a91e469.txt,6fe3d5d9722813f545023a4a5e54065e966504841a122cc7c1c49da8e27da82a,5d5a5a319e297ee5d72b86de23cd04b485ae4806e47ccfcbf3540b7e1e89c104
5,d6,d6_r5_asset_0051,train,val,images/train/d6/d6_Heavy_Equipment_4279_jpg.rf.e8b84f7a05075e0c85db244a55b81ccd_fd4c86e86f.jpg,images/val/d6/d6_Heavy_Equipment_4279_jpg.rf.e8b84f7a05075e0c85db244a55b81ccd_fd4c86e86f.jpg,labels/train/d6/d6_Heavy_Equipment_4279_jpg.rf.e8b84f7a05075e0c85db244a55b81ccd_fd4c86e86f.txt,labels/val/d6/d6_Heavy_Equipment_4279_jpg.rf.e8b84f7a05075e0c85db244a55b81ccd_fd4c86e86f.txt,6e3bf8a746292769380773c11a36fb72d374428738a6b2638c5f2cb66d62ce42,799e4b37c8f18676ea3e8e46d73e66ea60a384c392f0effd6f89c70bea9323f7
5,d6,d6_r5_asset_0052,val,train,images/val/d6/d6_Heavy_Equipment_2527_jpg.rf.af8d3cde95c4dfe53cb43655478de9bd_bf39366679.jpg,images/train/d6/d6_Heavy_Equipment_2527_jpg.rf.af8d3cde95c4dfe53cb43655478de9bd_bf39366679.jpg,labels/val/d6/d6_Heavy_Equipment_2527_jpg.rf.af8d3cde95c4dfe53cb43655478de9bd_bf39366679.txt,labels/train/d6/d6_Heavy_Equipment_2527_jpg.rf.af8d3cde95c4dfe53cb43655478de9bd_bf39366679.txt,6f0df17893c091abae2171439109801bbe20a53069605cf8e78fc2e80d050c93,5db9d568b7e2a0edcd08a5e61f92870ea6cd9346ffd7291ced42f713b28b3e85
5,d6,d6_r5_asset_0053,val,train,images/val/d6/d6_Heavy_Equipment_6267_jpg.rf.3245afe17a6e24ffa43b723f23b381a5_230e204c78.jpg,images/train/d6/d6_Heavy_Equipment_6267_jpg.rf.3245afe17a6e24ffa43b723f23b381a5_230e204c78.jpg,labels/val/d6/d6_Heavy_Equipment_6267_jpg.rf.3245afe17a6e24ffa43b723f23b381a5_230e204c78.txt,labels/train/d6/d6_Heavy_Equipment_6267_jpg.rf.3245afe17a6e24ffa43b723f23b381a5_230e204c78.txt,2b80c5cfba6b4af388ec4a3aa3a39f69f366b690822ac7c6f6e7af59e5eb2c6d,5f2f4681539c2fcd6bef184bfd34aec33d6966f56312a47d9bf9c837b7d53c45
5,d6,d6_r5_asset_0054,val,train,images/val/d6/d6_Heavy_Equipment_3037_jpg.rf.afad534af0f59ad3528288d116708929_485e7ff849.jpg,images/train/d6/d6_Heavy_Equipment_3037_jpg.rf.afad534af0f59ad3528288d116708929_485e7ff849.jpg,labels/val/d6/d6_Heavy_Equipment_3037_jpg.rf.afad534af0f59ad3528288d116708929_485e7ff849.txt,labels/train/d6/d6_Heavy_Equipment_3037_jpg.rf.afad534af0f59ad3528288d116708929_485e7ff849.txt,553829863f46e018da0f253249c5d2f96e95a3683f823ee108e12ae014516d79,5479a7438556680cb90a101a611310f6a6eccec448595d913dd4e6ee5290752b
5,d6,d6_r5_asset_0055,train,val,images/train/d6/d6_Heavy_Equipment_4512_jpg.rf.ebdb9e9879b04c78ae4432a8ab34d1bc_4bdfeca0b1.jpg,images/val/d6/d6_Heavy_Equipment_4512_jpg.rf.ebdb9e9879b04c78ae4432a8ab34d1bc_4bdfeca0b1.jpg,labels/train/d6/d6_Heavy_Equipment_4512_jpg.rf.ebdb9e9879b04c78ae4432a8ab34d1bc_4bdfeca0b1.txt,labels/val/d6/d6_Heavy_Equipment_4512_jpg.rf.ebdb9e9879b04c78ae4432a8ab34d1bc_4bdfeca0b1.txt,9a484918e710b140f875b3a66f6ed59964013e3de5ae7be0a5c7429ea46d91fd,a5b40c30e9857f1268c98a0c0630a7313d817c8464a12ac606c5d030b8b18884
5,d6,d6_r5_asset_0056,val,train,images/val/d6/d6_Heavy_Equipment_14_jpg.rf.3668c7ff5c675ad267c1abdbe3522229_55c0654316.jpg,images/train/d6/d6_Heavy_Equipment_14_jpg.rf.3668c7ff5c675ad267c1abdbe3522229_55c0654316.jpg,labels/val/d6/d6_Heavy_Equipment_14_jpg.rf.3668c7ff5c675ad267c1abdbe3522229_55c0654316.txt,labels/train/d6/d6_Heavy_Equipment_14_jpg.rf.3668c7ff5c675ad267c1abdbe3522229_55c0654316.txt,fd820a3d7dc6d5b36f4ac61652600a565153a2bb216ba2f085b79ed977a4a9c5,e637592ced5b167a271a26f6763e4684cf29a7d170c3017ff38805ae489bac33
5,d6,d6_r5_asset_0057,val,train,images/val/d6/d6_Heavy_Equipment_3257_jpg.rf.47435ee8984b951a1396f9740c3d2e4c_6237c0615a.jpg,images/train/d6/d6_Heavy_Equipment_3257_jpg.rf.47435ee8984b951a1396f9740c3d2e4c_6237c0615a.jpg,labels/val/d6/d6_Heavy_Equipment_3257_jpg.rf.47435ee8984b951a1396f9740c3d2e4c_6237c0615a.txt,labels/train/d6/d6_Heavy_Equipment_3257_jpg.rf.47435ee8984b951a1396f9740c3d2e4c_6237c0615a.txt,4ec008888a57c0779209494a833dff48527e9d7039dc6609be354bbca3259492,19348b84c424be815c1f946622716534967204459fb803b4c056b653af09137e
5,d6,d6_r5_asset_0058,val,train,images/val/d6/d6_Heavy_Equipment_3440_jpg.rf.1c4a245efb1a022249cd49d6d0b54dc2_9fdbe137a8.jpg,images/train/d6/d6_Heavy_Equipment_3440_jpg.rf.1c4a245efb1a022249cd49d6d0b54dc2_9fdbe137a8.jpg,labels/val/d6/d6_Heavy_Equipment_3440_jpg.rf.1c4a245efb1a022249cd49d6d0b54dc2_9fdbe137a8.txt,labels/train/d6/d6_Heavy_Equipment_3440_jpg.rf.1c4a245efb1a022249cd49d6d0b54dc2_9fdbe137a8.txt,7c2ddf62ed1a974040201ca267cac6e86a9ed6aeaa57cff66c055caec60af37c,dd577a40adc9992230a9133ada14ca6b9bebac3aa3306bd4d4108ad48000cbb3
5,d6,d6_r5_asset_0059,val,train,images/val/d6/d6_Heavy_Equipment_3173_jpg.rf.90144c85e9849a043cfc8d5c257132b6_bc96ecb264.jpg,images/train/d6/d6_Heavy_Equipment_3173_jpg.rf.90144c85e9849a043cfc8d5c257132b6_bc96ecb264.jpg,labels/val/d6/d6_Heavy_Equipment_3173_jpg.rf.90144c85e9849a043cfc8d5c257132b6_bc96ecb264.txt,labels/train/d6/d6_Heavy_Equipment_3173_jpg.rf.90144c85e9849a043cfc8d5c257132b6_bc96ecb264.txt,5367eb7af8d3ec676efb0209e565f2b469fa623bf73ee8a45cb4b831b62eba80,1b8a67c2b59ba174a253b2da7fc56bd9f679bd3bcffbb4a7e127a5e344e3aa8f
5,d6,d6_r5_asset_0060,val,train,images/val/d6/d6_Heavy_Equipment_938_jpg.rf.1c7bfb1c52dae896fd4febd62fa80943_b416b54776.jpg,images/train/d6/d6_Heavy_Equipment_938_jpg.rf.1c7bfb1c52dae896fd4febd62fa80943_b416b54776.jpg,labels/val/d6/d6_Heavy_Equipment_938_jpg.rf.1c7bfb1c52dae896fd4febd62fa80943_b416b54776.txt,labels/train/d6/d6_Heavy_Equipment_938_jpg.rf.1c7bfb1c52dae896fd4febd62fa80943_b416b54776.txt,5a0a867c6a0c7a3ec68a752f828c4abb6a196fe24a1e3afcff4dc7d011263fe5,872a3a0a874b0b8d5133c266c62a86f991eef36caf6831d2a36ef892d0de5e11
5,d6,d6_r5_asset_0061,train,val,images/train/d6/d6_Heavy_Equipment_4990_jpg.rf.97d68eb1a266bbf51c0bbbe31433cdc9_cd27c1f171.jpg,images/val/d6/d6_Heavy_Equipment_4990_jpg.rf.97d68eb1a266bbf51c0bbbe31433cdc9_cd27c1f171.jpg,labels/train/d6/d6_Heavy_Equipment_4990_jpg.rf.97d68eb1a266bbf51c0bbbe31433cdc9_cd27c1f171.txt,labels/val/d6/d6_Heavy_Equipment_4990_jpg.rf.97d68eb1a266bbf51c0bbbe31433cdc9_cd27c1f171.txt,9cfe3910a4100cc91e09fc0b0047aed60429d6d3b26f7f2913a08081f45fec9d,f53e305a1c91c656daf5d29806cfbbd1cd15a9cb9fe30f4ce6e1ba361f812a15
5,d6,d6_r5_asset_0062,train,val,images/train/d6/d6_Heavy_Equipment_5016_jpg.rf.5a46c92273e956f6b9ef86232fb482cf_12a83ebf0d.jpg,images/val/d6/d6_Heavy_Equipment_5016_jpg.rf.5a46c92273e956f6b9ef86232fb482cf_12a83ebf0d.jpg,labels/train/d6/d6_Heavy_Equipment_5016_jpg.rf.5a46c92273e956f6b9ef86232fb482cf_12a83ebf0d.txt,labels/val/d6/d6_Heavy_Equipment_5016_jpg.rf.5a46c92273e956f6b9ef86232fb482cf_12a83ebf0d.txt,feedf2a7d3fda6d2560efb1e840e40b71bd437069c3cfae37069fcfe43eb76f1,25728e4dbda795c3e441dfd481605a08760df968fc163794e8d5525730cc1f94
5,d6,d6_r5_asset_0063,train,val,images/train/d6/d6_Heavy_Equipment_5154_jpg.rf.bdac7fa2e14a8f7d64b8aa3024c397e5_0dd920a88b.jpg,images/val/d6/d6_Heavy_Equipment_5154_jpg.rf.bdac7fa2e14a8f7d64b8aa3024c397e5_0dd920a88b.jpg,labels/train/d6/d6_Heavy_Equipment_5154_jpg.rf.bdac7fa2e14a8f7d64b8aa3024c397e5_0dd920a88b.txt,labels/val/d6/d6_Heavy_Equipment_5154_jpg.rf.bdac7fa2e14a8f7d64b8aa3024c397e5_0dd920a88b.txt,c772fdc77e6af92376a5c63cb7390d7fd42c172dffb6867bd71ad0cbc55a38f2,03aa37a1ced2f2ebc08d0cb3db134466e092541fbc79806b5a270181c55bc7b5
5,d6,d6_r5_asset_0064,val,train,images/val/d6/d6_Heavy_Equipment_1616_jpg.rf.537770852ac71c7b3be0cde80f957d61_9ec5bbffe7.jpg,images/train/d6/d6_Heavy_Equipment_1616_jpg.rf.537770852ac71c7b3be0cde80f957d61_9ec5bbffe7.jpg,labels/val/d6/d6_Heavy_Equipment_1616_jpg.rf.537770852ac71c7b3be0cde80f957d61_9ec5bbffe7.txt,labels/train/d6/d6_Heavy_Equipment_1616_jpg.rf.537770852ac71c7b3be0cde80f957d61_9ec5bbffe7.txt,cf31f83a61b70e607be940f536937fd4e65640713e6a4254c7f90ec25d63b48d,3993953e14d2e99de9deb4f4df8581ae1896b9b7d99c3e0538857b05bd5224ae
5,d6,d6_r5_asset_0065,train,val,images/train/d6/d6_Heavy_Equipment_6086_jpg.rf.408846d81a79989921882115c8e35096_eef369eeba.jpg,images/val/d6/d6_Heavy_Equipment_6086_jpg.rf.408846d81a79989921882115c8e35096_eef369eeba.jpg,labels/train/d6/d6_Heavy_Equipment_6086_jpg.rf.408846d81a79989921882115c8e35096_eef369eeba.txt,labels/val/d6/d6_Heavy_Equipment_6086_jpg.rf.408846d81a79989921882115c8e35096_eef369eeba.txt,67fba708b0304e2c9bc113dd1163c431d05d9af0aa4bdc3d5446012f6c3f8ae6,2c4b9bd8ec16e1426420436050b079cb228bdb091d1453ed9c0ba5c272e3a2d2
5,d6,d6_r5_asset_0066,train,val,images/train/d6/d6_Heavy_Equipment_6209_jpg.rf.0d1126c685a146634525c0f6ab80a6c1_63e60f2426.jpg,images/val/d6/d6_Heavy_Equipment_6209_jpg.rf.0d1126c685a146634525c0f6ab80a6c1_63e60f2426.jpg,labels/train/d6/d6_Heavy_Equipment_6209_jpg.rf.0d1126c685a146634525c0f6ab80a6c1_63e60f2426.txt,labels/val/d6/d6_Heavy_Equipment_6209_jpg.rf.0d1126c685a146634525c0f6ab80a6c1_63e60f2426.txt,ef7cab475678663d5bff3f54fabc744ea5064ac0a02673925d3a2879f09cd5ed,a2627cf1645d2adfb3bee7f6e1042f40fde263b5dd04c4e358ba7ccf23c338a5
5,d6,d6_r5_asset_0067,val,train,images/val/d6/d6_Heavy_Equipment_4841_jpg.rf.6d719c55640fd2b09aa95630ba935811_4811a1bbc6.jpg,images/train/d6/d6_Heavy_Equipment_4841_jpg.rf.6d719c55640fd2b09aa95630ba935811_4811a1bbc6.jpg,labels/val/d6/d6_Heavy_Equipment_4841_jpg.rf.6d719c55640fd2b09aa95630ba935811_4811a1bbc6.txt,labels/train/d6/d6_Heavy_Equipment_4841_jpg.rf.6d719c55640fd2b09aa95630ba935811_4811a1bbc6.txt,13970e9c75cab13303faff268c19556436e46dcb7fa544d97c49c88373c7a9bb,21b7815b44d22189eb46c2fef16dea921aea2312500c8ac575a09d44bdfa5cc0
5,d6,d6_r5_asset_0068,val,train,images/val/d6/d6_M_D_Daewoo_Novus_SE_Mixer_Truck_2012_1000_0001_jpg.rf.5973b06308fc35484afa9b611d2f3af0_2499da26df.jpg,images/train/d6/d6_M_D_Daewoo_Novus_SE_Mixer_Truck_2012_1000_0001_jpg.rf.5973b06308fc35484afa9b611d2f3af0_2499da26df.jpg,labels/val/d6/d6_M_D_Daewoo_Novus_SE_Mixer_Truck_2012_1000_0001_jpg.rf.5973b06308fc35484afa9b611d2f3af0_2499da26df.txt,labels/train/d6/d6_M_D_Daewoo_Novus_SE_Mixer_Truck_2012_1000_0001_jpg.rf.5973b06308fc35484afa9b611d2f3af0_2499da26df.txt,2faf6096dbf78002f399a955972244676395de873528025f646f9d1948e383d4,5fe11e52f3b6c2688dcfa562ccfa52c74ccbbd77547fee5735ad6651fe828f57
5,d6,d6_r5_asset_0069,val,train,images/val/d6/d6_M_D_mixer_lineup_img012_jpg.rf.ae6297e2463ef1c611d151cf7ca46391_e0fb10cc68.jpg,images/train/d6/d6_M_D_mixer_lineup_img012_jpg.rf.ae6297e2463ef1c611d151cf7ca46391_e0fb10cc68.jpg,labels/val/d6/d6_M_D_mixer_lineup_img012_jpg.rf.ae6297e2463ef1c611d151cf7ca46391_e0fb10cc68.txt,labels/train/d6/d6_M_D_mixer_lineup_img012_jpg.rf.ae6297e2463ef1c611d151cf7ca46391_e0fb10cc68.txt,eb5c91d51e0226f28e49206df274c665f6c56c542b1c6ce36166f2d62c7ef2ae,be85ba112ee92714e5de95e542cc718bd6f74b7d846aea2942a8cff13e1f1918
5,d6,d6_r5_asset_0070,train,val,images/train/d6/d6_M_M_images96_jpg.rf.4e52012d1f9ee6decad77bd7840a4897_c9f968979a.jpg,images/val/d6/d6_M_M_images96_jpg.rf.4e52012d1f9ee6decad77bd7840a4897_c9f968979a.jpg,labels/train/d6/d6_M_M_images96_jpg.rf.4e52012d1f9ee6decad77bd7840a4897_c9f968979a.txt,labels/val/d6/d6_M_M_images96_jpg.rf.4e52012d1f9ee6decad77bd7840a4897_c9f968979a.txt,4d8803d34cfd354e8a3244a8f841d13073ae691ff77850511441725a34b8f111,ba03b0c45103aa10ad735544a271cbc3f3458b0e4e978392aa56745a321d7e42
5,d7,d7_r5_sequence_0001,train,test,images/train/d7/d7_0002684_jpg.rf.a805e2d5d64366ff8155d698e5b95880_d21faeb05a.jpg,images/test/d7/d7_0002684_jpg.rf.a805e2d5d64366ff8155d698e5b95880_d21faeb05a.jpg,labels/train/d7/d7_0002684_jpg.rf.a805e2d5d64366ff8155d698e5b95880_d21faeb05a.txt,labels/test/d7/d7_0002684_jpg.rf.a805e2d5d64366ff8155d698e5b95880_d21faeb05a.txt,f1aaadd87d582e26fb16bd216bcda2dd2bee314fcc27b7e1f9d34ed86603b3a9,7eec3689ea3396af18fea888aa473ca0b5821d08d25abc6cdb0864b8c797ffd1
5,d7,d7_r5_sequence_0002,test,train,images/test/d7/d7_0003939_jpg.rf.a412a3484be37e642c14e41e31108bca_c1866ddc32.jpg,images/train/d7/d7_0003939_jpg.rf.a412a3484be37e642c14e41e31108bca_c1866ddc32.jpg,labels/test/d7/d7_0003939_jpg.rf.a412a3484be37e642c14e41e31108bca_c1866ddc32.txt,labels/train/d7/d7_0003939_jpg.rf.a412a3484be37e642c14e41e31108bca_c1866ddc32.txt,ecac818bd8c6729964886ca01ed18b9228cf9be16aa5c8f853e967f2ad72fa01,0696cce560b81e9f2b7b98aff69435830d347114c092381ba5c8dc44652ae4b7
6,d6,d6_r6_asset_0001,train,test,images/train/d6/d6_Heavy_Equipment_5204_jpg.rf.a85089894238cf82f85c7ec4b74ce69a_b653677288.jpg,images/test/d6/d6_Heavy_Equipment_5204_jpg.rf.a85089894238cf82f85c7ec4b74ce69a_b653677288.jpg,labels/train/d6/d6_Heavy_Equipment_5204_jpg.rf.a85089894238cf82f85c7ec4b74ce69a_b653677288.txt,labels/test/d6/d6_Heavy_Equipment_5204_jpg.rf.a85089894238cf82f85c7ec4b74ce69a_b653677288.txt,b41b512bbbea31852657cd35ba8bb9cbb4c110bedc9ecac81ee607694df36e79,f1e75d96d2a183d5aa9dbb600744c846e0f5a99bc88bf3a23bf5bd4bb3c77495
6,d6,d6_r6_asset_0002,train,val,images/train/d6/d6_Heavy_Equipment_3252_jpg.rf.3c6f15ab136bc7230264d8539971fb4a_b922cd4b29.jpg,images/val/d6/d6_Heavy_Equipment_3252_jpg.rf.3c6f15ab136bc7230264d8539971fb4a_b922cd4b29.jpg,labels/train/d6/d6_Heavy_Equipment_3252_jpg.rf.3c6f15ab136bc7230264d8539971fb4a_b922cd4b29.txt,labels/val/d6/d6_Heavy_Equipment_3252_jpg.rf.3c6f15ab136bc7230264d8539971fb4a_b922cd4b29.txt,5f133df469b8b69b9469f7d8a30b96b14629e44da4744c639b7bc48722913e7e,56cd91b59564cbdd42e92ef11eada4edd84a24e9e4044880e8275ca9aa1572b9
6,d6,d6_r6_asset_0003,val,train,images/val/d6/d6_Heavy_Equipment_4806_jpg.rf.59d072440ccae73a1f3fa87628901c6c_b523586bb5.jpg,images/train/d6/d6_Heavy_Equipment_4806_jpg.rf.59d072440ccae73a1f3fa87628901c6c_b523586bb5.jpg,labels/val/d6/d6_Heavy_Equipment_4806_jpg.rf.59d072440ccae73a1f3fa87628901c6c_b523586bb5.txt,labels/train/d6/d6_Heavy_Equipment_4806_jpg.rf.59d072440ccae73a1f3fa87628901c6c_b523586bb5.txt,89700efd146ef32a725e7b5b174714bd2f9a97329605696c73da2b77a792bec1,03d7717a58a0f7b70acac22837c5948262ce3b8c7984bbad9c82e57595cbd940
7,d6,d6_r7_asset_0001,test,train,images/test/d6/d6_Heavy_Equipment_2680_jpg.rf.8d11b8d9a0f146a4f6e08cd57bdfe101_957f7e8f42.jpg,images/train/d6/d6_Heavy_Equipment_2680_jpg.rf.8d11b8d9a0f146a4f6e08cd57bdfe101_957f7e8f42.jpg,labels/test/d6/d6_Heavy_Equipment_2680_jpg.rf.8d11b8d9a0f146a4f6e08cd57bdfe101_957f7e8f42.txt,labels/train/d6/d6_Heavy_Equipment_2680_jpg.rf.8d11b8d9a0f146a4f6e08cd57bdfe101_957f7e8f42.txt,0164c3fd60364950275dbcdf71d0166c70b8220cef7aad17a067a9ab29cbec88,5f726b47f2ea5b5ec88667924759670874af5e5a8a74be72452eaf058de36676
7,d6,d6_r7_asset_0002,train,test,images/train/d6/d6_Heavy_Equipment_5129_jpg.rf.0da21079b3c6893595ee8f939d7b9ef5_6ca952ccbd.jpg,images/test/d6/d6_Heavy_Equipment_5129_jpg.rf.0da21079b3c6893595ee8f939d7b9ef5_6ca952ccbd.jpg,labels/train/d6/d6_Heavy_Equipment_5129_jpg.rf.0da21079b3c6893595ee8f939d7b9ef5_6ca952ccbd.txt,labels/test/d6/d6_Heavy_Equipment_5129_jpg.rf.0da21079b3c6893595ee8f939d7b9ef5_6ca952ccbd.txt,0738dc31261b2e52eb8314af5f8a5066912ac59f917637c29f208923719389e6,8d5c5ea68bede1a4873023f6e64b4227f175800d48681e1541fd1802e247a19a
7,d6,d6_r7_asset_0003,train,test,images/train/d6/d6_Heavy_Equipment_873_jpg.rf.f648338e3663a9078f68d3f0b97dc61d_bf34d35df4.jpg,images/test/d6/d6_Heavy_Equipment_873_jpg.rf.f648338e3663a9078f68d3f0b97dc61d_bf34d35df4.jpg,labels/train/d6/d6_Heavy_Equipment_873_jpg.rf.f648338e3663a9078f68d3f0b97dc61d_bf34d35df4.txt,labels/test/d6/d6_Heavy_Equipment_873_jpg.rf.f648338e3663a9078f68d3f0b97dc61d_bf34d35df4.txt,dd20fcccabbe0c5d64c6da731155a2a2edf08360dcbc10eec7c9c85863ac5437,229b2da9c48a204edb791ef552d7a2a2e6a0b5adb18bc8ed1915c185c39c1396
7,d6,d6_r7_asset_0004,val,test,images/val/d6/d6_Heavy_Equipment_96_jpg.rf.a461d5a5cc7e3bb8dfd050420dabbb49_d9e60df556.jpg,images/test/d6/d6_Heavy_Equipment_96_jpg.rf.a461d5a5cc7e3bb8dfd050420dabbb49_d9e60df556.jpg,labels/val/d6/d6_Heavy_Equipment_96_jpg.rf.a461d5a5cc7e3bb8dfd050420dabbb49_d9e60df556.txt,labels/test/d6/d6_Heavy_Equipment_96_jpg.rf.a461d5a5cc7e3bb8dfd050420dabbb49_d9e60df556.txt,bc272c3c7b5c53f3fd5ea256176358671d94069008e64e8092c834b6dcd342eb,a19f1d29aa2c82b51fde9c047bd18b1c718e3143411cedb8340e3afcb364a6c8
7,d6,d6_r7_asset_0005,val,test,images/val/d6/d6_Heavy_Equipment_4635_jpg.rf.16a07aac702706fef3d1c0835ee879db_05dd18f76e.jpg,images/test/d6/d6_Heavy_Equipment_4635_jpg.rf.16a07aac702706fef3d1c0835ee879db_05dd18f76e.jpg,labels/val/d6/d6_Heavy_Equipment_4635_jpg.rf.16a07aac702706fef3d1c0835ee879db_05dd18f76e.txt,labels/test/d6/d6_Heavy_Equipment_4635_jpg.rf.16a07aac702706fef3d1c0835ee879db_05dd18f76e.txt,a5485c0536a928474946cf42b11a647519564f492102a9be279f606fe61a7fb5,5293a66b11f9fbd17734e33b3413dfde5ee18b7c12ed0a960ec80ed1c422eca2
7,d6,d6_r7_asset_0006,test,train,images/test/d6/d6_Heavy_Equipment_5291_jpg.rf.004f3ae44106ab0a2fabf5cd977384c9_52a7a0edb9.jpg,images/train/d6/d6_Heavy_Equipment_5291_jpg.rf.004f3ae44106ab0a2fabf5cd977384c9_52a7a0edb9.jpg,labels/test/d6/d6_Heavy_Equipment_5291_jpg.rf.004f3ae44106ab0a2fabf5cd977384c9_52a7a0edb9.txt,labels/train/d6/d6_Heavy_Equipment_5291_jpg.rf.004f3ae44106ab0a2fabf5cd977384c9_52a7a0edb9.txt,c08de25d7df0bdb8295b314e42441f9fb71d5355a46bba524b8321cbe3f96f19,3652a6fde7128cceaaeb1e4b60359380f44093bede1a6c98f4de4724136c0bd5
7,d6,d6_r7_asset_0007,test,train,images/test/d6/d6_Heavy_Equipment_6319_jpg.rf.46642c9dacc7ad29c31f3e57c1fda4c2_850f9a2eac.jpg,images/train/d6/d6_Heavy_Equipment_6319_jpg.rf.46642c9dacc7ad29c31f3e57c1fda4c2_850f9a2eac.jpg,labels/test/d6/d6_Heavy_Equipment_6319_jpg.rf.46642c9dacc7ad29c31f3e57c1fda4c2_850f9a2eac.txt,labels/train/d6/d6_Heavy_Equipment_6319_jpg.rf.46642c9dacc7ad29c31f3e57c1fda4c2_850f9a2eac.txt,b56163bbe045229f834814630437bf25987d3563c29db1b91da9a70b9142035b,2f4cd3c34bf70c553c031d75532c3caea1cfe156b6cd31d3bd7c15b87f25604f
7,d6,d6_r7_asset_0008,test,val,images/test/d6/d6_Heavy_Equipment_76_jpg.rf.e9ff83606033b863769c9fdaed04df3c_05dc09d9f8.jpg,images/val/d6/d6_Heavy_Equipment_76_jpg.rf.e9ff83606033b863769c9fdaed04df3c_05dc09d9f8.jpg,labels/test/d6/d6_Heavy_Equipment_76_jpg.rf.e9ff83606033b863769c9fdaed04df3c_05dc09d9f8.txt,labels/val/d6/d6_Heavy_Equipment_76_jpg.rf.e9ff83606033b863769c9fdaed04df3c_05dc09d9f8.txt,d071ed88790e2817e3a79f50d688eb2721edf3f98bae3dd0072cd59f721b4e38,7d397d70b104f413d6bc88df9ea0e8bea77715a6cf43345996c4c40cb479badc
7,d6,d6_r7_asset_0009,val,train,images/val/d6/d6_Heavy_Equipment_1261_jpg.rf.472add24d6511120044097f4c0009eb4_19dabd4f07.jpg,images/train/d6/d6_Heavy_Equipment_1261_jpg.rf.472add24d6511120044097f4c0009eb4_19dabd4f07.jpg,labels/val/d6/d6_Heavy_Equipment_1261_jpg.rf.472add24d6511120044097f4c0009eb4_19dabd4f07.txt,labels/train/d6/d6_Heavy_Equipment_1261_jpg.rf.472add24d6511120044097f4c0009eb4_19dabd4f07.txt,e7176c7060a84052612873f0ef1f87e1464fce1c2e1d33cefc7f1d683d830482,fc90f7bef96c129c128c4b47d750bc8340ed58c48ea35e52caffd5a1f85299a8
7,d6,d6_r7_asset_0010,val,train,images/val/d6/d6_Heavy_Equipment_1351_jpg.rf.e8e1469c5233224c9039f8c7673a3a3b_b206d79043.jpg,images/train/d6/d6_Heavy_Equipment_1351_jpg.rf.e8e1469c5233224c9039f8c7673a3a3b_b206d79043.jpg,labels/val/d6/d6_Heavy_Equipment_1351_jpg.rf.e8e1469c5233224c9039f8c7673a3a3b_b206d79043.txt,labels/train/d6/d6_Heavy_Equipment_1351_jpg.rf.e8e1469c5233224c9039f8c7673a3a3b_b206d79043.txt,3651150d2787b38436879a97c4cbb289e0c9a107980b7358981fce81638ae171,4e016f3870a41e0cba04f10fead857aa526175f15d6521b0c6bbb30c80541a99
7,d6,d6_r7_asset_0011,train,val,images/train/d6/d6_Heavy_Equipment_1828_jpg.rf.c5a71bd614918c845207f40707c321ae_791377ca8a.jpg,images/val/d6/d6_Heavy_Equipment_1828_jpg.rf.c5a71bd614918c845207f40707c321ae_791377ca8a.jpg,labels/train/d6/d6_Heavy_Equipment_1828_jpg.rf.c5a71bd614918c845207f40707c321ae_791377ca8a.txt,labels/val/d6/d6_Heavy_Equipment_1828_jpg.rf.c5a71bd614918c845207f40707c321ae_791377ca8a.txt,d0574b862f76af25e20de138964fe322cf42dd848b4b3361aafa1a1644bc47ca,ff5da3acccd226f152fd817199e764740905fd5b3100d613a3846475418b6e0f
7,d6,d6_r7_asset_0012,train,val,images/train/d6/d6_Heavy_Equipment_2243_jpg.rf.c22a831539f199389e39080b8c5ff72c_7d8596a0cb.jpg,images/val/d6/d6_Heavy_Equipment_2243_jpg.rf.c22a831539f199389e39080b8c5ff72c_7d8596a0cb.jpg,labels/train/d6/d6_Heavy_Equipment_2243_jpg.rf.c22a831539f199389e39080b8c5ff72c_7d8596a0cb.txt,labels/val/d6/d6_Heavy_Equipment_2243_jpg.rf.c22a831539f199389e39080b8c5ff72c_7d8596a0cb.txt,f7fdbb774c419156fe9341f42cba526622af851182b028b13e45b9af8430b667,da1684dc25a41dfe113206a1d5afcbd0d0052a2e4ecd721925d0a11a3c9c8a3f
7,d6,d6_r7_asset_0013,train,val,images/train/d6/d6_Heavy_Equipment_2330_jpg.rf.46dbbd8ad7e64f33de151a30b3e86324_4b5151c265.jpg,images/val/d6/d6_Heavy_Equipment_2330_jpg.rf.46dbbd8ad7e64f33de151a30b3e86324_4b5151c265.jpg,labels/train/d6/d6_Heavy_Equipment_2330_jpg.rf.46dbbd8ad7e64f33de151a30b3e86324_4b5151c265.txt,labels/val/d6/d6_Heavy_Equipment_2330_jpg.rf.46dbbd8ad7e64f33de151a30b3e86324_4b5151c265.txt,d8188ba57bb224267ae00664cd8d656b8b353e7f3e355291ea3e54ea9033ba93,14682107dc52cda285975007f709f0bb74cc94558c7c0b18e83013f1273b4cd6
7,d6,d6_r7_asset_0014,val,train,images/val/d6/d6_Heavy_Equipment_1131_jpg.rf.dacef89d3ffebd84ee3b4046d29bdfdb_11a516c2e7.jpg,images/train/d6/d6_Heavy_Equipment_1131_jpg.rf.dacef89d3ffebd84ee3b4046d29bdfdb_11a516c2e7.jpg,labels/val/d6/d6_Heavy_Equipment_1131_jpg.rf.dacef89d3ffebd84ee3b4046d29bdfdb_11a516c2e7.txt,labels/train/d6/d6_Heavy_Equipment_1131_jpg.rf.dacef89d3ffebd84ee3b4046d29bdfdb_11a516c2e7.txt,198e906c4b677714b5ac1df5902565396a68527dd7e9150fb5d3f213744a7870,f3e9ad7e090df373998029f28b13e10fbf14f73b85c439031a56ed9184385c44
7,d6,d6_r7_asset_0015,val,train,images/val/d6/d6_Heavy_Equipment_2871_jpg.rf.6b6133c9062dfc4f0edd205b3841d22b_b502878d8c.jpg,images/train/d6/d6_Heavy_Equipment_2871_jpg.rf.6b6133c9062dfc4f0edd205b3841d22b_b502878d8c.jpg,labels/val/d6/d6_Heavy_Equipment_2871_jpg.rf.6b6133c9062dfc4f0edd205b3841d22b_b502878d8c.txt,labels/train/d6/d6_Heavy_Equipment_2871_jpg.rf.6b6133c9062dfc4f0edd205b3841d22b_b502878d8c.txt,0f776c3a6bbb776db0b911ee81a1fbe2c20dc6ebd586d7b9598d0609f4959aa1,2e60d54d52023475b841eec494dcce6fdcb52547b85747fae52e583086b038ff
7,d6,d6_r7_asset_0016,val,train,images/val/d6/d6_Heavy_Equipment_3641_jpg.rf.aab51cc5d1b148200a6ce302ac67d8d0_974d2c4f7e.jpg,images/train/d6/d6_Heavy_Equipment_3641_jpg.rf.aab51cc5d1b148200a6ce302ac67d8d0_974d2c4f7e.jpg,labels/val/d6/d6_Heavy_Equipment_3641_jpg.rf.aab51cc5d1b148200a6ce302ac67d8d0_974d2c4f7e.txt,labels/train/d6/d6_Heavy_Equipment_3641_jpg.rf.aab51cc5d1b148200a6ce302ac67d8d0_974d2c4f7e.txt,0b98cd3aea1b1bec8e5ef036611fc27b12abc479c394e87faf22169e2803ba15,2e038d6bd08bd1cadc9cb6b05c434a6b4f86d010183f2912d90666136e4c302b
7,d6,d6_r7_asset_0017,train,val,images/train/d6/d6_Heavy_Equipment_4312_jpg.rf.13b9eed01ab29c25dbced395c615eff3_16eaef3ffb.jpg,images/val/d6/d6_Heavy_Equipment_4312_jpg.rf.13b9eed01ab29c25dbced395c615eff3_16eaef3ffb.jpg,labels/train/d6/d6_Heavy_Equipment_4312_jpg.rf.13b9eed01ab29c25dbced395c615eff3_16eaef3ffb.txt,labels/val/d6/d6_Heavy_Equipment_4312_jpg.rf.13b9eed01ab29c25dbced395c615eff3_16eaef3ffb.txt,260c4efba9a2bfa935b0bcd35710717a0885a8f679ce0cb59170e5dca25729b6,de14ab6714cab25326498eea5986a68c490e68e26fb99853cc222cf50d76f22f
7,d6,d6_r7_asset_0018,train,val,images/train/d6/d6_Heavy_Equipment_4437_jpg.rf.cfe9cfb327eb0a579b95e444845f644f_300d1a9eb4.jpg,images/val/d6/d6_Heavy_Equipment_4437_jpg.rf.cfe9cfb327eb0a579b95e444845f644f_300d1a9eb4.jpg,labels/train/d6/d6_Heavy_Equipment_4437_jpg.rf.cfe9cfb327eb0a579b95e444845f644f_300d1a9eb4.txt,labels/val/d6/d6_Heavy_Equipment_4437_jpg.rf.cfe9cfb327eb0a579b95e444845f644f_300d1a9eb4.txt,dbb178be43db89af7f7b76bbf519bf4275ff7f24804ff689a0f777859ac8aa96,5a4fc11a880494b4910ad45b280781e369c0f5f5a033e10482dc95b3a0fd694e
7,d6,d6_r7_asset_0019,train,val,images/train/d6/d6_Heavy_Equipment_5075_jpg.rf.99058e49831a4701c35593069695b761_3863514ee9.jpg,images/val/d6/d6_Heavy_Equipment_5075_jpg.rf.99058e49831a4701c35593069695b761_3863514ee9.jpg,labels/train/d6/d6_Heavy_Equipment_5075_jpg.rf.99058e49831a4701c35593069695b761_3863514ee9.txt,labels/val/d6/d6_Heavy_Equipment_5075_jpg.rf.99058e49831a4701c35593069695b761_3863514ee9.txt,838f89f1c0ae4b8d7d66003c62622a39d6436e4d9a29096086ab72a85db5938e,2a40eedd11c8d432f28b82d498afa58f37401b847f908ea6b139802f1c071548
7,d6,d6_r7_asset_0020,val,train,images/val/d6/d6_Heavy_Equipment_4279_jpg.rf.e8b84f7a05075e0c85db244a55b81ccd_fd4c86e86f.jpg,images/train/d6/d6_Heavy_Equipment_4279_jpg.rf.e8b84f7a05075e0c85db244a55b81ccd_fd4c86e86f.jpg,labels/val/d6/d6_Heavy_Equipment_4279_jpg.rf.e8b84f7a05075e0c85db244a55b81ccd_fd4c86e86f.txt,labels/train/d6/d6_Heavy_Equipment_4279_jpg.rf.e8b84f7a05075e0c85db244a55b81ccd_fd4c86e86f.txt,6e3bf8a746292769380773c11a36fb72d374428738a6b2638c5f2cb66d62ce42,799e4b37c8f18676ea3e8e46d73e66ea60a384c392f0effd6f89c70bea9323f7
7,d6,d6_r7_asset_0021,val,train,images/val/d6/d6_Heavy_Equipment_3284_jpg.rf.5a7fb7479ac2afd0af4480f023013327_81874b1281.jpg,images/train/d6/d6_Heavy_Equipment_3284_jpg.rf.5a7fb7479ac2afd0af4480f023013327_81874b1281.jpg,labels/val/d6/d6_Heavy_Equipment_3284_jpg.rf.5a7fb7479ac2afd0af4480f023013327_81874b1281.txt,labels/train/d6/d6_Heavy_Equipment_3284_jpg.rf.5a7fb7479ac2afd0af4480f023013327_81874b1281.txt,4dbf54b549c09dcd387dbf23742ad3b5f119d0c098afaeb8ad4f2d5fef7c6c54,42b13eb5f43172e57e36fead989b101f304e64ca39c1acec6983688928a5de51
7,d6,d6_r7_asset_0022,train,val,images/train/d6/d6_Heavy_Equipment_5209_jpg.rf.1b4266742bd9389fc0e03f655e7febdf_bb1787bd8c.jpg,images/val/d6/d6_Heavy_Equipment_5209_jpg.rf.1b4266742bd9389fc0e03f655e7febdf_bb1787bd8c.jpg,labels/train/d6/d6_Heavy_Equipment_5209_jpg.rf.1b4266742bd9389fc0e03f655e7febdf_bb1787bd8c.txt,labels/val/d6/d6_Heavy_Equipment_5209_jpg.rf.1b4266742bd9389fc0e03f655e7febdf_bb1787bd8c.txt,f617119fde4f33c00dff73022780a873e60869585f9a7b2dd06ff888360d9ec8,2191d83a2d1051101693686f9158fb6c412713039c9cfb67a56d6c303746e7a7
7,d6,d6_r7_asset_0023,train,val,images/train/d6/d6_Heavy_Equipment_5688_jpg.rf.b8f39c4b248991b36b88be092b04c58a_c8858be8f1.jpg,images/val/d6/d6_Heavy_Equipment_5688_jpg.rf.b8f39c4b248991b36b88be092b04c58a_c8858be8f1.jpg,labels/train/d6/d6_Heavy_Equipment_5688_jpg.rf.b8f39c4b248991b36b88be092b04c58a_c8858be8f1.txt,labels/val/d6/d6_Heavy_Equipment_5688_jpg.rf.b8f39c4b248991b36b88be092b04c58a_c8858be8f1.txt,1e3d519012001ad41c26497964d444a1a3c71316cf4ac0e36f4df0c94759a67e,af314a898ae7d3a31d5e7a083c99e3a2c8ce8e91ae7a64c7fdd8838bf7ce9b60
7,d6,d6_r7_asset_0024,val,train,images/val/d6/d6_Heavy_Equipment_6235_jpg.rf.affaf0d9af97d265225cb1a1f2182344_94caabf099.jpg,images/train/d6/d6_Heavy_Equipment_6235_jpg.rf.affaf0d9af97d265225cb1a1f2182344_94caabf099.jpg,labels/val/d6/d6_Heavy_Equipment_6235_jpg.rf.affaf0d9af97d265225cb1a1f2182344_94caabf099.txt,labels/train/d6/d6_Heavy_Equipment_6235_jpg.rf.affaf0d9af97d265225cb1a1f2182344_94caabf099.txt,e7042169f27e8aedd838a0dce869825d7e64db797d552797bfcc5f51e8e33e0e,1f6daa5b73e09e53f2e0932de7809218bca33ff9f30eafd72590d08b55eede6b
7,d6,d6_r7_asset_0025,val,train,images/val/d6/d6_Heavy_Equipment_464_jpg.rf.ec6838ff5878875648de368750aaff6b_cec68ea818.jpg,images/train/d6/d6_Heavy_Equipment_464_jpg.rf.ec6838ff5878875648de368750aaff6b_cec68ea818.jpg,labels/val/d6/d6_Heavy_Equipment_464_jpg.rf.ec6838ff5878875648de368750aaff6b_cec68ea818.txt,labels/train/d6/d6_Heavy_Equipment_464_jpg.rf.ec6838ff5878875648de368750aaff6b_cec68ea818.txt,5bcd036c5b24a5105cfa269b5acbc30503ca4f2a28c71e3a044b331b558de944,d749d59f10748a77da3267517b3b7bc35323aaaf0098153932592f79d622b1fd
7,d6,d6_r7_asset_0026,train,val,images/train/d6/d6_M_M_image28_jpeg.rf.df2bde41d5a9bdd4eb696228e4dd3fcd_3d78514802.jpg,images/val/d6/d6_M_M_image28_jpeg.rf.df2bde41d5a9bdd4eb696228e4dd3fcd_3d78514802.jpg,labels/train/d6/d6_M_M_image28_jpeg.rf.df2bde41d5a9bdd4eb696228e4dd3fcd_3d78514802.txt,labels/val/d6/d6_M_M_image28_jpeg.rf.df2bde41d5a9bdd4eb696228e4dd3fcd_3d78514802.txt,f5a4ddfc31c3f73c87b9fc5bb04204fb96819c307febe91957c005bd43058b65,1e99999dcd00942991c59f9be59c49518ebe8b490adfcafdb78155fbb3288a26
8,d6,d6_r8_asset_0003,train,val,images/train/d6/d6_M_M_186662_1_jpg.rf.6161557d2e10697359b69f6868d8e053_c78f7a13a4.jpg,images/val/d6/d6_M_M_186662_1_jpg.rf.6161557d2e10697359b69f6868d8e053_c78f7a13a4.jpg,labels/train/d6/d6_M_M_186662_1_jpg.rf.6161557d2e10697359b69f6868d8e053_c78f7a13a4.txt,labels/val/d6/d6_M_M_186662_1_jpg.rf.6161557d2e10697359b69f6868d8e053_c78f7a13a4.txt,5dfea8c7907422cd6e637dbde2ce775d8981255b6427fb805d720f63a7cd94e4,c9bb64c4b53bd35cc47bc6a6a972d385dc9f8d663eb47735625040adf2590004
8,d6,d6_r8_asset_0001,train,val,images/train/d6/d6_Heavy_Equipment_1261_jpg.rf.472add24d6511120044097f4c0009eb4_19dabd4f07.jpg,images/val/d6/d6_Heavy_Equipment_1261_jpg.rf.472add24d6511120044097f4c0009eb4_19dabd4f07.jpg,labels/train/d6/d6_Heavy_Equipment_1261_jpg.rf.472add24d6511120044097f4c0009eb4_19dabd4f07.txt,labels/val/d6/d6_Heavy_Equipment_1261_jpg.rf.472add24d6511120044097f4c0009eb4_19dabd4f07.txt,e7176c7060a84052612873f0ef1f87e1464fce1c2e1d33cefc7f1d683d830482,fc90f7bef96c129c128c4b47d750bc8340ed58c48ea35e52caffd5a1f85299a8
8,d6,d6_r8_asset_0001,train,val,images/train/d6/d6_Heavy_Equipment_1429_jpg.rf.ad88fd7e9eddb42ac800994a5cffda82_3844f00318.jpg,images/val/d6/d6_Heavy_Equipment_1429_jpg.rf.ad88fd7e9eddb42ac800994a5cffda82_3844f00318.jpg,labels/train/d6/d6_Heavy_Equipment_1429_jpg.rf.ad88fd7e9eddb42ac800994a5cffda82_3844f00318.txt,labels/val/d6/d6_Heavy_Equipment_1429_jpg.rf.ad88fd7e9eddb42ac800994a5cffda82_3844f00318.txt,ede2a5018a50e081d480200a4ff89e711f06d573b68556babf095982dbce005a,5c8f37bbb8e72c2162c21a608938743aa44d96dfb838fb8eb96b1315c1eb594c
8,d6,d6_r8_asset_0001,train,val,images/train/d6/d6_Heavy_Equipment_1543_jpg.rf.376ee243a85025371920b67275dbe89b_456fed71ea.jpg,images/val/d6/d6_Heavy_Equipment_1543_jpg.rf.376ee243a85025371920b67275dbe89b_456fed71ea.jpg,labels/train/d6/d6_Heavy_Equipment_1543_jpg.rf.376ee243a85025371920b67275dbe89b_456fed71ea.txt,labels/val/d6/d6_Heavy_Equipment_1543_jpg.rf.376ee243a85025371920b67275dbe89b_456fed71ea.txt,9d5bfdfa7c491736af89bf7b484fed399debef53855a43be9f2311f340758e8b,c422833ad48c97f1c99b82ac55b337d33ba85eabdccf44133fa0e498546400b9
8,d6,d6_r8_asset_0001,train,val,images/train/d6/d6_Heavy_Equipment_2315_jpg.rf.662c181697467945c8ca0e576c86667d_6d00935b2b.jpg,images/val/d6/d6_Heavy_Equipment_2315_jpg.rf.662c181697467945c8ca0e576c86667d_6d00935b2b.jpg,labels/train/d6/d6_Heavy_Equipment_2315_jpg.rf.662c181697467945c8ca0e576c86667d_6d00935b2b.txt,labels/val/d6/d6_Heavy_Equipment_2315_jpg.rf.662c181697467945c8ca0e576c86667d_6d00935b2b.txt,b03338497ce8c03095d661b882a9074932cd2a551b1eb81b65d1bc03df91eae6,fc42086d911490e9604befd4c7d658da7524bca2d13551c57b389d61f7fa2e2f
8,d6,d6_r8_asset_0002,val,train,images/val/d6/d6_Heavy_Equipment_4562_jpg.rf.4914c05b5bbe91f53364d84a107544b5_1f3b28737a.jpg,images/train/d6/d6_Heavy_Equipment_4562_jpg.rf.4914c05b5bbe91f53364d84a107544b5_1f3b28737a.jpg,labels/val/d6/d6_Heavy_Equipment_4562_jpg.rf.4914c05b5bbe91f53364d84a107544b5_1f3b28737a.txt,labels/train/d6/d6_Heavy_Equipment_4562_jpg.rf.4914c05b5bbe91f53364d84a107544b5_1f3b28737a.txt,24917051a933d499dbf19d036be1b2156c6da5bb75ad6d0b0d2d77c2c84a8bda,8487e02428e355c3b6d2fbd6f002f68f13d3ba1db618d9db2b88a6f95e10e403
9,d7,historical_closure_b6ea6c0d39cf,test,train,images/test/d7/d7_0001685_jpg.rf.2d0b0df823f836ee8c4da91e4dc2469f_6b23cdd67c.jpg,images/train/d7/d7_0001685_jpg.rf.2d0b0df823f836ee8c4da91e4dc2469f_6b23cdd67c.jpg,labels/test/d7/d7_0001685_jpg.rf.2d0b0df823f836ee8c4da91e4dc2469f_6b23cdd67c.txt,labels/train/d7/d7_0001685_jpg.rf.2d0b0df823f836ee8c4da91e4dc2469f_6b23cdd67c.txt,20d2824ccd5a2bfdb4a90b38182705faf8f5bab88b16a381e861c9fc5a591000,3dded46f6cef99436fb88f2e1a7ff4585e3a854766566a2172ddbd2d8cbb4320
9,d7,historical_closure_b6ea6c0d39cf,test,train,images/test/d7/d7_0002684_jpg.rf.a805e2d5d64366ff8155d698e5b95880_d21faeb05a.jpg,images/train/d7/d7_0002684_jpg.rf.a805e2d5d64366ff8155d698e5b95880_d21faeb05a.jpg,labels/test/d7/d7_0002684_jpg.rf.a805e2d5d64366ff8155d698e5b95880_d21faeb05a.txt,labels/train/d7/d7_0002684_jpg.rf.a805e2d5d64366ff8155d698e5b95880_d21faeb05a.txt,f1aaadd87d582e26fb16bd216bcda2dd2bee314fcc27b7e1f9d34ed86603b3a9,7eec3689ea3396af18fea888aa473ca0b5821d08d25abc6cdb0864b8c797ffd1
9,d6,historical_closure_969c70d405dd,train,val,images/train/d6/d6_Heavy_Equipment_2956_jpg.rf.4f642880b8e069ae3be57a5cdfffcff9_dae35d9521.jpg,images/val/d6/d6_Heavy_Equipment_2956_jpg.rf.4f642880b8e069ae3be57a5cdfffcff9_dae35d9521.jpg,labels/train/d6/d6_Heavy_Equipment_2956_jpg.rf.4f642880b8e069ae3be57a5cdfffcff9_dae35d9521.txt,labels/val/d6/d6_Heavy_Equipment_2956_jpg.rf.4f642880b8e069ae3be57a5cdfffcff9_dae35d9521.txt,15956543d34066ce0b5a66215596f140550354ec87954377ca4cc46a2ec2bf1e,39b6adebe15e5753f4768abffaaf061aca61a547997f855bc31511f7668725e3
9,d6,historical_closure_969c70d405dd,test,val,images/test/d6/d6_Heavy_Equipment_432_jpg.rf.359191dc77a31aca7d700b89ca2f15a6_02902e1fb3.jpg,images/val/d6/d6_Heavy_Equipment_432_jpg.rf.359191dc77a31aca7d700b89ca2f15a6_02902e1fb3.jpg,labels/test/d6/d6_Heavy_Equipment_432_jpg.rf.359191dc77a31aca7d700b89ca2f15a6_02902e1fb3.txt,labels/val/d6/d6_Heavy_Equipment_432_jpg.rf.359191dc77a31aca7d700b89ca2f15a6_02902e1fb3.txt,6e60a6fe1eaf58f4201e68456e9012676bd5ad86e7adcef2ac5a59efd6f6993f,6d85c5c6ae560dfaa2e532938dc83d5ba3e6cfdd5abb4dd93a51ad17139e5e69
9,d6,historical_closure_969c70d405dd,test,val,images/test/d6/d6_Heavy_Equipment_873_jpg.rf.f648338e3663a9078f68d3f0b97dc61d_bf34d35df4.jpg,images/val/d6/d6_Heavy_Equipment_873_jpg.rf.f648338e3663a9078f68d3f0b97dc61d_bf34d35df4.jpg,labels/test/d6/d6_Heavy_Equipment_873_jpg.rf.f648338e3663a9078f68d3f0b97dc61d_bf34d35df4.txt,labels/val/d6/d6_Heavy_Equipment_873_jpg.rf.f648338e3663a9078f68d3f0b97dc61d_bf34d35df4.txt,dd20fcccabbe0c5d64c6da731155a2a2edf08360dcbc10eec7c9c85863ac5437,229b2da9c48a204edb791ef552d7a2a2e6a0b5adb18bc8ed1915c185c39c1396
9,d6,historical_closure_54c998b2e019,train,val,images/train/d6/d6_Heavy_Equipment_3194_jpg.rf.4608a7a4922e064f0531b9503305ac17_ce50845c3e.jpg,images/val/d6/d6_Heavy_Equipment_3194_jpg.rf.4608a7a4922e064f0531b9503305ac17_ce50845c3e.jpg,labels/train/d6/d6_Heavy_Equipment_3194_jpg.rf.4608a7a4922e064f0531b9503305ac17_ce50845c3e.txt,labels/val/d6/d6_Heavy_Equipment_3194_jpg.rf.4608a7a4922e064f0531b9503305ac17_ce50845c3e.txt,20c0ba7d40952dc1af0e65e3eee55cef193d64c6f7179a90a38948c1747e1ab9,8982c0c19a937cff80592e0703c3f5edce632fb5f681d78ef9575ba36cf7f87a
9,d6,historical_closure_54c998b2e019,train,val,images/train/d6/d6_Heavy_Equipment_4565_jpg.rf.660774e4a1e136a8f6710182a5c8b815_4c0ee7807f.jpg,images/val/d6/d6_Heavy_Equipment_4565_jpg.rf.660774e4a1e136a8f6710182a5c8b815_4c0ee7807f.jpg,labels/train/d6/d6_Heavy_Equipment_4565_jpg.rf.660774e4a1e136a8f6710182a5c8b815_4c0ee7807f.txt,labels/val/d6/d6_Heavy_Equipment_4565_jpg.rf.660774e4a1e136a8f6710182a5c8b815_4c0ee7807f.txt,6635b1b533e8770ed7408a97708b4c15d01256dd8243f451e24979f29bf22e5a,a4a2206b5e10b06d9b5fcb3ca8883fda75cca9f5cab34d974f338e7eee1b105a
9,d6,historical_closure_12804f26782e,val,train,images/val/d6/d6_Heavy_Equipment_4281_jpg.rf.cd25027e21f1ad1c31455cd24bdb71eb_181b4537d9.jpg,images/train/d6/d6_Heavy_Equipment_4281_jpg.rf.cd25027e21f1ad1c31455cd24bdb71eb_181b4537d9.jpg,labels/val/d6/d6_Heavy_Equipment_4281_jpg.rf.cd25027e21f1ad1c31455cd24bdb71eb_181b4537d9.txt,labels/train/d6/d6_Heavy_Equipment_4281_jpg.rf.cd25027e21f1ad1c31455cd24bdb71eb_181b4537d9.txt,8a555184b29881e9b0b73d3c81d394e95173466c8ac941a7cb0953380697433c,b37cc61e5bfd43a53e4a109cc3ba4f3fce08f67b3ae1b2241308ba88741867c7
9,d6,historical_closure_12804f26782e,val,train,images/val/d6/d6_Heavy_Equipment_4337_jpg.rf.08e3692c3e8a79fc92713d9a2cb7aeea_96b7cc59fc.jpg,images/train/d6/d6_Heavy_Equipment_4337_jpg.rf.08e3692c3e8a79fc92713d9a2cb7aeea_96b7cc59fc.jpg,labels/val/d6/d6_Heavy_Equipment_4337_jpg.rf.08e3692c3e8a79fc92713d9a2cb7aeea_96b7cc59fc.txt,labels/train/d6/d6_Heavy_Equipment_4337_jpg.rf.08e3692c3e8a79fc92713d9a2cb7aeea_96b7cc59fc.txt,083dc15e0f745ed415215bf1a6d70c7675fb4d5aea14fcd194c648a2f59aaffe,db7ed2b488468c46441b5570fca0f358dfd5e79fa9603d3fc94ffddb25e3c1aa
9,d7,historical_closure_b2d4becd5333,train,test,images/train/d7/d7_0001548_jpg.rf.9b1551f64a53ddac4b5a454b82bc31e5_8555bf6e42.jpg,images/test/d7/d7_0001548_jpg.rf.9b1551f64a53ddac4b5a454b82bc31e5_8555bf6e42.jpg,labels/train/d7/d7_0001548_jpg.rf.9b1551f64a53ddac4b5a454b82bc31e5_8555bf6e42.txt,labels/test/d7/d7_0001548_jpg.rf.9b1551f64a53ddac4b5a454b82bc31e5_8555bf6e42.txt,1c6e9518e767ce6c8fe98051637628c776f36e0c7a99d072e52e9495ec7f2365,1847002f53f8e205ad00ddded3f83ac35e36976e15553b241a81a89014f5c04b
9,d7,historical_closure_b2d4becd5333,train,test,images/train/d7/d7_0003939_jpg.rf.a412a3484be37e642c14e41e31108bca_c1866ddc32.jpg,images/test/d7/d7_0003939_jpg.rf.a412a3484be37e642c14e41e31108bca_c1866ddc32.jpg,labels/train/d7/d7_0003939_jpg.rf.a412a3484be37e642c14e41e31108bca_c1866ddc32.txt,labels/test/d7/d7_0003939_jpg.rf.a412a3484be37e642c14e41e31108bca_c1866ddc32.txt,ecac818bd8c6729964886ca01ed18b9228cf9be16aa5c8f853e967f2ad72fa01,0696cce560b81e9f2b7b98aff69435830d347114c092381ba5c8dc44652ae4b7
9,d7,historical_closure_b2d4becd5333,train,test,images/train/d7/d7_0005091_jpg.rf.f297a3fd0aece468dea52d10ba260600_fff358f3ca.jpg,images/test/d7/d7_0005091_jpg.rf.f297a3fd0aece468dea52d10ba260600_fff358f3ca.jpg,labels/train/d7/d7_0005091_jpg.rf.f297a3fd0aece468dea52d10ba260600_fff358f3ca.txt,labels/test/d7/d7_0005091_jpg.rf.f297a3fd0aece468dea52d10ba260600_fff358f3ca.txt,cd3475a756d9e430e0404643363629964990efbd7401aebb8fde00311546b5b2,08225b659e84e1255754d0ade477e100c60af399f7fb9254265fcecf1c5915cf
