source,image,from_split,to_split,final_image_path
d6,d6_Heavy_Equipment_1214_jpg.rf.b961254884627aaac072a980d1306876_cdb17af865.jpg,test,train,images/train/d6/d6_Heavy_Equipment_1214_jpg.rf.b961254884627aaac072a980d1306876_cdb17af865.jpg
d6,d6_Heavy_Equipment_1221_jpg.rf.9652ef873e085c0e3ed02644c58bb3e8_d8be6476b4.jpg,test,train,images/train/d6/d6_Heavy_Equipment_1221_jpg.rf.9652ef873e085c0e3ed02644c58bb3e8_d8be6476b4.jpg
d6,d6_Heavy_Equipment_1429_jpg.rf.ad88fd7e9eddb42ac800994a5cffda82_3844f00318.jpg,test,val,images/val/d6/d6_Heavy_Equipment_1429_jpg.rf.ad88fd7e9eddb42ac800994a5cffda82_3844f00318.jpg
d6,d6_Heavy_Equipment_1441_jpg.rf.322606173b8b226f1a43acb43c7fabef_eeaf7b941c.jpg,test,train,images/train/d6/d6_Heavy_Equipment_1441_jpg.rf.322606173b8b226f1a43acb43c7fabef_eeaf7b941c.jpg
d6,d6_Heavy_Equipment_1443_jpg.rf.f79653ce33be39f9f055313f9bf538c0_d1b9f45771.jpg,test,train,images/train/d6/d6_Heavy_Equipment_1443_jpg.rf.f79653ce33be39f9f055313f9bf538c0_d1b9f45771.jpg
d6,d6_Heavy_Equipment_1558_jpg.rf.8871c93d2d444388e16dabab3e0d877d_e254ee44e6.jpg,test,val,images/val/d6/d6_Heavy_Equipment_1558_jpg.rf.8871c93d2d444388e16dabab3e0d877d_e254ee44e6.jpg
d6,d6_Heavy_Equipment_1761_jpg.rf.5f04ac7ebe5a56e7d35c015eceb24209_5f6b64f766.jpg,test,train,images/train/d6/d6_Heavy_Equipment_1761_jpg.rf.5f04ac7ebe5a56e7d35c015eceb24209_5f6b64f766.jpg
d6,d6_Heavy_Equipment_189_jpg.rf.a90c391a7761e56914c4dbf04e363214_5bddf37b51.jpg,test,train,images/train/d6/d6_Heavy_Equipment_189_jpg.rf.a90c391a7761e56914c4dbf04e363214_5bddf37b51.jpg
d6,d6_Heavy_Equipment_2034_jpg.rf.a5a9f0a1fc0f984ca863b693ea0f52b2_a56b5bdb0c.jpg,test,train,images/train/d6/d6_Heavy_Equipment_2034_jpg.rf.a5a9f0a1fc0f984ca863b693ea0f52b2_a56b5bdb0c.jpg
d6,d6_Heavy_Equipment_2125_jpg.rf.7115040776a30517e6b04ba845a43b54_cca87ba9ee.jpg,test,train,images/train/d6/d6_Heavy_Equipment_2125_jpg.rf.7115040776a30517e6b04ba845a43b54_cca87ba9ee.jpg
d6,d6_Heavy_Equipment_2598_jpg.rf.b8bf2ecaab480eee8210e0f44c7001fb_d2b61c4b10.jpg,test,train,images/train/d6/d6_Heavy_Equipment_2598_jpg.rf.b8bf2ecaab480eee8210e0f44c7001fb_d2b61c4b10.jpg
d6,d6_Heavy_Equipment_2604_jpg.rf.a51f26a91a3b59105ff60b8a06757be9_2473bcec17.jpg,test,train,images/train/d6/d6_Heavy_Equipment_2604_jpg.rf.a51f26a91a3b59105ff60b8a06757be9_2473bcec17.jpg
d6,d6_Heavy_Equipment_2680_jpg.rf.8d11b8d9a0f146a4f6e08cd57bdfe101_957f7e8f42.jpg,test,train,images/train/d6/d6_Heavy_Equipment_2680_jpg.rf.8d11b8d9a0f146a4f6e08cd57bdfe101_957f7e8f42.jpg
d6,d6_Heavy_Equipment_2753_jpg.rf.73af9d8e715a506aa29243965355e9d7_b50c453ae4.jpg,test,train,images/train/d6/d6_Heavy_Equipment_2753_jpg.rf.73af9d8e715a506aa29243965355e9d7_b50c453ae4.jpg
d6,d6_Heavy_Equipment_2890_jpg.rf.bb7cc4e88a732fd9df934d05bb6ab9bf_fae68a7faa.jpg,test,train,images/train/d6/d6_Heavy_Equipment_2890_jpg.rf.bb7cc4e88a732fd9df934d05bb6ab9bf_fae68a7faa.jpg
d6,d6_Heavy_Equipment_2933_jpg.rf.082edebd77855b817eb792c503e03950_79a730517a.jpg,test,train,images/train/d6/d6_Heavy_Equipment_2933_jpg.rf.082edebd77855b817eb792c503e03950_79a730517a.jpg
d6,d6_Heavy_Equipment_2956_jpg.rf.4f642880b8e069ae3be57a5cdfffcff9_dae35d9521.jpg,test,val,images/val/d6/d6_Heavy_Equipment_2956_jpg.rf.4f642880b8e069ae3be57a5cdfffcff9_dae35d9521.jpg
d6,d6_Heavy_Equipment_2989_jpg.rf.e010cc6b74e06e3952aa8f83d21fc057_cdad188171.jpg,test,val,images/val/d6/d6_Heavy_Equipment_2989_jpg.rf.e010cc6b74e06e3952aa8f83d21fc057_cdad188171.jpg
d6,d6_Heavy_Equipment_3178_jpg.rf.d61cba44c02f335487da962e19a1232d_b62f6346b2.jpg,test,val,images/val/d6/d6_Heavy_Equipment_3178_jpg.rf.d61cba44c02f335487da962e19a1232d_b62f6346b2.jpg
d6,d6_Heavy_Equipment_3182_jpg.rf.ffa88e911cb1ff6dfa74cd371cacd828_a6ec5df827.jpg,test,val,images/val/d6/d6_Heavy_Equipment_3182_jpg.rf.ffa88e911cb1ff6dfa74cd371cacd828_a6ec5df827.jpg
d6,d6_Heavy_Equipment_3259_jpg.rf.088861613d13ced935b9036751dd7b0f_ed72911353.jpg,test,train,images/train/d6/d6_Heavy_Equipment_3259_jpg.rf.088861613d13ced935b9036751dd7b0f_ed72911353.jpg
d6,d6_Heavy_Equipment_3296_jpg.rf.c0fcadbca4a32a8d14bd3c0faa322ae9_2a3869433b.jpg,test,train,images/train/d6/d6_Heavy_Equipment_3296_jpg.rf.c0fcadbca4a32a8d14bd3c0faa322ae9_2a3869433b.jpg
d6,d6_Heavy_Equipment_3339_jpg.rf.db6a54f490d452454f64068500b727fc_ea8335c8ba.jpg,test,val,images/val/d6/d6_Heavy_Equipment_3339_jpg.rf.db6a54f490d452454f64068500b727fc_ea8335c8ba.jpg
d6,d6_Heavy_Equipment_3343_jpg.rf.2c20df6c45a6ca1bc41a8798a02508fb_90cec54d1f.jpg,test,train,images/train/d6/d6_Heavy_Equipment_3343_jpg.rf.2c20df6c45a6ca1bc41a8798a02508fb_90cec54d1f.jpg
d6,d6_Heavy_Equipment_3350_jpg.rf.92437a80f1e122630de4be9982c3231b_fd82131782.jpg,test,train,images/train/d6/d6_Heavy_Equipment_3350_jpg.rf.92437a80f1e122630de4be9982c3231b_fd82131782.jpg
d6,d6_Heavy_Equipment_339_jpg.rf.0d9e53543a60bc00f65c337b6c19f658_0dd96df610.jpg,test,train,images/train/d6/d6_Heavy_Equipment_339_jpg.rf.0d9e53543a60bc00f65c337b6c19f658_0dd96df610.jpg
d6,d6_Heavy_Equipment_3418_jpg.rf.ac717d3d27997a67cfab3a12e46c0db8_a00a8440e8.jpg,test,val,images/val/d6/d6_Heavy_Equipment_3418_jpg.rf.ac717d3d27997a67cfab3a12e46c0db8_a00a8440e8.jpg
d6,d6_Heavy_Equipment_3431_jpg.rf.9bdf224a9b835b91c4ae3660bafa5d4b_4e25430fcc.jpg,test,train,images/train/d6/d6_Heavy_Equipment_3431_jpg.rf.9bdf224a9b835b91c4ae3660bafa5d4b_4e25430fcc.jpg
d6,d6_Heavy_Equipment_3459_jpg.rf.24898b8547035ab29e479ed4b30e87ea_27354614b3.jpg,test,train,images/train/d6/d6_Heavy_Equipment_3459_jpg.rf.24898b8547035ab29e479ed4b30e87ea_27354614b3.jpg
d6,d6_Heavy_Equipment_3680_jpg.rf.29921281b65d3c3746e93ab0d5a24a62_04a7b5045a.jpg,test,train,images/train/d6/d6_Heavy_Equipment_3680_jpg.rf.29921281b65d3c3746e93ab0d5a24a62_04a7b5045a.jpg
d6,d6_Heavy_Equipment_3959_jpg.rf.d5fd6f85cb26b95a60fa8298305132b2_ee1de6dc0c.jpg,test,val,images/val/d6/d6_Heavy_Equipment_3959_jpg.rf.d5fd6f85cb26b95a60fa8298305132b2_ee1de6dc0c.jpg
d6,d6_Heavy_Equipment_4001_jpg.rf.14f1d77459a654d78deedbcd3d209676_eec5515748.jpg,test,train,images/train/d6/d6_Heavy_Equipment_4001_jpg.rf.14f1d77459a654d78deedbcd3d209676_eec5515748.jpg
d6,d6_Heavy_Equipment_4072_jpg.rf.c439100ccdfa1f08c16ae76024de6d38_b86e99f90b.jpg,test,train,images/train/d6/d6_Heavy_Equipment_4072_jpg.rf.c439100ccdfa1f08c16ae76024de6d38_b86e99f90b.jpg
d6,d6_Heavy_Equipment_4090_jpg.rf.ba53160d3dc1ca55143351e7c5c6529c_75934537b1.jpg,test,train,images/train/d6/d6_Heavy_Equipment_4090_jpg.rf.ba53160d3dc1ca55143351e7c5c6529c_75934537b1.jpg
d6,d6_Heavy_Equipment_4125_jpg.rf.fd24e6bdf9f3d69183eee7ad33dd41b9_e1aafd378a.jpg,test,train,images/train/d6/d6_Heavy_Equipment_4125_jpg.rf.fd24e6bdf9f3d69183eee7ad33dd41b9_e1aafd378a.jpg
d6,d6_Heavy_Equipment_4211_jpg.rf.12af383cea9e4a1e5ddf810624babb74_c95a5789e6.jpg,test,train,images/train/d6/d6_Heavy_Equipment_4211_jpg.rf.12af383cea9e4a1e5ddf810624babb74_c95a5789e6.jpg
d6,d6_Heavy_Equipment_4222_jpg.rf.6b8655618374e139187bf9fc5cf7678c_0ad1325e27.jpg,test,train,images/train/d6/d6_Heavy_Equipment_4222_jpg.rf.6b8655618374e139187bf9fc5cf7678c_0ad1325e27.jpg
d6,d6_Heavy_Equipment_4232_jpg.rf.9af245a4d5d372634c46b78f1d359067_b4de1f5c07.jpg,test,train,images/train/d6/d6_Heavy_Equipment_4232_jpg.rf.9af245a4d5d372634c46b78f1d359067_b4de1f5c07.jpg
d6,d6_Heavy_Equipment_4261_jpg.rf.4cf29d5c1a632ef8ea69e208c216cc04_10abf30b5d.jpg,test,train,images/train/d6/d6_Heavy_Equipment_4261_jpg.rf.4cf29d5c1a632ef8ea69e208c216cc04_10abf30b5d.jpg
d6,d6_Heavy_Equipment_4264_jpg.rf.75668ecd2ebac729d41312342581f5c0_384cebae37.jpg,test,train,images/train/d6/d6_Heavy_Equipment_4264_jpg.rf.75668ecd2ebac729d41312342581f5c0_384cebae37.jpg
d6,d6_Heavy_Equipment_4267_jpg.rf.d0d4ffb62f2caf60d7c441cb89f671c1_9f6c32d85e.jpg,test,train,images/train/d6/d6_Heavy_Equipment_4267_jpg.rf.d0d4ffb62f2caf60d7c441cb89f671c1_9f6c32d85e.jpg
d6,d6_Heavy_Equipment_4358_jpg.rf.6392bb7b238e6d9c758f78d69d693f55_1171c76b47.jpg,test,train,images/train/d6/d6_Heavy_Equipment_4358_jpg.rf.6392bb7b238e6d9c758f78d69d693f55_1171c76b47.jpg
d6,d6_Heavy_Equipment_4472_jpg.rf.03a59b3f1c205648b2e9038e642e72f4_ff039d06c6.jpg,test,train,images/train/d6/d6_Heavy_Equipment_4472_jpg.rf.03a59b3f1c205648b2e9038e642e72f4_ff039d06c6.jpg
d6,d6_Heavy_Equipment_4478_jpg.rf.47654881cc1e515222ae31fceac87c63_c54195380b.jpg,test,train,images/train/d6/d6_Heavy_Equipment_4478_jpg.rf.47654881cc1e515222ae31fceac87c63_c54195380b.jpg
d6,d6_Heavy_Equipment_4495_jpg.rf.3136a502d11ec289850332f7f59634e0_c3e5828304.jpg,test,train,images/train/d6/d6_Heavy_Equipment_4495_jpg.rf.3136a502d11ec289850332f7f59634e0_c3e5828304.jpg
d6,d6_Heavy_Equipment_4548_jpg.rf.2c2f53c5b99a9978af84f99b238d3c9a_707a842cfc.jpg,test,train,images/train/d6/d6_Heavy_Equipment_4548_jpg.rf.2c2f53c5b99a9978af84f99b238d3c9a_707a842cfc.jpg
d6,d6_Heavy_Equipment_4586_jpg.rf.f95267cde2d9c7f60a4823535c511586_cca55b2476.jpg,test,train,images/train/d6/d6_Heavy_Equipment_4586_jpg.rf.f95267cde2d9c7f60a4823535c511586_cca55b2476.jpg
d6,d6_Heavy_Equipment_4597_jpg.rf.4c9f3642e1f8cb8d6ac5b704bc81f86c_dd2c2a3f3e.jpg,test,train,images/train/d6/d6_Heavy_Equipment_4597_jpg.rf.4c9f3642e1f8cb8d6ac5b704bc81f86c_dd2c2a3f3e.jpg
d6,d6_Heavy_Equipment_4649_jpg.rf.e5e9b9a0e639707db6cfae13fc0ed915_05c08edde0.jpg,test,val,images/val/d6/d6_Heavy_Equipment_4649_jpg.rf.e5e9b9a0e639707db6cfae13fc0ed915_05c08edde0.jpg
d6,d6_Heavy_Equipment_4658_jpg.rf.a96ebe3a23323fcb3e4b9c3475e3f4a9_d76fa1642a.jpg,test,val,images/val/d6/d6_Heavy_Equipment_4658_jpg.rf.a96ebe3a23323fcb3e4b9c3475e3f4a9_d76fa1642a.jpg
d6,d6_Heavy_Equipment_4686_jpg.rf.657bb6857b5fd52ea87ba31ff99bda8f_ea877bb18c.jpg,test,train,images/train/d6/d6_Heavy_Equipment_4686_jpg.rf.657bb6857b5fd52ea87ba31ff99bda8f_ea877bb18c.jpg
d6,d6_Heavy_Equipment_4724_jpg.rf.5f0f90ab8fe9c23fbee464b64c5e760d_71c1146397.jpg,test,val,images/val/d6/d6_Heavy_Equipment_4724_jpg.rf.5f0f90ab8fe9c23fbee464b64c5e760d_71c1146397.jpg
d6,d6_Heavy_Equipment_4778_jpg.rf.41298659ed7b3fdf15826681e554e7e6_89f42b3caa.jpg,test,train,images/train/d6/d6_Heavy_Equipment_4778_jpg.rf.41298659ed7b3fdf15826681e554e7e6_89f42b3caa.jpg
d6,d6_Heavy_Equipment_4812_jpg.rf.38dffbf276f19ce70d7e58da26c31dc7_72cfaf6017.jpg,test,train,images/train/d6/d6_Heavy_Equipment_4812_jpg.rf.38dffbf276f19ce70d7e58da26c31dc7_72cfaf6017.jpg
d6,d6_Heavy_Equipment_4853_jpg.rf.4adc9e8686b5c6d74f6a24639aa6d348_67322ed733.jpg,test,val,images/val/d6/d6_Heavy_Equipment_4853_jpg.rf.4adc9e8686b5c6d74f6a24639aa6d348_67322ed733.jpg
d6,d6_Heavy_Equipment_4855_jpg.rf.47d5614b00e1ddb211dea33531b16533_4492b48432.jpg,test,train,images/train/d6/d6_Heavy_Equipment_4855_jpg.rf.47d5614b00e1ddb211dea33531b16533_4492b48432.jpg
d6,d6_Heavy_Equipment_4881_jpg.rf.519ac4c2242b7b38ccb97c50a8ba5741_c5b68fd82b.jpg,test,train,images/train/d6/d6_Heavy_Equipment_4881_jpg.rf.519ac4c2242b7b38ccb97c50a8ba5741_c5b68fd82b.jpg
d6,d6_Heavy_Equipment_4901_jpg.rf.d8556ae2159f36deb81daff698d2655f_f77ac544b8.jpg,test,train,images/train/d6/d6_Heavy_Equipment_4901_jpg.rf.d8556ae2159f36deb81daff698d2655f_f77ac544b8.jpg
d6,d6_Heavy_Equipment_4926_jpg.rf.388957253692e4fbee3917eec896264e_08a618fab2.jpg,test,train,images/train/d6/d6_Heavy_Equipment_4926_jpg.rf.388957253692e4fbee3917eec896264e_08a618fab2.jpg
d6,d6_Heavy_Equipment_4942_jpg.rf.c0e968ec9e950057ad7dc701d9339c29_101174ac17.jpg,test,train,images/train/d6/d6_Heavy_Equipment_4942_jpg.rf.c0e968ec9e950057ad7dc701d9339c29_101174ac17.jpg
d6,d6_Heavy_Equipment_4956_jpg.rf.6f2fa6e92b9a2ded6e176afb1f6b6bea_9f6f15eecd.jpg,test,val,images/val/d6/d6_Heavy_Equipment_4956_jpg.rf.6f2fa6e92b9a2ded6e176afb1f6b6bea_9f6f15eecd.jpg
d6,d6_Heavy_Equipment_4975_jpg.rf.612385b401a3812ee55eab71242cf853_e649c1b074.jpg,test,val,images/val/d6/d6_Heavy_Equipment_4975_jpg.rf.612385b401a3812ee55eab71242cf853_e649c1b074.jpg
d6,d6_Heavy_Equipment_5018_jpg.rf.772bba3eb6b2670bbb2d8cead78ba014_dbcb2b614a.jpg,test,train,images/train/d6/d6_Heavy_Equipment_5018_jpg.rf.772bba3eb6b2670bbb2d8cead78ba014_dbcb2b614a.jpg
d6,d6_Heavy_Equipment_5076_jpg.rf.fc6cb195015cdf9f62e6f755b44cd7df_dde55d202f.jpg,test,train,images/train/d6/d6_Heavy_Equipment_5076_jpg.rf.fc6cb195015cdf9f62e6f755b44cd7df_dde55d202f.jpg
d6,d6_Heavy_Equipment_5096_jpg.rf.6a1863c4bddb64978ef8a025c3e4d915_135ede26c6.jpg,test,val,images/val/d6/d6_Heavy_Equipment_5096_jpg.rf.6a1863c4bddb64978ef8a025c3e4d915_135ede26c6.jpg
d6,d6_Heavy_Equipment_5216_jpg.rf.b01ef40b0c0090a389f5936eeddf59c4_d59dd6882a.jpg,test,train,images/train/d6/d6_Heavy_Equipment_5216_jpg.rf.b01ef40b0c0090a389f5936eeddf59c4_d59dd6882a.jpg
d6,d6_Heavy_Equipment_5291_jpg.rf.004f3ae44106ab0a2fabf5cd977384c9_52a7a0edb9.jpg,test,train,images/train/d6/d6_Heavy_Equipment_5291_jpg.rf.004f3ae44106ab0a2fabf5cd977384c9_52a7a0edb9.jpg
d6,d6_Heavy_Equipment_57_jpg.rf.1d3b5504e5deb021f299d8e94f40911d_b98847ec9b.jpg,test,train,images/train/d6/d6_Heavy_Equipment_57_jpg.rf.1d3b5504e5deb021f299d8e94f40911d_b98847ec9b.jpg
d6,d6_Heavy_Equipment_621_jpg.rf.295839b14e5d0028353a244c1e8aa48f_ec40575ac4.jpg,test,train,images/train/d6/d6_Heavy_Equipment_621_jpg.rf.295839b14e5d0028353a244c1e8aa48f_ec40575ac4.jpg
d6,d6_Heavy_Equipment_6237_jpg.rf.4712a92e88ee0109bccc93078e6fd0cc_3561c68b06.jpg,test,train,images/train/d6/d6_Heavy_Equipment_6237_jpg.rf.4712a92e88ee0109bccc93078e6fd0cc_3561c68b06.jpg
d6,d6_Heavy_Equipment_6274_jpg.rf.11e8109982a4b15f39649a8a182d4b7e_d6d85041d9.jpg,test,train,images/train/d6/d6_Heavy_Equipment_6274_jpg.rf.11e8109982a4b15f39649a8a182d4b7e_d6d85041d9.jpg
d6,d6_Heavy_Equipment_627_jpg.rf.9793c864c6ecbc93405e9890f3fa46e0_6bbc144979.jpg,test,val,images/val/d6/d6_Heavy_Equipment_627_jpg.rf.9793c864c6ecbc93405e9890f3fa46e0_6bbc144979.jpg
d6,d6_Heavy_Equipment_6306_jpg.rf.82f1beb0f09d3046007f9659dd2cbabe_6630a6028c.jpg,test,train,images/train/d6/d6_Heavy_Equipment_6306_jpg.rf.82f1beb0f09d3046007f9659dd2cbabe_6630a6028c.jpg
d6,d6_Heavy_Equipment_6319_jpg.rf.46642c9dacc7ad29c31f3e57c1fda4c2_850f9a2eac.jpg,test,train,images/train/d6/d6_Heavy_Equipment_6319_jpg.rf.46642c9dacc7ad29c31f3e57c1fda4c2_850f9a2eac.jpg
d6,d6_Heavy_Equipment_6320_jpg.rf.d105beeb7b5b2a860e5168092f6aee5b_9988b17159.jpg,test,train,images/train/d6/d6_Heavy_Equipment_6320_jpg.rf.d105beeb7b5b2a860e5168092f6aee5b_9988b17159.jpg
d6,d6_Heavy_Equipment_68_jpg.rf.cfb2eb00bedeaf66acf79f49f7a980d7_cec175f6f2.jpg,test,train,images/train/d6/d6_Heavy_Equipment_68_jpg.rf.cfb2eb00bedeaf66acf79f49f7a980d7_cec175f6f2.jpg
d6,d6_Heavy_Equipment_711_jpg.rf.2c14fed3807ed3127d08a8c21993a6d3_e0871db229.jpg,test,val,images/val/d6/d6_Heavy_Equipment_711_jpg.rf.2c14fed3807ed3127d08a8c21993a6d3_e0871db229.jpg
d6,d6_Heavy_Equipment_735_jpg.rf.19a4f5f76e1c5754857fbac80d2e296e_c8476e6122.jpg,test,train,images/train/d6/d6_Heavy_Equipment_735_jpg.rf.19a4f5f76e1c5754857fbac80d2e296e_c8476e6122.jpg
d6,d6_Heavy_Equipment_76_jpg.rf.e9ff83606033b863769c9fdaed04df3c_05dc09d9f8.jpg,test,val,images/val/d6/d6_Heavy_Equipment_76_jpg.rf.e9ff83606033b863769c9fdaed04df3c_05dc09d9f8.jpg
d6,d6_Heavy_Equipment_877_jpg.rf.804a61e086f02e2ab917fc5270664ce5_f7625b4e99.jpg,test,train,images/train/d6/d6_Heavy_Equipment_877_jpg.rf.804a61e086f02e2ab917fc5270664ce5_f7625b4e99.jpg
d6,d6_Heavy_Equipment_887_jpg.rf.e53b19717263f2de0752753bd621524c_da64208b7a.jpg,test,train,images/train/d6/d6_Heavy_Equipment_887_jpg.rf.e53b19717263f2de0752753bd621524c_da64208b7a.jpg
d6,d6_M_B_SHACMAN-X3000-Mixer-Truck-6x4_jpg.rf.f3a96ebb427c877e8a4fb2c1bc68065d_73373553ba.jpg,test,train,images/train/d6/d6_M_B_SHACMAN-X3000-Mixer-Truck-6x4_jpg.rf.f3a96ebb427c877e8a4fb2c1bc68065d_73373553ba.jpg
d6,d6_M_D_14ac1b9a21668d4cb3109b77a7b904e1_jpg.rf.bd4f32ddd4e687da0cc908e757af45af_6a563ecb73.jpg,test,val,images/val/d6/d6_M_D_14ac1b9a21668d4cb3109b77a7b904e1_jpg.rf.bd4f32ddd4e687da0cc908e757af45af_6a563ecb73.jpg
d6,d6_M_D_images16_jpg.rf.5dc7c927440a88aa500d7b563250a4ab_096789033d.jpg,test,val,images/val/d6/d6_M_D_images16_jpg.rf.5dc7c927440a88aa500d7b563250a4ab_096789033d.jpg
d6,d6_M_M_6334443-photo-camion_jpg.rf.73ac3d89ca82dcf782f221e2058ca697_2769cffff4.jpg,test,val,images/val/d6/d6_M_M_6334443-photo-camion_jpg.rf.73ac3d89ca82dcf782f221e2058ca697_2769cffff4.jpg
d6,d6_M_M_8237_9098953363291_jpg.rf.2c37b9ba95584dd2e9cc4d67bbd55958_7e6b0b64be.jpg,test,val,images/val/d6/d6_M_M_8237_9098953363291_jpg.rf.2c37b9ba95584dd2e9cc4d67bbd55958_7e6b0b64be.jpg
d6,d6_M_M_9649_5466006869255_jpg.rf.70687411f5f97bee67c7bfea750d606b_e0960bb0c2.jpg,test,val,images/val/d6/d6_M_M_9649_5466006869255_jpg.rf.70687411f5f97bee67c7bfea750d606b_e0960bb0c2.jpg
d6,d6_M_M_ENTMIXER-IMER-9-M3-58-000-KM-1653477638849729416_big-22052514165518853000_jpg.rf.ff21d2de35b38b9_d2e5850493.jpg,test,val,images/val/d6/d6_M_M_ENTMIXER-IMER-9-M3-58-000-KM-1653477638849729416_big-22052514165518853000_jpg.rf.ff21d2de35b38b9_d2e5850493.jpg
d6,d6_M_M_image32_jpeg.rf.be19245211b7656eb975dcdf604c48fe_959a7a2321.jpg,test,val,images/val/d6/d6_M_M_image32_jpeg.rf.be19245211b7656eb975dcdf604c48fe_959a7a2321.jpg
d6,d6_M_M_sddefault_jpg.rf.5235754c729dea3e538be7cb7129ec87_def50cce06.jpg,test,train,images/train/d6/d6_M_M_sddefault_jpg.rf.5235754c729dea3e538be7cb7129ec87_def50cce06.jpg
d6,d6_M_S_concrete_mixer_truck_scania_p370_370_e6_mixer_9m_2015_7110072_jpg.rf.eb6d3866514c5e120183590d471_8b3494aa4b.jpg,test,train,images/train/d6/d6_M_S_concrete_mixer_truck_scania_p370_370_e6_mixer_9m_2015_7110072_jpg.rf.eb6d3866514c5e120183590d471_8b3494aa4b.jpg
d6,d6_M_S_images53_jpg.rf.edbe86ade7f7c940f3e7f9ceb9c9bf8e_102b710a6a.jpg,test,val,images/val/d6/d6_M_S_images53_jpg.rf.edbe86ade7f7c940f3e7f9ceb9c9bf8e_102b710a6a.jpg
d6,d6_M_S_images62_jpg.rf.fea32e063106d458d056ac18656e6f0f_d5cfe11b74.jpg,test,train,images/train/d6/d6_M_S_images62_jpg.rf.fea32e063106d458d056ac18656e6f0f_d5cfe11b74.jpg
d6,d6_M_S_maxresdefault3_jpg.rf.cd9e4dbce949a101f3c7fe6c89900551_700373555c.jpg,test,train,images/train/d6/d6_M_S_maxresdefault3_jpg.rf.cd9e4dbce949a101f3c7fe6c89900551_700373555c.jpg
d7,d7_0000832_jpg.rf.018f95d32ad46bbbf7a441de41ffa5d2_6ae8edca86.jpg,test,val,images/val/d7/d7_0000832_jpg.rf.018f95d32ad46bbbf7a441de41ffa5d2_6ae8edca86.jpg
d7,d7_0000923_jpg.rf.c2ba18d7340b9687b41ad3b49caafa46_2db5cb5a24.jpg,test,train,images/train/d7/d7_0000923_jpg.rf.c2ba18d7340b9687b41ad3b49caafa46_2db5cb5a24.jpg
d7,d7_0001026_jpg.rf.ec38743ac676d0e48942c9936fda0188_0cf5f8f00a.jpg,test,val,images/val/d7/d7_0001026_jpg.rf.ec38743ac676d0e48942c9936fda0188_0cf5f8f00a.jpg
d7,d7_0001609_jpg.rf.d0305a3084c324c6f553521a15d35e43_c037aba1e0.jpg,test,train,images/train/d7/d7_0001609_jpg.rf.d0305a3084c324c6f553521a15d35e43_c037aba1e0.jpg
d7,d7_0001707_jpg.rf.1519675c54982bbb3ae722cbf2d8e7a0_1acbde94d6.jpg,test,train,images/train/d7/d7_0001707_jpg.rf.1519675c54982bbb3ae722cbf2d8e7a0_1acbde94d6.jpg
d7,d7_0001965_jpg.rf.f18e8a28a5a4b05e3eb3474909f38ff8_0f33162d41.jpg,test,train,images/train/d7/d7_0001965_jpg.rf.f18e8a28a5a4b05e3eb3474909f38ff8_0f33162d41.jpg
d7,d7_0001993_jpg.rf.70f7a871200dff06c17e461a7508b8b4_8d3800afa4.jpg,test,train,images/train/d7/d7_0001993_jpg.rf.70f7a871200dff06c17e461a7508b8b4_8d3800afa4.jpg
d7,d7_0002122_jpg.rf.b4a10e573b443da65fc5ade5e0577b92_6103e9fb72.jpg,test,train,images/train/d7/d7_0002122_jpg.rf.b4a10e573b443da65fc5ade5e0577b92_6103e9fb72.jpg
d7,d7_0002141_jpg.rf.e7184299482fc90bb0f24971520dbda3_97c488fca4.jpg,test,train,images/train/d7/d7_0002141_jpg.rf.e7184299482fc90bb0f24971520dbda3_97c488fca4.jpg
d7,d7_0002356_jpg.rf.d6a83fc238883b67e415b7054a773679_2caa40ea48.jpg,test,train,images/train/d7/d7_0002356_jpg.rf.d6a83fc238883b67e415b7054a773679_2caa40ea48.jpg
d7,d7_0002396_jpg.rf.afd888673d3ba93dfe3f64e90948acaa_ec445e1ab1.jpg,test,train,images/train/d7/d7_0002396_jpg.rf.afd888673d3ba93dfe3f64e90948acaa_ec445e1ab1.jpg
d7,d7_0002428_jpg.rf.f5f4cfd21b1afe46ae9f7bd745c4a925_1c043c8f84.jpg,test,train,images/train/d7/d7_0002428_jpg.rf.f5f4cfd21b1afe46ae9f7bd745c4a925_1c043c8f84.jpg
d7,d7_0002449_jpg.rf.6f4044282b0d24cc430af7d86d3ea386_addbd319c2.jpg,test,train,images/train/d7/d7_0002449_jpg.rf.6f4044282b0d24cc430af7d86d3ea386_addbd319c2.jpg
d7,d7_0002684_jpg.rf.a805e2d5d64366ff8155d698e5b95880_d21faeb05a.jpg,test,train,images/train/d7/d7_0002684_jpg.rf.a805e2d5d64366ff8155d698e5b95880_d21faeb05a.jpg
d7,d7_0002866_jpg.rf.1268f6635d7d2dedd4b325c114b52c1a_e93e652e81.jpg,test,train,images/train/d7/d7_0002866_jpg.rf.1268f6635d7d2dedd4b325c114b52c1a_e93e652e81.jpg
d7,d7_0002955_jpg.rf.a7bd5ef52e1dbc6ab4c925dbe514e4e0_4536e9549a.jpg,test,train,images/train/d7/d7_0002955_jpg.rf.a7bd5ef52e1dbc6ab4c925dbe514e4e0_4536e9549a.jpg
d7,d7_0003098_jpg.rf.b2f76635067d0fda5fe833cb258e312c_75ec44b3d7.jpg,test,train,images/train/d7/d7_0003098_jpg.rf.b2f76635067d0fda5fe833cb258e312c_75ec44b3d7.jpg
d7,d7_0003119_jpg.rf.692b69cf4e8aa4cc1eb5ded47c9ced76_ec8c0c9f7a.jpg,test,val,images/val/d7/d7_0003119_jpg.rf.692b69cf4e8aa4cc1eb5ded47c9ced76_ec8c0c9f7a.jpg
d7,d7_0003236_jpg.rf.590a45e028f49c469e4b1cb04ff136ab_d5011eedd6.jpg,test,val,images/val/d7/d7_0003236_jpg.rf.590a45e028f49c469e4b1cb04ff136ab_d5011eedd6.jpg
d7,d7_0003313_jpg.rf.562826edf89e4f6f0a041cb81245e8f4_9153805dde.jpg,test,val,images/val/d7/d7_0003313_jpg.rf.562826edf89e4f6f0a041cb81245e8f4_9153805dde.jpg
d7,d7_0003405_jpg.rf.7a35537796894a0fbe9c3bc6e8d54d5f_38f62c4ce9.jpg,test,train,images/train/d7/d7_0003405_jpg.rf.7a35537796894a0fbe9c3bc6e8d54d5f_38f62c4ce9.jpg
d7,d7_0003497_jpg.rf.7006d125ab8a88f2aa003254d16bad70_6424b1024b.jpg,test,train,images/train/d7/d7_0003497_jpg.rf.7006d125ab8a88f2aa003254d16bad70_6424b1024b.jpg
d7,d7_0003813_jpg.rf.e4c36897e302fb21cc87e13e95e0e603_fb8e1394bf.jpg,test,train,images/train/d7/d7_0003813_jpg.rf.e4c36897e302fb21cc87e13e95e0e603_fb8e1394bf.jpg
d7,d7_0004041_jpg.rf.01b054c1a9c5e7b8f3e6c68ef8ae9e81_ffbee94cb6.jpg,test,val,images/val/d7/d7_0004041_jpg.rf.01b054c1a9c5e7b8f3e6c68ef8ae9e81_ffbee94cb6.jpg
d7,d7_0004103_jpg.rf.8bbc0c9158ecad8e342da4e6ec92b518_e32075c8bc.jpg,test,val,images/val/d7/d7_0004103_jpg.rf.8bbc0c9158ecad8e342da4e6ec92b518_e32075c8bc.jpg
d7,d7_0004117_jpg.rf.a1a070bb053d7f7fa0e9c45cb411faf2_995b59b4ce.jpg,test,train,images/train/d7/d7_0004117_jpg.rf.a1a070bb053d7f7fa0e9c45cb411faf2_995b59b4ce.jpg
d7,d7_0004142_jpg.rf.dd616fca39d58988b3707c41efc9eff0_a7c68c1027.jpg,test,train,images/train/d7/d7_0004142_jpg.rf.dd616fca39d58988b3707c41efc9eff0_a7c68c1027.jpg
d7,d7_0004343_jpg.rf.4e4269c6475b21bb97b88656f1560e64_f3616ba75b.jpg,test,val,images/val/d7/d7_0004343_jpg.rf.4e4269c6475b21bb97b88656f1560e64_f3616ba75b.jpg
d7,d7_0004391_jpg.rf.d8840aa6edd282ede2c5796ddddafe8b_6181399184.jpg,test,train,images/train/d7/d7_0004391_jpg.rf.d8840aa6edd282ede2c5796ddddafe8b_6181399184.jpg
d7,d7_0004696_jpg.rf.2efb169a6551cbb37ca3c40e8a44d9d9_c37ef0ef51.jpg,test,train,images/train/d7/d7_0004696_jpg.rf.2efb169a6551cbb37ca3c40e8a44d9d9_c37ef0ef51.jpg
d7,d7_0004812_jpg.rf.f2f47784fd912c2bf23cbd66804b1e14_2547630318.jpg,test,val,images/val/d7/d7_0004812_jpg.rf.f2f47784fd912c2bf23cbd66804b1e14_2547630318.jpg
d7,d7_0004849_jpg.rf.34df191aa24ee07ea2ac4a114323c60e_c82c8245d7.jpg,test,train,images/train/d7/d7_0004849_jpg.rf.34df191aa24ee07ea2ac4a114323c60e_c82c8245d7.jpg
d7,d7_0004927_jpg.rf.d0877a8546f2a49b133f9d5f7423d289_98687df727.jpg,test,train,images/train/d7/d7_0004927_jpg.rf.d0877a8546f2a49b133f9d5f7423d289_98687df727.jpg
d7,d7_0005165_jpg.rf.56835c620ea09ce8cb542fe9dd94d3bf_fce2d968a9.jpg,test,val,images/val/d7/d7_0005165_jpg.rf.56835c620ea09ce8cb542fe9dd94d3bf_fce2d968a9.jpg
d7,d7_0005302_jpg.rf.6ac07a454716f84b6b9a150cd24fdaea_af51cb521c.jpg,test,val,images/val/d7/d7_0005302_jpg.rf.6ac07a454716f84b6b9a150cd24fdaea_af51cb521c.jpg
d7,d7_0005482_jpg.rf.750adea49eaf62849004f0e28b81ca9a_9f987b212f.jpg,test,train,images/train/d7/d7_0005482_jpg.rf.750adea49eaf62849004f0e28b81ca9a_9f987b212f.jpg
d7,d7_0005543_jpg.rf.5f0f3125356b8f21c044f16051f9063a_c186a59983.jpg,test,train,images/train/d7/d7_0005543_jpg.rf.5f0f3125356b8f21c044f16051f9063a_c186a59983.jpg
d7,d7_0005608_jpg.rf.a4723de2dc0a409f4026938246be7be4_9714bae5bb.jpg,test,val,images/val/d7/d7_0005608_jpg.rf.a4723de2dc0a409f4026938246be7be4_9714bae5bb.jpg
d7,d7_0005873_jpg.rf.05b8163b74d0b177ffb183aa5757f08b_6543616be9.jpg,test,train,images/train/d7/d7_0005873_jpg.rf.05b8163b74d0b177ffb183aa5757f08b_6543616be9.jpg
d7,d7_0006019_jpg.rf.ddc8f48310da7fa96dabc701ea8c7211_92efc580bf.jpg,test,train,images/train/d7/d7_0006019_jpg.rf.ddc8f48310da7fa96dabc701ea8c7211_92efc580bf.jpg
d7,d7_0006113_jpg.rf.13a46c843400906639690f7327eaa823_dc983cf9f7.jpg,test,train,images/train/d7/d7_0006113_jpg.rf.13a46c843400906639690f7327eaa823_dc983cf9f7.jpg
d7,d7_0006285_jpg.rf.b7e3a2317cb22acebec391366daba1be_14df0c5b61.jpg,test,val,images/val/d7/d7_0006285_jpg.rf.b7e3a2317cb22acebec391366daba1be_14df0c5b61.jpg
d7,d7_0006420_jpg.rf.265d09d9f06f079d257d5bb4ec7702cb_a891a77945.jpg,test,train,images/train/d7/d7_0006420_jpg.rf.265d09d9f06f079d257d5bb4ec7702cb_a891a77945.jpg
d6,d6_Heavy_Equipment_1004_jpg.rf.a7abc7426dd27dc8903f312770f12df9_3be5a6b0f6.jpg,train,test,images/test/d6/d6_Heavy_Equipment_1004_jpg.rf.a7abc7426dd27dc8903f312770f12df9_3be5a6b0f6.jpg
d6,d6_Heavy_Equipment_1044_jpg.rf.37cf827ee9ffd24da850215e697cf226_fedb83dc36.jpg,train,val,images/val/d6/d6_Heavy_Equipment_1044_jpg.rf.37cf827ee9ffd24da850215e697cf226_fedb83dc36.jpg
d6,d6_Heavy_Equipment_1065_jpg.rf.17344ddcdf310815c28f86f612ab4db1_47183e0a1c.jpg,train,test,images/test/d6/d6_Heavy_Equipment_1065_jpg.rf.17344ddcdf310815c28f86f612ab4db1_47183e0a1c.jpg
d6,d6_Heavy_Equipment_1095_jpg.rf.0293c3345acb43ad82ad94e684c59e5d_5b4f5c93d1.jpg,train,val,images/val/d6/d6_Heavy_Equipment_1095_jpg.rf.0293c3345acb43ad82ad94e684c59e5d_5b4f5c93d1.jpg
d6,d6_Heavy_Equipment_1183_jpg.rf.1d13cd787649419e386b8672b0d7d07b_e86de0a97d.jpg,train,test,images/test/d6/d6_Heavy_Equipment_1183_jpg.rf.1d13cd787649419e386b8672b0d7d07b_e86de0a97d.jpg
d6,d6_Heavy_Equipment_1230_jpg.rf.819828e6a1ee32944ea22cd618d12b1d_10ea4d60e7.jpg,train,test,images/test/d6/d6_Heavy_Equipment_1230_jpg.rf.819828e6a1ee32944ea22cd618d12b1d_10ea4d60e7.jpg
d6,d6_Heavy_Equipment_1261_jpg.rf.472add24d6511120044097f4c0009eb4_19dabd4f07.jpg,train,val,images/val/d6/d6_Heavy_Equipment_1261_jpg.rf.472add24d6511120044097f4c0009eb4_19dabd4f07.jpg
d6,d6_Heavy_Equipment_1324_jpg.rf.780114c6dabb6bd184913ccd5846aa95_aff540bf00.jpg,train,val,images/val/d6/d6_Heavy_Equipment_1324_jpg.rf.780114c6dabb6bd184913ccd5846aa95_aff540bf00.jpg
d6,d6_Heavy_Equipment_1363_jpg.rf.9b342528aa03597a8f1e4f378aefec10_1ad4460d93.jpg,train,val,images/val/d6/d6_Heavy_Equipment_1363_jpg.rf.9b342528aa03597a8f1e4f378aefec10_1ad4460d93.jpg
d6,d6_Heavy_Equipment_1383_jpg.rf.a3737cd6f8aa2f81d2244d24e1a3cc71_7bbb1e6a2c.jpg,train,test,images/test/d6/d6_Heavy_Equipment_1383_jpg.rf.a3737cd6f8aa2f81d2244d24e1a3cc71_7bbb1e6a2c.jpg
d6,d6_Heavy_Equipment_1543_jpg.rf.376ee243a85025371920b67275dbe89b_456fed71ea.jpg,train,val,images/val/d6/d6_Heavy_Equipment_1543_jpg.rf.376ee243a85025371920b67275dbe89b_456fed71ea.jpg
d6,d6_Heavy_Equipment_1608_jpg.rf.52edc583251e0f8632b39112b5edf08e_45bccb0213.jpg,train,val,images/val/d6/d6_Heavy_Equipment_1608_jpg.rf.52edc583251e0f8632b39112b5edf08e_45bccb0213.jpg
d6,d6_Heavy_Equipment_1691_jpg.rf.8b4f818d6d50be7a463f7889860571b6_bab8291846.jpg,train,val,images/val/d6/d6_Heavy_Equipment_1691_jpg.rf.8b4f818d6d50be7a463f7889860571b6_bab8291846.jpg
d6,d6_Heavy_Equipment_1828_jpg.rf.c5a71bd614918c845207f40707c321ae_791377ca8a.jpg,train,val,images/val/d6/d6_Heavy_Equipment_1828_jpg.rf.c5a71bd614918c845207f40707c321ae_791377ca8a.jpg
d6,d6_Heavy_Equipment_182_jpg.rf.c70786af68f55b60cf2d1bd5f5de7e4b_9bb8c4bfbe.jpg,train,val,images/val/d6/d6_Heavy_Equipment_182_jpg.rf.c70786af68f55b60cf2d1bd5f5de7e4b_9bb8c4bfbe.jpg
d6,d6_Heavy_Equipment_1884_jpg.rf.cd9567adb8afed8cd315a605498265f8_a678ccf139.jpg,train,val,images/val/d6/d6_Heavy_Equipment_1884_jpg.rf.cd9567adb8afed8cd315a605498265f8_a678ccf139.jpg
d6,d6_Heavy_Equipment_1927_jpg.rf.1349d7a228dbf5647379827ed49c7427_9f87c8eb1f.jpg,train,val,images/val/d6/d6_Heavy_Equipment_1927_jpg.rf.1349d7a228dbf5647379827ed49c7427_9f87c8eb1f.jpg
d6,d6_Heavy_Equipment_193_jpg.rf.9d9249118a9236225816a60618f8f0e1_7fd05cead4.jpg,train,test,images/test/d6/d6_Heavy_Equipment_193_jpg.rf.9d9249118a9236225816a60618f8f0e1_7fd05cead4.jpg
d6,d6_Heavy_Equipment_198_jpg.rf.9067fd44449b281cc21e80ab14687b9e_c3caf79106.jpg,train,val,images/val/d6/d6_Heavy_Equipment_198_jpg.rf.9067fd44449b281cc21e80ab14687b9e_c3caf79106.jpg
d6,d6_Heavy_Equipment_2027_jpg.rf.769bdb7555040f77fd1fc9a3200a6f65_94919c443a.jpg,train,test,images/test/d6/d6_Heavy_Equipment_2027_jpg.rf.769bdb7555040f77fd1fc9a3200a6f65_94919c443a.jpg
d6,d6_Heavy_Equipment_2055_jpg.rf.61ebd4dc00db1c10c8a12ae1a9b0869e_89705346bc.jpg,train,val,images/val/d6/d6_Heavy_Equipment_2055_jpg.rf.61ebd4dc00db1c10c8a12ae1a9b0869e_89705346bc.jpg
d6,d6_Heavy_Equipment_2067_jpg.rf.3668eb388291193062b5830e7bf27ca8_b755c613bd.jpg,train,val,images/val/d6/d6_Heavy_Equipment_2067_jpg.rf.3668eb388291193062b5830e7bf27ca8_b755c613bd.jpg
d6,d6_Heavy_Equipment_2078_jpg.rf.e3d3efcb1c132df3ce80288a6a3cfa47_48350f5e80.jpg,train,test,images/test/d6/d6_Heavy_Equipment_2078_jpg.rf.e3d3efcb1c132df3ce80288a6a3cfa47_48350f5e80.jpg
d6,d6_Heavy_Equipment_2189_jpg.rf.0f675c3de4282ab809653953133e697c_e3940b53d5.jpg,train,test,images/test/d6/d6_Heavy_Equipment_2189_jpg.rf.0f675c3de4282ab809653953133e697c_e3940b53d5.jpg
d6,d6_Heavy_Equipment_2230_jpg.rf.da824cc27965eaceec0eac88b1621569_2f09bf0d14.jpg,train,test,images/test/d6/d6_Heavy_Equipment_2230_jpg.rf.da824cc27965eaceec0eac88b1621569_2f09bf0d14.jpg
d6,d6_Heavy_Equipment_2233_jpg.rf.2ceae6db1f05db994e8f9bec92357261_64b0b81c4f.jpg,train,test,images/test/d6/d6_Heavy_Equipment_2233_jpg.rf.2ceae6db1f05db994e8f9bec92357261_64b0b81c4f.jpg
d6,d6_Heavy_Equipment_2243_jpg.rf.c22a831539f199389e39080b8c5ff72c_7d8596a0cb.jpg,train,val,images/val/d6/d6_Heavy_Equipment_2243_jpg.rf.c22a831539f199389e39080b8c5ff72c_7d8596a0cb.jpg
d6,d6_Heavy_Equipment_2286_jpg.rf.59e40f0e1125b284b83b370208b4a8a4_9399ac6312.jpg,train,val,images/val/d6/d6_Heavy_Equipment_2286_jpg.rf.59e40f0e1125b284b83b370208b4a8a4_9399ac6312.jpg
d6,d6_Heavy_Equipment_2312_jpg.rf.63a4690b05e9acdf251a8365e1b871c1_40d76ee3e2.jpg,train,val,images/val/d6/d6_Heavy_Equipment_2312_jpg.rf.63a4690b05e9acdf251a8365e1b871c1_40d76ee3e2.jpg
d6,d6_Heavy_Equipment_2314_jpg.rf.657b4bfd90c616bcca8c2bde1d3a9f24_ffe5b1bd9c.jpg,train,test,images/test/d6/d6_Heavy_Equipment_2314_jpg.rf.657b4bfd90c616bcca8c2bde1d3a9f24_ffe5b1bd9c.jpg
d6,d6_Heavy_Equipment_2315_jpg.rf.662c181697467945c8ca0e576c86667d_6d00935b2b.jpg,train,val,images/val/d6/d6_Heavy_Equipment_2315_jpg.rf.662c181697467945c8ca0e576c86667d_6d00935b2b.jpg
d6,d6_Heavy_Equipment_2330_jpg.rf.46dbbd8ad7e64f33de151a30b3e86324_4b5151c265.jpg,train,val,images/val/d6/d6_Heavy_Equipment_2330_jpg.rf.46dbbd8ad7e64f33de151a30b3e86324_4b5151c265.jpg
d6,d6_Heavy_Equipment_2346_jpg.rf.92aad301d411510611ffdf1856513bad_a36d920162.jpg,train,val,images/val/d6/d6_Heavy_Equipment_2346_jpg.rf.92aad301d411510611ffdf1856513bad_a36d920162.jpg
d6,d6_Heavy_Equipment_2383_jpg.rf.2afa9d2c971a89dd2438bf99337c0f4e_955d5080cd.jpg,train,test,images/test/d6/d6_Heavy_Equipment_2383_jpg.rf.2afa9d2c971a89dd2438bf99337c0f4e_955d5080cd.jpg
d6,d6_Heavy_Equipment_251_jpg.rf.ec43a3ac3ec9743a7467b0edb1c46281_6c79af6c64.jpg,train,val,images/val/d6/d6_Heavy_Equipment_251_jpg.rf.ec43a3ac3ec9743a7467b0edb1c46281_6c79af6c64.jpg
d6,d6_Heavy_Equipment_2814_jpg.rf.1f8e551bfc47216db2341aba13b9d7e0_2b83612d4e.jpg,train,val,images/val/d6/d6_Heavy_Equipment_2814_jpg.rf.1f8e551bfc47216db2341aba13b9d7e0_2b83612d4e.jpg
d6,d6_Heavy_Equipment_2873_jpg.rf.193d0bb144ba27b5cb8b82abff362573_3b9f24a86b.jpg,train,val,images/val/d6/d6_Heavy_Equipment_2873_jpg.rf.193d0bb144ba27b5cb8b82abff362573_3b9f24a86b.jpg
d6,d6_Heavy_Equipment_28_jpg.rf.8c8e5e9f0be5037fd5dda5bb03bd2352_1faa45162b.jpg,train,val,images/val/d6/d6_Heavy_Equipment_28_jpg.rf.8c8e5e9f0be5037fd5dda5bb03bd2352_1faa45162b.jpg
d6,d6_Heavy_Equipment_2909_jpg.rf.f7df54d09e74d0adef50ab742cfa2ff4_d8640467bc.jpg,train,test,images/test/d6/d6_Heavy_Equipment_2909_jpg.rf.f7df54d09e74d0adef50ab742cfa2ff4_d8640467bc.jpg
d6,d6_Heavy_Equipment_2998_jpg.rf.15e0ae8c53c81a3c85f72daf99129816_2097261457.jpg,train,val,images/val/d6/d6_Heavy_Equipment_2998_jpg.rf.15e0ae8c53c81a3c85f72daf99129816_2097261457.jpg
d6,d6_Heavy_Equipment_3027_jpg.rf.dc74b7e2c15eb615bb3f30d4b712d9f7_ccf9f9d69b.jpg,train,test,images/test/d6/d6_Heavy_Equipment_3027_jpg.rf.dc74b7e2c15eb615bb3f30d4b712d9f7_ccf9f9d69b.jpg
d6,d6_Heavy_Equipment_3086_jpg.rf.924fd22d0e47209f629a964139eb4a6e_33ffce17b5.jpg,train,val,images/val/d6/d6_Heavy_Equipment_3086_jpg.rf.924fd22d0e47209f629a964139eb4a6e_33ffce17b5.jpg
d6,d6_Heavy_Equipment_3090_jpg.rf.572ca2e32373e8167604403996bc02ad_53e0795006.jpg,train,val,images/val/d6/d6_Heavy_Equipment_3090_jpg.rf.572ca2e32373e8167604403996bc02ad_53e0795006.jpg
d6,d6_Heavy_Equipment_3095_jpg.rf.56475a8898e886678d439878f931f464_c202ee6f49.jpg,train,test,images/test/d6/d6_Heavy_Equipment_3095_jpg.rf.56475a8898e886678d439878f931f464_c202ee6f49.jpg
d6,d6_Heavy_Equipment_3100_jpg.rf.91ccbc9ec4cf2cb40f75dd1b3c737d20_0ebc9a71f7.jpg,train,val,images/val/d6/d6_Heavy_Equipment_3100_jpg.rf.91ccbc9ec4cf2cb40f75dd1b3c737d20_0ebc9a71f7.jpg
d6,d6_Heavy_Equipment_3141_jpg.rf.e2071aa9e0bdd1cb85e8e61d6f21fa43_ee8a8fceaa.jpg,train,test,images/test/d6/d6_Heavy_Equipment_3141_jpg.rf.e2071aa9e0bdd1cb85e8e61d6f21fa43_ee8a8fceaa.jpg
d6,d6_Heavy_Equipment_3150_jpg.rf.d057d5631f5667a90293766a19407f86_25626b1ca7.jpg,train,test,images/test/d6/d6_Heavy_Equipment_3150_jpg.rf.d057d5631f5667a90293766a19407f86_25626b1ca7.jpg
d6,d6_Heavy_Equipment_3154_jpg.rf.06648598602a02751392552b767bf21a_2a5ebd7dbb.jpg,train,val,images/val/d6/d6_Heavy_Equipment_3154_jpg.rf.06648598602a02751392552b767bf21a_2a5ebd7dbb.jpg
d6,d6_Heavy_Equipment_3193_jpg.rf.f6368705c9de5a2107ca4220fcc586a1_afbcd1620f.jpg,train,val,images/val/d6/d6_Heavy_Equipment_3193_jpg.rf.f6368705c9de5a2107ca4220fcc586a1_afbcd1620f.jpg
d6,d6_Heavy_Equipment_3232_jpg.rf.48a009518137376da9dceca94ddd344b_b6ed4d413a.jpg,train,val,images/val/d6/d6_Heavy_Equipment_3232_jpg.rf.48a009518137376da9dceca94ddd344b_b6ed4d413a.jpg
d6,d6_Heavy_Equipment_3252_jpg.rf.3c6f15ab136bc7230264d8539971fb4a_b922cd4b29.jpg,train,val,images/val/d6/d6_Heavy_Equipment_3252_jpg.rf.3c6f15ab136bc7230264d8539971fb4a_b922cd4b29.jpg
d6,d6_Heavy_Equipment_3275_jpg.rf.88f2760ad998919f629779aa26c085dd_01ebb1e71b.jpg,train,test,images/test/d6/d6_Heavy_Equipment_3275_jpg.rf.88f2760ad998919f629779aa26c085dd_01ebb1e71b.jpg
d6,d6_Heavy_Equipment_3277_jpg.rf.12bb8a1a0c266f5c7cd941a63cb10065_85f97eec7f.jpg,train,test,images/test/d6/d6_Heavy_Equipment_3277_jpg.rf.12bb8a1a0c266f5c7cd941a63cb10065_85f97eec7f.jpg
d6,d6_Heavy_Equipment_3312_jpg.rf.41ff65977857eecc0cf5bf99033075a7_9f2e6985f4.jpg,train,test,images/test/d6/d6_Heavy_Equipment_3312_jpg.rf.41ff65977857eecc0cf5bf99033075a7_9f2e6985f4.jpg
d6,d6_Heavy_Equipment_3348_jpg.rf.eee41db6ac9f4a171f7702ac70b1c0cd_216f96ff57.jpg,train,val,images/val/d6/d6_Heavy_Equipment_3348_jpg.rf.eee41db6ac9f4a171f7702ac70b1c0cd_216f96ff57.jpg
d6,d6_Heavy_Equipment_3349_jpg.rf.2fe9d18dd210870755bf6f47dd7b65c5_01ce12830d.jpg,train,val,images/val/d6/d6_Heavy_Equipment_3349_jpg.rf.2fe9d18dd210870755bf6f47dd7b65c5_01ce12830d.jpg
d6,d6_Heavy_Equipment_3408_jpg.rf.63b6885c801ffe015df1b4ffe19f34f1_907b0bcea8.jpg,train,val,images/val/d6/d6_Heavy_Equipment_3408_jpg.rf.63b6885c801ffe015df1b4ffe19f34f1_907b0bcea8.jpg
d6,d6_Heavy_Equipment_340_jpg.rf.e0108f85b497fe87a81e471e5995705e_b8043170c2.jpg,train,val,images/val/d6/d6_Heavy_Equipment_340_jpg.rf.e0108f85b497fe87a81e471e5995705e_b8043170c2.jpg
d6,d6_Heavy_Equipment_3411_jpg.rf.12b74744fab58894cfb7fdcef213bab9_a6c0ba5f08.jpg,train,val,images/val/d6/d6_Heavy_Equipment_3411_jpg.rf.12b74744fab58894cfb7fdcef213bab9_a6c0ba5f08.jpg
d6,d6_Heavy_Equipment_3417_jpg.rf.9447f3ea58c88c909a3cbdee1ca0f7bd_41cb78df2f.jpg,train,val,images/val/d6/d6_Heavy_Equipment_3417_jpg.rf.9447f3ea58c88c909a3cbdee1ca0f7bd_41cb78df2f.jpg
d6,d6_Heavy_Equipment_3448_jpg.rf.36ba5a06e6f10d1e4863e015bc0d957e_7d86fc827b.jpg,train,test,images/test/d6/d6_Heavy_Equipment_3448_jpg.rf.36ba5a06e6f10d1e4863e015bc0d957e_7d86fc827b.jpg
d6,d6_Heavy_Equipment_34_jpg.rf.51b124e99878457f537019c355606310_236f32f690.jpg,train,val,images/val/d6/d6_Heavy_Equipment_34_jpg.rf.51b124e99878457f537019c355606310_236f32f690.jpg
d6,d6_Heavy_Equipment_3510_jpg.rf.e6f7e9a0c639b5e7f8201670ace9047d_63a643fe7d.jpg,train,test,images/test/d6/d6_Heavy_Equipment_3510_jpg.rf.e6f7e9a0c639b5e7f8201670ace9047d_63a643fe7d.jpg
d6,d6_Heavy_Equipment_3551_jpg.rf.df84611b64de2de7e85e6e8b16eb04ff_315f28ab97.jpg,train,val,images/val/d6/d6_Heavy_Equipment_3551_jpg.rf.df84611b64de2de7e85e6e8b16eb04ff_315f28ab97.jpg
d6,d6_Heavy_Equipment_3605_jpg.rf.b9be61c07c532b3bb29b98f5d98c40c2_c011647f2b.jpg,train,val,images/val/d6/d6_Heavy_Equipment_3605_jpg.rf.b9be61c07c532b3bb29b98f5d98c40c2_c011647f2b.jpg
d6,d6_Heavy_Equipment_3650_jpg.rf.a463677d9a79eb69ff92270975a3536c_ede3ccc234.jpg,train,val,images/val/d6/d6_Heavy_Equipment_3650_jpg.rf.a463677d9a79eb69ff92270975a3536c_ede3ccc234.jpg
d6,d6_Heavy_Equipment_3651_jpg.rf.07d3dee53988ca4f7061ddf6e0b86f83_3a4f6e7548.jpg,train,val,images/val/d6/d6_Heavy_Equipment_3651_jpg.rf.07d3dee53988ca4f7061ddf6e0b86f83_3a4f6e7548.jpg
d6,d6_Heavy_Equipment_3655_jpg.rf.ad3232911cb92dd240fc09519c1d176f_442b822239.jpg,train,test,images/test/d6/d6_Heavy_Equipment_3655_jpg.rf.ad3232911cb92dd240fc09519c1d176f_442b822239.jpg
d6,d6_Heavy_Equipment_3656_jpg.rf.6aa8846b14ceb0cd7192dca6163f5304_f4b95bd96f.jpg,train,val,images/val/d6/d6_Heavy_Equipment_3656_jpg.rf.6aa8846b14ceb0cd7192dca6163f5304_f4b95bd96f.jpg
d6,d6_Heavy_Equipment_3658_jpg.rf.2bf1a1c255d8e9e142404681d1cd5968_6a159c1a49.jpg,train,val,images/val/d6/d6_Heavy_Equipment_3658_jpg.rf.2bf1a1c255d8e9e142404681d1cd5968_6a159c1a49.jpg
d6,d6_Heavy_Equipment_3665_jpg.rf.763aaca9faf70ea8b89b20b1c72f93a5_a4c14dd4cd.jpg,train,test,images/test/d6/d6_Heavy_Equipment_3665_jpg.rf.763aaca9faf70ea8b89b20b1c72f93a5_a4c14dd4cd.jpg
d6,d6_Heavy_Equipment_3681_jpg.rf.4451b6d2e732c474300537f210fa7eaa_909287241d.jpg,train,val,images/val/d6/d6_Heavy_Equipment_3681_jpg.rf.4451b6d2e732c474300537f210fa7eaa_909287241d.jpg
d6,d6_Heavy_Equipment_3747_jpg.rf.7a8428d15815effa64121f3c54b155c3_e81f4340d2.jpg,train,test,images/test/d6/d6_Heavy_Equipment_3747_jpg.rf.7a8428d15815effa64121f3c54b155c3_e81f4340d2.jpg
d6,d6_Heavy_Equipment_3774_jpg.rf.23c27c3b986a74d52a68f0867128c6bb_9c34c8c356.jpg,train,test,images/test/d6/d6_Heavy_Equipment_3774_jpg.rf.23c27c3b986a74d52a68f0867128c6bb_9c34c8c356.jpg
d6,d6_Heavy_Equipment_4019_jpg.rf.79379dd02d33be00105a0173bc9091c5_e4ca1fb47d.jpg,train,test,images/test/d6/d6_Heavy_Equipment_4019_jpg.rf.79379dd02d33be00105a0173bc9091c5_e4ca1fb47d.jpg
d6,d6_Heavy_Equipment_4047_jpg.rf.17f9bda8e902be047197f1d06b1bcb99_999cc1f4d1.jpg,train,val,images/val/d6/d6_Heavy_Equipment_4047_jpg.rf.17f9bda8e902be047197f1d06b1bcb99_999cc1f4d1.jpg
d6,d6_Heavy_Equipment_4144_jpg.rf.8fc49a1d669c4182c2914d5ee8b34795_1e523b241b.jpg,train,test,images/test/d6/d6_Heavy_Equipment_4144_jpg.rf.8fc49a1d669c4182c2914d5ee8b34795_1e523b241b.jpg
d6,d6_Heavy_Equipment_4158_jpg.rf.d14edfb1bf07d1f0e1e4b9d7c6d5ba9c_05081bcdd7.jpg,train,val,images/val/d6/d6_Heavy_Equipment_4158_jpg.rf.d14edfb1bf07d1f0e1e4b9d7c6d5ba9c_05081bcdd7.jpg
d6,d6_Heavy_Equipment_4166_jpg.rf.6d60ffee5837c1d51888654434552a21_9ec610c63a.jpg,train,val,images/val/d6/d6_Heavy_Equipment_4166_jpg.rf.6d60ffee5837c1d51888654434552a21_9ec610c63a.jpg
d6,d6_Heavy_Equipment_4186_jpg.rf.a88b10c04e0b35d76ce7d451916c8dbe_4c1b7f27a2.jpg,train,val,images/val/d6/d6_Heavy_Equipment_4186_jpg.rf.a88b10c04e0b35d76ce7d451916c8dbe_4c1b7f27a2.jpg
d6,d6_Heavy_Equipment_4193_jpg.rf.2a859fbcf7f7412ed8ab544145c4aa85_4a8b1701ee.jpg,train,val,images/val/d6/d6_Heavy_Equipment_4193_jpg.rf.2a859fbcf7f7412ed8ab544145c4aa85_4a8b1701ee.jpg
d6,d6_Heavy_Equipment_4198_jpg.rf.64c8f4a59db3ec0c8db16693dc80eb3c_468e8a47bf.jpg,train,test,images/test/d6/d6_Heavy_Equipment_4198_jpg.rf.64c8f4a59db3ec0c8db16693dc80eb3c_468e8a47bf.jpg
d6,d6_Heavy_Equipment_4206_jpg.rf.7220d21b01d0c0b004d6ff91def907af_136a243a87.jpg,train,test,images/test/d6/d6_Heavy_Equipment_4206_jpg.rf.7220d21b01d0c0b004d6ff91def907af_136a243a87.jpg
d6,d6_Heavy_Equipment_4228_jpg.rf.8b5c50a7b8e240df56b9273b8436af6b_80a50d6521.jpg,train,val,images/val/d6/d6_Heavy_Equipment_4228_jpg.rf.8b5c50a7b8e240df56b9273b8436af6b_80a50d6521.jpg
d6,d6_Heavy_Equipment_4238_jpg.rf.59ca83b16175ede30161f04f36538a63_4b54620bb3.jpg,train,test,images/test/d6/d6_Heavy_Equipment_4238_jpg.rf.59ca83b16175ede30161f04f36538a63_4b54620bb3.jpg
d6,d6_Heavy_Equipment_4262_jpg.rf.691afdfaade0d5a34675df29d7ae93f4_0768cce21c.jpg,train,val,images/val/d6/d6_Heavy_Equipment_4262_jpg.rf.691afdfaade0d5a34675df29d7ae93f4_0768cce21c.jpg
d6,d6_Heavy_Equipment_4266_jpg.rf.95e7573551f27d8c8dd2d4127836f6a6_bb335af8d7.jpg,train,test,images/test/d6/d6_Heavy_Equipment_4266_jpg.rf.95e7573551f27d8c8dd2d4127836f6a6_bb335af8d7.jpg
d6,d6_Heavy_Equipment_4312_jpg.rf.13b9eed01ab29c25dbced395c615eff3_16eaef3ffb.jpg,train,val,images/val/d6/d6_Heavy_Equipment_4312_jpg.rf.13b9eed01ab29c25dbced395c615eff3_16eaef3ffb.jpg
d6,d6_Heavy_Equipment_4323_jpg.rf.a25270170bcaafb453ee1a9d01e3bfa9_66d9b46644.jpg,train,test,images/test/d6/d6_Heavy_Equipment_4323_jpg.rf.a25270170bcaafb453ee1a9d01e3bfa9_66d9b46644.jpg
d6,d6_Heavy_Equipment_4324_jpg.rf.c30d89bea37a17fa3211eac6a9e26166_5dcdb60ad4.jpg,train,val,images/val/d6/d6_Heavy_Equipment_4324_jpg.rf.c30d89bea37a17fa3211eac6a9e26166_5dcdb60ad4.jpg
d6,d6_Heavy_Equipment_432_jpg.rf.359191dc77a31aca7d700b89ca2f15a6_02902e1fb3.jpg,train,val,images/val/d6/d6_Heavy_Equipment_432_jpg.rf.359191dc77a31aca7d700b89ca2f15a6_02902e1fb3.jpg
d6,d6_Heavy_Equipment_4334_jpg.rf.398d45cf3be2be723291fcce87f970d5_605e561318.jpg,train,val,images/val/d6/d6_Heavy_Equipment_4334_jpg.rf.398d45cf3be2be723291fcce87f970d5_605e561318.jpg
d6,d6_Heavy_Equipment_4339_jpg.rf.a84e69b15ecd1144b38790742cdef0c6_600303f80e.jpg,train,test,images/test/d6/d6_Heavy_Equipment_4339_jpg.rf.a84e69b15ecd1144b38790742cdef0c6_600303f80e.jpg
d6,d6_Heavy_Equipment_4350_jpg.rf.8e5be1cae41476c7d3d368e34845372a_651b836715.jpg,train,val,images/val/d6/d6_Heavy_Equipment_4350_jpg.rf.8e5be1cae41476c7d3d368e34845372a_651b836715.jpg
d6,d6_Heavy_Equipment_4379_jpg.rf.8a625c8bfe8a1384a692a6d777ea68c2_b985978724.jpg,train,test,images/test/d6/d6_Heavy_Equipment_4379_jpg.rf.8a625c8bfe8a1384a692a6d777ea68c2_b985978724.jpg
d6,d6_Heavy_Equipment_4382_jpg.rf.a0dbd396ca59145809c9a52855af7cde_0d75b070f3.jpg,train,val,images/val/d6/d6_Heavy_Equipment_4382_jpg.rf.a0dbd396ca59145809c9a52855af7cde_0d75b070f3.jpg
d6,d6_Heavy_Equipment_4404_jpg.rf.3be3b44ed6bb4de7582cfd11f0786ef7_15b528216b.jpg,train,val,images/val/d6/d6_Heavy_Equipment_4404_jpg.rf.3be3b44ed6bb4de7582cfd11f0786ef7_15b528216b.jpg
d6,d6_Heavy_Equipment_4419_jpg.rf.7ddb64878cd580e61d0b4210b03c0250_d9bba66402.jpg,train,val,images/val/d6/d6_Heavy_Equipment_4419_jpg.rf.7ddb64878cd580e61d0b4210b03c0250_d9bba66402.jpg
d6,d6_Heavy_Equipment_4427_jpg.rf.9c30fbd984d38dd96368b05c54b2fa42_082de24f4b.jpg,train,test,images/test/d6/d6_Heavy_Equipment_4427_jpg.rf.9c30fbd984d38dd96368b05c54b2fa42_082de24f4b.jpg
d6,d6_Heavy_Equipment_4428_jpg.rf.c8c23459ea8c756a415ffaf1302bae77_c16c2c96e9.jpg,train,val,images/val/d6/d6_Heavy_Equipment_4428_jpg.rf.c8c23459ea8c756a415ffaf1302bae77_c16c2c96e9.jpg
d6,d6_Heavy_Equipment_4437_jpg.rf.cfe9cfb327eb0a579b95e444845f644f_300d1a9eb4.jpg,train,val,images/val/d6/d6_Heavy_Equipment_4437_jpg.rf.cfe9cfb327eb0a579b95e444845f644f_300d1a9eb4.jpg
d6,d6_Heavy_Equipment_444_jpg.rf.c4bdab8bb03005a1ab00f51974b03442_bf58202208.jpg,train,val,images/val/d6/d6_Heavy_Equipment_444_jpg.rf.c4bdab8bb03005a1ab00f51974b03442_bf58202208.jpg
d6,d6_Heavy_Equipment_4473_jpg.rf.4f0f0dd5519a4c6c297bb95c944efffa_a77d5581ef.jpg,train,val,images/val/d6/d6_Heavy_Equipment_4473_jpg.rf.4f0f0dd5519a4c6c297bb95c944efffa_a77d5581ef.jpg
d6,d6_Heavy_Equipment_4480_jpg.rf.8de677ae8198c589f8f40769088b7844_1a07dfb052.jpg,train,test,images/test/d6/d6_Heavy_Equipment_4480_jpg.rf.8de677ae8198c589f8f40769088b7844_1a07dfb052.jpg
d6,d6_Heavy_Equipment_44_jpg.rf.077bb585708e237fbfe2a5bb3c4fe7c9_8bbd4b25a5.jpg,train,val,images/val/d6/d6_Heavy_Equipment_44_jpg.rf.077bb585708e237fbfe2a5bb3c4fe7c9_8bbd4b25a5.jpg
d6,d6_Heavy_Equipment_4503_jpg.rf.9c79f27f5d0433ef579175145c4c3fc9_39da3847a9.jpg,train,val,images/val/d6/d6_Heavy_Equipment_4503_jpg.rf.9c79f27f5d0433ef579175145c4c3fc9_39da3847a9.jpg
d6,d6_Heavy_Equipment_4505_jpg.rf.7026cab5217d6dd22c0bd1bdb672bbd0_53230cd980.jpg,train,val,images/val/d6/d6_Heavy_Equipment_4505_jpg.rf.7026cab5217d6dd22c0bd1bdb672bbd0_53230cd980.jpg
d6,d6_Heavy_Equipment_4508_jpg.rf.fdf803bbcbc6d42027587b9db0c3ae52_6f62cf21cf.jpg,train,val,images/val/d6/d6_Heavy_Equipment_4508_jpg.rf.fdf803bbcbc6d42027587b9db0c3ae52_6f62cf21cf.jpg
d6,d6_Heavy_Equipment_4512_jpg.rf.ebdb9e9879b04c78ae4432a8ab34d1bc_4bdfeca0b1.jpg,train,val,images/val/d6/d6_Heavy_Equipment_4512_jpg.rf.ebdb9e9879b04c78ae4432a8ab34d1bc_4bdfeca0b1.jpg
d6,d6_Heavy_Equipment_4516_jpg.rf.43a85ab0fc7b40713646f7c3e6d67591_a7446d2fb5.jpg,train,val,images/val/d6/d6_Heavy_Equipment_4516_jpg.rf.43a85ab0fc7b40713646f7c3e6d67591_a7446d2fb5.jpg
d6,d6_Heavy_Equipment_4522_jpg.rf.2aba3421acd37f47605774c1bd99bab4_9a42fc3744.jpg,train,test,images/test/d6/d6_Heavy_Equipment_4522_jpg.rf.2aba3421acd37f47605774c1bd99bab4_9a42fc3744.jpg
d6,d6_Heavy_Equipment_4536_jpg.rf.86ee370203a56aa947a0834c4f5c9581_97f89bdad4.jpg,train,test,images/test/d6/d6_Heavy_Equipment_4536_jpg.rf.86ee370203a56aa947a0834c4f5c9581_97f89bdad4.jpg
d6,d6_Heavy_Equipment_4555_jpg.rf.cb247014b5eccda43164b3d6b99ce749_87b2e284cc.jpg,train,test,images/test/d6/d6_Heavy_Equipment_4555_jpg.rf.cb247014b5eccda43164b3d6b99ce749_87b2e284cc.jpg
d6,d6_Heavy_Equipment_4565_jpg.rf.660774e4a1e136a8f6710182a5c8b815_4c0ee7807f.jpg,train,val,images/val/d6/d6_Heavy_Equipment_4565_jpg.rf.660774e4a1e136a8f6710182a5c8b815_4c0ee7807f.jpg
d6,d6_Heavy_Equipment_4566_jpg.rf.efbb7fe10618e4140585dc500a685090_3813176ca2.jpg,train,val,images/val/d6/d6_Heavy_Equipment_4566_jpg.rf.efbb7fe10618e4140585dc500a685090_3813176ca2.jpg
d6,d6_Heavy_Equipment_4594_jpg.rf.d351b87f773b49e925f0ace205fd48ed_e3801754dc.jpg,train,val,images/val/d6/d6_Heavy_Equipment_4594_jpg.rf.d351b87f773b49e925f0ace205fd48ed_e3801754dc.jpg
d6,d6_Heavy_Equipment_4599_jpg.rf.dfeafc2bd339c2e447abdc683575da2f_54e9f0ffe0.jpg,train,val,images/val/d6/d6_Heavy_Equipment_4599_jpg.rf.dfeafc2bd339c2e447abdc683575da2f_54e9f0ffe0.jpg
d6,d6_Heavy_Equipment_4610_jpg.rf.2140e302f4764b53e7943e30ad5f83fe_35436de8fb.jpg,train,test,images/test/d6/d6_Heavy_Equipment_4610_jpg.rf.2140e302f4764b53e7943e30ad5f83fe_35436de8fb.jpg
d6,d6_Heavy_Equipment_4647_jpg.rf.fbe8c3069963a9013521cebdacb1f0db_0719efa126.jpg,train,val,images/val/d6/d6_Heavy_Equipment_4647_jpg.rf.fbe8c3069963a9013521cebdacb1f0db_0719efa126.jpg
d6,d6_Heavy_Equipment_4653_jpg.rf.b7fb8c76270f843c2d1343914384913d_b12493684a.jpg,train,test,images/test/d6/d6_Heavy_Equipment_4653_jpg.rf.b7fb8c76270f843c2d1343914384913d_b12493684a.jpg
d6,d6_Heavy_Equipment_4668_jpg.rf.49ef2008de8e8be5dc4718c3099c7df4_3dd7570112.jpg,train,val,images/val/d6/d6_Heavy_Equipment_4668_jpg.rf.49ef2008de8e8be5dc4718c3099c7df4_3dd7570112.jpg
d6,d6_Heavy_Equipment_4698_jpg.rf.8ed50c26a2df8a1dfc9417198185cc30_e80efef5d9.jpg,train,val,images/val/d6/d6_Heavy_Equipment_4698_jpg.rf.8ed50c26a2df8a1dfc9417198185cc30_e80efef5d9.jpg
d6,d6_Heavy_Equipment_4704_jpg.rf.27a1c7fe179e533de5b92f98512ebc17_aa396ffd38.jpg,train,test,images/test/d6/d6_Heavy_Equipment_4704_jpg.rf.27a1c7fe179e533de5b92f98512ebc17_aa396ffd38.jpg
d6,d6_Heavy_Equipment_4747_jpg.rf.c813e78f42b114561b4bda704f220370_6cb5e0d97a.jpg,train,val,images/val/d6/d6_Heavy_Equipment_4747_jpg.rf.c813e78f42b114561b4bda704f220370_6cb5e0d97a.jpg
d6,d6_Heavy_Equipment_4762_jpg.rf.a3eaf65b249ef7334fb0f9ef4e468389_4188fc788b.jpg,train,val,images/val/d6/d6_Heavy_Equipment_4762_jpg.rf.a3eaf65b249ef7334fb0f9ef4e468389_4188fc788b.jpg
d6,d6_Heavy_Equipment_4765_jpg.rf.2e54c7ea0bae0e069cc9350417d01aa2_56b33196d5.jpg,train,val,images/val/d6/d6_Heavy_Equipment_4765_jpg.rf.2e54c7ea0bae0e069cc9350417d01aa2_56b33196d5.jpg
d6,d6_Heavy_Equipment_4791_jpg.rf.a82bfaadaece1fa5af97e89dc1737750_4972e1d06f.jpg,train,val,images/val/d6/d6_Heavy_Equipment_4791_jpg.rf.a82bfaadaece1fa5af97e89dc1737750_4972e1d06f.jpg
d6,d6_Heavy_Equipment_4805_jpg.rf.5cda41847d762914bcdfec4cf6c7f3c5_15fc8e260a.jpg,train,test,images/test/d6/d6_Heavy_Equipment_4805_jpg.rf.5cda41847d762914bcdfec4cf6c7f3c5_15fc8e260a.jpg
d6,d6_Heavy_Equipment_4819_jpg.rf.7fa9bf3eff686bf5a10b2bcec9bd677e_e227efe6bc.jpg,train,val,images/val/d6/d6_Heavy_Equipment_4819_jpg.rf.7fa9bf3eff686bf5a10b2bcec9bd677e_e227efe6bc.jpg
d6,d6_Heavy_Equipment_4823_jpg.rf.4fd4991906a37224ea1eb8666172e3f9_20f0543450.jpg,train,test,images/test/d6/d6_Heavy_Equipment_4823_jpg.rf.4fd4991906a37224ea1eb8666172e3f9_20f0543450.jpg
d6,d6_Heavy_Equipment_4824_jpg.rf.3e2a30fc7a46e7f68cca32e3d1453585_3827faa6cb.jpg,train,test,images/test/d6/d6_Heavy_Equipment_4824_jpg.rf.3e2a30fc7a46e7f68cca32e3d1453585_3827faa6cb.jpg
d6,d6_Heavy_Equipment_4825_jpg.rf.58fc473d1a1eba97600331fe1475ac0b_8cbcb98eb1.jpg,train,val,images/val/d6/d6_Heavy_Equipment_4825_jpg.rf.58fc473d1a1eba97600331fe1475ac0b_8cbcb98eb1.jpg
d6,d6_Heavy_Equipment_4826_jpg.rf.780889a38563aa8a84e0e177e5a05d8b_8eaf59f60f.jpg,train,test,images/test/d6/d6_Heavy_Equipment_4826_jpg.rf.780889a38563aa8a84e0e177e5a05d8b_8eaf59f60f.jpg
d6,d6_Heavy_Equipment_4872_jpg.rf.03915c2c8aa1a75238b39d3fce23dd1f_39a2cb1007.jpg,train,val,images/val/d6/d6_Heavy_Equipment_4872_jpg.rf.03915c2c8aa1a75238b39d3fce23dd1f_39a2cb1007.jpg
d6,d6_Heavy_Equipment_4892_jpg.rf.a606a909f2770a3943049d9c5e0ed127_b56a6cadd7.jpg,train,test,images/test/d6/d6_Heavy_Equipment_4892_jpg.rf.a606a909f2770a3943049d9c5e0ed127_b56a6cadd7.jpg
d6,d6_Heavy_Equipment_4953_jpg.rf.b25317c02618173042c273371ffde87e_53b5752b0d.jpg,train,test,images/test/d6/d6_Heavy_Equipment_4953_jpg.rf.b25317c02618173042c273371ffde87e_53b5752b0d.jpg
d6,d6_Heavy_Equipment_4959_jpg.rf.d4d69b7b08600d46a514fee5bf9f7ed1_54dd17d5e2.jpg,train,test,images/test/d6/d6_Heavy_Equipment_4959_jpg.rf.d4d69b7b08600d46a514fee5bf9f7ed1_54dd17d5e2.jpg
d6,d6_Heavy_Equipment_4974_jpg.rf.3c4c83078372414482c60eb733d28325_4597d0d80b.jpg,train,val,images/val/d6/d6_Heavy_Equipment_4974_jpg.rf.3c4c83078372414482c60eb733d28325_4597d0d80b.jpg
d6,d6_Heavy_Equipment_4978_jpg.rf.305d16a6cb0bb4500e6131063fbedf95_f7e1a64c55.jpg,train,val,images/val/d6/d6_Heavy_Equipment_4978_jpg.rf.305d16a6cb0bb4500e6131063fbedf95_f7e1a64c55.jpg
d6,d6_Heavy_Equipment_4990_jpg.rf.97d68eb1a266bbf51c0bbbe31433cdc9_cd27c1f171.jpg,train,val,images/val/d6/d6_Heavy_Equipment_4990_jpg.rf.97d68eb1a266bbf51c0bbbe31433cdc9_cd27c1f171.jpg
d6,d6_Heavy_Equipment_4996_jpg.rf.8f2eaccdb0e3d6cbb4431fb51ab06633_0e92f78580.jpg,train,test,images/test/d6/d6_Heavy_Equipment_4996_jpg.rf.8f2eaccdb0e3d6cbb4431fb51ab06633_0e92f78580.jpg
d6,d6_Heavy_Equipment_5016_jpg.rf.5a46c92273e956f6b9ef86232fb482cf_12a83ebf0d.jpg,train,val,images/val/d6/d6_Heavy_Equipment_5016_jpg.rf.5a46c92273e956f6b9ef86232fb482cf_12a83ebf0d.jpg
d6,d6_Heavy_Equipment_5036_jpg.rf.f072ac4e4e3143e11404f3b716e0b3bc_4abfb228a8.jpg,train,val,images/val/d6/d6_Heavy_Equipment_5036_jpg.rf.f072ac4e4e3143e11404f3b716e0b3bc_4abfb228a8.jpg
d6,d6_Heavy_Equipment_5046_jpg.rf.753f5ade188b2e24371ba6b71691e6e7_ba91b48d3f.jpg,train,val,images/val/d6/d6_Heavy_Equipment_5046_jpg.rf.753f5ade188b2e24371ba6b71691e6e7_ba91b48d3f.jpg
d6,d6_Heavy_Equipment_5053_jpg.rf.4b302b35aa80824416688b2afc70673e_5c08cfacd7.jpg,train,test,images/test/d6/d6_Heavy_Equipment_5053_jpg.rf.4b302b35aa80824416688b2afc70673e_5c08cfacd7.jpg
d6,d6_Heavy_Equipment_5056_jpg.rf.d19682eadd1b77ec7d4baad6d805a40c_95653a3cff.jpg,train,val,images/val/d6/d6_Heavy_Equipment_5056_jpg.rf.d19682eadd1b77ec7d4baad6d805a40c_95653a3cff.jpg
d6,d6_Heavy_Equipment_5061_jpg.rf.7be7c3ea7e161be76af9917ab19c82da_803a053de6.jpg,train,val,images/val/d6/d6_Heavy_Equipment_5061_jpg.rf.7be7c3ea7e161be76af9917ab19c82da_803a053de6.jpg
d6,d6_Heavy_Equipment_5066_jpg.rf.0598fbb9373f4de8b91b0894f258ce0d_f04132e5b6.jpg,train,val,images/val/d6/d6_Heavy_Equipment_5066_jpg.rf.0598fbb9373f4de8b91b0894f258ce0d_f04132e5b6.jpg
d6,d6_Heavy_Equipment_5075_jpg.rf.99058e49831a4701c35593069695b761_3863514ee9.jpg,train,val,images/val/d6/d6_Heavy_Equipment_5075_jpg.rf.99058e49831a4701c35593069695b761_3863514ee9.jpg
d6,d6_Heavy_Equipment_5118_jpg.rf.d28650bb65a7b6b15226f2e7a0108f08_aa92878587.jpg,train,val,images/val/d6/d6_Heavy_Equipment_5118_jpg.rf.d28650bb65a7b6b15226f2e7a0108f08_aa92878587.jpg
d6,d6_Heavy_Equipment_5122_jpg.rf.5ee4aacb2bd8cf3c09275e21293f44ae_c11023a5bd.jpg,train,test,images/test/d6/d6_Heavy_Equipment_5122_jpg.rf.5ee4aacb2bd8cf3c09275e21293f44ae_c11023a5bd.jpg
d6,d6_Heavy_Equipment_5123_jpg.rf.e616dc7db2b272425ee12b355b5c8185_a6402f59d4.jpg,train,val,images/val/d6/d6_Heavy_Equipment_5123_jpg.rf.e616dc7db2b272425ee12b355b5c8185_a6402f59d4.jpg
d6,d6_Heavy_Equipment_5129_jpg.rf.0da21079b3c6893595ee8f939d7b9ef5_6ca952ccbd.jpg,train,test,images/test/d6/d6_Heavy_Equipment_5129_jpg.rf.0da21079b3c6893595ee8f939d7b9ef5_6ca952ccbd.jpg
d6,d6_Heavy_Equipment_5135_jpg.rf.8392cce9a2a095ab8d4306cb9283bf6f_a30b143ff6.jpg,train,val,images/val/d6/d6_Heavy_Equipment_5135_jpg.rf.8392cce9a2a095ab8d4306cb9283bf6f_a30b143ff6.jpg
d6,d6_Heavy_Equipment_5154_jpg.rf.bdac7fa2e14a8f7d64b8aa3024c397e5_0dd920a88b.jpg,train,val,images/val/d6/d6_Heavy_Equipment_5154_jpg.rf.bdac7fa2e14a8f7d64b8aa3024c397e5_0dd920a88b.jpg
d6,d6_Heavy_Equipment_5175_jpg.rf.d512d20a0500fd2d2702f7c672d919d7_4574a92612.jpg,train,val,images/val/d6/d6_Heavy_Equipment_5175_jpg.rf.d512d20a0500fd2d2702f7c672d919d7_4574a92612.jpg
d6,d6_Heavy_Equipment_5179_jpg.rf.da677dd03bb62138a39d0718f68a2a52_14ba446b83.jpg,train,test,images/test/d6/d6_Heavy_Equipment_5179_jpg.rf.da677dd03bb62138a39d0718f68a2a52_14ba446b83.jpg
d6,d6_Heavy_Equipment_5204_jpg.rf.a85089894238cf82f85c7ec4b74ce69a_b653677288.jpg,train,test,images/test/d6/d6_Heavy_Equipment_5204_jpg.rf.a85089894238cf82f85c7ec4b74ce69a_b653677288.jpg
d6,d6_Heavy_Equipment_5218_jpg.rf.0dd112ad445b8311af9bd39dc8472aa2_d715ab0fab.jpg,train,val,images/val/d6/d6_Heavy_Equipment_5218_jpg.rf.0dd112ad445b8311af9bd39dc8472aa2_d715ab0fab.jpg
d6,d6_Heavy_Equipment_5688_jpg.rf.b8f39c4b248991b36b88be092b04c58a_c8858be8f1.jpg,train,val,images/val/d6/d6_Heavy_Equipment_5688_jpg.rf.b8f39c4b248991b36b88be092b04c58a_c8858be8f1.jpg
d6,d6_Heavy_Equipment_5_jpg.rf.a8c910caf9fde582a22cea0eab8ee9e9_e02d696121.jpg,train,test,images/test/d6/d6_Heavy_Equipment_5_jpg.rf.a8c910caf9fde582a22cea0eab8ee9e9_e02d696121.jpg
d6,d6_Heavy_Equipment_602_jpg.rf.a507b7da7e750510a85a1905e5082408_ce68bf80fa.jpg,train,test,images/test/d6/d6_Heavy_Equipment_602_jpg.rf.a507b7da7e750510a85a1905e5082408_ce68bf80fa.jpg
d6,d6_Heavy_Equipment_6086_jpg.rf.408846d81a79989921882115c8e35096_eef369eeba.jpg,train,val,images/val/d6/d6_Heavy_Equipment_6086_jpg.rf.408846d81a79989921882115c8e35096_eef369eeba.jpg
d6,d6_Heavy_Equipment_6209_jpg.rf.0d1126c685a146634525c0f6ab80a6c1_63e60f2426.jpg,train,val,images/val/d6/d6_Heavy_Equipment_6209_jpg.rf.0d1126c685a146634525c0f6ab80a6c1_63e60f2426.jpg
d6,d6_Heavy_Equipment_6282_jpg.rf.38c74849be4da4a4da09fae9086f1554_3b0319510a.jpg,train,test,images/test/d6/d6_Heavy_Equipment_6282_jpg.rf.38c74849be4da4a4da09fae9086f1554_3b0319510a.jpg
d6,d6_Heavy_Equipment_6285_jpg.rf.10562daf4302ad951f485bd69427b38b_4d4f19369c.jpg,train,val,images/val/d6/d6_Heavy_Equipment_6285_jpg.rf.10562daf4302ad951f485bd69427b38b_4d4f19369c.jpg
d6,d6_Heavy_Equipment_6310_jpg.rf.f99ef17a8fdf34190f308204361ff78d_7b9effb67f.jpg,train,val,images/val/d6/d6_Heavy_Equipment_6310_jpg.rf.f99ef17a8fdf34190f308204361ff78d_7b9effb67f.jpg
d6,d6_Heavy_Equipment_684_jpg.rf.578cf2d7b5e0f290bc0fff6be5aa8cb5_be5477e71a.jpg,train,val,images/val/d6/d6_Heavy_Equipment_684_jpg.rf.578cf2d7b5e0f290bc0fff6be5aa8cb5_be5477e71a.jpg
d6,d6_Heavy_Equipment_873_jpg.rf.f648338e3663a9078f68d3f0b97dc61d_bf34d35df4.jpg,train,val,images/val/d6/d6_Heavy_Equipment_873_jpg.rf.f648338e3663a9078f68d3f0b97dc61d_bf34d35df4.jpg
d6,d6_Heavy_Equipment_955_jpg.rf.fea91f83b3a88ef91e01feb6bffb4770_ebd53e84c3.jpg,train,val,images/val/d6/d6_Heavy_Equipment_955_jpg.rf.fea91f83b3a88ef91e01feb6bffb4770_ebd53e84c3.jpg
d6,d6_Heavy_Equipment_95_jpg.rf.e53036f37bbdfb205e82a5b04faf80a4_ab39a141d5.jpg,train,test,images/test/d6/d6_Heavy_Equipment_95_jpg.rf.e53036f37bbdfb205e82a5b04faf80a4_ab39a141d5.jpg
d6,d6_M_B_14-15cbm-Mercedes-Benz-Concrete-Mixer-Concrete-Transport-Truck_jpg.rf.c1aa18de18f1f4b51051c1ee1c_55189d86f7.jpg,train,val,images/val/d6/d6_M_B_14-15cbm-Mercedes-Benz-Concrete-Mixer-Concrete-Transport-Truck_jpg.rf.c1aa18de18f1f4b51051c1ee1c_55189d86f7.jpg
d6,d6_M_B_179216_1_jpg.rf.e160e60dc659d919e1f04cdd561907e6_014c2e7ba2.jpg,train,val,images/val/d6/d6_M_B_179216_1_jpg.rf.e160e60dc659d919e1f04cdd561907e6_014c2e7ba2.jpg
d6,d6_M_B_9649_3538338184162_jpg.rf.4fb68174d4753609d5de437427f8cf29_20ac3b5fac.jpg,train,test,images/test/d6/d6_M_B_9649_3538338184162_jpg.rf.4fb68174d4753609d5de437427f8cf29_20ac3b5fac.jpg
d6,d6_M_B_Used-Truck-Mercedes-Actros-10X4-2021_176373_1_jpg.rf.0537189ab5ddefc050774e944c046604_6a10f0333a.jpg,train,test,images/test/d6/d6_M_B_Used-Truck-Mercedes-Actros-10X4-2021_176373_1_jpg.rf.0537189ab5ddefc050774e944c046604_6a10f0333a.jpg
d6,d6_M_B_images132_jpg.rf.c913dfa876501987132aae826dfe6534_d1549c942f.jpg,train,val,images/val/d6/d6_M_B_images132_jpg.rf.c913dfa876501987132aae826dfe6534_d1549c942f.jpg
d6,d6_M_B_images46_jpg.rf.9361d9851232afc5f1f8a58f3ea64c86_ef1423383b.jpg,train,val,images/val/d6/d6_M_B_images46_jpg.rf.9361d9851232afc5f1f8a58f3ea64c86_ef1423383b.jpg
d6,d6_M_B_images85_jpg.rf.21f4037b7990d144efad210254c37d0b_5eee109d4b.jpg,train,val,images/val/d6/d6_M_B_images85_jpg.rf.21f4037b7990d144efad210254c37d0b_5eee109d4b.jpg
d6,d6_M_B_new-mercedes-benz-axor-3240-concrete-mixer-truck-at-the-international-CXFC5T_jpg.rf.ad9a8e631f3f_db32f9ef05.jpg,train,val,images/val/d6/d6_M_B_new-mercedes-benz-axor-3240-concrete-mixer-truck-at-the-international-CXFC5T_jpg.rf.ad9a8e631f3f_db32f9ef05.jpg
d6,d6_M_D_main_novus_mixer2_jpg.rf.83c7df387bf3bb7ba9b6803cc671680a_b1cc0eabcc.jpg,train,test,images/test/d6/d6_M_D_main_novus_mixer2_jpg.rf.83c7df387bf3bb7ba9b6803cc671680a_b1cc0eabcc.jpg
d6,d6_M_H_images25_jpg.rf.28f639f9f36ea7a6b524f70f5be82b72_ebe9ea27ed.jpg,train,test,images/test/d6/d6_M_H_images25_jpg.rf.28f639f9f36ea7a6b524f70f5be82b72_ebe9ea27ed.jpg
d6,d6_M_M_020434490_1659577312895_3c7f3a_jpg.rf.584d6a5a5b704b7bb8a9a5a9d192513f_fcae825e3e.jpg,train,val,images/val/d6/d6_M_M_020434490_1659577312895_3c7f3a_jpg.rf.584d6a5a5b704b7bb8a9a5a9d192513f_fcae825e3e.jpg
d6,d6_M_M_186662_1_jpg.rf.6161557d2e10697359b69f6868d8e053_c78f7a13a4.jpg,train,val,images/val/d6/d6_M_M_186662_1_jpg.rf.6161557d2e10697359b69f6868d8e053_c78f7a13a4.jpg
d6,d6_M_M_187_4506839458636_jpg.rf.0b5008f9db9676d9f7d9c54ed2bdb1cc_724a375390.jpg,train,test,images/test/d6/d6_M_M_187_4506839458636_jpg.rf.0b5008f9db9676d9f7d9c54ed2bdb1cc_724a375390.jpg
d6,d6_M_M_197236_1_jpg.rf.2c2ac33b5a1f8dad4eba0068b4f35246_a74d0440b8.jpg,train,val,images/val/d6/d6_M_M_197236_1_jpg.rf.2c2ac33b5a1f8dad4eba0068b4f35246_a74d0440b8.jpg
d6,d6_M_M_3-Manual-Steel-Suspension-1645805220708992222_common-22022518064830785200_jpg.rf.ed0db40007f4e77_5a3dbf0148.jpg,train,test,images/test/d6/d6_M_M_3-Manual-Steel-Suspension-1645805220708992222_common-22022518064830785200_jpg.rf.ed0db40007f4e77_5a3dbf0148.jpg
d6,d6_M_M_7321_2534838098372_jpg.rf.75148e71d0741da59a6111fdca53cb14_2fb0f95a3d.jpg,train,val,images/val/d6/d6_M_M_7321_2534838098372_jpg.rf.75148e71d0741da59a6111fdca53cb14_2fb0f95a3d.jpg
d6,d6_M_M_Betonmischer-8x4-Top-Zustand-1649171726156916474_big-22040518151346395200_jpg.rf.7c4fb3f72f1822e_8eb85429c7.jpg,train,val,images/val/d6/d6_M_M_Betonmischer-8x4-Top-Zustand-1649171726156916474_big-22040518151346395200_jpg.rf.7c4fb3f72f1822e_8eb85429c7.jpg
d6,d6_M_M_Man_TGS_32360E5EEVMIXER_9MC2B3_4_2_jpg.rf.383e35c19561b1d4b90a5ee5d7c8fa26_82b471d70a.jpg,train,val,images/val/d6/d6_M_M_Man_TGS_32360E5EEVMIXER_9MC2B3_4_2_jpg.rf.383e35c19561b1d4b90a5ee5d7c8fa26_82b471d70a.jpg
d6,d6_M_M_flock-beton-man-concrete-mixer-on-motorway-2D1AEJX_jpg.rf.412f66584f40973b7d783dc1f856020d_f47cb6ca37.jpg,train,test,images/test/d6/d6_M_M_flock-beton-man-concrete-mixer-on-motorway-2D1AEJX_jpg.rf.412f66584f40973b7d783dc1f856020d_f47cb6ca37.jpg
d6,d6_M_M_image13_jpeg.rf.ec1663f34f0a88bd45cddc24c6293806_9e7ecf80ad.jpg,train,test,images/test/d6/d6_M_M_image13_jpeg.rf.ec1663f34f0a88bd45cddc24c6293806_9e7ecf80ad.jpg
d6,d6_M_M_image28_jpeg.rf.df2bde41d5a9bdd4eb696228e4dd3fcd_3d78514802.jpg,train,val,images/val/d6/d6_M_M_image28_jpeg.rf.df2bde41d5a9bdd4eb696228e4dd3fcd_3d78514802.jpg
d6,d6_M_M_image30_jpeg.rf.d1b3929fbbdcfda0aa7c2275ce7dedcd_08e2940389.jpg,train,test,images/test/d6/d6_M_M_image30_jpeg.rf.d1b3929fbbdcfda0aa7c2275ce7dedcd_08e2940389.jpg
d6,d6_M_M_images46_jpg.rf.5b949f6c96abfdf1d5d6c420f4cd7139_75c2c22f94.jpg,train,val,images/val/d6/d6_M_M_images46_jpg.rf.5b949f6c96abfdf1d5d6c420f4cd7139_75c2c22f94.jpg
d6,d6_M_M_images66_jpg.rf.6668c234fb11cbc8ee2abc518e350102_d0f7770efa.jpg,train,val,images/val/d6/d6_M_M_images66_jpg.rf.6668c234fb11cbc8ee2abc518e350102_d0f7770efa.jpg
d6,d6_M_M_images71_jpg.rf.4fcf76423a17af52c5c292aaf1150c53_897c52cc51.jpg,train,val,images/val/d6/d6_M_M_images71_jpg.rf.4fcf76423a17af52c5c292aaf1150c53_897c52cc51.jpg
d6,d6_M_M_images96_jpg.rf.4e52012d1f9ee6decad77bd7840a4897_c9f968979a.jpg,train,val,images/val/d6/d6_M_M_images96_jpg.rf.4e52012d1f9ee6decad77bd7840a4897_c9f968979a.jpg
d6,d6_M_M_transit-concrete-mixers-250x250_jpg.rf.4b8c337014657cdbd8f326f7d0f50dad_1940dfb149.jpg,train,test,images/test/d6/d6_M_M_transit-concrete-mixers-250x250_jpg.rf.4b8c337014657cdbd8f326f7d0f50dad_1940dfb149.jpg
d6,d6_M_S_-SCANIA-P-340-6x4-Betonmixer-1646042987826388682_big-22022812071069949400_jpg.rf.b566d6dc71718fe_de795f0430.jpg,train,test,images/test/d6/d6_M_S_-SCANIA-P-340-6x4-Betonmixer-1646042987826388682_big-22022812071069949400_jpg.rf.b566d6dc71718fe_de795f0430.jpg
d6,d6_M_S_209370_1_jpg.rf.acf32a5febba10f65839526f7fa09844_4c7e33a4a0.jpg,train,val,images/val/d6/d6_M_S_209370_1_jpg.rf.acf32a5febba10f65839526f7fa09844_4c7e33a4a0.jpg
d6,d6_M_S_23275-15611944_jpg.rf.ff3e3965b185d4fd0ec50092483caf8e_cc784e71f1.jpg,train,val,images/val/d6/d6_M_S_23275-15611944_jpg.rf.ff3e3965b185d4fd0ec50092483caf8e_cc784e71f1.jpg
d6,d6_M_S_30938275-2_jpg.rf.6c7ed9fcd87e549d874c3232a33330aa_2a2683e2aa.jpg,train,test,images/test/d6/d6_M_S_30938275-2_jpg.rf.6c7ed9fcd87e549d874c3232a33330aa_2a2683e2aa.jpg
d6,d6_M_S_48587126326_98e391388e_b_jpg.rf.6c69210268f670ff2d0954cf2f61f137_0d3740cf10.jpg,train,val,images/val/d6/d6_M_S_48587126326_98e391388e_b_jpg.rf.6c69210268f670ff2d0954cf2f61f137_0d3740cf10.jpg
d6,d6_M_S_49584300107_7f94a31949_b_jpg.rf.2cc87b21ebca28a6d498008162a6b45c_15121f7a7a.jpg,train,test,images/test/d6/d6_M_S_49584300107_7f94a31949_b_jpg.rf.2cc87b21ebca28a6d498008162a6b45c_15121f7a7a.jpg
d6,d6_M_S_images19_jpg.rf.d95855a94dc1a98a1dbd718e41f216c8_984190a6a1.jpg,train,val,images/val/d6/d6_M_S_images19_jpg.rf.d95855a94dc1a98a1dbd718e41f216c8_984190a6a1.jpg
d6,d6_M_S_images82_jpg.rf.ec59e0cae7a441d902ab44442c207537_48674e9cdd.jpg,train,val,images/val/d6/d6_M_S_images82_jpg.rf.ec59e0cae7a441d902ab44442c207537_48674e9cdd.jpg
d6,d6_M_S_images8_jpg.rf.e0e8e5998bf6f5e8633bf994f4289156_d9f40bfa58.jpg,train,val,images/val/d6/d6_M_S_images8_jpg.rf.e0e8e5998bf6f5e8633bf994f4289156_d9f40bfa58.jpg
d6,d6_M_S_strasbourg-france-mar-g-reconstruction-european-parliament-council-112430532_jpg.rf.9e38cbdf20fb_5ebf05ac8d.jpg,train,val,images/val/d6/d6_M_S_strasbourg-france-mar-g-reconstruction-european-parliament-council-112430532_jpg.rf.9e38cbdf20fb_5ebf05ac8d.jpg
d7,d7_0000089_jpg.rf.ad808e4e5eb82a27f514165a2f995d00_8f01fe5341.jpg,train,test,images/test/d7/d7_0000089_jpg.rf.ad808e4e5eb82a27f514165a2f995d00_8f01fe5341.jpg
d7,d7_0000159_jpg.rf.00fd3a04de7ccc222e9e8853a619ce83_bc1e839cf5.jpg,train,val,images/val/d7/d7_0000159_jpg.rf.00fd3a04de7ccc222e9e8853a619ce83_bc1e839cf5.jpg
d7,d7_0000188_jpg.rf.b24da07d2f63ab250bbd39896f1b8034_863178d0e1.jpg,train,val,images/val/d7/d7_0000188_jpg.rf.b24da07d2f63ab250bbd39896f1b8034_863178d0e1.jpg
d7,d7_0000216_jpg.rf.a82328a3dca4ac706cf6bc701bd775b7_5a036e7c38.jpg,train,val,images/val/d7/d7_0000216_jpg.rf.a82328a3dca4ac706cf6bc701bd775b7_5a036e7c38.jpg
d7,d7_0000222_jpg.rf.2383c54f37e8b8189048d05980e47eb9_ce8b9b4108.jpg,train,val,images/val/d7/d7_0000222_jpg.rf.2383c54f37e8b8189048d05980e47eb9_ce8b9b4108.jpg
d7,d7_0000233_jpg.rf.3f11c6313caea24351e7967ed3d88603_134dcd4eef.jpg,train,val,images/val/d7/d7_0000233_jpg.rf.3f11c6313caea24351e7967ed3d88603_134dcd4eef.jpg
d7,d7_0000341_jpg.rf.0fe1d4072f461e020bc2ce8ec18ae5dd_06449d1755.jpg,train,test,images/test/d7/d7_0000341_jpg.rf.0fe1d4072f461e020bc2ce8ec18ae5dd_06449d1755.jpg
d7,d7_0000719_jpg.rf.1dd11dffeae0678623aaa58d0308c84d_f315e8cac8.jpg,train,val,images/val/d7/d7_0000719_jpg.rf.1dd11dffeae0678623aaa58d0308c84d_f315e8cac8.jpg
d7,d7_0000810_jpg.rf.f7bf1cb79bae49d3761d2cbf53035049_30bc22f0a7.jpg,train,val,images/val/d7/d7_0000810_jpg.rf.f7bf1cb79bae49d3761d2cbf53035049_30bc22f0a7.jpg
d7,d7_0000905_jpg.rf.c6fbe5cfd9b74788a48905934892d752_c5d03e101c.jpg,train,test,images/test/d7/d7_0000905_jpg.rf.c6fbe5cfd9b74788a48905934892d752_c5d03e101c.jpg
d7,d7_0001116_jpg.rf.c3825d39ad349842fa51497697e65659_83fe4aef06.jpg,train,val,images/val/d7/d7_0001116_jpg.rf.c3825d39ad349842fa51497697e65659_83fe4aef06.jpg
d7,d7_0001285_jpg.rf.a88c448927940c5923095cc9e8d8a38e_367e7b8465.jpg,train,test,images/test/d7/d7_0001285_jpg.rf.a88c448927940c5923095cc9e8d8a38e_367e7b8465.jpg
d7,d7_0001391_jpg.rf.f1dd3b0d0fb44a071dfab8091f36dc27_4dc6ce47e8.jpg,train,test,images/test/d7/d7_0001391_jpg.rf.f1dd3b0d0fb44a071dfab8091f36dc27_4dc6ce47e8.jpg
d7,d7_0001456_jpg.rf.dd1fe75f6af332342bfe68496210a968_33c6576eb7.jpg,train,val,images/val/d7/d7_0001456_jpg.rf.dd1fe75f6af332342bfe68496210a968_33c6576eb7.jpg
d7,d7_0001540_jpg.rf.2f13338ef7871ddcad540b6435b72e99_74ffa21956.jpg,train,val,images/val/d7/d7_0001540_jpg.rf.2f13338ef7871ddcad540b6435b72e99_74ffa21956.jpg
d7,d7_0001548_jpg.rf.9b1551f64a53ddac4b5a454b82bc31e5_8555bf6e42.jpg,train,test,images/test/d7/d7_0001548_jpg.rf.9b1551f64a53ddac4b5a454b82bc31e5_8555bf6e42.jpg
d7,d7_0001569_jpg.rf.76a03cc3dc885167dded899d0bf7fa89_adce2a00e9.jpg,train,test,images/test/d7/d7_0001569_jpg.rf.76a03cc3dc885167dded899d0bf7fa89_adce2a00e9.jpg
d7,d7_0001736_jpg.rf.44ba01bafc278253894c755aefde7864_a55c8a426b.jpg,train,val,images/val/d7/d7_0001736_jpg.rf.44ba01bafc278253894c755aefde7864_a55c8a426b.jpg
d7,d7_0001975_jpg.rf.2bd0e9af3e3cbd8e061f775fab989922_ab6b5bf842.jpg,train,test,images/test/d7/d7_0001975_jpg.rf.2bd0e9af3e3cbd8e061f775fab989922_ab6b5bf842.jpg
d7,d7_0002004_jpg.rf.992eb4aff318e6e88124246ffe9ebac9_ce6cb65de9.jpg,train,test,images/test/d7/d7_0002004_jpg.rf.992eb4aff318e6e88124246ffe9ebac9_ce6cb65de9.jpg
d7,d7_0002020_jpg.rf.89b49435426f206da2ba91e616b4f892_765ee67415.jpg,train,test,images/test/d7/d7_0002020_jpg.rf.89b49435426f206da2ba91e616b4f892_765ee67415.jpg
d7,d7_0002021_jpg.rf.3fc3db42b7aba5b03b1c578efad7d056_2815291852.jpg,train,test,images/test/d7/d7_0002021_jpg.rf.3fc3db42b7aba5b03b1c578efad7d056_2815291852.jpg
d7,d7_0002113_jpg.rf.59dc01b44375c0b1edaffbfe90987249_773bddb259.jpg,train,test,images/test/d7/d7_0002113_jpg.rf.59dc01b44375c0b1edaffbfe90987249_773bddb259.jpg
d7,d7_0002187_jpg.rf.3904fbd280c044940865b0042aef0ea6_2a833d7eab.jpg,train,test,images/test/d7/d7_0002187_jpg.rf.3904fbd280c044940865b0042aef0ea6_2a833d7eab.jpg
d7,d7_0002230_jpg.rf.e52a4cd7f5ded679928f75f50339910f_e5cde1cc35.jpg,train,val,images/val/d7/d7_0002230_jpg.rf.e52a4cd7f5ded679928f75f50339910f_e5cde1cc35.jpg
d7,d7_0002283_jpg.rf.ace7984212c8c2e436c6dd6c6710db87_6556859dc0.jpg,train,test,images/test/d7/d7_0002283_jpg.rf.ace7984212c8c2e436c6dd6c6710db87_6556859dc0.jpg
d7,d7_0002412_jpg.rf.0b73e9b5f33a8a0b65669e792064b128_bc3f8d56c4.jpg,train,test,images/test/d7/d7_0002412_jpg.rf.0b73e9b5f33a8a0b65669e792064b128_bc3f8d56c4.jpg
d7,d7_0002436_jpg.rf.f2f7636c41d819a698d15c8b3d60ff12_6f36bbd74a.jpg,train,test,images/test/d7/d7_0002436_jpg.rf.f2f7636c41d819a698d15c8b3d60ff12_6f36bbd74a.jpg
d7,d7_0002557_jpg.rf.463bf11ae4a1cbe7920db9854548465b_a6edff62db.jpg,train,test,images/test/d7/d7_0002557_jpg.rf.463bf11ae4a1cbe7920db9854548465b_a6edff62db.jpg
d7,d7_0002622_jpg.rf.5f280290807296e9d7c0552e84fef80a_3f5973470e.jpg,train,val,images/val/d7/d7_0002622_jpg.rf.5f280290807296e9d7c0552e84fef80a_3f5973470e.jpg
d7,d7_0002717_jpg.rf.fe9efafdd280e4e0e3946cc611178b2d_3a3e6c2cfa.jpg,train,val,images/val/d7/d7_0002717_jpg.rf.fe9efafdd280e4e0e3946cc611178b2d_3a3e6c2cfa.jpg
d7,d7_0002813_jpg.rf.be4d4ccf636f15a2e4262de5df803470_0a6ade5156.jpg,train,val,images/val/d7/d7_0002813_jpg.rf.be4d4ccf636f15a2e4262de5df803470_0a6ade5156.jpg
d7,d7_0002868_jpg.rf.9ca8d9174690ba9955e647a75aaa4676_483f390d3b.jpg,train,val,images/val/d7/d7_0002868_jpg.rf.9ca8d9174690ba9955e647a75aaa4676_483f390d3b.jpg
d7,d7_0003015_jpg.rf.2c2ed66f8bb4be774b0897d44d769d51_95d606d6cc.jpg,train,test,images/test/d7/d7_0003015_jpg.rf.2c2ed66f8bb4be774b0897d44d769d51_95d606d6cc.jpg
d7,d7_0003045_jpg.rf.0b129cca159f6aa76888c3b8370bd17f_0d18a552a0.jpg,train,val,images/val/d7/d7_0003045_jpg.rf.0b129cca159f6aa76888c3b8370bd17f_0d18a552a0.jpg
d7,d7_0003089_jpg.rf.99836adfe19f8f1666865c8c85a9f51d_342e798e15.jpg,train,test,images/test/d7/d7_0003089_jpg.rf.99836adfe19f8f1666865c8c85a9f51d_342e798e15.jpg
d7,d7_0003104_jpg.rf.f469e43643d2225148935854bd2c0dbd_5e6fb14b19.jpg,train,test,images/test/d7/d7_0003104_jpg.rf.f469e43643d2225148935854bd2c0dbd_5e6fb14b19.jpg
d7,d7_0003159_jpg.rf.fe72abcaea2b521b3c49c9abe7ae8dc6_6f9c567847.jpg,train,val,images/val/d7/d7_0003159_jpg.rf.fe72abcaea2b521b3c49c9abe7ae8dc6_6f9c567847.jpg
d7,d7_0003248_jpg.rf.7d257df80e0fd1960130465ec6a9cd31_80f97f8eb6.jpg,train,val,images/val/d7/d7_0003248_jpg.rf.7d257df80e0fd1960130465ec6a9cd31_80f97f8eb6.jpg
d7,d7_0003420_jpg.rf.d924429e9f4e136d1eeee1f6d74bb28a_d080a79c61.jpg,train,test,images/test/d7/d7_0003420_jpg.rf.d924429e9f4e136d1eeee1f6d74bb28a_d080a79c61.jpg
d7,d7_0003515_jpg.rf.5b05c9a5dec77df09217c35e2c1c35ae_4bd47b10ed.jpg,train,val,images/val/d7/d7_0003515_jpg.rf.5b05c9a5dec77df09217c35e2c1c35ae_4bd47b10ed.jpg
d7,d7_0003592_jpg.rf.c695079013f690e3c60d06bab57e01a9_ce6ca4afd2.jpg,train,val,images/val/d7/d7_0003592_jpg.rf.c695079013f690e3c60d06bab57e01a9_ce6ca4afd2.jpg
d7,d7_0003657_jpg.rf.e9de2831197545d598406f16ba5651c8_8dca0f07ab.jpg,train,test,images/test/d7/d7_0003657_jpg.rf.e9de2831197545d598406f16ba5651c8_8dca0f07ab.jpg
d7,d7_0003734_jpg.rf.5b4d4060bfeeb728296ce6cdc8c47289_ce7bceafff.jpg,train,test,images/test/d7/d7_0003734_jpg.rf.5b4d4060bfeeb728296ce6cdc8c47289_ce7bceafff.jpg
d7,d7_0003743_jpg.rf.8c74cfaeb2c1c108ddadd4db50f5b445_e086d8431c.jpg,train,val,images/val/d7/d7_0003743_jpg.rf.8c74cfaeb2c1c108ddadd4db50f5b445_e086d8431c.jpg
d7,d7_0003744_jpg.rf.8086c4802a9a39d493857be6ff8d2fc0_d5a6f97cea.jpg,train,val,images/val/d7/d7_0003744_jpg.rf.8086c4802a9a39d493857be6ff8d2fc0_d5a6f97cea.jpg
d7,d7_0003746_jpg.rf.286d924ee4a5ef4731f62b0c28f0e588_60193a2821.jpg,train,val,images/val/d7/d7_0003746_jpg.rf.286d924ee4a5ef4731f62b0c28f0e588_60193a2821.jpg
d7,d7_0004174_jpg.rf.e3a4cedf88805ad5b444ac3c6879bb84_177333b25f.jpg,train,test,images/test/d7/d7_0004174_jpg.rf.e3a4cedf88805ad5b444ac3c6879bb84_177333b25f.jpg
d7,d7_0004185_jpg.rf.919caeeaca52b67b23353194be97c513_88842c09df.jpg,train,val,images/val/d7/d7_0004185_jpg.rf.919caeeaca52b67b23353194be97c513_88842c09df.jpg
d7,d7_0004340_jpg.rf.33fe4fa2c51be284d0c6ff51e1e042ee_3c782024b5.jpg,train,test,images/test/d7/d7_0004340_jpg.rf.33fe4fa2c51be284d0c6ff51e1e042ee_3c782024b5.jpg
d7,d7_0004382_jpg.rf.6c211705fa13ee4252f3d5ce8c6bb9e4_a13d250ee0.jpg,train,val,images/val/d7/d7_0004382_jpg.rf.6c211705fa13ee4252f3d5ce8c6bb9e4_a13d250ee0.jpg
d7,d7_0004405_jpg.rf.b2327477c6c908e2f902ae19ac6e3c54_972cd3aeca.jpg,train,val,images/val/d7/d7_0004405_jpg.rf.b2327477c6c908e2f902ae19ac6e3c54_972cd3aeca.jpg
d7,d7_0004443_jpg.rf.518aa38af2e5c40f9fa885f30226ef25_de5e8ca8f4.jpg,train,val,images/val/d7/d7_0004443_jpg.rf.518aa38af2e5c40f9fa885f30226ef25_de5e8ca8f4.jpg
d7,d7_0004470_jpg.rf.80e42bc40169651631bf183668d311b4_11879706fe.jpg,train,val,images/val/d7/d7_0004470_jpg.rf.80e42bc40169651631bf183668d311b4_11879706fe.jpg
d7,d7_0004543_jpg.rf.56545dac8e6f65129088c594ee218888_7a032d4008.jpg,train,val,images/val/d7/d7_0004543_jpg.rf.56545dac8e6f65129088c594ee218888_7a032d4008.jpg
d7,d7_0004554_jpg.rf.631f7d5e412a85f6ce7d6f101a8bee13_618ce88aa6.jpg,train,val,images/val/d7/d7_0004554_jpg.rf.631f7d5e412a85f6ce7d6f101a8bee13_618ce88aa6.jpg
d7,d7_0004934_jpg.rf.504ae291ee82bf9c1c0feb2d20625ac1_f02c652ed9.jpg,train,val,images/val/d7/d7_0004934_jpg.rf.504ae291ee82bf9c1c0feb2d20625ac1_f02c652ed9.jpg
d7,d7_0004973_jpg.rf.ac0ec15467c2051eeb8a67c507190809_aa9d3389c8.jpg,train,val,images/val/d7/d7_0004973_jpg.rf.ac0ec15467c2051eeb8a67c507190809_aa9d3389c8.jpg
d7,d7_0005091_jpg.rf.f297a3fd0aece468dea52d10ba260600_fff358f3ca.jpg,train,test,images/test/d7/d7_0005091_jpg.rf.f297a3fd0aece468dea52d10ba260600_fff358f3ca.jpg
d7,d7_0005094_jpg.rf.724fff1d358285d8984a809d926bcd1f_7c3b1b9055.jpg,train,val,images/val/d7/d7_0005094_jpg.rf.724fff1d358285d8984a809d926bcd1f_7c3b1b9055.jpg
d7,d7_0005100_jpg.rf.b52a64628591055f81f81a4568537a29_6a8bb18fc4.jpg,train,val,images/val/d7/d7_0005100_jpg.rf.b52a64628591055f81f81a4568537a29_6a8bb18fc4.jpg
d7,d7_0005211_jpg.rf.9d6adb330a5ff66b5d20cafbf95b173a_9144e7c44e.jpg,train,val,images/val/d7/d7_0005211_jpg.rf.9d6adb330a5ff66b5d20cafbf95b173a_9144e7c44e.jpg
d7,d7_0005213_jpg.rf.1454eda0fa42e357c5a1295ec2ecc9af_15a8570f41.jpg,train,val,images/val/d7/d7_0005213_jpg.rf.1454eda0fa42e357c5a1295ec2ecc9af_15a8570f41.jpg
d7,d7_0005217_jpg.rf.5ea768d8c438c6d8f49f0b4b0c3ea0b7_804cc8a2a4.jpg,train,test,images/test/d7/d7_0005217_jpg.rf.5ea768d8c438c6d8f49f0b4b0c3ea0b7_804cc8a2a4.jpg
d7,d7_0005258_jpg.rf.0955bccf58a3e1ee5d142faefe9bdf88_f059daa201.jpg,train,val,images/val/d7/d7_0005258_jpg.rf.0955bccf58a3e1ee5d142faefe9bdf88_f059daa201.jpg
d7,d7_0005328_jpg.rf.d505f8e4ede8c7f76a52cd9756493d68_af0e8b06e7.jpg,train,val,images/val/d7/d7_0005328_jpg.rf.d505f8e4ede8c7f76a52cd9756493d68_af0e8b06e7.jpg
d7,d7_0005395_jpg.rf.7615ec0e410ec4364e2dfa2c727e6515_f8637f9ba6.jpg,train,val,images/val/d7/d7_0005395_jpg.rf.7615ec0e410ec4364e2dfa2c727e6515_f8637f9ba6.jpg
d7,d7_0005632_jpg.rf.0571372c4d403183641728c6802b048c_fc780bd36e.jpg,train,test,images/test/d7/d7_0005632_jpg.rf.0571372c4d403183641728c6802b048c_fc780bd36e.jpg
d7,d7_0005849_jpg.rf.3237a95b6888eac41413f099d8a24105_762c478731.jpg,train,val,images/val/d7/d7_0005849_jpg.rf.3237a95b6888eac41413f099d8a24105_762c478731.jpg
d7,d7_0005908_jpg.rf.43024f5d7f7712cbd466171ed5f4b7e4_0f270b1946.jpg,train,val,images/val/d7/d7_0005908_jpg.rf.43024f5d7f7712cbd466171ed5f4b7e4_0f270b1946.jpg
d7,d7_0005955_jpg.rf.5d4a27d35f5861383c7f20ae59dc24c4_f485bd2452.jpg,train,test,images/test/d7/d7_0005955_jpg.rf.5d4a27d35f5861383c7f20ae59dc24c4_f485bd2452.jpg
d7,d7_0006054_jpg.rf.6f9dabb642975c0509c0e4b0fba5a15e_dca587d501.jpg,train,val,images/val/d7/d7_0006054_jpg.rf.6f9dabb642975c0509c0e4b0fba5a15e_dca587d501.jpg
d7,d7_0006067_jpg.rf.ac99ffcc359fc1c7918aed16a86baacc_c09b186be1.jpg,train,test,images/test/d7/d7_0006067_jpg.rf.ac99ffcc359fc1c7918aed16a86baacc_c09b186be1.jpg
d7,d7_0006073_jpg.rf.c196630b23f96faeb777552e1384a953_8867abb5ba.jpg,train,val,images/val/d7/d7_0006073_jpg.rf.c196630b23f96faeb777552e1384a953_8867abb5ba.jpg
d7,d7_0006135_jpg.rf.4a4c8a063ef8cadbf2254242e8facfd3_f49e3e5727.jpg,train,test,images/test/d7/d7_0006135_jpg.rf.4a4c8a063ef8cadbf2254242e8facfd3_f49e3e5727.jpg
d7,d7_0006144_jpg.rf.43235f02926f36833a9516ca27d076dc_097c9e0916.jpg,train,val,images/val/d7/d7_0006144_jpg.rf.43235f02926f36833a9516ca27d076dc_097c9e0916.jpg
d7,d7_0006277_jpg.rf.95281bae69a4fc971a91afda97729780_aef86d1f93.jpg,train,val,images/val/d7/d7_0006277_jpg.rf.95281bae69a4fc971a91afda97729780_aef86d1f93.jpg
d7,d7_0006478_jpg.rf.b2d1e6b7caf23b65876e719c752b6c07_6e16a6f758.jpg,train,test,images/test/d7/d7_0006478_jpg.rf.b2d1e6b7caf23b65876e719c752b6c07_6e16a6f758.jpg
d7,d7_0006531_jpg.rf.769987252f36f1b482a3fddb69e65eba_fa9b97c75e.jpg,train,val,images/val/d7/d7_0006531_jpg.rf.769987252f36f1b482a3fddb69e65eba_fa9b97c75e.jpg
d6,d6_Heavy_Equipment_1080_jpg.rf.7f78fcbaeaf23e89a07bd6c303bc5c2a_aa4392d14d.jpg,val,train,images/train/d6/d6_Heavy_Equipment_1080_jpg.rf.7f78fcbaeaf23e89a07bd6c303bc5c2a_aa4392d14d.jpg
d6,d6_Heavy_Equipment_1122_jpg.rf.4aafaad41a320466fb5d76ed001e662f_b61658cab6.jpg,val,test,images/test/d6/d6_Heavy_Equipment_1122_jpg.rf.4aafaad41a320466fb5d76ed001e662f_b61658cab6.jpg
d6,d6_Heavy_Equipment_1131_jpg.rf.dacef89d3ffebd84ee3b4046d29bdfdb_11a516c2e7.jpg,val,train,images/train/d6/d6_Heavy_Equipment_1131_jpg.rf.dacef89d3ffebd84ee3b4046d29bdfdb_11a516c2e7.jpg
d6,d6_Heavy_Equipment_1151_jpg.rf.ba56d0b3c5ffb7bf3b84f57c2216c438_76434196f2.jpg,val,test,images/test/d6/d6_Heavy_Equipment_1151_jpg.rf.ba56d0b3c5ffb7bf3b84f57c2216c438_76434196f2.jpg
d6,d6_Heavy_Equipment_1199_jpg.rf.9f7369cd79c6afa55dcbb28ae6586de7_b935c42371.jpg,val,train,images/train/d6/d6_Heavy_Equipment_1199_jpg.rf.9f7369cd79c6afa55dcbb28ae6586de7_b935c42371.jpg
d6,d6_Heavy_Equipment_134_jpg.rf.e176ded3b2e83104aa061227051dfc35_f0c26c1c86.jpg,val,train,images/train/d6/d6_Heavy_Equipment_134_jpg.rf.e176ded3b2e83104aa061227051dfc35_f0c26c1c86.jpg
d6,d6_Heavy_Equipment_1351_jpg.rf.e8e1469c5233224c9039f8c7673a3a3b_b206d79043.jpg,val,train,images/train/d6/d6_Heavy_Equipment_1351_jpg.rf.e8e1469c5233224c9039f8c7673a3a3b_b206d79043.jpg
d6,d6_Heavy_Equipment_1492_jpg.rf.90c5fe3e176970d86cbd0c13be8ec0ca_c196f606e3.jpg,val,test,images/test/d6/d6_Heavy_Equipment_1492_jpg.rf.90c5fe3e176970d86cbd0c13be8ec0ca_c196f606e3.jpg
d6,d6_Heavy_Equipment_14_jpg.rf.3668c7ff5c675ad267c1abdbe3522229_55c0654316.jpg,val,train,images/train/d6/d6_Heavy_Equipment_14_jpg.rf.3668c7ff5c675ad267c1abdbe3522229_55c0654316.jpg
d6,d6_Heavy_Equipment_1588_jpg.rf.c31ba173396fe85be6016b012a53b8ba_245e359e7f.jpg,val,train,images/train/d6/d6_Heavy_Equipment_1588_jpg.rf.c31ba173396fe85be6016b012a53b8ba_245e359e7f.jpg
d6,d6_Heavy_Equipment_1592_jpg.rf.f947259c06091d05f7114443cbfa032e_9c361d0f24.jpg,val,train,images/train/d6/d6_Heavy_Equipment_1592_jpg.rf.f947259c06091d05f7114443cbfa032e_9c361d0f24.jpg
d6,d6_Heavy_Equipment_1616_jpg.rf.537770852ac71c7b3be0cde80f957d61_9ec5bbffe7.jpg,val,train,images/train/d6/d6_Heavy_Equipment_1616_jpg.rf.537770852ac71c7b3be0cde80f957d61_9ec5bbffe7.jpg
d6,d6_Heavy_Equipment_1797_jpg.rf.e639272a96f0f368b0810b3587ba1910_5c69713496.jpg,val,train,images/train/d6/d6_Heavy_Equipment_1797_jpg.rf.e639272a96f0f368b0810b3587ba1910_5c69713496.jpg
d6,d6_Heavy_Equipment_1844_jpg.rf.d942642e740c080ddaf6be461d80b879_dcaea06132.jpg,val,train,images/train/d6/d6_Heavy_Equipment_1844_jpg.rf.d942642e740c080ddaf6be461d80b879_dcaea06132.jpg
d6,d6_Heavy_Equipment_2085_jpg.rf.ded85db5968530c6dc8053c6c539e151_af654cd098.jpg,val,train,images/train/d6/d6_Heavy_Equipment_2085_jpg.rf.ded85db5968530c6dc8053c6c539e151_af654cd098.jpg
d6,d6_Heavy_Equipment_2174_jpg.rf.1ab732bdf845f0c5373306a04db33b5e_753ad325e4.jpg,val,train,images/train/d6/d6_Heavy_Equipment_2174_jpg.rf.1ab732bdf845f0c5373306a04db33b5e_753ad325e4.jpg
d6,d6_Heavy_Equipment_2188_jpg.rf.56e2cd8f3becdeae70ad9789ccaa41ff_401d3c8646.jpg,val,train,images/train/d6/d6_Heavy_Equipment_2188_jpg.rf.56e2cd8f3becdeae70ad9789ccaa41ff_401d3c8646.jpg
d6,d6_Heavy_Equipment_2241_jpg.rf.c15baa750516844e8369ae9db3fba0c2_e9ac4d32ea.jpg,val,train,images/train/d6/d6_Heavy_Equipment_2241_jpg.rf.c15baa750516844e8369ae9db3fba0c2_e9ac4d32ea.jpg
d6,d6_Heavy_Equipment_245_jpg.rf.e0a9cccfe1d049c92272a281722e6252_bf310479c3.jpg,val,train,images/train/d6/d6_Heavy_Equipment_245_jpg.rf.e0a9cccfe1d049c92272a281722e6252_bf310479c3.jpg
d6,d6_Heavy_Equipment_2527_jpg.rf.af8d3cde95c4dfe53cb43655478de9bd_bf39366679.jpg,val,train,images/train/d6/d6_Heavy_Equipment_2527_jpg.rf.af8d3cde95c4dfe53cb43655478de9bd_bf39366679.jpg
d6,d6_Heavy_Equipment_2576_jpg.rf.a0bfc5e636b98ec156c6ffb20a1d6141_f550f337fb.jpg,val,train,images/train/d6/d6_Heavy_Equipment_2576_jpg.rf.a0bfc5e636b98ec156c6ffb20a1d6141_f550f337fb.jpg
d6,d6_Heavy_Equipment_2616_jpg.rf.719f2fc48b0e9643f9a009e8fa8b31a9_8af00ed8d9.jpg,val,train,images/train/d6/d6_Heavy_Equipment_2616_jpg.rf.719f2fc48b0e9643f9a009e8fa8b31a9_8af00ed8d9.jpg
d6,d6_Heavy_Equipment_2643_jpg.rf.e81ade30062e1cf14e7bd6b83c4a9ac4_18eee4f360.jpg,val,train,images/train/d6/d6_Heavy_Equipment_2643_jpg.rf.e81ade30062e1cf14e7bd6b83c4a9ac4_18eee4f360.jpg
d6,d6_Heavy_Equipment_2871_jpg.rf.6b6133c9062dfc4f0edd205b3841d22b_b502878d8c.jpg,val,train,images/train/d6/d6_Heavy_Equipment_2871_jpg.rf.6b6133c9062dfc4f0edd205b3841d22b_b502878d8c.jpg
d6,d6_Heavy_Equipment_2881_jpg.rf.480b472c618b3260cd90a6b5d9e0a1cf_a1d8e1a463.jpg,val,test,images/test/d6/d6_Heavy_Equipment_2881_jpg.rf.480b472c618b3260cd90a6b5d9e0a1cf_a1d8e1a463.jpg
d6,d6_Heavy_Equipment_2977_jpg.rf.99b5c9ae0d5ff7dfe08a098114b5c3fa_43b8f9956c.jpg,val,train,images/train/d6/d6_Heavy_Equipment_2977_jpg.rf.99b5c9ae0d5ff7dfe08a098114b5c3fa_43b8f9956c.jpg
d6,d6_Heavy_Equipment_3015_jpg.rf.52650d0319da7de6add3ddbe9b43515c_1a20de109a.jpg,val,train,images/train/d6/d6_Heavy_Equipment_3015_jpg.rf.52650d0319da7de6add3ddbe9b43515c_1a20de109a.jpg
d6,d6_Heavy_Equipment_3037_jpg.rf.afad534af0f59ad3528288d116708929_485e7ff849.jpg,val,train,images/train/d6/d6_Heavy_Equipment_3037_jpg.rf.afad534af0f59ad3528288d116708929_485e7ff849.jpg
d6,d6_Heavy_Equipment_3051_jpg.rf.73848eae75c42a649647bbc661ee7a21_4645cdbdff.jpg,val,train,images/train/d6/d6_Heavy_Equipment_3051_jpg.rf.73848eae75c42a649647bbc661ee7a21_4645cdbdff.jpg
d6,d6_Heavy_Equipment_3058_jpg.rf.bebea3156106bbf1b8d1e37b08fae19a_a7cf3162c2.jpg,val,test,images/test/d6/d6_Heavy_Equipment_3058_jpg.rf.bebea3156106bbf1b8d1e37b08fae19a_a7cf3162c2.jpg
d6,d6_Heavy_Equipment_3101_jpg.rf.13f4d966b262afe413c7cffa1691fa4e_1f164837b8.jpg,val,train,images/train/d6/d6_Heavy_Equipment_3101_jpg.rf.13f4d966b262afe413c7cffa1691fa4e_1f164837b8.jpg
d6,d6_Heavy_Equipment_3104_jpg.rf.38df8115fb1992b4a42e11098554dddc_f6140b25a6.jpg,val,train,images/train/d6/d6_Heavy_Equipment_3104_jpg.rf.38df8115fb1992b4a42e11098554dddc_f6140b25a6.jpg
d6,d6_Heavy_Equipment_3128_jpg.rf.6cb76588701d0731153841ba365abf54_5e47e688e3.jpg,val,test,images/test/d6/d6_Heavy_Equipment_3128_jpg.rf.6cb76588701d0731153841ba365abf54_5e47e688e3.jpg
d6,d6_Heavy_Equipment_3173_jpg.rf.90144c85e9849a043cfc8d5c257132b6_bc96ecb264.jpg,val,train,images/train/d6/d6_Heavy_Equipment_3173_jpg.rf.90144c85e9849a043cfc8d5c257132b6_bc96ecb264.jpg
d6,d6_Heavy_Equipment_3177_jpg.rf.f770a5c1275af37f545e3584d4281279_b8876b94d1.jpg,val,train,images/train/d6/d6_Heavy_Equipment_3177_jpg.rf.f770a5c1275af37f545e3584d4281279_b8876b94d1.jpg
d6,d6_Heavy_Equipment_3240_jpg.rf.f8713933c5a323530751e5ea2e7eda24_ac90bea723.jpg,val,train,images/train/d6/d6_Heavy_Equipment_3240_jpg.rf.f8713933c5a323530751e5ea2e7eda24_ac90bea723.jpg
d6,d6_Heavy_Equipment_3257_jpg.rf.47435ee8984b951a1396f9740c3d2e4c_6237c0615a.jpg,val,train,images/train/d6/d6_Heavy_Equipment_3257_jpg.rf.47435ee8984b951a1396f9740c3d2e4c_6237c0615a.jpg
d6,d6_Heavy_Equipment_3284_jpg.rf.5a7fb7479ac2afd0af4480f023013327_81874b1281.jpg,val,train,images/train/d6/d6_Heavy_Equipment_3284_jpg.rf.5a7fb7479ac2afd0af4480f023013327_81874b1281.jpg
d6,d6_Heavy_Equipment_3294_jpg.rf.48e7533d7fd4af70db167f7f30ceebff_0db19cd724.jpg,val,train,images/train/d6/d6_Heavy_Equipment_3294_jpg.rf.48e7533d7fd4af70db167f7f30ceebff_0db19cd724.jpg
d6,d6_Heavy_Equipment_3367_jpg.rf.ad5e97d004b4f7b40ba6e1563b3bd8c7_99879aa487.jpg,val,train,images/train/d6/d6_Heavy_Equipment_3367_jpg.rf.ad5e97d004b4f7b40ba6e1563b3bd8c7_99879aa487.jpg
d6,d6_Heavy_Equipment_3440_jpg.rf.1c4a245efb1a022249cd49d6d0b54dc2_9fdbe137a8.jpg,val,train,images/train/d6/d6_Heavy_Equipment_3440_jpg.rf.1c4a245efb1a022249cd49d6d0b54dc2_9fdbe137a8.jpg
d6,d6_Heavy_Equipment_3442_jpg.rf.78f933670a493e7555ed05531f153f03_eb6a8f1d04.jpg,val,train,images/train/d6/d6_Heavy_Equipment_3442_jpg.rf.78f933670a493e7555ed05531f153f03_eb6a8f1d04.jpg
d6,d6_Heavy_Equipment_3512_jpg.rf.fac78bf13bc9e63b8eba0ef18e9b30bd_8d010361b3.jpg,val,train,images/train/d6/d6_Heavy_Equipment_3512_jpg.rf.fac78bf13bc9e63b8eba0ef18e9b30bd_8d010361b3.jpg
d6,d6_Heavy_Equipment_3516_jpg.rf.e97092b4356bcba77d0bbb2201b379c4_aeb6104cc6.jpg,val,train,images/train/d6/d6_Heavy_Equipment_3516_jpg.rf.e97092b4356bcba77d0bbb2201b379c4_aeb6104cc6.jpg
d6,d6_Heavy_Equipment_3638_jpg.rf.242a077d4d0f1ceca1ac4579b6dcdc34_6addc681e0.jpg,val,train,images/train/d6/d6_Heavy_Equipment_3638_jpg.rf.242a077d4d0f1ceca1ac4579b6dcdc34_6addc681e0.jpg
d6,d6_Heavy_Equipment_3641_jpg.rf.aab51cc5d1b148200a6ce302ac67d8d0_974d2c4f7e.jpg,val,train,images/train/d6/d6_Heavy_Equipment_3641_jpg.rf.aab51cc5d1b148200a6ce302ac67d8d0_974d2c4f7e.jpg
d6,d6_Heavy_Equipment_3740_jpg.rf.92661134a912aeabf46dd1cf14734cc9_afd0f0d218.jpg,val,train,images/train/d6/d6_Heavy_Equipment_3740_jpg.rf.92661134a912aeabf46dd1cf14734cc9_afd0f0d218.jpg
d6,d6_Heavy_Equipment_3760_jpg.rf.daae25ae64513582d9e321da8d845e96_7ba86f8492.jpg,val,train,images/train/d6/d6_Heavy_Equipment_3760_jpg.rf.daae25ae64513582d9e321da8d845e96_7ba86f8492.jpg
d6,d6_Heavy_Equipment_4175_jpg.rf.26020b05304255adb8f33924986b9cd0_e051965923.jpg,val,train,images/train/d6/d6_Heavy_Equipment_4175_jpg.rf.26020b05304255adb8f33924986b9cd0_e051965923.jpg
d6,d6_Heavy_Equipment_4190_jpg.rf.9bcd76964801bcdaefe30c9cebeedcc2_e256c72884.jpg,val,train,images/train/d6/d6_Heavy_Equipment_4190_jpg.rf.9bcd76964801bcdaefe30c9cebeedcc2_e256c72884.jpg
d6,d6_Heavy_Equipment_4239_jpg.rf.df2e918db952d3e7bc4fb59a43e02d34_a893252d71.jpg,val,train,images/train/d6/d6_Heavy_Equipment_4239_jpg.rf.df2e918db952d3e7bc4fb59a43e02d34_a893252d71.jpg
d6,d6_Heavy_Equipment_4248_jpg.rf.7ea68a440747f9e1bfd1e71906111e40_40f16271c8.jpg,val,train,images/train/d6/d6_Heavy_Equipment_4248_jpg.rf.7ea68a440747f9e1bfd1e71906111e40_40f16271c8.jpg
d6,d6_Heavy_Equipment_4249_jpg.rf.75475dcf20ce5b51e449245aa025e7b6_0ed40928af.jpg,val,train,images/train/d6/d6_Heavy_Equipment_4249_jpg.rf.75475dcf20ce5b51e449245aa025e7b6_0ed40928af.jpg
d6,d6_Heavy_Equipment_4250_jpg.rf.6d8a13e49e261d4bfab1d1027bb10e92_4be5cf0a1a.jpg,val,train,images/train/d6/d6_Heavy_Equipment_4250_jpg.rf.6d8a13e49e261d4bfab1d1027bb10e92_4be5cf0a1a.jpg
d6,d6_Heavy_Equipment_4271_jpg.rf.9ef099e7951f56a68ed1b5aa2211672b_b1ae25f7b8.jpg,val,train,images/train/d6/d6_Heavy_Equipment_4271_jpg.rf.9ef099e7951f56a68ed1b5aa2211672b_b1ae25f7b8.jpg
d6,d6_Heavy_Equipment_4304_jpg.rf.bdf2c6d82ea345c57641600e63a495ec_dedb41d2ce.jpg,val,train,images/train/d6/d6_Heavy_Equipment_4304_jpg.rf.bdf2c6d82ea345c57641600e63a495ec_dedb41d2ce.jpg
d6,d6_Heavy_Equipment_4311_jpg.rf.5b8fc53e70230f97aa9b1bcb287b8ee4_0d36ef4359.jpg,val,train,images/train/d6/d6_Heavy_Equipment_4311_jpg.rf.5b8fc53e70230f97aa9b1bcb287b8ee4_0d36ef4359.jpg
d6,d6_Heavy_Equipment_4337_jpg.rf.08e3692c3e8a79fc92713d9a2cb7aeea_96b7cc59fc.jpg,val,train,images/train/d6/d6_Heavy_Equipment_4337_jpg.rf.08e3692c3e8a79fc92713d9a2cb7aeea_96b7cc59fc.jpg
d6,d6_Heavy_Equipment_4343_jpg.rf.230bfbda4f2c05630baaa25727df45dd_e1f25f76af.jpg,val,train,images/train/d6/d6_Heavy_Equipment_4343_jpg.rf.230bfbda4f2c05630baaa25727df45dd_e1f25f76af.jpg
d6,d6_Heavy_Equipment_4353_jpg.rf.2cb061b7991c8ed0c8aee66e5eeae294_bc63204584.jpg,val,train,images/train/d6/d6_Heavy_Equipment_4353_jpg.rf.2cb061b7991c8ed0c8aee66e5eeae294_bc63204584.jpg
d6,d6_Heavy_Equipment_4389_jpg.rf.ccbb16780887cc73d6432a01ad49fa87_670b45f206.jpg,val,train,images/train/d6/d6_Heavy_Equipment_4389_jpg.rf.ccbb16780887cc73d6432a01ad49fa87_670b45f206.jpg
d6,d6_Heavy_Equipment_4401_jpg.rf.d7cc51fe410c4e7f185105e7dd390595_ee1bcb9c38.jpg,val,train,images/train/d6/d6_Heavy_Equipment_4401_jpg.rf.d7cc51fe410c4e7f185105e7dd390595_ee1bcb9c38.jpg
d6,d6_Heavy_Equipment_4409_jpg.rf.f47cf67f971d51d8c08545a9abac5402_345e8edc53.jpg,val,train,images/train/d6/d6_Heavy_Equipment_4409_jpg.rf.f47cf67f971d51d8c08545a9abac5402_345e8edc53.jpg
d6,d6_Heavy_Equipment_4417_jpg.rf.1002a93c401e22df70d7300ed7082c36_1acb287ba0.jpg,val,train,images/train/d6/d6_Heavy_Equipment_4417_jpg.rf.1002a93c401e22df70d7300ed7082c36_1acb287ba0.jpg
d6,d6_Heavy_Equipment_4426_jpg.rf.2498811acde1029e24bfb905648007f4_ad14053b33.jpg,val,train,images/train/d6/d6_Heavy_Equipment_4426_jpg.rf.2498811acde1029e24bfb905648007f4_ad14053b33.jpg
d6,d6_Heavy_Equipment_4455_jpg.rf.936fb547f9553776bd16564442bc7daa_06f99a46f9.jpg,val,train,images/train/d6/d6_Heavy_Equipment_4455_jpg.rf.936fb547f9553776bd16564442bc7daa_06f99a46f9.jpg
d6,d6_Heavy_Equipment_4459_jpg.rf.8330a07afc6f5af12595cc8843ae6688_0e9f69bdbe.jpg,val,train,images/train/d6/d6_Heavy_Equipment_4459_jpg.rf.8330a07afc6f5af12595cc8843ae6688_0e9f69bdbe.jpg
d6,d6_Heavy_Equipment_445_jpg.rf.2cc0b6a11d59c6bce644b2f62f86b4ed_612fd9cca5.jpg,val,test,images/test/d6/d6_Heavy_Equipment_445_jpg.rf.2cc0b6a11d59c6bce644b2f62f86b4ed_612fd9cca5.jpg
d6,d6_Heavy_Equipment_4487_jpg.rf.e5e260bf7cd240c50791847e01038c63_6361b26fda.jpg,val,train,images/train/d6/d6_Heavy_Equipment_4487_jpg.rf.e5e260bf7cd240c50791847e01038c63_6361b26fda.jpg
d6,d6_Heavy_Equipment_4521_jpg.rf.d689d26fed45c37968b05a51bc4ae6a3_459a60314d.jpg,val,train,images/train/d6/d6_Heavy_Equipment_4521_jpg.rf.d689d26fed45c37968b05a51bc4ae6a3_459a60314d.jpg
d6,d6_Heavy_Equipment_4528_jpg.rf.f00b198c0b9a0d3d89b5f144f3703f3b_9a18131e47.jpg,val,train,images/train/d6/d6_Heavy_Equipment_4528_jpg.rf.f00b198c0b9a0d3d89b5f144f3703f3b_9a18131e47.jpg
d6,d6_Heavy_Equipment_4530_jpg.rf.ac2ef0a7d39957d4209790012ed7ecbc_1f7382456f.jpg,val,test,images/test/d6/d6_Heavy_Equipment_4530_jpg.rf.ac2ef0a7d39957d4209790012ed7ecbc_1f7382456f.jpg
d6,d6_Heavy_Equipment_4554_jpg.rf.177a026ba6c1faf730702b3230944890_63c386d089.jpg,val,train,images/train/d6/d6_Heavy_Equipment_4554_jpg.rf.177a026ba6c1faf730702b3230944890_63c386d089.jpg
d6,d6_Heavy_Equipment_4556_jpg.rf.865548214e2447380d478e573e40c077_2a7015fabb.jpg,val,train,images/train/d6/d6_Heavy_Equipment_4556_jpg.rf.865548214e2447380d478e573e40c077_2a7015fabb.jpg
d6,d6_Heavy_Equipment_4571_jpg.rf.fb6da0c9ed1c11dd8b4c7b5d6497d55c_bf16dc0c63.jpg,val,train,images/train/d6/d6_Heavy_Equipment_4571_jpg.rf.fb6da0c9ed1c11dd8b4c7b5d6497d55c_bf16dc0c63.jpg
d6,d6_Heavy_Equipment_4601_jpg.rf.39f7d249d423e8c7c50424e7189f4aea_3477c1f318.jpg,val,train,images/train/d6/d6_Heavy_Equipment_4601_jpg.rf.39f7d249d423e8c7c50424e7189f4aea_3477c1f318.jpg
d6,d6_Heavy_Equipment_4603_jpg.rf.6a6ca3624cece99d9492699968d71b1d_6b763c26c0.jpg,val,train,images/train/d6/d6_Heavy_Equipment_4603_jpg.rf.6a6ca3624cece99d9492699968d71b1d_6b763c26c0.jpg
d6,d6_Heavy_Equipment_4609_jpg.rf.d1ca8dffbc94b1a0dabe61be5b6d2cfc_49e7bff3c5.jpg,val,train,images/train/d6/d6_Heavy_Equipment_4609_jpg.rf.d1ca8dffbc94b1a0dabe61be5b6d2cfc_49e7bff3c5.jpg
d6,d6_Heavy_Equipment_4614_jpg.rf.e7dc7422bb0ecdc974bfc901abc1686f_1926d690bc.jpg,val,train,images/train/d6/d6_Heavy_Equipment_4614_jpg.rf.e7dc7422bb0ecdc974bfc901abc1686f_1926d690bc.jpg
d6,d6_Heavy_Equipment_4635_jpg.rf.16a07aac702706fef3d1c0835ee879db_05dd18f76e.jpg,val,test,images/test/d6/d6_Heavy_Equipment_4635_jpg.rf.16a07aac702706fef3d1c0835ee879db_05dd18f76e.jpg
d6,d6_Heavy_Equipment_4642_jpg.rf.bf33ad1f5403267960249bb5c4d81396_bad8b4f7a6.jpg,val,test,images/test/d6/d6_Heavy_Equipment_4642_jpg.rf.bf33ad1f5403267960249bb5c4d81396_bad8b4f7a6.jpg
d6,d6_Heavy_Equipment_464_jpg.rf.ec6838ff5878875648de368750aaff6b_cec68ea818.jpg,val,train,images/train/d6/d6_Heavy_Equipment_464_jpg.rf.ec6838ff5878875648de368750aaff6b_cec68ea818.jpg
d6,d6_Heavy_Equipment_4681_jpg.rf.6f255393960f151a8fbc22544de0784e_a93d27a086.jpg,val,train,images/train/d6/d6_Heavy_Equipment_4681_jpg.rf.6f255393960f151a8fbc22544de0784e_a93d27a086.jpg
d6,d6_Heavy_Equipment_4726_jpg.rf.aec8a092f55d39d4c53ba2236db09157_1c1274e368.jpg,val,train,images/train/d6/d6_Heavy_Equipment_4726_jpg.rf.aec8a092f55d39d4c53ba2236db09157_1c1274e368.jpg
d6,d6_Heavy_Equipment_4752_jpg.rf.7344b83b44501ed57b06e94d923d959b_fe8b878731.jpg,val,train,images/train/d6/d6_Heavy_Equipment_4752_jpg.rf.7344b83b44501ed57b06e94d923d959b_fe8b878731.jpg
d6,d6_Heavy_Equipment_4763_jpg.rf.e1497e4d738f7e33f8082917745ae1bf_262be9b22e.jpg,val,test,images/test/d6/d6_Heavy_Equipment_4763_jpg.rf.e1497e4d738f7e33f8082917745ae1bf_262be9b22e.jpg
d6,d6_Heavy_Equipment_4770_jpg.rf.099eba3fdfd0a5cfa149ff16c695ed1a_456f5ace71.jpg,val,train,images/train/d6/d6_Heavy_Equipment_4770_jpg.rf.099eba3fdfd0a5cfa149ff16c695ed1a_456f5ace71.jpg
d6,d6_Heavy_Equipment_4780_jpg.rf.eb46ba48f663c6fe53c938d81fdd14b2_a8a01c1c36.jpg,val,train,images/train/d6/d6_Heavy_Equipment_4780_jpg.rf.eb46ba48f663c6fe53c938d81fdd14b2_a8a01c1c36.jpg
d6,d6_Heavy_Equipment_4796_jpg.rf.7ed73f194a05066aa6b5015817244668_62c183eebf.jpg,val,train,images/train/d6/d6_Heavy_Equipment_4796_jpg.rf.7ed73f194a05066aa6b5015817244668_62c183eebf.jpg
d6,d6_Heavy_Equipment_4801_jpg.rf.db0eaaa67a7e2a7bd31d5bfb267f701b_6b374bb126.jpg,val,train,images/train/d6/d6_Heavy_Equipment_4801_jpg.rf.db0eaaa67a7e2a7bd31d5bfb267f701b_6b374bb126.jpg
d6,d6_Heavy_Equipment_4808_jpg.rf.19eb0d625878a956d7c928cf148b964f_a48edceea9.jpg,val,test,images/test/d6/d6_Heavy_Equipment_4808_jpg.rf.19eb0d625878a956d7c928cf148b964f_a48edceea9.jpg
d6,d6_Heavy_Equipment_4809_jpg.rf.2cbff31482a80b480b7dc29e731f68bf_857f8037ad.jpg,val,test,images/test/d6/d6_Heavy_Equipment_4809_jpg.rf.2cbff31482a80b480b7dc29e731f68bf_857f8037ad.jpg
d6,d6_Heavy_Equipment_4811_jpg.rf.60cc85938d428e6494b5692421548f36_ea142dd6ae.jpg,val,train,images/train/d6/d6_Heavy_Equipment_4811_jpg.rf.60cc85938d428e6494b5692421548f36_ea142dd6ae.jpg
d6,d6_Heavy_Equipment_4822_jpg.rf.416c1c41bb36209f7afd6ab517f3a22d_1412a55931.jpg,val,train,images/train/d6/d6_Heavy_Equipment_4822_jpg.rf.416c1c41bb36209f7afd6ab517f3a22d_1412a55931.jpg
d6,d6_Heavy_Equipment_4832_jpg.rf.db80f50cbfdaa3c23718ebedff80c953_071848a854.jpg,val,train,images/train/d6/d6_Heavy_Equipment_4832_jpg.rf.db80f50cbfdaa3c23718ebedff80c953_071848a854.jpg
d6,d6_Heavy_Equipment_4841_jpg.rf.6d719c55640fd2b09aa95630ba935811_4811a1bbc6.jpg,val,train,images/train/d6/d6_Heavy_Equipment_4841_jpg.rf.6d719c55640fd2b09aa95630ba935811_4811a1bbc6.jpg
d6,d6_Heavy_Equipment_4896_jpg.rf.87ee563cf9d3859a9ba81105da6c3446_e924b9682b.jpg,val,train,images/train/d6/d6_Heavy_Equipment_4896_jpg.rf.87ee563cf9d3859a9ba81105da6c3446_e924b9682b.jpg
d6,d6_Heavy_Equipment_4906_jpg.rf.133e43168f547a8743d462f52c148731_af7124db84.jpg,val,train,images/train/d6/d6_Heavy_Equipment_4906_jpg.rf.133e43168f547a8743d462f52c148731_af7124db84.jpg
d6,d6_Heavy_Equipment_493_jpg.rf.83798ecfeffa8f82e1e55db1b5fd3615_0435b26976.jpg,val,train,images/train/d6/d6_Heavy_Equipment_493_jpg.rf.83798ecfeffa8f82e1e55db1b5fd3615_0435b26976.jpg
d6,d6_Heavy_Equipment_4940_jpg.rf.ee0a6f753841bae649bdafbcb73fb57e_d97a91e469.jpg,val,train,images/train/d6/d6_Heavy_Equipment_4940_jpg.rf.ee0a6f753841bae649bdafbcb73fb57e_d97a91e469.jpg
d6,d6_Heavy_Equipment_4983_jpg.rf.978382cbc79e4c3ac967c1bb557c9b3e_f718105580.jpg,val,train,images/train/d6/d6_Heavy_Equipment_4983_jpg.rf.978382cbc79e4c3ac967c1bb557c9b3e_f718105580.jpg
d6,d6_Heavy_Equipment_5013_jpg.rf.0d81e22c41ff03a8f0fcf1a040bf3c87_38e311eda5.jpg,val,train,images/train/d6/d6_Heavy_Equipment_5013_jpg.rf.0d81e22c41ff03a8f0fcf1a040bf3c87_38e311eda5.jpg
d6,d6_Heavy_Equipment_5033_jpg.rf.43c30d66025043e8c57e6b1be1d18c15_531d8bc624.jpg,val,train,images/train/d6/d6_Heavy_Equipment_5033_jpg.rf.43c30d66025043e8c57e6b1be1d18c15_531d8bc624.jpg
d6,d6_Heavy_Equipment_5043_jpg.rf.9127cf1672e3e00a56da22d6f5351de6_d04868e318.jpg,val,train,images/train/d6/d6_Heavy_Equipment_5043_jpg.rf.9127cf1672e3e00a56da22d6f5351de6_d04868e318.jpg
d6,d6_Heavy_Equipment_5089_jpg.rf.d8bcadc6a214e81ac89a87836f32eed2_06639db3b5.jpg,val,train,images/train/d6/d6_Heavy_Equipment_5089_jpg.rf.d8bcadc6a214e81ac89a87836f32eed2_06639db3b5.jpg
d6,d6_Heavy_Equipment_5120_jpg.rf.4b3f30fc2b05f8c047f456f3716056da_7ac4c90914.jpg,val,train,images/train/d6/d6_Heavy_Equipment_5120_jpg.rf.4b3f30fc2b05f8c047f456f3716056da_7ac4c90914.jpg
d6,d6_Heavy_Equipment_5132_jpg.rf.bf75df3d26294a7c26471c6a87c2b37c_cd62219b6e.jpg,val,train,images/train/d6/d6_Heavy_Equipment_5132_jpg.rf.bf75df3d26294a7c26471c6a87c2b37c_cd62219b6e.jpg
d6,d6_Heavy_Equipment_5142_jpg.rf.ee16f62b3647414a3b85b5fa0fd02de5_9717b61f6c.jpg,val,train,images/train/d6/d6_Heavy_Equipment_5142_jpg.rf.ee16f62b3647414a3b85b5fa0fd02de5_9717b61f6c.jpg
d6,d6_Heavy_Equipment_5155_jpg.rf.250ba64c8d59164d20354e64319c14dc_acbb73e237.jpg,val,train,images/train/d6/d6_Heavy_Equipment_5155_jpg.rf.250ba64c8d59164d20354e64319c14dc_acbb73e237.jpg
d6,d6_Heavy_Equipment_5164_jpg.rf.579e7af9aa40f66001647088aa35e177_4efac2f70b.jpg,val,train,images/train/d6/d6_Heavy_Equipment_5164_jpg.rf.579e7af9aa40f66001647088aa35e177_4efac2f70b.jpg
d6,d6_Heavy_Equipment_5186_jpg.rf.b6fa85a3fb3c243ef00632b45c339960_9b27d573c2.jpg,val,test,images/test/d6/d6_Heavy_Equipment_5186_jpg.rf.b6fa85a3fb3c243ef00632b45c339960_9b27d573c2.jpg
d6,d6_Heavy_Equipment_538_jpg.rf.76e792bc0b8f4529d59a8de95ae09f5a_73634e8ebb.jpg,val,train,images/train/d6/d6_Heavy_Equipment_538_jpg.rf.76e792bc0b8f4529d59a8de95ae09f5a_73634e8ebb.jpg
d6,d6_Heavy_Equipment_61_jpg.rf.9742ba847340ab7e18b7f96e9d616f93_87e6de2e98.jpg,val,train,images/train/d6/d6_Heavy_Equipment_61_jpg.rf.9742ba847340ab7e18b7f96e9d616f93_87e6de2e98.jpg
d6,d6_Heavy_Equipment_6223_jpg.rf.bbffead4e71d92f6d1c04e021166440d_08458d3728.jpg,val,train,images/train/d6/d6_Heavy_Equipment_6223_jpg.rf.bbffead4e71d92f6d1c04e021166440d_08458d3728.jpg
d6,d6_Heavy_Equipment_6235_jpg.rf.affaf0d9af97d265225cb1a1f2182344_94caabf099.jpg,val,train,images/train/d6/d6_Heavy_Equipment_6235_jpg.rf.affaf0d9af97d265225cb1a1f2182344_94caabf099.jpg
d6,d6_Heavy_Equipment_6262_jpg.rf.3f0e6608c3a69849b892737faa3dac0d_021a38f536.jpg,val,train,images/train/d6/d6_Heavy_Equipment_6262_jpg.rf.3f0e6608c3a69849b892737faa3dac0d_021a38f536.jpg
d6,d6_Heavy_Equipment_6267_jpg.rf.3245afe17a6e24ffa43b723f23b381a5_230e204c78.jpg,val,train,images/train/d6/d6_Heavy_Equipment_6267_jpg.rf.3245afe17a6e24ffa43b723f23b381a5_230e204c78.jpg
d6,d6_Heavy_Equipment_6294_jpg.rf.4bf0a60187ad4618b4eb4d64d0c85769_4144c508da.jpg,val,train,images/train/d6/d6_Heavy_Equipment_6294_jpg.rf.4bf0a60187ad4618b4eb4d64d0c85769_4144c508da.jpg
d6,d6_Heavy_Equipment_6308_jpg.rf.c7df33d556db96d823d21535b5ca854e_695fd7cf9d.jpg,val,train,images/train/d6/d6_Heavy_Equipment_6308_jpg.rf.c7df33d556db96d823d21535b5ca854e_695fd7cf9d.jpg
d6,d6_Heavy_Equipment_631_jpg.rf.6d237f0bc21c597d2561bb160efac06a_2eb5bbf167.jpg,val,test,images/test/d6/d6_Heavy_Equipment_631_jpg.rf.6d237f0bc21c597d2561bb160efac06a_2eb5bbf167.jpg
d6,d6_Heavy_Equipment_659_jpg.rf.481c940cd58e2b09e39da2d8d8ac0476_001fc47772.jpg,val,train,images/train/d6/d6_Heavy_Equipment_659_jpg.rf.481c940cd58e2b09e39da2d8d8ac0476_001fc47772.jpg
d6,d6_Heavy_Equipment_683_jpg.rf.a0f63c2e9d82d3c73ac491c3213b8a3e_ed685fac24.jpg,val,train,images/train/d6/d6_Heavy_Equipment_683_jpg.rf.a0f63c2e9d82d3c73ac491c3213b8a3e_ed685fac24.jpg
d6,d6_Heavy_Equipment_6_jpg.rf.ade146b12475c7cf50fcf109120975bc_60284134f0.jpg,val,test,images/test/d6/d6_Heavy_Equipment_6_jpg.rf.ade146b12475c7cf50fcf109120975bc_60284134f0.jpg
d6,d6_Heavy_Equipment_77_jpg.rf.1ec43c45fb50c41883c38e77b050b6ad_814193f37e.jpg,val,train,images/train/d6/d6_Heavy_Equipment_77_jpg.rf.1ec43c45fb50c41883c38e77b050b6ad_814193f37e.jpg
d6,d6_Heavy_Equipment_861_jpg.rf.b91b705d13caa326a5142f69386bacf4_be60862eb6.jpg,val,train,images/train/d6/d6_Heavy_Equipment_861_jpg.rf.b91b705d13caa326a5142f69386bacf4_be60862eb6.jpg
d6,d6_Heavy_Equipment_938_jpg.rf.1c7bfb1c52dae896fd4febd62fa80943_b416b54776.jpg,val,train,images/train/d6/d6_Heavy_Equipment_938_jpg.rf.1c7bfb1c52dae896fd4febd62fa80943_b416b54776.jpg
d6,d6_Heavy_Equipment_96_jpg.rf.a461d5a5cc7e3bb8dfd050420dabbb49_d9e60df556.jpg,val,test,images/test/d6/d6_Heavy_Equipment_96_jpg.rf.a461d5a5cc7e3bb8dfd050420dabbb49_d9e60df556.jpg
d6,d6_M_B_Mercedes-Benz_Axor_cement_mixer_truck_jpg.rf.5b1ffa7426f502059a4f7a505cadc6e2_c26b1d2411.jpg,val,train,images/train/d6/d6_M_B_Mercedes-Benz_Axor_cement_mixer_truck_jpg.rf.5b1ffa7426f502059a4f7a505cadc6e2_c26b1d2411.jpg
d6,d6_M_B_Used-Truck-Mercedes-Axor-8X4-2022_141022_1_jpg.rf.ffb14343219921ba9d2fc855c5f45269_521ad8ed31.jpg,val,train,images/train/d6/d6_M_B_Used-Truck-Mercedes-Axor-8X4-2022_141022_1_jpg.rf.ffb14343219921ba9d2fc855c5f45269_521ad8ed31.jpg
d6,d6_M_B_images20_jpg.rf.498203ce30742a5d554768437a74fbc6_6c80979766.jpg,val,train,images/train/d6/d6_M_B_images20_jpg.rf.498203ce30742a5d554768437a74fbc6_6c80979766.jpg
d6,d6_M_D_206c_jpg.rf.bfa4cb0b9dafdf09cb07236b596c0dd6_dcbd770532.jpg,val,train,images/train/d6/d6_M_D_206c_jpg.rf.bfa4cb0b9dafdf09cb07236b596c0dd6_dcbd770532.jpg
d6,d6_M_D_Daewoo_Novus_SE_Mixer_Truck_2012_1000_0001_jpg.rf.5973b06308fc35484afa9b611d2f3af0_2499da26df.jpg,val,train,images/train/d6/d6_M_D_Daewoo_Novus_SE_Mixer_Truck_2012_1000_0001_jpg.rf.5973b06308fc35484afa9b611d2f3af0_2499da26df.jpg
d6,d6_M_D_image21_jpeg.rf.1e7cb069440689051374f08b8b380251_35a479e5ed.jpg,val,test,images/test/d6/d6_M_D_image21_jpeg.rf.1e7cb069440689051374f08b8b380251_35a479e5ed.jpg
d6,d6_M_D_mixer_lineup_img012_jpg.rf.ae6297e2463ef1c611d151cf7ca46391_e0fb10cc68.jpg,val,train,images/train/d6/d6_M_D_mixer_lineup_img012_jpg.rf.ae6297e2463ef1c611d151cf7ca46391_e0fb10cc68.jpg
d6,d6_M_H_image20_jpeg.rf.565b232edc28347f4fb8b231b0c5e51c_7c5b0d2e59.jpg,val,train,images/train/d6/d6_M_H_image20_jpeg.rf.565b232edc28347f4fb8b231b0c5e51c_7c5b0d2e59.jpg
d6,d6_M_H_images174_jpg.rf.28ce496d35f0e0bc59e644ef102c3ba4_990d40153c.jpg,val,train,images/train/d6/d6_M_H_images174_jpg.rf.28ce496d35f0e0bc59e644ef102c3ba4_990d40153c.jpg
d6,d6_M_M_6472_5806000277671_jpg.rf.a2140e21fb873aba7593976c3afa78f9_c764b68cb7.jpg,val,train,images/train/d6/d6_M_M_6472_5806000277671_jpg.rf.a2140e21fb873aba7593976c3afa78f9_c764b68cb7.jpg
d6,d6_M_M_7510870_jpg.rf.fd5dd5c30b1d5df8fab4bad11cf16fdf_d2f43e9424.jpg,val,test,images/test/d6/d6_M_M_7510870_jpg.rf.fd5dd5c30b1d5df8fab4bad11cf16fdf_d2f43e9424.jpg
d6,d6_M_M_IMG_0465-JPG_jpg.rf.069161df0a2e8645261948101ba43684_0ded9e064f.jpg,val,train,images/train/d6/d6_M_M_IMG_0465-JPG_jpg.rf.069161df0a2e8645261948101ba43684_0ded9e064f.jpg
d6,d6_M_M_IMG_0466-JPG_jpg.rf.e6139b6a620289e6cd69d269e2a86e5b_26eb7e9d65.jpg,val,train,images/train/d6/d6_M_M_IMG_0466-JPG_jpg.rf.e6139b6a620289e6cd69d269e2a86e5b_26eb7e9d65.jpg
d6,d6_M_M_SHAANXI-MAN-technology-concrete-mixer-truck-6x4-9cbm_jpg.rf.602e097e4a45709ee57fdb76181c4e8d_581428fefb.jpg,val,train,images/train/d6/d6_M_M_SHAANXI-MAN-technology-concrete-mixer-truck-6x4-9cbm_jpg.rf.602e097e4a45709ee57fdb76181c4e8d_581428fefb.jpg
d6,d6_M_M_concrete_mixer_truck_man_tga_41_man_tga_41_dot_460_2003_7140679_jpg.rf.f6f70a2d7b8de54ff03a723b1_bea638d1f6.jpg,val,train,images/train/d6/d6_M_M_concrete_mixer_truck_man_tga_41_man_tga_41_dot_460_2003_7140679_jpg.rf.f6f70a2d7b8de54ff03a723b1_bea638d1f6.jpg
d6,d6_M_M_image15_jpeg.rf.a34693e8f45c4fb17a2edc4bd33a906f_bcc2158baa.jpg,val,train,images/train/d6/d6_M_M_image15_jpeg.rf.a34693e8f45c4fb17a2edc4bd33a906f_bcc2158baa.jpg
d6,d6_M_M_image18_jpeg.rf.20398858965b553039561722214984ec_b3ad8482e8.jpg,val,train,images/train/d6/d6_M_M_image18_jpeg.rf.20398858965b553039561722214984ec_b3ad8482e8.jpg
d6,d6_M_M_image19_jpeg.rf.386e15007b9d9c37a9069e0fe3829310_fa7d533084.jpg,val,train,images/train/d6/d6_M_M_image19_jpeg.rf.386e15007b9d9c37a9069e0fe3829310_fa7d533084.jpg
d6,d6_M_M_images100_jpg.rf.ac90def8d437b0c2d865d93660c7fefb_a7e8a63e06.jpg,val,train,images/train/d6/d6_M_M_images100_jpg.rf.ac90def8d437b0c2d865d93660c7fefb_a7e8a63e06.jpg
d6,d6_M_M_images55_jpg.rf.5ec200f0dc56c139e66ec8d759327de1_8860da9483.jpg,val,test,images/test/d6/d6_M_M_images55_jpg.rf.5ec200f0dc56c139e66ec8d759327de1_8860da9483.jpg
d6,d6_M_M_images91_jpg.rf.bb80253397d13b269e82a4e7cb1ec84f_2d394952f6.jpg,val,train,images/train/d6/d6_M_M_images91_jpg.rf.bb80253397d13b269e82a4e7cb1ec84f_2d394952f6.jpg
d6,d6_M_S_1098_1656727360832_jpg.rf.19baf2e1fd6c8889ba3efe5585835e83_47cc8a1cf9.jpg,val,train,images/train/d6/d6_M_S_1098_1656727360832_jpg.rf.19baf2e1fd6c8889ba3efe5585835e83_47cc8a1cf9.jpg
d6,d6_M_S_150252_1_jpg.rf.69ccf188a76ef3a1d7a0181cc50fee00_b37beb5d25.jpg,val,train,images/train/d6/d6_M_S_150252_1_jpg.rf.69ccf188a76ef3a1d7a0181cc50fee00_b37beb5d25.jpg
d6,d6_M_S_9860_9686145212772_jpg.rf.6caeb78ba180bc210892ae7acd9461f7_3cceb174fc.jpg,val,train,images/train/d6/d6_M_S_9860_9686145212772_jpg.rf.6caeb78ba180bc210892ae7acd9461f7_3cceb174fc.jpg
d6,d6_M_S_Scania_P360E6MIXER_9MC2B3_4_2_jpg.rf.dc05c10cbae5049901081daa64026373_f6cd77a41d.jpg,val,train,images/train/d6/d6_M_S_Scania_P360E6MIXER_9MC2B3_4_2_jpg.rf.dc05c10cbae5049901081daa64026373_f6cd77a41d.jpg
d6,d6_M_S_ac5b252a284ae113_800x800ar_jpg.rf.5af2dba1483b737834e2a7379f9b86d9_0561ec1242.jpg,val,train,images/train/d6/d6_M_S_ac5b252a284ae113_800x800ar_jpg.rf.5af2dba1483b737834e2a7379f9b86d9_0561ec1242.jpg
d6,d6_M_S_image31_jpeg.rf.1fc797aabecb49d28a8701f53cc1ff3d_6e96ea856f.jpg,val,train,images/train/d6/d6_M_S_image31_jpeg.rf.1fc797aabecb49d28a8701f53cc1ff3d_6e96ea856f.jpg
d6,d6_M_S_images9_jpg.rf.3d84c2d402be074d1b85b32f800e8c2c_eb527b7664.jpg,val,train,images/train/d6/d6_M_S_images9_jpg.rf.3d84c2d402be074d1b85b32f800e8c2c_eb527b7664.jpg
d7,d7_0000093_jpg.rf.2769a8949137f69cb054b0496adb3ee1_c1100cb7ac.jpg,val,train,images/train/d7/d7_0000093_jpg.rf.2769a8949137f69cb054b0496adb3ee1_c1100cb7ac.jpg
d7,d7_0000186_jpg.rf.76adfe42f46bb3f0c3ff3503e82981ab_5bb15c392c.jpg,val,train,images/train/d7/d7_0000186_jpg.rf.76adfe42f46bb3f0c3ff3503e82981ab_5bb15c392c.jpg
d7,d7_0000276_jpg.rf.6e8362d99df9b368bd4e7a7ae77238d0_d861ce4b9c.jpg,val,train,images/train/d7/d7_0000276_jpg.rf.6e8362d99df9b368bd4e7a7ae77238d0_d861ce4b9c.jpg
d7,d7_0000420_jpg.rf.e22acdd9c1a69ad4952bda435f5cfdb4_a5aa6cac4a.jpg,val,train,images/train/d7/d7_0000420_jpg.rf.e22acdd9c1a69ad4952bda435f5cfdb4_a5aa6cac4a.jpg
d7,d7_0000677_jpg.rf.e974a594907ab72558d3894fc2699720_731715e6d7.jpg,val,train,images/train/d7/d7_0000677_jpg.rf.e974a594907ab72558d3894fc2699720_731715e6d7.jpg
d7,d7_0000744_jpg.rf.3b27ddc0b6d45e7ca00ef9b22a7e50a3_33e6eae7c5.jpg,val,train,images/train/d7/d7_0000744_jpg.rf.3b27ddc0b6d45e7ca00ef9b22a7e50a3_33e6eae7c5.jpg
d7,d7_0000906_jpg.rf.6c486d02ee1a9cbf1f7addc57923a801_d0148782fa.jpg,val,train,images/train/d7/d7_0000906_jpg.rf.6c486d02ee1a9cbf1f7addc57923a801_d0148782fa.jpg
d7,d7_0000989_jpg.rf.79e16343ad92f12a94fde3205f249ff2_168d34f8f9.jpg,val,train,images/train/d7/d7_0000989_jpg.rf.79e16343ad92f12a94fde3205f249ff2_168d34f8f9.jpg
d7,d7_0001003_jpg.rf.e31eec16fdfcbbc3102e6521321ca297_de67ee9bb0.jpg,val,train,images/train/d7/d7_0001003_jpg.rf.e31eec16fdfcbbc3102e6521321ca297_de67ee9bb0.jpg
d7,d7_0001143_jpg.rf.a38ae41722e18d71fcfee1451926d204_2edbc2e55e.jpg,val,train,images/train/d7/d7_0001143_jpg.rf.a38ae41722e18d71fcfee1451926d204_2edbc2e55e.jpg
d7,d7_0001244_jpg.rf.a02e3b18370f777e29a23962ba2b4d72_fd98c25bae.jpg,val,train,images/train/d7/d7_0001244_jpg.rf.a02e3b18370f777e29a23962ba2b4d72_fd98c25bae.jpg
d7,d7_0001561_jpg.rf.69a12ae26fd16af578ef09183a67c20e_871a321a8d.jpg,val,train,images/train/d7/d7_0001561_jpg.rf.69a12ae26fd16af578ef09183a67c20e_871a321a8d.jpg
d7,d7_0001687_jpg.rf.20c0459119f72113317c75c12dfd0124_fcd1dccb38.jpg,val,train,images/train/d7/d7_0001687_jpg.rf.20c0459119f72113317c75c12dfd0124_fcd1dccb38.jpg
d7,d7_0001875_jpg.rf.0b9327646804881e88423d8ee3543773_387489cb76.jpg,val,train,images/train/d7/d7_0001875_jpg.rf.0b9327646804881e88423d8ee3543773_387489cb76.jpg
d7,d7_0001936_jpg.rf.782e2a4644331779762da9d62519510c_d3df3611cf.jpg,val,train,images/train/d7/d7_0001936_jpg.rf.782e2a4644331779762da9d62519510c_d3df3611cf.jpg
d7,d7_0002045_jpg.rf.9954f7deb386f6e8df553d4b04203cf5_957590cc51.jpg,val,train,images/train/d7/d7_0002045_jpg.rf.9954f7deb386f6e8df553d4b04203cf5_957590cc51.jpg
d7,d7_0002184_jpg.rf.4c9aa5bd7b37dd6aee6dd37ccdbf3023_5116e9cd08.jpg,val,train,images/train/d7/d7_0002184_jpg.rf.4c9aa5bd7b37dd6aee6dd37ccdbf3023_5116e9cd08.jpg
d7,d7_0002251_jpg.rf.40aba0b000da281c753035838dc38507_d9b1ceeaa0.jpg,val,test,images/test/d7/d7_0002251_jpg.rf.40aba0b000da281c753035838dc38507_d9b1ceeaa0.jpg
d7,d7_0002528_jpg.rf.82b41b995bea8a10d8def87921767d45_72ea92fb89.jpg,val,train,images/train/d7/d7_0002528_jpg.rf.82b41b995bea8a10d8def87921767d45_72ea92fb89.jpg
d7,d7_0002574_jpg.rf.d515a7a47ad00313e752433d4bda7800_0869492ca9.jpg,val,train,images/train/d7/d7_0002574_jpg.rf.d515a7a47ad00313e752433d4bda7800_0869492ca9.jpg
d7,d7_0002735_jpg.rf.a9a92119b76eb45446f5f7079b0fbf9d_50e5c06867.jpg,val,train,images/train/d7/d7_0002735_jpg.rf.a9a92119b76eb45446f5f7079b0fbf9d_50e5c06867.jpg
d7,d7_0002808_jpg.rf.5f479293a7076a032a32adb3e9c98ec9_947892e4b3.jpg,val,test,images/test/d7/d7_0002808_jpg.rf.5f479293a7076a032a32adb3e9c98ec9_947892e4b3.jpg
d7,d7_0002966_jpg.rf.bb71c64c970aaa62fce1eb3519b73891_bbfc0bf65c.jpg,val,train,images/train/d7/d7_0002966_jpg.rf.bb71c64c970aaa62fce1eb3519b73891_bbfc0bf65c.jpg
d7,d7_0002973_jpg.rf.159e76d3e566b1c47404e509da139ea6_6a740baf15.jpg,val,train,images/train/d7/d7_0002973_jpg.rf.159e76d3e566b1c47404e509da139ea6_6a740baf15.jpg
d7,d7_0003154_jpg.rf.939b4236cdfc091948b0e131dcf393aa_ed594e7982.jpg,val,train,images/train/d7/d7_0003154_jpg.rf.939b4236cdfc091948b0e131dcf393aa_ed594e7982.jpg
d7,d7_0003292_jpg.rf.777786ad65e6cd1b1818e432c3fe7e62_b39ca44bf6.jpg,val,train,images/train/d7/d7_0003292_jpg.rf.777786ad65e6cd1b1818e432c3fe7e62_b39ca44bf6.jpg
d7,d7_0003366_jpg.rf.8677faf5a9b277fa414cd747a5ea92f6_c274654152.jpg,val,test,images/test/d7/d7_0003366_jpg.rf.8677faf5a9b277fa414cd747a5ea92f6_c274654152.jpg
d7,d7_0003432_jpg.rf.e0859c1ccd040c02e4b3708c1baa320d_fc1540d2fe.jpg,val,test,images/test/d7/d7_0003432_jpg.rf.e0859c1ccd040c02e4b3708c1baa320d_fc1540d2fe.jpg
d7,d7_0003444_jpg.rf.0d53073965e07bc7cb2db94366e03d28_07894a2745.jpg,val,train,images/train/d7/d7_0003444_jpg.rf.0d53073965e07bc7cb2db94366e03d28_07894a2745.jpg
d7,d7_0003516_jpg.rf.668825c8c427d925f4e480473535fb8d_d106a932bb.jpg,val,train,images/train/d7/d7_0003516_jpg.rf.668825c8c427d925f4e480473535fb8d_d106a932bb.jpg
d7,d7_0003547_jpg.rf.a6b67db44f141668e73c8f3491aed0f0_74527ab3f4.jpg,val,train,images/train/d7/d7_0003547_jpg.rf.a6b67db44f141668e73c8f3491aed0f0_74527ab3f4.jpg
d7,d7_0003676_jpg.rf.4f719b422721cf12709d6367340afa39_5e5c75e0f4.jpg,val,train,images/train/d7/d7_0003676_jpg.rf.4f719b422721cf12709d6367340afa39_5e5c75e0f4.jpg
d7,d7_0003686_jpg.rf.66ffc9372764f7c51c274898aed4d241_0da0bdb573.jpg,val,train,images/train/d7/d7_0003686_jpg.rf.66ffc9372764f7c51c274898aed4d241_0da0bdb573.jpg
d7,d7_0003945_jpg.rf.c9b1b0c650de9f88ea94ba298ce94e5b_84491852f9.jpg,val,train,images/train/d7/d7_0003945_jpg.rf.c9b1b0c650de9f88ea94ba298ce94e5b_84491852f9.jpg
d7,d7_0003957_jpg.rf.df8203c6340f6f36927cd98fa952a22e_f2530ad95a.jpg,val,train,images/train/d7/d7_0003957_jpg.rf.df8203c6340f6f36927cd98fa952a22e_f2530ad95a.jpg
d7,d7_0004186_jpg.rf.648e1c61d9e10fd8046aacaa9ee4558c_aaa897bb67.jpg,val,train,images/train/d7/d7_0004186_jpg.rf.648e1c61d9e10fd8046aacaa9ee4558c_aaa897bb67.jpg
d7,d7_0004200_jpg.rf.1122b8c4d74047063f80e6bdb1fd73b3_bf377b6b24.jpg,val,train,images/train/d7/d7_0004200_jpg.rf.1122b8c4d74047063f80e6bdb1fd73b3_bf377b6b24.jpg
d7,d7_0004516_jpg.rf.d26dcc726f42dd532123d46edd85a757_f5512a7d74.jpg,val,train,images/train/d7/d7_0004516_jpg.rf.d26dcc726f42dd532123d46edd85a757_f5512a7d74.jpg
d7,d7_0004750_jpg.rf.43745bbe00a2b458bf38bfb7ee79fa48_5d0d4de9e4.jpg,val,train,images/train/d7/d7_0004750_jpg.rf.43745bbe00a2b458bf38bfb7ee79fa48_5d0d4de9e4.jpg
d7,d7_0004771_jpg.rf.09c37031ca2521789dff7f06d71b9335_3b0449a4a9.jpg,val,train,images/train/d7/d7_0004771_jpg.rf.09c37031ca2521789dff7f06d71b9335_3b0449a4a9.jpg
d7,d7_0004842_jpg.rf.54df3d50007f5ccf19d451bb0d45a6a9_88e4c16612.jpg,val,test,images/test/d7/d7_0004842_jpg.rf.54df3d50007f5ccf19d451bb0d45a6a9_88e4c16612.jpg
d7,d7_0004883_jpg.rf.f28a3ecc7bcca739f632565f551746fb_2df98ed151.jpg,val,train,images/train/d7/d7_0004883_jpg.rf.f28a3ecc7bcca739f632565f551746fb_2df98ed151.jpg
d7,d7_0004887_jpg.rf.8219ff0ac93ab47270943d5f24410d3d_b848ff309b.jpg,val,train,images/train/d7/d7_0004887_jpg.rf.8219ff0ac93ab47270943d5f24410d3d_b848ff309b.jpg
d7,d7_0005326_jpg.rf.2c26526c2572bbbb79a98de29d4e035d_2800d464ef.jpg,val,train,images/train/d7/d7_0005326_jpg.rf.2c26526c2572bbbb79a98de29d4e035d_2800d464ef.jpg
d7,d7_0005454_jpg.rf.3dade91131e9c4e3d9069c1d96b13e00_2678b25a60.jpg,val,train,images/train/d7/d7_0005454_jpg.rf.3dade91131e9c4e3d9069c1d96b13e00_2678b25a60.jpg
d7,d7_0005477_jpg.rf.bdf72cc178e35aa7f3265406dd6a56db_732b642252.jpg,val,train,images/train/d7/d7_0005477_jpg.rf.bdf72cc178e35aa7f3265406dd6a56db_732b642252.jpg
d7,d7_0005502_jpg.rf.b73260232e1a5690ff6f2e188e05de70_b537a94780.jpg,val,train,images/train/d7/d7_0005502_jpg.rf.b73260232e1a5690ff6f2e188e05de70_b537a94780.jpg
d7,d7_0005522_jpg.rf.cadf05b5a8f1b9e24a0d504f48aec050_f6387696ce.jpg,val,train,images/train/d7/d7_0005522_jpg.rf.cadf05b5a8f1b9e24a0d504f48aec050_f6387696ce.jpg
d7,d7_0005524_jpg.rf.82662c9b69d41db07e8b14947c9232ec_e6043b5f12.jpg,val,train,images/train/d7/d7_0005524_jpg.rf.82662c9b69d41db07e8b14947c9232ec_e6043b5f12.jpg
d7,d7_0005565_jpg.rf.a1c25c34103a3b479a957342df6bbc29_dad7500413.jpg,val,train,images/train/d7/d7_0005565_jpg.rf.a1c25c34103a3b479a957342df6bbc29_dad7500413.jpg
d7,d7_0005676_jpg.rf.aa7dd65cf1613bcf4e4793bed0391869_b5e476954e.jpg,val,train,images/train/d7/d7_0005676_jpg.rf.aa7dd65cf1613bcf4e4793bed0391869_b5e476954e.jpg
d7,d7_0005976_jpg.rf.af1961c78606445fe481be9158772dea_705e9129f5.jpg,val,train,images/train/d7/d7_0005976_jpg.rf.af1961c78606445fe481be9158772dea_705e9129f5.jpg
d7,d7_0006100_jpg.rf.effca3ab8e576df78b61083b1c9acb4c_d4808e1058.jpg,val,train,images/train/d7/d7_0006100_jpg.rf.effca3ab8e576df78b61083b1c9acb4c_d4808e1058.jpg
d7,d7_0006195_jpg.rf.11232f7c67f4fd9612d045d014ff9618_0042f58c8e.jpg,val,test,images/test/d7/d7_0006195_jpg.rf.11232f7c67f4fd9612d045d014ff9618_0042f58c8e.jpg
d7,d7_0006318_jpg.rf.a879309ed98fc7144a3470d4d653ab6b_b916ec36f0.jpg,val,train,images/train/d7/d7_0006318_jpg.rf.a879309ed98fc7144a3470d4d653ab6b_b916ec36f0.jpg
d7,d7_0006422_jpg.rf.f9110d8375959e9524a18f32c80a85ac_811a1a869a.jpg,val,train,images/train/d7/d7_0006422_jpg.rf.f9110d8375959e9524a18f32c80a85ac_811a1a869a.jpg
